url,avg_price,realizedPnl,total_invested_usd,ROI,Score
https://hashdive.com/Analyze_User?user_address=0x7705cad7f0a8a65aa9dbe7cb12ad49386772a627,0.83,8500,41500,0.20481927710843373,4.060111297652052
https://hashdive.com/Analyze_User?user_address=0x2fb0f88ef5ba40e799b996e6f07b590d92b4abf8,0.999,23.27644,23253.16356,0.001001001001001001,0.231514046987793
https://hashdive.com/Analyze_User?user_address=0x2fb0f88ef5ba40e799b996e6f07b590d92b4abf8,0.999,23.25133,23228.07867,0.001001001001001001,0.231514046987793
https://hashdive.com/Analyze_User?user_address=0x974705ad5fc1a3b56f904b4881af9d7c5e8c2823,0.998891,19.018307,17130.041692,0.0011102312149585633,-67.79837203026133
https://hashdive.com/Analyze_User?user_address=0x4b2b407b549f355400937e4e001e51324234e0e6,0.999,16.097447,16081.349553,0.001001001001001001,-13.783840586867658
https://hashdive.com/Analyze_User?user_address=0x20b90261bfeb0a1fd0b98c34a9aafbb6ef0e9110,0.998253,9.388519,12559.082885,0.0007475481359561074,-13.721240031990158
https://hashdive.com/Analyze_User?user_address=0xe27b91bb3b8f991f49e5e1e8d90524e73e9f858f,0.83,-2792.7843,9589.85256,-0.29122286109474865,0.23072365646085857
https://hashdive.com/Analyze_User?user_address=0x20b90261bfeb0a1fd0b98c34a9aafbb6ef0e9110,0.994959,37.61186,9261.347011,0.0040611651798952335,-13.721240031990158
https://hashdive.com/Analyze_User?user_address=0x29dbe87e510f6c34491ad1bbe3ebc2b926ee0cd4,0.87,1300.0572,8700.3828,0.14942528735632185,-2.8103054673415784
https://hashdive.com/Analyze_User?user_address=0x55506b74f05b4dd1ab4842fcf6d2ed7d146c5b4d,0.908747,538.381819,7997.341076,0.06732010225444585,0.048748508711564775
https://hashdive.com/Analyze_User?user_address=0xaacf24a7c9a2025fc49ee6539608edd6d0ef5f84,0.850202,1215.364511,6897.99155,0.17619106984844016,-3.3389771685574754
https://hashdive.com/Analyze_User?user_address=0x334932d9cb8effcb325fcb898e045feffc92c0b8,0.947023,372.377781,6784.743494,0.054884577630577705,0.2341951594559931
https://hashdive.com/Analyze_User?user_address=0xd42f6a1634a3707e27cbae14ca966068e5d1047d,0.846814,-2532.414986,6288.647485,-0.4026962859725314,3.062909177663082
https://hashdive.com/Analyze_User?user_address=0x578d665b6dd21abf12a393579699e35a2686fbb3,0.919412,548.362764,6256.158564,0.08765167289004792,1.741483401881601
https://hashdive.com/Analyze_User?user_address=0xadef055f99a983922c57f9f6e605acbc7041d0ac,0.910607,577.367248,5881.385097,0.09816858418172715,0.6383070370210011
https://hashdive.com/Analyze_User?user_address=0x20cc8d7e69a24d156cf8c17d32152a536befebc0,0.85,909.67193,5433.966125,0.16740478484304133,-2.8699428496000206
https://hashdive.com/Analyze_User?user_address=0x279d4e19d5be7bc6d25f3c6777b6802b47afbc0e,0.944978,294.61313,5175.927999,0.056919866361533594,3.31983495598052
https://hashdive.com/Analyze_User?user_address=0x2b51107e8d030397ea728a794405ffbcf1d2e165,0.845777,913.444707,5009.437792,0.18234475502595482,0.6133139805952826
https://hashdive.com/Analyze_User?user_address=0x4af12fdfc5eda5cbafd54894b18e74f4e56eef00,0.88,-0.000529,4400,-1.2022727272727272e-7,4.193472806357522
https://hashdive.com/Analyze_User?user_address=0x4cc3522b689a6bf1fb4a2444c523e7776db47552,0.87,633.150319,4349.965861,0.14555293977742784,1.179469921871815
https://hashdive.com/Analyze_User?user_address=0x998154d8eb4ba7c4b34b10d76b9742d922d7dec4,0.97014,132.095339,4291.72716,0.03077906261869638,1.658039342157167
https://hashdive.com/Analyze_User?user_address=0x6fb607610361b5e2b0426a811e61ed6253a2242a,0.85,732.352941,4149.999999,0.17647058823529413,0.5614033826912552
https://hashdive.com/Analyze_User?user_address=0xe9b8005c55e8ef2c311fbbd427521c981828cc82,0.996394,22.516919,3941.316179,0.005713045586135403,-23.354062123569598
https://hashdive.com/Analyze_User?user_address=0x6a18cd9bd3d865706d44b5a041ac7d0b3be72ef0,0.85,640.058823,3626.999997,0.1764705882352941,-4.854472025269435
https://hashdive.com/Analyze_User?user_address=0xe9b8005c55e8ef2c311fbbd427521c981828cc82,0.99653,8.937126,3605.714603,0.002478600495048665,-23.354062123569598
https://hashdive.com/Analyze_User?user_address=0xfe8d37abb077abdbcb98164bd4464e9ce2c346ba,0.925491,279.004598,3570.541502,0.07814069598230929,1.9388324869690283
https://hashdive.com/Analyze_User?user_address=0x97e12cc7391a50e49042b44a2d4a0cef54c8017b,0.89,425.8848,3477.408,0.12247191011235956,2.431420361011138
https://hashdive.com/Analyze_User?user_address=0xb6bed94e75c333dae24eb9c80b3fef47ef3cfcfe,0.834339,-1263.568328,3358.203921,-0.3762631328307594,0.5705714763154877
https://hashdive.com/Analyze_User?user_address=0x2fe6d3037aab8ca66fc3a43918d9028a601aab9d,0.873743,461.988251,3197.121749,0.14450130062907404,-0.5124285257465229
https://hashdive.com/Analyze_User?user_address=0xbb367cb2a0b847d805947443342629ffcd909545,0.37,1171.132893,3114.6586150900002,0.3760068237738983,1.1692506043827833
https://hashdive.com/Analyze_User?user_address=0xadef055f99a983922c57f9f6e605acbc7041d0ac,0.977474,69.135282,2999.997368,0.023045114218246877,0.6383070370210011
https://hashdive.com/Analyze_User?user_address=0x435c7f6fff8248ad269ebf6f132f01e4f73c8079,0.999,2.902902,2899.999098,0.0010010010010010012,-3.7125132459917536
https://hashdive.com/Analyze_User?user_address=0xc7b236995b438747166b8c4338861d0c752bece3,0.89,-740.0552,2776.5152,-0.2665410223578103,-3.417321065798262
https://hashdive.com/Analyze_User?user_address=0xb04cc2ab1ac0803dfd2b99305dec86f4e4d9b6cc,0.998,5.5,2744.5,0.002004008016032064,1.0726011272745524
https://hashdive.com/Analyze_User?user_address=0xb2c72925a836d013efd18186c20acdc539291b5b,0.85,-991.782554,2727.499825,-0.3636233245221198,0.3067738566477022
https://hashdive.com/Analyze_User?user_address=0x2d80ff44e692dbf91f6ce9d8f6ae677733e95fd8,0.9,300,2700,0.1111111111111111,1.2983236071205904
https://hashdive.com/Analyze_User?user_address=0x1d3a805284bc8029cd6acd06d5a2b8b2b1807b63,0.9,300,2700,0.1111111111111111,-0.2940716594222885
https://hashdive.com/Analyze_User?user_address=0xb90e2149c74080c4ff8f205eb88d983f34565794,0.885278,193.202543,2660.699182,0.07261344849017208,-4.532520712328296
https://hashdive.com/Analyze_User?user_address=0x698d6fc3e0081f3652ab825a01d2107f3e4e5dd5,0.86,429.8686,2640.6214,0.16279069767441862,7.785901477721058
https://hashdive.com/Analyze_User?user_address=0xd04d631183d7568356f598a3c77181ec4ab6d0e5,0.83,348.632459,2627.918163,0.13266488428315643,1.2139612180918693
https://hashdive.com/Analyze_User?user_address=0x4cc3522b689a6bf1fb4a2444c523e7776db47552,0.5,-1649.5,2500.5,-0.6596680663867227,1.179469921871815
https://hashdive.com/Analyze_User?user_address=0x163c9ff1784bf967f9d3eec173aabc19c3229a6e,0.967199,82.0025,2417.9975,0.033913393210704315,0.6603802757021261
https://hashdive.com/Analyze_User?user_address=0xb90e2149c74080c4ff8f205eb88d983f34565794,0.858788,389.790762,2387.445787,0.1632668536904457,-4.532520712328296
https://hashdive.com/Analyze_User?user_address=0xbde579ead903b9cf5c3fc4be5a0c515464769c38,0.85,302.00885,2294.919526,0.13159888465736116,1.1552893571556284
https://hashdive.com/Analyze_User?user_address=0x94e510aea3ad5c50ed6ff93a1acf6d2c4de76cfe,0.87,334.497,2255.91,0.14827586206896554,-25.079440962604274
https://hashdive.com/Analyze_User?user_address=0x9bd904fb556ab9ee7693f5df5d4cd56cb5c0b273,0.86,366.387,2250.663,0.16279069767441862,-6.236457375794825
https://hashdive.com/Analyze_User?user_address=0xfb79181a9d9dcaceda40803c0aeb55f6c58ec2c6,0.88,303.631699,2226.632464,0.13636363607783994,14.781167487635829
https://hashdive.com/Analyze_User?user_address=0xb2c72925a836d013efd18186c20acdc539291b5b,0.889999,-364.96749,2224.981314,-0.1640317101557465,0.3067738566477022
https://hashdive.com/Analyze_User?user_address=0x3de11b2d34d278973aed07f2c9a2ee71b7c36286,0.9,244.444444,2199.999996,0.11111111111111112,-0.39374222398468706
https://hashdive.com/Analyze_User?user_address=0xa74ac1643f2d9e93d9b2785a10f6926d5548a075,0.939564,136.702205,2160.989971,0.06325906498156533,-0.21042477064768653
https://hashdive.com/Analyze_User?user_address=0x27f2499f59b59a22bc0dd5f518cf5ea0b35c702c,0.986574,26.349208,2092.028095,0.012595054561157793,-13.451114670208666
https://hashdive.com/Analyze_User?user_address=0x3698756cdbec06786674f30630d7e164ef321580,0.89,253.9691,2054.8409,0.12359550561797752,-6.202497052199492
https://hashdive.com/Analyze_User?user_address=0xf13550fe8a4a448e928111669a8f23b797bd6fa0,0.86,325.5308,1999.6892,0.1627906976744186,-5.312178916444722
https://hashdive.com/Analyze_User?user_address=0xe4ae48e190e79e5d434155db566861ff3bee4876,0.82,22.504423,1992.573935,0.011294147035000736,-1.0245301470083874
https://hashdive.com/Analyze_User?user_address=0x148487d3f19011b864bbcae6c83766888b0fcafe,0.99,20,1980,0.010101010101010102,-2.8677456614758503
https://hashdive.com/Analyze_User?user_address=0xe60a9b0be459d9849bc2339dac20517639ae6a47,0.371693,5.110976,1936.6654902700002,0.002639059778613318,-2.5501943347798797
https://hashdive.com/Analyze_User?user_address=0x9f9e94401c74ab7f2d5c55643e47e7260313a976,0.9,200,1800,0.1111111111111111,1.722127337282025
https://hashdive.com/Analyze_User?user_address=0xb90d923238bfc15d93cd974c68dabfce021b7db5,0.9,193.24503,1756.779993,0.10999956213640691,-5.225272627582699
https://hashdive.com/Analyze_User?user_address=0xabe19b6e7c16cb39b618f7fb53f683aef3e6da73,0.998999,1.703403,1699.998297,0.001002002768476891,0.175776102212062
https://hashdive.com/Analyze_User?user_address=0x4673ada08165c01e90c8f6f8d3f6dcd26f20d99b,0.84,320,1680,0.19047619047619047,1.3449854835087556
https://hashdive.com/Analyze_User?user_address=0x3d6989543c6d69357277bc9f3b37d4e070cb9829,0.880053,57.640413,1622.733786,0.035520560117308114,0.4081485168364658
https://hashdive.com/Analyze_User?user_address=0x6b069745062a4498547682198c132561d209a330,0.995884,5.029816,1607.548317,0.003128873917386584,0.2292937466749588
https://hashdive.com/Analyze_User?user_address=0x4f29240c8967d544ff44314b171aff1a4bc5c510,0.965108,54.525482,1508.167457,0.036153466743315356,-8.472974932409008
https://hashdive.com/Analyze_User?user_address=0x4f29240c8967d544ff44314b171aff1a4bc5c510,0.958102,64.024592,1499.886987,0.04268627740284541,-8.472974932409008
https://hashdive.com/Analyze_User?user_address=0x6aabd7bc251b99eacb4c557603f34918bd059c4c,0.950397,75.886888,1453.998165,0.05219187329579608,-4.235319365768007
https://hashdive.com/Analyze_User?user_address=0x89961868837749331b85636b9f93f318ea3dfbce,0.849999,32.434244,1401.379184,0.023144516752005646,5.835789210532589
https://hashdive.com/Analyze_User?user_address=0xd2bd4fd9b525c94bd04e00d8b57b446009addce0,0.845831,251.912146,1382.087854,0.18226927128468925,-4.658495870593987
https://hashdive.com/Analyze_User?user_address=0x2a7b9e4e7ef752c079850f8a361f3264c17ac520,0.998999,1.352702,1349.998647,0.0010020024857106396,0.1464039189549113
https://hashdive.com/Analyze_User?user_address=0x2a7b9e4e7ef752c079850f8a361f3264c17ac520,0.998541,1.972525,1349.998474,0.0014611312812491373,0.1464039189549113
https://hashdive.com/Analyze_User?user_address=0xbb316e8052137f4841aa914f5b615a5cae00dc5c,0.97243,37.785787,1332.754212,0.02835165453598281,0.2558286469078365
https://hashdive.com/Analyze_User?user_address=0x7da975f10e05c383c04536c97af6cb4a881cfbcf,0.854999,7.702227,1316.611714,0.005850036816549242,-10.181583463321251
https://hashdive.com/Analyze_User?user_address=0xfcb034faade540c47ad37e582f6e0c762feac865,0.85,225,1275,0.17647058823529413,2.1196364490655393
https://hashdive.com/Analyze_User?user_address=0x3d6989543c6d69357277bc9f3b37d4e070cb9829,0.90908,67.439497,1274.245035,0.052925061622861265,0.4081485168364658
https://hashdive.com/Analyze_User?user_address=0x62fb171d1ead8281d38074927ea2507eaa444d60,0.361349,0,1264.69758230969,0,3.5479400564489536
https://hashdive.com/Analyze_User?user_address=0x4a64afa45a44a01890c2161be88d2b44751d4430,0.879921,172.285746,1262.484253,0.1364656593463269,2.5400640139767585
https://hashdive.com/Analyze_User?user_address=0x06617e3bbc8ddbc3931726f4ffe009784adea72e,0.909999,109.889373,1249.978619,0.08791300213431891,-7.210954551977901
https://hashdive.com/Analyze_User?user_address=0xead152b855effa6b5b5837f53b24c0756830c76a,0.393236,11.29632,1176.16592673,0.009604359166742958,-4.74539280956915
https://hashdive.com/Analyze_User?user_address=0xcd89807842dce0f75046a08887c5034a66f08569,0.99,11.223535,1111.129965,0.0101010101010101,-81.70375501250317
https://hashdive.com/Analyze_User?user_address=0x3e35bdedd44f14d608249db8b6d72271ad29e482,0.998999,1.102202,1099.998898,0.0010020028220064634,0.24345591768213787
https://hashdive.com/Analyze_User?user_address=0xa19a07c61bf7f7851a3e58080503a8e399bc2f33,0.876201,154.866549,1096.084988,0.14129063959044022,-9.179331799184654
https://hashdive.com/Analyze_User?user_address=0xfa5b7f184e6ec228f7f64ea1c3f48318f4cc824a,0.9,111.834444,1006.509996,0.11111111111111112,-25.313248992715025
https://hashdive.com/Analyze_User?user_address=0x5e1268f8900819c5ca8a2303de40ff838a9d141e,0.85,-11.7696,1000.419995,-0.01176465890208442,-3.5527524432371576
https://hashdive.com/Analyze_User?user_address=0xa97215d23ce1deffbc04c77cd4c7cf6bfdb89817,0.5,-259.998283,1000,-0.259998283,-1.5508862814788524
https://hashdive.com/Analyze_User?user_address=0x7f39e0334cc8bdb0057f83886a3b6800695ece7d,0.999,1.001001,999.999999,0.001001001001001001,0.18051729261215135
https://hashdive.com/Analyze_User?user_address=0x0cdc61786afad0111bef4e53a2b5f730abf6636c,0.99,10.036464,993.609936,0.010101010101010102,0.16360226405196673
https://hashdive.com/Analyze_User?user_address=0x817bd11dac76d41df5459a985e9e9c8a9e2e3c25,0.33,140,989.9752176600001,0.14141768147582257,1.933938817051129
https://hashdive.com/Analyze_User?user_address=0xb341c26f825622891479c1abd6244cf6faa0cbdc,0.89,120.956997,978.652074,0.12359550468801235,-3.365890293550885
https://hashdive.com/Analyze_User?user_address=0x71ed0bc95433cdf1be29f43219725fce9addd9eb,0.992695,7.159338,972.900662,0.007358755399839578,0.1419789052534203
https://hashdive.com/Analyze_User?user_address=0x2d80ff44e692dbf91f6ce9d8f6ae677733e95fd8,0.87,143.6591,961.4109,0.14942528735632185,1.2983236071205904
https://hashdive.com/Analyze_User?user_address=0x7b31acc914257ed0f85d908f1fedfd3ff534e8eb,0.987025,12.496698,950.639967,0.013145563445472097,-7.64813423572053
https://hashdive.com/Analyze_User?user_address=0x8dc726214535c3173c72b56ec830d295326b3a04,0.95,47.999042,950,0.050525307368421056,1.2335478468912071
https://hashdive.com/Analyze_User?user_address=0xccf25be5f62cb1e2fbdc6b0392aa50584e6e41b7,0.9,104.8,943.2,0.1111111111111111,1.5611870045027911
https://hashdive.com/Analyze_User?user_address=0xa5b4c0e541067a9687efb60cc1189da844936674,0.998999,0.941881,939.999057,0.0010020020690297352,0.07724255734019579
https://hashdive.com/Analyze_User?user_address=0x2375d015be603255ea30a649aed893b22570a8be,0.999,0.92092,919.99908,0.001001001001001001,0.058482507038077
https://hashdive.com/Analyze_User?user_address=0xbea4b9c0cb05b09ea33c6969ea9101f0f265bcba,0.998999,0.921841,919.999077,0.001002002092226012,0.08822361517989584
https://hashdive.com/Analyze_User?user_address=0xbe588b1a3f6edfb95c741203dbd810f154334acb,0.974186,51.080224,908.026502,0.05625411140257666,-0.21253224301398088
https://hashdive.com/Analyze_User?user_address=0xe27b91bb3b8f991f49e5e1e8d90524e73e9f858f,0.879756,-387.746082,892.943542,-0.43423359234060066,0.23072365646085857
https://hashdive.com/Analyze_User?user_address=0xc9bcc6ba5d09c686818a8ff28487aa839f48a580,0.998999,0.891781,889.999107,0.0010020021289751698,0.1371910764281251
https://hashdive.com/Analyze_User?user_address=0xa8f7227d47fb08148b619db9da98ed59cb23039a,0.88,119.998299,879.98753,0.13636363574379287,-1.15812323257474
https://hashdive.com/Analyze_User?user_address=0xc7b236995b438747166b8c4338861d0c752bece3,0.87,130,870,0.14942528735632185,-3.417321065798262
https://hashdive.com/Analyze_User?user_address=0xd8a4b35276a6d0339314d945857ea7ca204a17d0,0.86,139.994998,859.969277,0.16279069699835336,1.1412192401655463
https://hashdive.com/Analyze_User?user_address=0xb5ee387545e57ace09127c59af898a2ba2cf9875,0.999,0,858.849291,0,0.30619434730936934
https://hashdive.com/Analyze_User?user_address=0xb3708e5517161cbb8cd7cfd86447130f377d0cb0,0.62,317.146817,847.6206,0.37416128985067143,-8.876904358249197
https://hashdive.com/Analyze_User?user_address=0xa8f7227d47fb08148b619db9da98ed59cb23039a,0.84,160,840,0.19047619047619047,-1.15812323257474
https://hashdive.com/Analyze_User?user_address=0xb5e767d1ab98bf46b717e07e8303c28dd35e3c1a,0.846767,145.355291,803.234709,0.18096241281824388,1.2966571325629836
https://hashdive.com/Analyze_User?user_address=0xc3653eedee870fe6f6ea6f9f8d6ef71e7a075419,0.988984,8.102042,799.999295,0.010127561424913507,-23.040124018680377
https://hashdive.com/Analyze_User?user_address=0xcbaba7f493fe57cc5177b644657a01554c5eb95f,0.939413,50.096578,789.799674,0.06342947414283182,0.6268352525976082
https://hashdive.com/Analyze_User?user_address=0xc54af108b66016ce2708234b92b79495ab5f4b6f,0.909884,78.044417,787.999538,0.09904119639217351,-6.143017922302359
https://hashdive.com/Analyze_User?user_address=0x5e27d20e21ab9db92a3682b878ee51ca29e32721,0.9,83.68866,760.809996,0.10999942224733862,1.0924877104785335
https://hashdive.com/Analyze_User?user_address=0x19502b958ec162e859cbaa3c420e4f332a83087f,0.999,0.75075,749.99925,0.001001001001001001,0.06324588047618798
https://hashdive.com/Analyze_User?user_address=0x55307e57ee66d15af36bc0894bbaca65604dd38d,0.86,120.75,741.75,0.16279069767441862,-2.5631418446567156
https://hashdive.com/Analyze_User?user_address=0x0bad580b65aa7878485d3a48ed1491aa773e92e0,0.999,0.73073,729.99927,0.001001001001001001,0.07525351964630754
https://hashdive.com/Analyze_User?user_address=0xa1fe45ee6e1c99973185ea0188770e04c0c0580f,0.998999,0.731461,729.999268,0.0010020023746106002,0.18624498506878762
https://hashdive.com/Analyze_User?user_address=0xda0a624b310ae2cbfd8f6ca8c32730a055877ce3,0.998999,0.731461,729.999268,0.0010020023746106002,0.07708063674771447
https://hashdive.com/Analyze_User?user_address=0xb0cacc3eab528912616dfa4606f1a5ed43a61bf0,0.998999,0.721441,719.999278,0.0010020023936746225,0.15658683632521098
https://hashdive.com/Analyze_User?user_address=0xaacf24a7c9a2025fc49ee6539608edd6d0ef5f84,0.884875,92.373099,709.999104,0.1301031205245014,-3.3389771685574754
https://hashdive.com/Analyze_User?user_address=0xd561193259723f3b429e0a029aec2f378d2b9423,0.88,96,704,0.13636363636363635,-1.6495269334979294
https://hashdive.com/Analyze_User?user_address=0x552337556e70f851bff6e0e97a2e00df7d5751e9,0.997999,141.891243,703.427897,0.20171398320302897,0.6112593808279038
https://hashdive.com/Analyze_User?user_address=0xfe06d181fa9683f2e8c1ee6fd4314ae04aa9d5d5,0.881157,94.544824,700.999085,0.13487153695785495,-7.6163911806941424
https://hashdive.com/Analyze_User?user_address=0x1dd5396c3046051d22a49975a3e957229e3829e3,0.999,0.7007,699.9993,0.001001001001001001,0.13068332261162952
https://hashdive.com/Analyze_User?user_address=0xefacfbd141008db5f10dd6d33b0d2a53c144d647,0.88846,68.181153,699.998784,0.09740181634372667,-1.5314715246174022
https://hashdive.com/Analyze_User?user_address=0x80efbffa125c49955cae3d80647f7e27ee1c564b,0.998999,0.691381,689.999308,0.0010020024541821714,0.053529595016763465
https://hashdive.com/Analyze_User?user_address=0x623943dc96709a15d923da668928dab3c0b04854,0.996425,1.744974,675.239358,0.0025842302871213856,0.05511963424613928
https://hashdive.com/Analyze_User?user_address=0xf848aa1bf95b33aee8510e9cf049519e17ce03ab,0.968085,21.846841,662.685258,0.032967145015318874,3.7813389730612372
https://hashdive.com/Analyze_User?user_address=0x159fb988ec2fda9ab811d1fc8a46f8e1139690cc,0.85,114.998499,651.658165,0.17647058715208455,-11.683675311501478
https://hashdive.com/Analyze_User?user_address=0xb5864ec2597a7bfeaa835bfd3d8a71c7966b7f97,0.869999,94.940865,640.29926,0.14827576873976084,-5.458908788465035
https://hashdive.com/Analyze_User?user_address=0x5e79bc2ce83a7502401c302b03644882ff9f56dc,0.846381,73.844392,606.415151,0.12177201027749386,1.244175767953629
https://hashdive.com/Analyze_User?user_address=0xad28ad7bdbce4dc76bb300b79645faffac5090d7,0.894539,68.723666,599.999431,0.11453955195500844,-1.471501457326549
https://hashdive.com/Analyze_User?user_address=0xecace904a26e71e2c729a51bd9d2da30917b8328,0.999,0.6006,599.9994,0.001001001001001001,0.07381244808741502
https://hashdive.com/Analyze_User?user_address=0x563be0fa43728ba0d527004fec4121efac7980f3,0.999,0.6006,599.9994,0.001001001001001001,0.18478772595660203
https://hashdive.com/Analyze_User?user_address=0x5c7c7a7fda052e2061c2e073d1fb88fc2574daa4,0.999,0.6006,599.9994,0.001001001001001001,0.17660032247186402
https://hashdive.com/Analyze_User?user_address=0x5c7c7a7fda052e2061c2e073d1fb88fc2574daa4,0.997999,1.182955,589.999407,0.0020050104897817293,0.17660032247186402
https://hashdive.com/Analyze_User?user_address=0x8d2dfa5467067189df7af810feb880466edc569c,0.91,27.77069,587.7053,0.04725274725274725,-64.13964553395707
https://hashdive.com/Analyze_User?user_address=0xd7e6ea536de45abdf49660b101428fc9f18befe1,0.995188,2.82892,585.059829,0.004835266172410548,0.07716898153526273
https://hashdive.com/Analyze_User?user_address=0x52a5329dd7be183fa26c2f922640264911862293,0.998,1.162324,579.999676,0.002004008016032064,0.06412118320395283
https://hashdive.com/Analyze_User?user_address=0x3168a74556b9b552267cfc9995183491c90c6734,0.88,77.35,572,0.13522727272727272,-1.45063066444023
https://hashdive.com/Analyze_User?user_address=0x7742099ebccf14fc8160c7abe221335123b103e9,0.928998,42.6012,557.3988,0.07642858219285724,-3.655535478342136
https://hashdive.com/Analyze_User?user_address=0xf6129c47f5ef4cab25f3aa67b5e3aaac77b15700,0.835,-113.22,556.11,-0.20359281437125748,0.23541556883160347
https://hashdive.com/Analyze_User?user_address=0xefacfbd141008db5f10dd6d33b0d2a53c144d647,0.869001,70.558509,552.399286,0.12773099239668462,-1.5314715246174022
https://hashdive.com/Analyze_User?user_address=0xa5adf6fe8d6df10c46f033a2fa065b9a78fef6fd,0.993625,3.52098,548.78962,0.006415901233700448,0.024464212436625336
https://hashdive.com/Analyze_User?user_address=0xed9c54608113a60ff01101ad321159edef46002f,0.86,88.2,541.8,0.16279069767441862,0.015426459054428384
https://hashdive.com/Analyze_User?user_address=0x49de462acb37a46eb1896a09a12d80f68470ebc1,0.998999,0.541081,539.999458,0.0010020028575658312,0.05248009106568218
https://hashdive.com/Analyze_User?user_address=0x6d1b807a3212af67bc72da2debc9bc41ac2ccd6b,0.84,100.8,529.2,0.19047619047619047,0.6977012796592545
https://hashdive.com/Analyze_User?user_address=0xe25c28438f4f51bf12efed21efd45f33d8cfae63,0.849997,-23.372907,514.248185,-0.04545063586369293,1.0704343101221372
https://hashdive.com/Analyze_User?user_address=0x5c57496c97dd151f54b2d727646aa796ced55b16,0.84,-204,504,-0.40476190476190477,0.8011633385578816
https://hashdive.com/Analyze_User?user_address=0x5a45565906b8478fe456a0d313ce8839b3e7f628,0.32,0,502.40000000000003,0,-0.8476899604648913
https://hashdive.com/Analyze_User?user_address=0xd9fa503a173135693c3c2f0120ecc390fc3cc8fb,0.998999,0.501,499.999498,0.00100200100600901,0.08173295504636666
https://hashdive.com/Analyze_User?user_address=0xa5b0c12613d1baa5fbf70a9bbde5a384c1a6b02d,0.869999,74.713217,499.99942,0.14942660733486451,8.585289005317042
https://hashdive.com/Analyze_User?user_address=0x8d28bf9d72392eafdff4e6fcecdc3224ac8bbb26,0.849999,88.235882,499.999411,0.1764719718839829,-4.3612918413469695
https://hashdive.com/Analyze_User?user_address=0x77cfb716811a03a83ced6ffcfc1d9b8281930e71,0.993,3.258976,496.5,0.006563899295065459,0.2505378232547623
https://hashdive.com/Analyze_User?user_address=0xf4cd584ea9ad01b30c2be5d2b9dbffc9ba890516,0.949994,35.37747,492.269617,0.07186604409103722,0.6529610544618512
https://hashdive.com/Analyze_User?user_address=0xfc3f3621330da176f2079278c3d01adb12667f91,0.998999,0.49098,489.999508,0.0010020010060908062,0.09683609805796364
https://hashdive.com/Analyze_User?user_address=0xde5314ddd05574a22cdaeef4e9ab2c02ce90e5be,0.889995,11.691906,489.639649,0.023878593214170036,1.2363030099748344
https://hashdive.com/Analyze_User?user_address=0x710c4d4a48f7393602906d1bee0f53f778b7ee60,0.86,73.528,486.416,0.15116279069767444,1.9324066650089677
https://hashdive.com/Analyze_User?user_address=0x4e8350d779e185db751eb29452c536527270ef13,0.998,0.961923,479.999577,0.002004008016032064,0.2898761520103383
https://hashdive.com/Analyze_User?user_address=0xc86f4ea9aca4613ed89bf1b0ab9696340646ea12,0.999,0.48048,479.99952,0.001001001001001001,0.06532295805357405
https://hashdive.com/Analyze_User?user_address=0x8239f156bdb90bd5ecf0d02919e92fbf615addd7,0.849999,84.258208,477.459437,0.1764719711676785,-1.3134645090259132
https://hashdive.com/Analyze_User?user_address=0x51e5b6c7ca946b6d9a3f00799375868d85afe26c,0.859999,73.622792,475.949443,0.15468616064752913,-6.416518803497589
https://hashdive.com/Analyze_User?user_address=0xe9c73e106eba3a76beacd1855dc3c1226a83174b,0.917485,42.527084,472.859023,0.08993607382215482,-24.786995292370296
https://hashdive.com/Analyze_User?user_address=0x0df8e5405a85b1de2b175002b30696b7fe86b67e,0.869999,70.230425,469.999459,0.14942660816977663,-5.157035777985676
https://hashdive.com/Analyze_User?user_address=0xa55f443258706b87654319700379bb370d50c3d6,0.67,231,469,0.4925373134328358,14.565437419314328
https://hashdive.com/Analyze_User?user_address=0xb8528f7eddc9e0e5d6870547c28dd0bc2d50283d,0.989496,4.92247,463.705734,0.010615503840200517,-0.33625993059837317
https://hashdive.com/Analyze_User?user_address=0x330bc9b292f4cc6136243b42e6f292065107e446,0.898,51,449,0.11358574610244988,3.750425961666395
https://hashdive.com/Analyze_User?user_address=0x8b7e69788fa1145068d0d418c822c6f81d996a9f,0.869014,65.749732,436.210267,0.15072944626495918,-1.4153635634346577
https://hashdive.com/Analyze_User?user_address=0x6b9a8920a299ccac314a214d45cb3425c54036a0,0.87,65,435,0.14942528735632185,1.0026710519700723
https://hashdive.com/Analyze_User?user_address=0x708de25b09a9d5b2b82a99770589fb9547da8bd6,0.998999,0.43086,429.999568,0.0010020010066614765,0.06225144683345619
https://hashdive.com/Analyze_User?user_address=0xdc4bc68529c164cfe402ae1215876badc02a5a92,0.86,69.2902,425.6398,0.16279069767441862,0.08199808712279058
https://hashdive.com/Analyze_User?user_address=0xe779a62d58d3f8a1b48930566f0198b064b8335e,0.5,-144.5,425,-0.34,4.061787268505229
https://hashdive.com/Analyze_User?user_address=0x46679fb51fbe6772b5c7d6c65983a55f1cb1cab0,0.42,0,419.99637876,0,-2.1314697632768658
https://hashdive.com/Analyze_User?user_address=0x26d1e79d2417a39e1d6d9a558be3fbf4f4046f56,0.959999,5.975825,419.010764,0.014261745791332464,0.5881825847144916
https://hashdive.com/Analyze_User?user_address=0xd0ad0b98abc075afdcf1b635bbf57a937f2f5176,0.83,84.999199,414.996093,0.2048192752503817,5.513012548034607
https://hashdive.com/Analyze_User?user_address=0xc54af108b66016ce2708234b92b79495ab5f4b6f,0.859482,67.255419,411.369519,0.1634914982604727,-6.143017922302359
https://hashdive.com/Analyze_User?user_address=0x32eab414cdab93b1de17b94faf17bb605d46e341,0.997975,0.834692,411.359307,0.0020291068800346846,0.5421042125107323
https://hashdive.com/Analyze_User?user_address=0xac01ea1fefb4cbc1d8f92a07c037d45fabe0d6ec,0.998999,0.41082,409.999588,0.0010020010068888168,0.07503437039236495
https://hashdive.com/Analyze_User?user_address=0xf8e074496baab833464e23e934e71467b836ebcf,0.88,54.545454,399.999996,0.13636363636363635,-2.268739631140285
https://hashdive.com/Analyze_User?user_address=0xc1fde027b509b76cdc10fe0f0a6957688486948e,0.889888,49.494725,399.999656,0.12373691891375027,-0.9447658462342946
https://hashdive.com/Analyze_User?user_address=0xfa6477504860367d720f36a2f4e6c113105fd468,0.999,0.4004,399.9996,0.001001001001001001,0.30203005081958684
https://hashdive.com/Analyze_User?user_address=0x40af7bb3da1701d348209bd5efba6969a4f5d84d,0.998999,0.4008,399.999598,0.001002001007011012,0.1419135843628003
https://hashdive.com/Analyze_User?user_address=0x7a7eb8d3949b2deb2be1642c5ce5b7501cb6158d,0.899999,44.444888,399.999554,0.11111234389026343,-0.45226211258107324
https://hashdive.com/Analyze_User?user_address=0x26d1e79d2417a39e1d6d9a558be3fbf4f4046f56,0.939882,8.644774,395.897096,0.021835911622852623,0.5881825847144916
https://hashdive.com/Analyze_User?user_address=0x7d44216027a14b522799dafe1a7def5aa3c2b15e,0.953259,19.057458,392.858157,0.04850976786514834,0.671868443855968
https://hashdive.com/Analyze_User?user_address=0x49dd109f63a08ca0abd31bc9f89fc5507d2a2a32,0.84,72.1616,378.8484,0.1904761904761905,6.592529418111534
https://hashdive.com/Analyze_User?user_address=0x4b39761a73dfce0d2de6fc2476599148df37eeaa,0.945,22,378,0.0582010582010582,-0.4069395695550679
https://hashdive.com/Analyze_User?user_address=0x5b3d99fe35057dd19c0838e6bb85bc47273d7a47,0.89,43.999099,355.992717,0.12359550321924141,-1.108245028387764
https://hashdive.com/Analyze_User?user_address=0x8b7e69788fa1145068d0d418c822c6f81d996a9f,0.88,48,352,0.13636363636363635,-1.4153635634346577
https://hashdive.com/Analyze_User?user_address=0xa49b3dd4abea69f5817af41d17fad3e7e74c5120,0.96,14.561666,349.479984,0.04166666666666667,2.4885541250945886
https://hashdive.com/Analyze_User?user_address=0x0c6c58163631c965096f864885fafe1d099e5c09,0.85,60,340,0.17647058823529413,0.2809257941183995
https://hashdive.com/Analyze_User?user_address=0xf5a3240452abea3ff8c0979cba7ebbcdadb50eac,0.998999,0.34068,339.999658,0.0010020010078951314,0.07253012635357413
https://hashdive.com/Analyze_User?user_address=0x94e510aea3ad5c50ed6ff93a1acf6d2c4de76cfe,0.9,37.453,337.077,0.11111111111111112,-25.079440962604274
https://hashdive.com/Analyze_User?user_address=0x4df332e27f9ee3224f52ce30e3ce15c1075e788f,0.87,0.000299,334.682304,8.933845513385733e-7,0.19248821470486682
https://hashdive.com/Analyze_User?user_address=0x5a5e26a489687da9a618ee09323644ab310cc869,0.9,35.6,320.4,0.11111111111111112,-11.819837982591237
https://hashdive.com/Analyze_User?user_address=0xef0846a5b149efe9f5c0c62fd7f66e7eb21cb5c9,0.998999,0.32064,319.999678,0.0010020010082635144,0.14470469933435207
https://hashdive.com/Analyze_User?user_address=0x31e4a6376d4f891a678737d61bd3c2b50fdb1f69,0.85,55.5,314.5,0.17647058823529413,-9.31062660666074
https://hashdive.com/Analyze_User?user_address=0xb13d096b2e90411d0e5f42891d2e73ef4cea2e90,0.83818,-121.866116,309.724274,-0.39346646753299036,1.7518885701468132
https://hashdive.com/Analyze_User?user_address=0xc9adca8d223d6e9082b09223f5c25f02ef7bf186,0.9,19.093809,299.999997,0.06364603063646031,1.9340179165709643
https://hashdive.com/Analyze_User?user_address=0xdd1b90f903434ba42c0fd3e56b54209449a175d8,0.908485,30.220062,299.999714,0.10073363603273301,-2.6543741249915147
https://hashdive.com/Analyze_User?user_address=0x4ef829c724ebe34c7f5ed9265edd3877fd278712,0.451004,0,299.999703490652,0,-1.1635214040260276
https://hashdive.com/Analyze_User?user_address=0xc9adca8d223d6e9082b09223f5c25f02ef7bf186,0.859999,48.837557,299.999645,0.16279204930392502,1.9340179165709643
https://hashdive.com/Analyze_User?user_address=0xf8e074496baab833464e23e934e71467b836ebcf,0.849999,52.941528,299.999644,0.1764719694134037,-2.268739631140285
https://hashdive.com/Analyze_User?user_address=0x52ed504e3c3c7cfceaa61dc4f23a6e29d79f8db7,0.347421,0,296.591969781729,0,-0.0796537250180813
https://hashdive.com/Analyze_User?user_address=0xbc00f3ba111d3cecab90d011221d1a49b68857f5,0.903445,31.618727,295.849839,0.10687424102333212,1.418412768219906
https://hashdive.com/Analyze_User?user_address=0xe59b9db1a289d3eb1061afeba78a4b8ae779488e,0.839993,21.999362,293.99755,0.07482838547464087,4.074552531385495
https://hashdive.com/Analyze_User?user_address=0x77cfb716811a03a83ced6ffcfc1d9b8281930e71,0.975,7.5,292.5,0.02564102564102564,0.2505378232547623
https://hashdive.com/Analyze_User?user_address=0xea5f7b59536118b4eaeb9f543aa12428386c8d3d,0.85,51,289,0.17647058823529413,-14.320727418206594
https://hashdive.com/Analyze_User?user_address=0x467ebb3957225aa02c9a633f39ac1645ff264343,0.33,0,280.5,0,7.9037398551062115
https://hashdive.com/Analyze_User?user_address=0xe3c3a26dd934cf4e464cd840d184fe533bbc11ad,0.985,3.62999,275.04155,0.013197969543147208,-48.36683104895889
https://hashdive.com/Analyze_User?user_address=0x58c85b9a2f357cb32d92cbb6443d552148060300,0.359999,1.453476,269.06566099331,0.005401937930816593,1.2723580464781339
https://hashdive.com/Analyze_User?user_address=0xfd31f4a0d77c2d06397a21966cbfb9e9c38a4f6d,0.89,32.997899,266.983005,0.1235955037662416,-8.448695698921028
https://hashdive.com/Analyze_User?user_address=0xf9712c6d06a0e6527ae7f85c9d540158e1a40a57,0.36591,1.316879,261.71358256392,0.0050317564227999895,1.0953616897128609
https://hashdive.com/Analyze_User?user_address=0x94489d2758e9cd87ac7cc03843871206b37750e8,0.998999,0.26052,259.999738,0.0010020010097087097,0.11706614737817181
https://hashdive.com/Analyze_User?user_address=0x83424da14fc31af4182fbad0a0d73796f5c813c9,0.85,44.4,255,0.17411764705882352,-16.219426538924235
https://hashdive.com/Analyze_User?user_address=0x026af34d663a3424c339f7df8efeaf5421dc2f8a,0.956709,8.491887,251.595333,0.03375216423430239,-2.2422501015223792
https://hashdive.com/Analyze_User?user_address=0x2d7b4bfa61cc89e70ea036a1f9a30c0ca631d15e,0.9,27.777777,249.999993,0.11111111111111112,-7.051404550189909
https://hashdive.com/Analyze_User?user_address=0xdecc484b8821df33fd93bcf153815f3ca3a5c710,0.998999,0.2505,249.999749,0.00100200100600901,0.09087022070599123
https://hashdive.com/Analyze_User?user_address=0x3bdc667cf9d44f0957572e029703bc8443603a4e,0.96,10.2492,245.9808,0.04166666666666667,-1.2290574044431994
https://hashdive.com/Analyze_User?user_address=0x131d75cbb1bbf5f924342ea035175f6bb7148df5,0.97,10.47434,241.5397,0.043364879562241734,-3.6519596116961743
https://hashdive.com/Analyze_User?user_address=0xb5e767d1ab98bf46b717e07e8303c28dd35e3c1a,0.88,5.4812,241.1728,0.022727272727272728,1.2966571325629836
https://hashdive.com/Analyze_User?user_address=0x3c6830ba41c49c5cdb91dafc1bad79f36569b8ba,0.998999,0.24048,239.999759,0.0010020010061760104,0.17473752452238267
https://hashdive.com/Analyze_User?user_address=0x974381d6aa5e54e26a75e0ae10213b50edb06e5d,0.998999,0.23046,229.999769,0.0010020010063575325,0.1400434622052531
https://hashdive.com/Analyze_User?user_address=0x06617e3bbc8ddbc3931726f4ffe009784adea72e,0.85,37.056614,224.999998,0.16469606368618725,-7.210954551977901
https://hashdive.com/Analyze_User?user_address=0xbbdc27a253d163c6da200719c7eeef316faf9da2,0.36,-0.182836,222.06707064,-0.0008233368390597689,-2.273494872340594
https://hashdive.com/Analyze_User?user_address=0xaf255cc5f0457dd69e373f34ad58991de86603e0,0.998999,0.22044,219.999779,0.0010020010065555566,0.0696680494274461
https://hashdive.com/Analyze_User?user_address=0x2005d16a84ceefa912d4e380cd32e7ff827875ea,0.363762,0,219.256115187816,0,5.761778174564228
https://hashdive.com/Analyze_User?user_address=0x8c377ed121c9dda1a8631ace8d0e3028644d4e9b,0.87,32.5,217.5,0.14942528735632185,-0.38438390851078597
https://hashdive.com/Analyze_User?user_address=0xfc25f141ed27bb1787338d2c4e7f51e3a15e1f7f,0.9463,11.970805,214.953395,0.05569023462039295,1.154352518019062
https://hashdive.com/Analyze_User?user_address=0x02cb47a6e61453a3bceb40cf1a4443e79049ae38,0.9,23.862,214.758,0.1111111111111111,-1.0378538080642763
https://hashdive.com/Analyze_User?user_address=0xccff3146eff948611822511963392278b243e845,0.95,11.105263,210.999997,0.052631578947368425,4.4417903420023945
https://hashdive.com/Analyze_User?user_address=0x41089eef56a28358b10dc0de33bd55494869a80d,0.35,14.998845,209.99461349999999,0.07142490347734562,0.4952949631830921
https://hashdive.com/Analyze_User?user_address=0x8df2731756b2da0b2f6b430fc7b7c1ff001397a5,0.969999,6.129071,204.999782,0.029897939110979148,-5.9826100322520235
https://hashdive.com/Analyze_User?user_address=0x20cc8d7e69a24d156cf8c17d32152a536befebc0,0.84,23.757997,204.75,0.11603417338217338,-2.8699428496000206
https://hashdive.com/Analyze_User?user_address=0xf4cd584ea9ad01b30c2be5d2b9dbffc9ba890516,0.94,3.735049,200.689997,0.01861103720082272,0.6529610544618512
https://hashdive.com/Analyze_User?user_address=0x163e0952e23da8a811ee1ae021b1d01cf9e2d18c,0.9,22.222222,199.999998,0.1111111111111111,-2.7719111092333693
https://hashdive.com/Analyze_User?user_address=0x39bdc8f1731b5a53dc9ec771c5535dd8e9ca1027,0.9,20.22202,199.999998,0.10111010101110102,-1.9970735314560208
https://hashdive.com/Analyze_User?user_address=0x1c460d36b0d01234497f985cacbc96d751b33e5c,0.897728,22.784621,199.999929,0.11392314544271663,-10.488024919475802
https://hashdive.com/Analyze_User?user_address=0x49519011cddc9a021a452033f68f29811713ec9b,0.892017,24.210951,199.999818,0.1210548651599273,2.158650758404942
https://hashdive.com/Analyze_User?user_address=0x49a704e3bcdb21a46a56bbfb86f8aa63e66a2261,0.867151,30.409653,199.999799,0.1520484178086599,-14.401574083816806
https://hashdive.com/Analyze_User?user_address=0xe9473a70f58272d3c8cbc31da1079fb0578f2cf3,0.859999,32.558371,199.999764,0.1627920470946156,1.071588045982884
https://hashdive.com/Analyze_User?user_address=0xb13d096b2e90411d0e5f42891d2e73ef4cea2e90,0.861904,21.80016,198.23792,0.10996967684083853,1.7518885701468132
https://hashdive.com/Analyze_User?user_address=0xca8f0374e3fc79b485499cc0b038d4f7e783d963,0.358997,-11.648617,196.992119021547,-0.059132401122736655,2.683598039217994
https://hashdive.com/Analyze_User?user_address=0x3d64c3761d86ebfa99eceb4285d427caf3d98501,0.994345,0.905257,193.37246,0.00468141637128679,-11.057579605492824
https://hashdive.com/Analyze_User?user_address=0xc6827f892851a4ab86a1256543c35fd4fe4556eb,0.88,25.772727,188.999998,0.13636363636363635,6.658783819151455
https://hashdive.com/Analyze_User?user_address=0xb114d9bed982a911197cedd157b2753f9493bdcb,0.879999,25.168845,184.569787,0.13636492412487858,1.6480539080465513
https://hashdive.com/Analyze_User?user_address=0xd2bd4fd9b525c94bd04e00d8b57b446009addce0,0.9,20.4,183.6,0.1111111111111111,-4.658495870593987
https://hashdive.com/Analyze_User?user_address=0x9eea0d7ab12d1767cdfe3f300d8d33462492281d,0.97,1.12027,182.9711,0.006122660901093124,-0.5460670114135919
https://hashdive.com/Analyze_User?user_address=0x1497fcdd9150768ac1c0625caebc0b918143aede,0.9,20.222222,181.999998,0.1111111111111111,-7.888835015198908
https://hashdive.com/Analyze_User?user_address=0xe56363a3b5c0493d391b1d9da317acc71632398b,0.898998,20.2004,179.7996,0.11234952691774619,0.43739979297760745
https://hashdive.com/Analyze_User?user_address=0x3078db4a9737866b4d6529f655025b3a20f80389,0.375615,4.40882,179.168355,0.024607135562527215,1.170077790698127
https://hashdive.com/Analyze_User?user_address=0x9eea0d7ab12d1767cdfe3f300d8d33462492281d,0.81,30.933,178.9695,0.1728395061728395,-0.5460670114135919
https://hashdive.com/Analyze_User?user_address=0x99231a92691082ea93065c5c8569ceb30665e925,0.99,1.8,178.2,0.010101010101010102,-3.5401077707734574
https://hashdive.com/Analyze_User?user_address=0x83800c3519560a27d9e7f10f46094a4045d2eae1,0.93,13.11138,176.719995,0.07419296271483032,-7.395657364992636
https://hashdive.com/Analyze_User?user_address=0xd206309e90808101e268dc904378689ea1348a30,0.9,19.40895,176.445,0.11000000000000001,0.4302071135605544
https://hashdive.com/Analyze_User?user_address=0x83424da14fc31af4182fbad0a0d73796f5c813c9,0.87,25.8,174,0.1482758620689655,-16.219426538924235
https://hashdive.com/Analyze_User?user_address=0x9e5c74c0bf46f0bf3fcd1064d17e6201c67fd8e6,0.9,19.1,171.9,0.11111111111111112,2.471527463460218
https://hashdive.com/Analyze_User?user_address=0x330bc9b292f4cc6136243b42e6f292065107e446,0.854999,28.999084,170.993222,0.16959200874055697,3.750425961666395
https://hashdive.com/Analyze_User?user_address=0x8d2dfa5467067189df7af810feb880466edc569c,0.982859,2.964786,169.999841,0.017439933958526468,-64.13964553395707
https://hashdive.com/Analyze_User?user_address=0x2db8f5b0fc0ebc26e309321843492a1a62a9e042,0.849999,29.991375,169.949797,0.17647196718922825,-10.12027129444589
https://hashdive.com/Analyze_User?user_address=0xc42e3ad86bd9233631b5d494d29ea8acaa25edbd,0.84,32,168,0.19047619047619047,3.1123013058316635
https://hashdive.com/Analyze_User?user_address=0x3d64c3761d86ebfa99eceb4285d427caf3d98501,0.995,0.6716,167.0605,0.004020100502512563,-11.057579605492824
https://hashdive.com/Analyze_User?user_address=0x55307e57ee66d15af36bc0894bbaca65604dd38d,0.908326,16.445911,162.949677,0.10092631849770403,-2.5631418446567156
https://hashdive.com/Analyze_User?user_address=0xb1efb1c77a4603dd9a5255465e52e0670e1c75f2,0.83,32.7233,159.7667,0.20481927710843376,-0.1482830528385631
https://hashdive.com/Analyze_User?user_address=0x8755513f6a48bca95bfc3a906678563fff9a9d5c,0.869999,23.639262,158.199817,0.14942660774380034,-2.47490675905143
https://hashdive.com/Analyze_User?user_address=0xd2c4e11acf28d05260ad321ca1d4be244c5f909d,0.364887,0,154.82915141222702,0,-0.2170937591293352
https://hashdive.com/Analyze_User?user_address=0x6ccc1718ca32896b2cb87313ee79e2396f10ad0d,0.96125,6.2,153.8,0.04031209362808842,-6.8189284198374285
https://hashdive.com/Analyze_User?user_address=0xb33711e54a840ea7cbab3862ad2d2cfbb7225589,0.86,0.999848,149.999996,0.006665653511084093,1.3882629593930589
https://hashdive.com/Analyze_User?user_address=0x8c9120988bb51dfa54bc070b7a929e7fd58b0505,0.879999,20.454715,149.999828,0.1363649230317784,-3.2049704814665536
https://hashdive.com/Analyze_User?user_address=0x9a7be5fabe8a4be93d1ce8ddea1a8cf945147bc3,0.849999,26.470764,149.999822,0.1764719694134037,-0.9919491570789513
https://hashdive.com/Analyze_User?user_address=0xefab58ed4a064fe0da25c10bc9d91e726436a473,0.899964,16.496426,149.907003,0.11004439865961431,-11.52298081191586
https://hashdive.com/Analyze_User?user_address=0x8c166c2e35e68a4f8d8238ea0048ea775ae46bd1,0.916059,7.647024,149.766486,0.051059647617024286,0.42514436994528526
https://hashdive.com/Analyze_User?user_address=0xddd757c8798761e39009e227548252c4dc3b1596,0.37,54.43136,145.8856387,0.3731097898672051,0.9329780249501763
https://hashdive.com/Analyze_User?user_address=0x893dd07bd1a1ddc2f483c220e66619c5d0216b68,0.951,7.33056,145.23672,0.05047318611987382,-0.4216387681012715
https://hashdive.com/Analyze_User?user_address=0x0baf0e1fef0d43e33e84ea937d7c7e60559ee09e,0.96,6.04,144.96,0.041666666666666664,-0.07817906854127345
https://hashdive.com/Analyze_User?user_address=0xbdd4c3190abaa42c6426275db70e73de6719f73e,0.36,0,144,0,20.62188327016655
https://hashdive.com/Analyze_User?user_address=0x42339f348e734c2435fd0e2bd16c6374025660f3,0.36,0,144,0,-5.864141700150509
https://hashdive.com/Analyze_User?user_address=0x023defe3c17e92de1197a258786baf0e4c0c008b,0.36,0,144,0,1.4304322772858606
https://hashdive.com/Analyze_User?user_address=0x47144fc1304b25a884bacb313897ed697feba768,0.36,0,144,0,1.7333889394582234
https://hashdive.com/Analyze_User?user_address=0x962ef152f5233448938fba8a71d37b59a864e404,0.36,0,144,0,-1.1538737051250167
https://hashdive.com/Analyze_User?user_address=0xa33183711eed288a2309b8bbda9220a6ef8a8511,0.36,0,144,0,-5.784850541217594
https://hashdive.com/Analyze_User?user_address=0x4fc76bab6b771e45f9b29eede2991bd9342ba0f9,0.36,0,144,0,2.4870164996512174
https://hashdive.com/Analyze_User?user_address=0x29236ff8ae970b848a454c81d459412004b789c0,0.36,0,144,0,5.16188956002975
https://hashdive.com/Analyze_User?user_address=0x68a68d32c2431432cfb3d1c7ac1484132a10a197,0.36,0,144,0,5.357392776589136
https://hashdive.com/Analyze_User?user_address=0x32db43a360a99178940839fa9e5883c99ff8b59f,0.36,0,144,0,-0.3261195393456494
https://hashdive.com/Analyze_User?user_address=0x876a2585415675e5cdfb2b740503d2f3adece132,0.36,0,144,0,-0.004491480186893416
https://hashdive.com/Analyze_User?user_address=0x6321806884365047b8c8e4d86c91bb164666c548,0.36,0,144,0,-16.20782324470719
https://hashdive.com/Analyze_User?user_address=0xbc7decb4f41bae5f7d1cc5de1fc7816e86d9ae51,0.36,0,144,0,-12.435765398273613
https://hashdive.com/Analyze_User?user_address=0x89bf3c3fbea4d7db0e880f5cc5e402d7b27efdc4,0.36,0,144,0,-12.442205055158446
https://hashdive.com/Analyze_User?user_address=0xe8ff647f1ab7260ad5f45bd637fcb42924568984,0.36,0,144,0,-2.2298667689777547
https://hashdive.com/Analyze_User?user_address=0xf7ac66ebd37b71f8f21b3f1cb15f49ef0c3eb310,0.36,0,144,0,-8.229447465878927
https://hashdive.com/Analyze_User?user_address=0x3cfce762ce937f581d37fa52102b6d69644f3b42,0.36,0,144,0,5.475921745042736
https://hashdive.com/Analyze_User?user_address=0xe97dc4702729d8b1f972d823a8a78c511f66c49b,0.36,0,144,0,-3.9210023287163747
https://hashdive.com/Analyze_User?user_address=0xb86e4f0942e9fe5bed27f07573f52a8f291beb89,0.36,0,144,0,-1.7604071841195847
https://hashdive.com/Analyze_User?user_address=0x355cf1e2be2d25a6ff5965c3a85c1f1947e0c83c,0.36,0,144,0,18.891257638001548
https://hashdive.com/Analyze_User?user_address=0x93f825c707c9739e90b8bfb2dfe2b57118160231,0.36,0,144,0,-1.9119156610678951
https://hashdive.com/Analyze_User?user_address=0x2aaf9c3755c011596d473699d5b676b1bdab778a,0.36,0,144,0,7.1905345187980405
https://hashdive.com/Analyze_User?user_address=0x37a702929611d3f97bd4b230a0ef86e3f53741f1,0.36,0,144,0,-2.1633090062466507
https://hashdive.com/Analyze_User?user_address=0x2d17b0307a5a65263944cf107ee086be17b1402e,0.36,0,144,0,9.469407783981161
https://hashdive.com/Analyze_User?user_address=0x933367b69cfb6f20737b90a5266f1cf1919bd088,0.36,0,144,0,8.834341767898685
https://hashdive.com/Analyze_User?user_address=0x1420bae1495c8be7f5df4dbab2f2fa127cb2e48c,0.36,0,144,0,-18.358259590461728
https://hashdive.com/Analyze_User?user_address=0x75086daa71976dc5fc1488d482605aa216276726,0.36,0,144,0,-4.238058625077191
https://hashdive.com/Analyze_User?user_address=0x2016b63ed617c8b0cc231d82b35f4dd726f1dcba,0.36,0,144,0,3.661163274367935
https://hashdive.com/Analyze_User?user_address=0x6cbedeae2432efdf53343450e711a5b93fb35f49,0.36,0,144,0,-4.5040766546325335
https://hashdive.com/Analyze_User?user_address=0xc97f40e2d10447fe186f5957853dc4ef777f2323,0.36,0,144,0,1.0360047464122468
https://hashdive.com/Analyze_User?user_address=0x43136fd40bb47578dba3cb9d4a7a869c3eb238bb,0.36,0,144,0,-12.362886473505704
https://hashdive.com/Analyze_User?user_address=0xf251495e324a66aa8a9279dd9369d8531110043f,0.36,0,144,0,-4.2940184421521845
https://hashdive.com/Analyze_User?user_address=0x0c84b71c297e66eaa7ee7a4c078c7c7357641e59,0.36,0,143.99190000000002,0,-10.76081614882697
https://hashdive.com/Analyze_User?user_address=0xc95c799fc7f181bce06f8a5677f300efea56cef3,0.88125,19,141,0.1347517730496454,-3.5796545226660834
https://hashdive.com/Analyze_User?user_address=0x2c02c9b3d7f6817c9f70be3153b238ad9589b4d4,0.375013,51.863068,140.521999135433,0.3690743678505111,5.155036719975197
https://hashdive.com/Analyze_User?user_address=0x270d9931e6fb879c6551f81c715f55b2d13b2c53,0.36,0,140.4,0,8.959901622658673
https://hashdive.com/Analyze_User?user_address=0xcf163b8d420ee99dc352829527b7bd78d1ac3ab6,0.36,0,140.4,0,1.0654980385370303
https://hashdive.com/Analyze_User?user_address=0x77891025218bad65d84538b01a5271fbcb0afd7e,0.36,0,140.4,0,4.380469264405736
https://hashdive.com/Analyze_User?user_address=0x7d4b791e303e67c8e8303cf368f67ce539da1688,0.36,0,140.4,0,2.4695452020962843
https://hashdive.com/Analyze_User?user_address=0x0182421e5a648f15a7c78914eed27b3997097a5e,0.36,0,140.4,0,14.931859126417418
https://hashdive.com/Analyze_User?user_address=0x2df068b1f24be8dfb63e53ac4489e4b5d0eb4427,0.36,0,140.4,0,12.2011589245408
https://hashdive.com/Analyze_User?user_address=0x047cc31c6f7b48bde8a0a5ef9ace3c5c920e09ff,0.36,0,140.4,0,-9.631437006224443
https://hashdive.com/Analyze_User?user_address=0xa4d1191bbf4175964eff61029e491b3f2f3f38de,0.36,0,140.4,0,1.5383320262104647
https://hashdive.com/Analyze_User?user_address=0x288d659e9941cefd75394da4b3b8cf9e273d2ced,0.36,0,140.4,0,13.851293875347485
https://hashdive.com/Analyze_User?user_address=0x381a634abe4c55a1d214a0c6e24fa5456c9b8df0,0.36,0,140.4,0,-7.951005970258454
https://hashdive.com/Analyze_User?user_address=0xfb95ea8901146494f85674192bb0bd7eee0c736e,0.36,0,140.4,0,-1.6444742438047977
https://hashdive.com/Analyze_User?user_address=0x5fca98864c976bc5bd374ecc676a35cc33df799f,0.36,0,140.4,0,15.589165853197663
https://hashdive.com/Analyze_User?user_address=0x477dc63bfbb0e43d0b3cbc4222071dee429bcc95,0.36,0,140.4,0,-3.6522602086066103
https://hashdive.com/Analyze_User?user_address=0xfb846c03a22645efe9633843dd25a27f0a0b93ae,0.36,0,140.4,0,1.4500872299544292
https://hashdive.com/Analyze_User?user_address=0xaf3faf129c829862b6c1eaa9669aff9e7cd415f4,0.36,0,140.4,0,-9.887649394236968
https://hashdive.com/Analyze_User?user_address=0x914fdf8e928a49ad46a7c7c53bd9eb9de92b735d,0.36,0,140.4,0,7.179996444731255
https://hashdive.com/Analyze_User?user_address=0xf751149295099ad963ecc2ddb31141cbbb694ba3,0.36,0,140.4,0,15.378625714664482
https://hashdive.com/Analyze_User?user_address=0x69383efe4c26e292b3cb5cab39060afa4eb7093e,0.36,0,140.4,0,-6.316843107532803
https://hashdive.com/Analyze_User?user_address=0xde6e6c3378e3c9864b77c9c4cede99ae3f953467,0.36,0,140.4,0,2.616343031814182
https://hashdive.com/Analyze_User?user_address=0xc4111a5b26c68497f222c77f929abe943ea4422f,0.36,0,140.4,0,-3.645083722282676
https://hashdive.com/Analyze_User?user_address=0xd58f00914a7d7d85a95e8d1ba3c2fab67640862e,0.36,0,140.4,0,-1.1462639725345412
https://hashdive.com/Analyze_User?user_address=0x30a30b0a4656fa99d9e5470165a214be12d165a5,0.36,0,140.4,0,-7.531738082074684
https://hashdive.com/Analyze_User?user_address=0x4c992ee1e881bb25b3111304cdcc70f8a14a4e15,0.36,0,140.4,0,1.8473295210872456
https://hashdive.com/Analyze_User?user_address=0xf14076f81cee33a552846b5b560cfd198f567e9b,0.36,0,140.4,0,-10.314422386253806
https://hashdive.com/Analyze_User?user_address=0xa3c62b87fe33852e4084f8936127a66d43053307,0.36,0,140.4,0,1.1752279903599914
https://hashdive.com/Analyze_User?user_address=0x8d326c6ab45b3690d9d279b6a3ce4f8c2ca1b7d1,0.36,0,140.4,0,4.344714084026517
https://hashdive.com/Analyze_User?user_address=0xc7d653bc93a5131babecb59d70f69d881012ef11,0.36,0,140.4,0,1.0506717535535741
https://hashdive.com/Analyze_User?user_address=0xa82ae70e6f135d8dbbfd8ae6fbb6c1e37099cba8,0.36,0,140.4,0,9.398781568941605
https://hashdive.com/Analyze_User?user_address=0x49b76efd7bfc0e4b2f86ad6c20126438b31932d7,0.998,-2.483587,138.723497,-0.017903145852789452,0.18126025117617714
https://hashdive.com/Analyze_User?user_address=0x6330c33f6544dae4f971917ef5982713d0224546,0.859998,3.65541,137.513191,0.02658224984394406,-6.332891907607767
https://hashdive.com/Analyze_User?user_address=0xc57315c9c8162b0de6882c2739b0c53e210d85de,0.36,0,136.79999999999998,0,3.2411666877759604
https://hashdive.com/Analyze_User?user_address=0xf55029f0b2f356ff9706897fa7645ffd5ab32944,0.36,0,136.79999999999998,0,-5.082518311869826
https://hashdive.com/Analyze_User?user_address=0x13381321415caa6fb9cf8e6e3dcaa9229add5eab,0.36,0,136.79999999999998,0,-0.8471375870750669
https://hashdive.com/Analyze_User?user_address=0xd8719576be4c2a2ba2764e650a1d3d92e7e3c08f,0.36,0,136.79999999999998,0,4.805762140588305
https://hashdive.com/Analyze_User?user_address=0xdfcbeccdaea24ced9da92ab39136910932ce5dd9,0.36,0,136.79999999999998,0,-10.969569135072966
https://hashdive.com/Analyze_User?user_address=0x32feb87a5f09d93fd6b49f8f7ebf2f53eb3021ed,0.36,0,136.79999999999998,0,9.047747046840083
https://hashdive.com/Analyze_User?user_address=0x002ac9c12310fa15934c90301c4505b3c54476b5,0.36,0,136.79999999999998,0,-10.25764984804791
https://hashdive.com/Analyze_User?user_address=0x4944e6570f29b5f09a6a72f53707abb995c3f7b1,0.36,0,136.79999999999998,0,1.7739070379257738
https://hashdive.com/Analyze_User?user_address=0xc1ab32dd08e5b78ea20cdefcb4436b12f74df3d8,0.36,0,136.79999999999998,0,10.09519070997884
https://hashdive.com/Analyze_User?user_address=0x99fd34197a426eb55f728fb4eda19a3ab58bc04d,0.36,0,136.79999999999998,0,2.621021877033491
https://hashdive.com/Analyze_User?user_address=0x08193d16fd268e93a170ae02e2f528e77cd3bea2,0.36,0,136.79999999999998,0,-4.89271275662405
https://hashdive.com/Analyze_User?user_address=0x169606c5fb1df4fd165aba9557457b0cec015311,0.36,0,136.79999999999998,0,-11.410616799860025
https://hashdive.com/Analyze_User?user_address=0x05041932c78439304fc5c2685c27ee7139d7a59c,0.36,0,136.79999999999998,0,2.625803563913489
https://hashdive.com/Analyze_User?user_address=0xb244f5faaf1d337509f529cf40d66d6598cbfdb0,0.36,0,136.79999999999998,0,-11.824954400893674
https://hashdive.com/Analyze_User?user_address=0xca57be7ceb4f3809ae326a19f458948847a47dcf,0.36,0,136.79999999999998,0,11.8838869539611
https://hashdive.com/Analyze_User?user_address=0x5fd9f4c5b0041d2da045a2b37faacf272b44c24d,0.36,0,136.79999999999998,0,-11.054594936442236
https://hashdive.com/Analyze_User?user_address=0x508d8c76b896a626a5b6358e3989bd2a03e67b38,0.36,0,136.79999999999998,0,3.474394762351194
https://hashdive.com/Analyze_User?user_address=0xac14d4558dd7924ef1585bdcf0e933f4de624c8c,0.36,0,136.79999999999998,0,9.917572114683765
https://hashdive.com/Analyze_User?user_address=0xb7b619b8ca94279d3630c7f6a21e441143754e9e,0.36,0,136.79999999999998,0,-7.836319359927117
https://hashdive.com/Analyze_User?user_address=0x47c2033321e343f0cb9691fa800afc4408223b93,0.36,0,136.79999999999998,0,-17.46507820248585
https://hashdive.com/Analyze_User?user_address=0x2883bf93ef089995b2ae5b2caea058df2fa25712,0.36,0,136.79999999999998,0,-6.713590064584557
https://hashdive.com/Analyze_User?user_address=0xedaeac974a3af1f0c8ba778996fa77bea1319545,0.36,0,136.79999999999998,0,2.662019064841668
https://hashdive.com/Analyze_User?user_address=0x52a639c0f2792999fb3787184bdcfb5f214c134b,0.36,0,136.79999999999998,0,-15.925607228716146
https://hashdive.com/Analyze_User?user_address=0xbc890dd4b0088d457700be6690e0bc2cee24d852,0.36,0,136.79999999999998,0,-1.221499742940418
https://hashdive.com/Analyze_User?user_address=0xddbf41a99391b6003c452ce6e264e7f586a0b1b3,0.97,4.2237,136.5663,0.03092783505154639,-7.744254481236402
https://hashdive.com/Analyze_User?user_address=0xcfc5c3a9ecb216bdd5a430ef30ef3a6bbfc1817e,0.89,16.5,133.5,0.12359550561797752,-3.9016562478534182
https://hashdive.com/Analyze_User?user_address=0x9b0d5f48969028910585793d45740b3031ec18ae,0.36,0,133.2,0,-4.651874890339039
https://hashdive.com/Analyze_User?user_address=0xdfb5441d83efe5863d6b460915fba00e36214f9f,0.36,0,133.2,0,-2.0665656735624762
https://hashdive.com/Analyze_User?user_address=0x707f66aab0f2cdd453918d0f8f484eb34121393e,0.36,0,133.2,0,-2.6737498912078905
https://hashdive.com/Analyze_User?user_address=0x11b69d093a5fe035f29f119ae30ff6b694e343a5,0.36,0,133.2,0,-5.852842163280394
https://hashdive.com/Analyze_User?user_address=0x335281a85566e3e387419dfee9e201ad6d199b57,0.36,0,133.2,0,-1.0872331780101177
https://hashdive.com/Analyze_User?user_address=0xe512546f3afbd97d077f0e60a92ae092ac0aaa72,0.36,0,133.2,0,9.971330396836565
https://hashdive.com/Analyze_User?user_address=0xd82596b3d508686a856589491314a3077e2aa68e,0.36,0,133.2,0,9.35683981206365
https://hashdive.com/Analyze_User?user_address=0x9195433823d41143ad20b79e3d10b1aeabd51400,0.36,0,133.2,0,-14.768808293741651
https://hashdive.com/Analyze_User?user_address=0xfd067b3186c8a64cb7723a347217b6068df06ac0,0.36,0,133.2,0,-1.9526008552876166
https://hashdive.com/Analyze_User?user_address=0xd820a71d35e9e6406d6893feb8dab59953e6a6a6,0.36,0,133.2,0,-6.185152207802988
https://hashdive.com/Analyze_User?user_address=0x890654c524ea210953f2aea2c4483e5bb7f258d1,0.36,0,133.2,0,-16.801047771217807
https://hashdive.com/Analyze_User?user_address=0x19ead96b345f883f027cb8a676ca729f86ca6893,0.36,0,133.2,0,-14.663540108665508
https://hashdive.com/Analyze_User?user_address=0x0285d487ee916744fb8a78718b6a5b3b5fbcb810,0.36,0,133.2,0,-9.30507958959383
https://hashdive.com/Analyze_User?user_address=0xbb608ed097d94fa55b5f1088280852d329336b17,0.36,0,133.2,0,4.832370820869155
https://hashdive.com/Analyze_User?user_address=0x0599817ce25a3813524359affaea9d9d196b5e94,0.36,0,133.2,0,-7.323566306371095
https://hashdive.com/Analyze_User?user_address=0x2605ea3a46f872c7c299a12a7623eaf5520e6149,0.36,0,133.2,0,-2.2205235923439
https://hashdive.com/Analyze_User?user_address=0x61a1c7757b602b9564e07c39a6b09df3f8209687,0.36,0,133.2,0,8.60594730139566
https://hashdive.com/Analyze_User?user_address=0xe44895690e16bfc0e0f8dd5e6673f7f647d9a54f,0.36,0,133.2,0,-0.8966872153274151
https://hashdive.com/Analyze_User?user_address=0x85fb90d2c11047ea20435302a8fd061f289cbfcd,0.36,0,133.2,0,-12.011156573386142
https://hashdive.com/Analyze_User?user_address=0x017972cb275d258d11fd1c3ae1cca4cf643618da,0.36,0,133.2,0,-2.4929580709140615
https://hashdive.com/Analyze_User?user_address=0xcbe0d40042ac3b9e2719003e38696bb485afeb7c,0.36,0,133.2,0,-7.3402144970785645
https://hashdive.com/Analyze_User?user_address=0x8881752b17e8701fc23f0ea9c32584ee2f0cc9a7,0.36,0,133.2,0,-2.4406005875399712
https://hashdive.com/Analyze_User?user_address=0xf57860177194568e356ab273f6f06e4ea74eb20f,0.36,0,133.2,0,9.703704219466134
https://hashdive.com/Analyze_User?user_address=0xdc4bc68529c164cfe402ae1215876badc02a5a92,0.88,18,132,0.13636363636363635,0.08199808712279058
https://hashdive.com/Analyze_User?user_address=0x227b17278edd1942f2b3377008a93e43bfd70d05,0.998999,0.13026,129.999869,0.0010020010097087097,0.05781632133222101
https://hashdive.com/Analyze_User?user_address=0xe25c28438f4f51bf12efed21efd45f33d8cfae63,0.827659,13.22114,129.663395,0.10196509199840093,1.0704343101221372
https://hashdive.com/Analyze_User?user_address=0x7b88022c86776820932bc0eaf93bb75ba4a21712,0.36,0,129.6,0,-5.846818648159566
https://hashdive.com/Analyze_User?user_address=0x5b6591afc226db5e81312d39211c7129b01ca03d,0.36,0,129.6,0,3.9209293253724327
https://hashdive.com/Analyze_User?user_address=0x6202855e586d1171fd15bb449a4e22c21a648952,0.36,0,129.6,0,-4.0253174334163875
https://hashdive.com/Analyze_User?user_address=0x3cfeef882d4ee0610acb865ad4522e938ec7b3f6,0.36,0,129.6,0,0.9648765901626468
https://hashdive.com/Analyze_User?user_address=0x00a8b23902f41d0bd8a2d864fbc3b7fdeb043376,0.36,0,129.6,0,-9.415151147139301
https://hashdive.com/Analyze_User?user_address=0x975ab44b6a63d90e6aab351d923f597f69777978,0.36,0,129.6,0,-1.0249254725358588
https://hashdive.com/Analyze_User?user_address=0x6218c2d61bd83240f64d986c9e0dda7c2786111b,0.36,0,129.6,0,4.367264648824301
https://hashdive.com/Analyze_User?user_address=0x3ff5b6baaffcbc5d75e792eda3c785fcdb1d4418,0.36,0,129.6,0,-7.950914896125266
https://hashdive.com/Analyze_User?user_address=0x7efa5474b67b8584bfcb35cd01f68c6e5e594312,0.36,0,129.6,0,18.88071480017964
https://hashdive.com/Analyze_User?user_address=0x0179daee494732f5d9e0812a4be14f97cd3a2a4f,0.36,0,129.6,0,-8.078828400001168
https://hashdive.com/Analyze_User?user_address=0xe6b0f3735285a72630a050f40c5511835ce2445c,0.36,0,129.6,0,-10.34260357303387
https://hashdive.com/Analyze_User?user_address=0xd48942fe35fb048838af9550dfddba11823d8174,0.36,0,129.6,0,-8.687357633365455
https://hashdive.com/Analyze_User?user_address=0xffefbe7ec5e20b09966efe3fe6f4103c138dd78a,0.36,0,129.6,0,1.093902389390934
https://hashdive.com/Analyze_User?user_address=0x7db9f00030594047fd157a5776e6e9f065851633,0.36,0,129.6,0,-0.4957998816808169
https://hashdive.com/Analyze_User?user_address=0x6b73a77a1a39cd7eaa45e444a8fd1b8b16b00fb8,0.36,0,129.6,0,-0.5206597547716878
https://hashdive.com/Analyze_User?user_address=0x025db9675c10729f308cede48e1fe14f788a0fe2,0.36,0,129.6,0,-6.048218913643223
https://hashdive.com/Analyze_User?user_address=0x94b7a403d628015c5722d0ea1ebd43dd459dadee,0.36,0,129.6,0,1.5168197375258896
https://hashdive.com/Analyze_User?user_address=0xc58ee18b2297d11ac341d02cbdf897eadfb1833d,0.36,0,129.6,0,-9.909217988009546
https://hashdive.com/Analyze_User?user_address=0xdce773c180366f429b08a5a3afcf6ac4e0f7985e,0.36,0,129.6,0,-3.5825344292911865
https://hashdive.com/Analyze_User?user_address=0x2de80a3909619db6ce7385bc3193d4a6300b9728,0.36,0,129.6,0,-4.281948258812373
https://hashdive.com/Analyze_User?user_address=0xb3d0c8afac70ca581f78fe8d472e4e8bddd5e06a,0.36,0,129.6,0,11.260075306790354
https://hashdive.com/Analyze_User?user_address=0xbecb7edd80ceada354a6d94849c0a4b2d9824abb,0.36,0,129.6,0,1.3665149021709495
https://hashdive.com/Analyze_User?user_address=0xf26b41843cc167a3100cfaa9e645ea89ef6a991d,0.36,0,129.6,0,-6.872759838986129
https://hashdive.com/Analyze_User?user_address=0x9f96d243aad9bb7d05d402093839e690df499562,0.36,0,129.6,0,1.9862923092424045
https://hashdive.com/Analyze_User?user_address=0xc3b74547c230fc7e3ff2dc202c0ef34d7f4333c1,0.36,0,129.6,0,9.256193589073282
https://hashdive.com/Analyze_User?user_address=0x52631986cf62708d9080a29e101d08d2ce9be580,0.36,0,129.6,0,-2.955462683340597
https://hashdive.com/Analyze_User?user_address=0x6cadb28da4f3da5ad4997ced307d9c9d72e83297,0.36,0,129.6,0,15.71288132233432
https://hashdive.com/Analyze_User?user_address=0x648f3d25f0e33c162cbfb2dba1bb156b727e3708,0.36,0,129.6,0,19.922833340416183
https://hashdive.com/Analyze_User?user_address=0x486aeb60258955724a710e252f89376beab2723f,0.36,0,129.6,0,1.805629088395847
https://hashdive.com/Analyze_User?user_address=0x444bc52827a130bd585bef6c80cd8c64c78615ea,0.36,0,129.6,0,9.836498847582076
https://hashdive.com/Analyze_User?user_address=0x032d172ce1901ec0e90948c8674003861d14584a,0.36,0,129.6,0,7.782420494317387
https://hashdive.com/Analyze_User?user_address=0x9240bf0c11dc04e81bf7d60052a4d609d673a50d,0.36,0,129.6,0,14.99063199445196
https://hashdive.com/Analyze_User?user_address=0x892444ac9edde242c94f7b72ec235628860dbec5,0.36,0,126,0,2.956480348514509
https://hashdive.com/Analyze_User?user_address=0x6c045d3a056f7a6453c532e4f81444b766c930fd,0.36,0,126,0,-6.697304459636241
https://hashdive.com/Analyze_User?user_address=0x9e6501b11b1a35549451e9ff3624d685ce3196dd,0.36,0,126,0,-0.6743719519349407
https://hashdive.com/Analyze_User?user_address=0x1bdb8dd5b3a0c340bd18baf0d21e2891743b9750,0.36,0,126,0,-5.63796624591696
https://hashdive.com/Analyze_User?user_address=0xdc9fcfb15ea4d7c12650960f5f2f341a77cd69ca,0.36,0,126,0,10.050238340082966
https://hashdive.com/Analyze_User?user_address=0x1414a2722117a49dee77ced70ed7d17ad8854725,0.36,0,126,0,-0.7248520238458644
https://hashdive.com/Analyze_User?user_address=0x53227ec4864c1c088d6fa06f6c61ca24130d972f,0.36,0,126,0,-12.063523868361987
https://hashdive.com/Analyze_User?user_address=0x743ff4ad8ca503936d30d765af666595f2f2ec37,0.36,0,126,0,-2.308471133650518
https://hashdive.com/Analyze_User?user_address=0xc0b5789cd9d2e8e36689fc1388ae0df8233bbca3,0.36,0,126,0,1.607739329797577
https://hashdive.com/Analyze_User?user_address=0xe753f5facf57476cdf87bfdd9ed1c05f3db43aa9,0.36,0,126,0,-6.89057045105785
https://hashdive.com/Analyze_User?user_address=0x7a84a75168974e70f856d4d937294e89aa61e802,0.36,0,126,0,-1.9788934817759096
https://hashdive.com/Analyze_User?user_address=0x4f82c10dd3f49d3389f2b6f7c23b65e2c0070f5d,0.36,0,126,0,-13.231835759103172
https://hashdive.com/Analyze_User?user_address=0xf46f2791c4998b8404cdc9f5868ab47bd03c83aa,0.36,0,126,0,8.943002650265873
https://hashdive.com/Analyze_User?user_address=0xc166c9f2a505ebfcd89cae29285823f74d6cd825,0.36,0,126,0,-7.565561165989614
https://hashdive.com/Analyze_User?user_address=0x6f385657a018e63f57bb3faecd4f8cc0f096682a,0.36,0,126,0,7.291902626702601
https://hashdive.com/Analyze_User?user_address=0x0f018c66015036a7c2036ceea59a67505d0df63e,0.36,0,126,0,-3.6426131416862084
https://hashdive.com/Analyze_User?user_address=0x8142628b290eb078373d1aa74dbae3148fb660e0,0.36,0,126,0,-4.323989360014012
https://hashdive.com/Analyze_User?user_address=0x7c35db63aab2e61d1beb308b8935e4288f9ad5ca,0.36,0,126,0,-4.766850962849752
https://hashdive.com/Analyze_User?user_address=0x3f7a6100511ca3f23a7c94e3efc4dd05a5a2a6eb,0.36,0,126,0,4.153559581984271
https://hashdive.com/Analyze_User?user_address=0x9998f3df997288a686c01b5983ca691953e2fb95,0.36,0,126,0,-4.254203703164194
https://hashdive.com/Analyze_User?user_address=0xcdf800b7e2c36863772705815e73503067bc1fa4,0.84,24,126,0.19047619047619047,-10.244200788766292
https://hashdive.com/Analyze_User?user_address=0xcd6e378b84d0972522f6cf1e8bcaa48065e8cf36,0.36,0,126,0,5.2055198647213246
https://hashdive.com/Analyze_User?user_address=0xc81d4efb5e16f8c9d1658d9b197d7c5d009d7611,0.36,0,126,0,13.002880733382254
https://hashdive.com/Analyze_User?user_address=0x43e9b8eef19693841a6c9203968b70edb5902022,0.36,0,126,0,-4.959107040764272
https://hashdive.com/Analyze_User?user_address=0x9a8a0c7ed9b356871afeb50a4688f0a434bc4b20,0.36,0,126,0,-7.289201546287931
https://hashdive.com/Analyze_User?user_address=0x84ff20b58c35382f9de8209da0f8f0f5946e3789,0.36,0,126,0,5.7855311467999115
https://hashdive.com/Analyze_User?user_address=0x21847a95ae1c3ed1aa0f84a59d2246f9854a4bb9,0.36,0,126,0,3.6663633619240397
https://hashdive.com/Analyze_User?user_address=0x7946a7f8683364f943a6dba90bea3669876373f9,0.36,0,126,0,-9.857788360545047
https://hashdive.com/Analyze_User?user_address=0xc6cba47a3e948d824e34bdc98f3a0fd0fdd3380a,0.36,0,126,0,11.924740957371544
https://hashdive.com/Analyze_User?user_address=0x5fd03f2a942a0a3b0639924a1a98dc3f04fd3479,0.36,0,126,0,-0.9220380758353433
https://hashdive.com/Analyze_User?user_address=0x6d8dde365b58e4bc5c14d1b1bdf2589150c61df6,0.36,0,126,0,-9.027760918636229
https://hashdive.com/Analyze_User?user_address=0x0fa027a81b8d6ea7119a24fd8ca01c283011fcc4,0.9,13.888888,124.999992,0.1111111111111111,5.692891926128741
https://hashdive.com/Analyze_User?user_address=0x6920e551874082947e024057e12a5180f5bf5d00,0.36,0,122.39999999999999,0,0.0645877199093449
https://hashdive.com/Analyze_User?user_address=0x6d5a2162f517161fda0f26434cf7efc0f2b94f49,0.36,0,122.39999999999999,0,14.095564180861444
https://hashdive.com/Analyze_User?user_address=0x94b6836500b1e77f89f12bf73534d344981e5179,0.36,0,122.39999999999999,0,-5.790595692576695
https://hashdive.com/Analyze_User?user_address=0x520020060817b39517094675da6b136b9601060e,0.36,0,122.39999999999999,0,0.9752340719547332
https://hashdive.com/Analyze_User?user_address=0xd9cf5036738aae517e6bc694afdb201c7475ac7a,0.36,0,122.39999999999999,0,-10.682542409800673
https://hashdive.com/Analyze_User?user_address=0x053a7a04fd97e49af9f1dc8475789062d674eccf,0.36,0,122.39999999999999,0,18.55526118884705
https://hashdive.com/Analyze_User?user_address=0x422a6daae7e2bef3a5aec0f098c35b365831c5ec,0.36,0,122.39999999999999,0,-14.540945366200862
https://hashdive.com/Analyze_User?user_address=0x04815d0b89d49311cadfb91dcade285ac0127c46,0.36,0,122.39999999999999,0,-4.694940907627599
https://hashdive.com/Analyze_User?user_address=0x938bc3036486571bdeb425123ba483b6ad99b15f,0.36,0,122.39999999999999,0,-10.575688967844082
https://hashdive.com/Analyze_User?user_address=0xa2f4047de7e9523baf1d4b8c4707c0d06f389c1c,0.36,0,122.39999999999999,0,-9.703368582422181
https://hashdive.com/Analyze_User?user_address=0x1a98d661a25be106b76daa4ccc6741ae8bbb0468,0.36,0,122.39999999999999,0,5.4026272539909925
https://hashdive.com/Analyze_User?user_address=0xdd5849e98b5a7318d4cbe2f174e8e89ee995beee,0.36,0,122.39999999999999,0,-5.194808596530651
https://hashdive.com/Analyze_User?user_address=0xbf1b8a7c5af06e3a6e2c3b9379ecd908cdec09e0,0.36,0,122.39999999999999,0,0.631285904188605
https://hashdive.com/Analyze_User?user_address=0x83ba59080538d85c55ee441852fc5e2996decedb,0.36,0,122.3973,0,-1.9718960281006181
https://hashdive.com/Analyze_User?user_address=0xd487bab66d6cf13b11c35a05d435a105803b3afa,0.37,0,122.1,0,0.07417407420732024
https://hashdive.com/Analyze_User?user_address=0xe3eebfe799a410fff7279aa5b63aaca45725373e,0.859999,-2.79046,119.999856,-0.02325386123796682,-2.571693413713226
https://hashdive.com/Analyze_User?user_address=0x64e86fefd50cdb6259eb00ff146d9aac03497819,0.36,4.983504,119.35975068,0.041751963887396416,1.8306191165503667
https://hashdive.com/Analyze_User?user_address=0xdcf9914b25541a2bb96e2a064911a2266de71f51,0.36,0,118.8,0,-11.754264994598351
https://hashdive.com/Analyze_User?user_address=0x0872161362e388c499d3b678157a68567eb24e02,0.36,0,118.8,0,16.648165518421454
https://hashdive.com/Analyze_User?user_address=0xbc66b6a32c907dae161ff30a850cc02f3f27e16d,0.36,0,118.8,0,-9.402901858182018
https://hashdive.com/Analyze_User?user_address=0xc688152a35c4dcfd5327bcc04e4a2055a258c9f3,0.36,0,118.8,0,2.743398945596773
https://hashdive.com/Analyze_User?user_address=0x496a19253dddf1d19b2164f2a44c079fd7d3eb2d,0.36,0,118.8,0,-8.120276884038867
https://hashdive.com/Analyze_User?user_address=0xe8320ae720068eee8bdb8fd1f2b50a03969f4b57,0.36,0,118.8,0,0.5381329331385101
https://hashdive.com/Analyze_User?user_address=0xe2855da400418bf29f9f710d23e65adbbb8a2aba,0.36,0,118.8,0,-5.587502561230849
https://hashdive.com/Analyze_User?user_address=0xc22951c163e94f9058abf26190683952eddc0903,0.36,0,118.8,0,-4.944711135798859
https://hashdive.com/Analyze_User?user_address=0x73ea45099b7530063480f75feadbf252e3e68341,0.36,0,118.8,0,-5.81882622506367
https://hashdive.com/Analyze_User?user_address=0x33561fb27a7f6de88f5512aa9805a09b423a6628,0.36,0,118.8,0,-0.9201021036318248
https://hashdive.com/Analyze_User?user_address=0xfae1f096f20b70ae8741e2fdb10da39fbc86e1a7,0.36,0,118.8,0,-8.634536542221104
https://hashdive.com/Analyze_User?user_address=0x144f984a65c0b2b28bd105cff410b6ed38d0c4f7,0.36,0,118.8,0,-11.28482175710316
https://hashdive.com/Analyze_User?user_address=0x805c83d746e7fe43f1a14c1eb5b2e0cda57a3cba,0.36,0,118.8,0,-7.182295719960418
https://hashdive.com/Analyze_User?user_address=0x552ffb65cb26955e9d0c994e399b04908ba31089,0.36,0,118.8,0,-0.09772032610912092
https://hashdive.com/Analyze_User?user_address=0xb0aa83e813337844ec90e64a85a1cf8960452a90,0.36,0,118.8,0,-6.874627534885477
https://hashdive.com/Analyze_User?user_address=0x2d006723b73839d6f8267632aaec6af2db7eb2a3,0.36,0,118.8,0,-24.868859501352457
https://hashdive.com/Analyze_User?user_address=0x6a72bcf9942ebd7b0f588c9bd4d30400eabc35ac,0.36,0,118.8,0,-0.2888764958218475
https://hashdive.com/Analyze_User?user_address=0xc2bdfd4f540c831f392ef8f3135ae900fd1f6c54,0.36,0,118.8,0,-4.6085517339710265
https://hashdive.com/Analyze_User?user_address=0x826ad3e7204ab08098a9f7d35117e2f285b01075,0.36,0,118.8,0,-5.951229731405105
https://hashdive.com/Analyze_User?user_address=0x3e20a2f48c5268e7dba2e93c9a3363de0cb38eaf,0.36,0,118.8,0,-1.2929074349130876
https://hashdive.com/Analyze_User?user_address=0x7f4cd1a5819460f0aed6c98bb554a7d5cb4e9f73,0.36,0,118.8,0,9.759189646120408
https://hashdive.com/Analyze_User?user_address=0x0bb91e1acd91a4ad8fbd8ec7e34742c619dd118e,0.869999,17.42611,116.61986,0.14942660709762473,-1.4742925374450397
https://hashdive.com/Analyze_User?user_address=0xf698c11c748f12f357b6de424cbb3d79861ec74b,0.9,12.872,115.848,0.1111111111111111,-9.266425932814865
https://hashdive.com/Analyze_User?user_address=0x5c61d6eb05b0e2e1dfeca4ffb873cb5700f1fc9b,0.36,0,115.19999999999999,0,-8.79405052334557
https://hashdive.com/Analyze_User?user_address=0x62f7dd5901ac8d0e44091f3bb965aa41478a467f,0.36,0,115.19999999999999,0,-14.907908514953942
https://hashdive.com/Analyze_User?user_address=0xedf84830fbf281cb08671683f11512fa723ac29a,0.36,0,115.19999999999999,0,-6.024611507512512
https://hashdive.com/Analyze_User?user_address=0xf58a3b6a934eb5032baf043ffe7c548386dc832c,0.36,0,115.19999999999999,0,-6.679552821544413
https://hashdive.com/Analyze_User?user_address=0x50290f3016e4851330c29a3f0fd7ba627820f360,0.36,0,115.19999999999999,0,-6.126027134349517
https://hashdive.com/Analyze_User?user_address=0xac12e75ce9447d46cd978829830d8c4c6b61fe11,0.36,0,115.19999999999999,0,0.24487579118645147
https://hashdive.com/Analyze_User?user_address=0xd41bf5738de060ae60e727bcfa9259a395866462,0.36,0,115.19999999999999,0,18.70264630071644
https://hashdive.com/Analyze_User?user_address=0xe7d35fffd4abfebce56f0c37164bb04f3594e572,0.36,0,115.19999999999999,0,-2.496990497786742
https://hashdive.com/Analyze_User?user_address=0xccefa3602a129dd5e6eb3f98e7bc0c593285099d,0.36,0,115.19999999999999,0,-13.728792934757443
https://hashdive.com/Analyze_User?user_address=0xa22444b36156a9c4cb9912ca99431b5a0a071e50,0.36,0,115.19999999999999,0,4.625311783364588
https://hashdive.com/Analyze_User?user_address=0xccadaeff071a835dc94ebeb09f6e48b82649d34e,0.36,0,115.19999999999999,0,0.22833945919054432
https://hashdive.com/Analyze_User?user_address=0x0121dc25ffeeac6d7817e8946fb0ec6c9534a460,0.36,0,115.19999999999999,0,8.211277919320928
https://hashdive.com/Analyze_User?user_address=0x1d60b067566080a236408fb87d4cd57ed33d1042,0.36,0,115.19999999999999,0,12.476901494394442
https://hashdive.com/Analyze_User?user_address=0xd49556903d433de4cc586be048f97e5c0b3cec0a,0.36,0,115.19999999999999,0,-6.9201505207843415
https://hashdive.com/Analyze_User?user_address=0x1931c59f4588f69210eae9a4694c9f4c0fbb0e54,0.36,0,115.19999999999999,0,19.722550078630537
https://hashdive.com/Analyze_User?user_address=0x887b8e91370bbc76f8bd10caa4441277ac163200,0.36,0,115.19999999999999,0,-4.3876384092901946
https://hashdive.com/Analyze_User?user_address=0x5d8278306474af9ceca17c2d639aa74207b892fe,0.36,0,115.19999999999999,0,2.0811410080598955
https://hashdive.com/Analyze_User?user_address=0x55237804a2705e16e8b29a34b0d593c95c11eec4,0.36,0,115.19999999999999,0,13.3348011331978
https://hashdive.com/Analyze_User?user_address=0x40b942b6c8ca63d63cf7b7fb808585afa662c535,0.36,0,115.19999999999999,0,-8.255279824404978
https://hashdive.com/Analyze_User?user_address=0x08cfbe070a0146d285520f1131e1488280ce199f,0.36,0,115.19999999999999,0,-5.260844756573604
https://hashdive.com/Analyze_User?user_address=0x65125ff534b07ec504170bda36af08c5e49249c9,0.36,0,115.19999999999999,0,-1.7040813994047759
https://hashdive.com/Analyze_User?user_address=0xd2c8c001869974094fde2cc1c6504a16ab4a3fc5,0.36,0,115.19999999999999,0,1.116214694252152
https://hashdive.com/Analyze_User?user_address=0xa7666a318077e2e50f11d0e65f7cb5d30a8e9e61,0.370028,41.505859,113.531296047416,0.36558958141960435,1.006801608798432
https://hashdive.com/Analyze_User?user_address=0x25578ee3432e8cdb4d57b846e2b5dc4cbc1c55ef,0.36,0,111.6,0,-12.361607334648035
https://hashdive.com/Analyze_User?user_address=0xf1f346f2c284ed6dacbd6948acceffb37a563f52,0.36,0,111.6,0,-15.533283357686967
https://hashdive.com/Analyze_User?user_address=0xfd245cc3bee9359818a1fc2218d42b75aab542ab,0.36,0,111.6,0,5.020558000480532
https://hashdive.com/Analyze_User?user_address=0x37e2b1882f95a27d70c57aaf4bcd4b2556a95456,0.36,0,111.6,0,1.576275828024791
https://hashdive.com/Analyze_User?user_address=0xdec76bda7b59c32a624e735c5424a7fbb86d6a54,0.36,0,111.6,0,-11.384422761056424
https://hashdive.com/Analyze_User?user_address=0x9cd5e6357ecfec98abb0b22cd011a90b35418951,0.36,0,111.6,0,-7.5623122372677845
https://hashdive.com/Analyze_User?user_address=0xb94ca04c0f029819bbe062d6c24b6cb2a4d7a483,0.36,0,111.6,0,1.4873900553923705
https://hashdive.com/Analyze_User?user_address=0xf0f36134510ee333b59a291d7b37c7f0adc42631,0.36,0,111.6,0,-0.8379398002256664
https://hashdive.com/Analyze_User?user_address=0xce0ed392092a47a7064426ff3e214b198b1c6b46,0.36,0,111.6,0,-6.419431973549166
https://hashdive.com/Analyze_User?user_address=0x9b01ee05877a6468b012d2766ae06971869b6aa7,0.36,0,111.6,0,-1.1132703963108261
https://hashdive.com/Analyze_User?user_address=0xb1aa9d73d9b46bf55ab48d13379974b03be3e7cf,0.36,0,111.6,0,-0.8081855481099954
https://hashdive.com/Analyze_User?user_address=0x26626d32f6ec2aa3924512990cb4db457b113efe,0.36,0,111.6,0,16.102852834483524
https://hashdive.com/Analyze_User?user_address=0xb2cacf79ef3998550a3918ad1181606b42e8d402,0.36,0,111.6,0,8.522280634363584
https://hashdive.com/Analyze_User?user_address=0xbf6dcf47bfae45b6952245c49bc295a6e4af5477,0.36,0,111.6,0,0.3231630891537677
https://hashdive.com/Analyze_User?user_address=0xd4eb3d23f36957f752a33a74f70d3f59c54d9c12,0.36,0,111.6,0,-12.365336532247506
https://hashdive.com/Analyze_User?user_address=0x3f16e57268cd95a4af34abbf852eff7bbb752ae7,0.36,0,111.6,0,-9.577200986286455
https://hashdive.com/Analyze_User?user_address=0x31686a32af27e55ce394fe25f5a6d48cae0dde67,0.36,0,111.6,0,-0.5772370206039654
https://hashdive.com/Analyze_User?user_address=0x0e61b8420e0d6ab8b1b80fb4ae9f145742a92534,0.36,0,111.6,0,-1.6136803849028838
https://hashdive.com/Analyze_User?user_address=0x58034615bf9c33e8e32b141d894b03066d22fdce,0.36,0,111.6,0,2.1699569634312583
https://hashdive.com/Analyze_User?user_address=0x9c24fd858b3e01ec8afee7a2ddadedcd767118ba,0.36,0,111.6,0,-4.126817318916919
https://hashdive.com/Analyze_User?user_address=0xdcdc28bd35550283fc0bf1a16927a234529273cf,0.36,0,111.6,0,-12.987006521309945
https://hashdive.com/Analyze_User?user_address=0x8c76b2130e3381fa60bd738cc6ccece8a2e4ea69,0.36,0,111.6,0,-2.558597716756124
https://hashdive.com/Analyze_User?user_address=0xa5faa50fa7c81f28d5fa6a20b075964c00b51c88,0.36,0,111.6,0,-4.308002523764366
https://hashdive.com/Analyze_User?user_address=0x5a55cf21bc0dc93151dcb6bb2386272e78196628,0.36,0,111.6,0,4.147058968779556
https://hashdive.com/Analyze_User?user_address=0x9dc1358e1281338285f17ebcce950bf92a2f4b9d,0.36,0,111.6,0,-8.367156453713786
https://hashdive.com/Analyze_User?user_address=0x37b64d025795f7eefb564529feb61af785431986,0.36,0,111.6,0,6.55294008869392
https://hashdive.com/Analyze_User?user_address=0x0a745cda1b82ff81f5d506ad19b164c92e02bd17,0.36,0,111.6,0,-0.005835260475910698
https://hashdive.com/Analyze_User?user_address=0xf698c11c748f12f357b6de424cbb3d79861ec74b,0.87,16.6088,111.1512,0.14942528735632182,-9.266425932814865
https://hashdive.com/Analyze_User?user_address=0x7742099ebccf14fc8160c7abe221335123b103e9,0.856665,18.490215,110.509785,0.16731744614289132,-3.655535478342136
https://hashdive.com/Analyze_User?user_address=0xc7db0cc3d2eb3396c341527867d4a3ecb652cdf3,0.9,12.222222,109.999998,0.1111111111111111,-1.3907043783817792
https://hashdive.com/Analyze_User?user_address=0x0d71d53963e4339344168e9c74f6073089331cee,0.978999,2.241112,109.699868,0.020429486751980416,2.871851581099261
https://hashdive.com/Analyze_User?user_address=0xde0463ea7f611b065e8ab06bbfbddad75e6dfa37,0.3805,12.481085,109.2035,0.11429198697843933,-1.4288114100340732
https://hashdive.com/Analyze_User?user_address=0x531a099e402f1eb88f1d44370b894ce5aa4fda3c,0.87,16.25,108.75,0.14942528735632185,8.074069915278677
https://hashdive.com/Analyze_User?user_address=0xe68e63f26dec3ecfdfab9a29ec1a9b2087585af5,0.36,0,108,0,-2.9022422499067213
https://hashdive.com/Analyze_User?user_address=0x5255b94347352f9b341bb7df12efe35f1bba1585,0.36,0,108,0,-1.4414351104628407
https://hashdive.com/Analyze_User?user_address=0x92bcf49ea40cfc2bb2c3cf9d2298888c4a603e39,0.36,0,108,0,-9.407339994349478
https://hashdive.com/Analyze_User?user_address=0x9d8ad3ff44907f85606698df4cfdc20d32eaad83,0.36,0,108,0,14.265430584039308
https://hashdive.com/Analyze_User?user_address=0x31192c83cc51dd79ba5d7b3912673610efd6e1dc,0.36,0,108,0,-11.075446074956632
https://hashdive.com/Analyze_User?user_address=0x6d813201fea4d3cafbe01185ce140fa38cb1b600,0.36,0,108,0,-1.6819191999105518
https://hashdive.com/Analyze_User?user_address=0xf431b1ff08efed5505cb7da8be8fac9f7561cbda,0.36,0,108,0,-7.052182965486691
https://hashdive.com/Analyze_User?user_address=0x14d9135d44d7f5b0d19fe8d49c868ede9cfde5d3,0.36,0,108,0,-1.7075409428445658
https://hashdive.com/Analyze_User?user_address=0xce04c5c9c4b9f88c98ded883b5537f5b1ad7ce93,0.36,0,108,0,-3.0694533099976393
https://hashdive.com/Analyze_User?user_address=0xac301e5da3a0cb6e748d6971a26354493e6d7063,0.36,0,108,0,6.487551355398998
https://hashdive.com/Analyze_User?user_address=0x4ef7419a792105df9366984331ecc3873b7a9336,0.36,0,108,0,11.200034390842626
https://hashdive.com/Analyze_User?user_address=0x802f736efe2ae956223ebf7db098aa0894495627,0.36,0,108,0,-11.358835774313288
https://hashdive.com/Analyze_User?user_address=0x035360ded0c7359e9c62d1dadd59d8b9812f1615,0.36,0,108,0,2.8313135673631553
https://hashdive.com/Analyze_User?user_address=0x31af63cf88794d29839ddaffbeb5e15039180244,0.36,0,108,0,0.4834317097778524
https://hashdive.com/Analyze_User?user_address=0xd80c39d487863862a1be62280d6c8194d841f8ee,0.36,0,108,0,-25.540346169421063
https://hashdive.com/Analyze_User?user_address=0xfd6e5f00bf50a3be8654d3ffe8794a219c553049,0.36,0,108,0,10.670282352165298
https://hashdive.com/Analyze_User?user_address=0x89d723590a0ee34d1a241e38c2a2269806260561,0.36,0,108,0,-5.7189683388422665
https://hashdive.com/Analyze_User?user_address=0x4fc63a51dfd19596f01a2d024727e2990c7ea8aa,0.36,0,108,0,8.185530830962925
https://hashdive.com/Analyze_User?user_address=0x4693b809b7e860882644cef1b532ab834b4b8a82,0.36,0,108,0,-1.1116258425421086
https://hashdive.com/Analyze_User?user_address=0xce0f846c75e37228cd5069682d9f8110d6ee58ad,0.36,0,108,0,-5.778500483341578
https://hashdive.com/Analyze_User?user_address=0xc82f96340dd2cac527a3b89dac4d60ce1cab9d20,0.36,0,108,0,-12.038467382787221
https://hashdive.com/Analyze_User?user_address=0xd13d7870bd4abbf9e6c59b7089373d56d1547816,0.36,0,108,0,-0.14766535143604687
https://hashdive.com/Analyze_User?user_address=0x5a2942ff746851b18cdd5af2e1acbc4b0a683069,0.36,0,108,0,-8.778327823966098
https://hashdive.com/Analyze_User?user_address=0x93e05fd52f7a0d7a23e94c21e89711fe392eb826,0.36,0,108,0,-7.31417104284262
https://hashdive.com/Analyze_User?user_address=0xa598588ae815ef174a07a0d2b0cafcfe5141dcbf,0.36,0,108,0,-8.698077457323928
https://hashdive.com/Analyze_User?user_address=0x14e8a83dedf4af1c5a5f97e8dc7622719575072e,0.36,0,108,0,22.289744318967017
https://hashdive.com/Analyze_User?user_address=0x20a7f74f8a2147cc0266d035f6b7cf27f871d41b,0.85,18.705882,105.999998,0.1764705882352941,-0.016164728884580173
https://hashdive.com/Analyze_User?user_address=0x1f1616c9efbea56b0e5a8f4aaba12c86ffb15bb0,0.998,-4.235168,105.89778,-0.03999298191142439,-16.73334467432802
https://hashdive.com/Analyze_User?user_address=0xb4c2bef76a4c6c452e801ad5e16f7dba98ee2177,0.36,0,104.39999999999999,0,-2.862495922563426
https://hashdive.com/Analyze_User?user_address=0xbbd304671cd33a78476a6dc2cdcd78362d7daccc,0.36,0,104.39999999999999,0,-5.353078938146274
https://hashdive.com/Analyze_User?user_address=0xb351f9a33a8ceab6db8f395bae992fd8d91bee26,0.36,0,104.39999999999999,0,5.0738719058168815
https://hashdive.com/Analyze_User?user_address=0x66e64c59fe4be126b8cf3d7eaea5c2c021185a15,0.36,0,104.39999999999999,0,-34.51930512199279
https://hashdive.com/Analyze_User?user_address=0x723453f6a707d8ee5a25e727d4b97fc9941bfe7b,0.36,0,104.39999999999999,0,9.650992828013308
https://hashdive.com/Analyze_User?user_address=0x29ba8b9226776451676d7b1ce86d0a394d7b2b90,0.36,0,104.39999999999999,0,-4.035375767691638
https://hashdive.com/Analyze_User?user_address=0x7fadbd12664c5c30043db21c509de40496e87778,0.36,0,104.39999999999999,0,-19.49516253121074
https://hashdive.com/Analyze_User?user_address=0xcff57a8e7925576ad2ee6ff270dd63786ee2a83c,0.36,0,104.39999999999999,0,7.698003976790032
https://hashdive.com/Analyze_User?user_address=0x8e421772a97faf3e7a3683b9422dcfde2dbbf712,0.36,0,104.39999999999999,0,-1.468434103582115
https://hashdive.com/Analyze_User?user_address=0x56b31bdbe7e08b40578b10157a2e7fe2b7acc9b1,0.36,0,104.39999999999999,0,15.458731611259156
https://hashdive.com/Analyze_User?user_address=0x913253d8333801aca88dcf0a1de29c3083592bed,0.36,0,104.39999999999999,0,13.605727918445904
https://hashdive.com/Analyze_User?user_address=0x452d87a3fd62b9398ba599dc499118bccaf80ac9,0.36,0,104.39999999999999,0,-8.442015329520295
https://hashdive.com/Analyze_User?user_address=0xbe5a19cb195b6ca07630365d6aa243cf98133a1b,0.36,0,104.39999999999999,0,-15.614980542711894
https://hashdive.com/Analyze_User?user_address=0x96ef093362d2a418f953d0aa7916d280244aad9e,0.36,0,104.39999999999999,0,-7.796791087102161
https://hashdive.com/Analyze_User?user_address=0xd72a62d8fcb8c7df439a392d7e25ef9b3cf90b01,0.36,0,104.39999999999999,0,-15.387590394942743
https://hashdive.com/Analyze_User?user_address=0xa9a4b86b56ab20b08e2f216b5076ef308bbc16a3,0.36,0,104.39999999999999,0,6.046295676728621
https://hashdive.com/Analyze_User?user_address=0x61eaeea46559e6434df035d3c2d7e2292b3b98b1,0.36,0,104.39999999999999,0,-12.38535098914827
https://hashdive.com/Analyze_User?user_address=0x68e3fd701bf55d2f8a0b46cf379e17e6ad1a4de7,0.36,0,104.39999999999999,0,-1.569364680515632
https://hashdive.com/Analyze_User?user_address=0x85636639578d1cee2dada9598d469015362353fb,0.36,0,104.39999999999999,0,-19.331169519345266
https://hashdive.com/Analyze_User?user_address=0xb44692480771ef54209308947e4ba49a3bb3a876,0.36,0,104.39999999999999,0,-13.645218112404404
https://hashdive.com/Analyze_User?user_address=0xcc72073492d3ddb03e5f29047a04e22e3000cb0f,0.36,0,104.39999999999999,0,7.200761838802341
https://hashdive.com/Analyze_User?user_address=0x3f5c057d56f83792e231f3093e27ff03f36f8de2,0.36,0,104.39999999999999,0,2.172872259653648
https://hashdive.com/Analyze_User?user_address=0x0c94c8e3478f746968e4f4e9e96d703f94de87e6,0.36,0,104.39999999999999,0,-12.487699547173655
https://hashdive.com/Analyze_User?user_address=0x924f3b0aadbfb7f5a756d8f6e4a139ef6bfee532,0.98238,1.8501,103.1499,0.017936032899692585,-2.6283315401575407
https://hashdive.com/Analyze_User?user_address=0xde616e4caf5e679e9dcbfcf6dacc7142950a301e,0.962,4.01698,101.69302,0.0395010395010395,0.38920730450330476
https://hashdive.com/Analyze_User?user_address=0xcaf488076c79f9aef302df1241e840594296f92d,0.36,0,100.8,0,-6.922424371681581
https://hashdive.com/Analyze_User?user_address=0x02e2971b947ebd8409a49a94ca634efe9b03e122,0.36,0,100.8,0,-15.354541014430588
https://hashdive.com/Analyze_User?user_address=0xc98cd4cf0922f0711a2792458db0fea5ec6472d6,0.36,0,100.8,0,-14.780052859493154
https://hashdive.com/Analyze_User?user_address=0x702153df0786d6bcb530486d12df765d6b278d18,0.36,0,100.8,0,7.974067455661174
https://hashdive.com/Analyze_User?user_address=0x763cf8accbdf09c760cc410f23d02431cc783549,0.36,0,100.8,0,5.411981073754504
https://hashdive.com/Analyze_User?user_address=0xcf03ffbd14de698a36f88c0e7139a5476310fc06,0.36,0,100.8,0,-13.294712238528092
https://hashdive.com/Analyze_User?user_address=0x6f20661f79dff04e89a7144de781702674421cbb,0.36,0,100.8,0,-6.742599626410673
https://hashdive.com/Analyze_User?user_address=0x22e83ec93755c7bc730fb484eeffe5562014f766,0.36,0,100.8,0,2.5663478790717917
https://hashdive.com/Analyze_User?user_address=0xad1758dcbd9a80062751164ac23b04c1056a8aa2,0.36,0,100.8,0,4.174763979237306
https://hashdive.com/Analyze_User?user_address=0x912382decf64edd2305bef38e6276713bebc9cf4,0.36,0,100.8,0,-19.80806953216076
https://hashdive.com/Analyze_User?user_address=0x065f127ccf189611b7bbc623dbfee5a8a3f4ecd1,0.36,0,100.8,0,-1.3173516315826836
https://hashdive.com/Analyze_User?user_address=0x5355d19c07e033a62b0bdbfccb71d75e5c1c7a4b,0.36,0,100.8,0,-5.605226198426408
https://hashdive.com/Analyze_User?user_address=0x717293b2acc4c38a3b5817bb92a4e79d21a325dd,0.36,0,100.8,0,2.4521649880261647
https://hashdive.com/Analyze_User?user_address=0xc74c5d85806a9a22f4694172f39577d83cdae11f,0.36,0,100.8,0,12.618760406686928
https://hashdive.com/Analyze_User?user_address=0x22d8aae6c354679586bffb054731a9395842a846,0.36,0,100.8,0,-17.554814611814106
https://hashdive.com/Analyze_User?user_address=0x8a08f4979a9bcb53b2660836cd249fdf966da971,0.36,0,100.8,0,-10.317124256161454
https://hashdive.com/Analyze_User?user_address=0x9c79e93cf277c635df74662a5d4aa5af601066a4,0.36,0,100.8,0,0.3552066925833664
https://hashdive.com/Analyze_User?user_address=0x3c017a918c5a07eacb23f31aa491b0d73bb8e75f,0.36,0,100.8,0,-7.702518877945227
https://hashdive.com/Analyze_User?user_address=0x5b287db8c22004bed920b370a5b4c9141ad1633f,0.36,0,100.8,0,1.2588337532513485
https://hashdive.com/Analyze_User?user_address=0x8d76ad553f3a626f4a50f9ce4149ae9559489a60,0.869999,14.951608,100.059883,0.1494265988697988,0.6213156059614948
https://hashdive.com/Analyze_User?user_address=0xb1e366384519e72a5bba0d49088b47909a81576d,0.869999,14.944136,100.009878,0.14942659964048752,0.7178445419833368
https://hashdive.com/Analyze_User?user_address=0x33beb4a2c4c3ed64374a665ad13ed5af9a0ec239,0.9,11.111111,99.999999,0.1111111111111111,-8.127899536963714
https://hashdive.com/Analyze_User?user_address=0x12d8cd1568cd58546ea77d843d597b32bacf7359,0.9,11.111111,99.999999,0.1111111111111111,0.5833368116038722
https://hashdive.com/Analyze_User?user_address=0x9353c9dd0c49a3cf228a4d5013589dbf1404cdbe,0.9,11.111111,99.999999,0.1111111111111111,-1.462317506883526
https://hashdive.com/Analyze_User?user_address=0xa5b3bc66ec3f7bf6cf0878347780cd665c5870ba,0.91,9.890109,99.999991,0.09890109890109891,0.06495418241427624
https://hashdive.com/Analyze_User?user_address=0xa7b41106c7028ebb8d5ce8e1bbcd15b9129666ba,0.91,9.78021,99.999991,0.0978021088021898,-2.880418356939936
https://hashdive.com/Analyze_User?user_address=0x9536f4448bdfcd823738b1feb8672410295aa271,0.386253,0,99.99991057480199,0,21.76113849701079
https://hashdive.com/Analyze_User?user_address=0x18d736e346c4a1745f4189c7b34a0617c3978dfc,0.999,0.1001,99.9999,0.001001001001001001,1.905673489034672
https://hashdive.com/Analyze_User?user_address=0x89add1a46c01ff5943a40f5ea5df281f4091b45b,0.998999,0.1002,99.999899,0.0010020010120210222,10.771709012031375
https://hashdive.com/Analyze_User?user_address=0x2d9921c8b46cd8b51aef584efb81a761e720bfce,0.894843,7.281294,99.999895,0.07281301645366728,0.7596627123375638
https://hashdive.com/Analyze_User?user_address=0x07ff4afa70441c665c48125f2f4e492a3d65e1f0,0.869999,14.942643,99.999884,0.14942660333485988,27.669469547533264
https://hashdive.com/Analyze_User?user_address=0x8e26cde5999d73ea35549f0876f80157b60bb14a,0.879999,13.636476,99.999881,0.1363649222742575,-5.351985132085173
https://hashdive.com/Analyze_User?user_address=0x8bd41f6148bd02dbb220b7b727f4f97469ff8643,0.879999,7.954213,99.999881,0.07954222465524734,-5.364614577785732
https://hashdive.com/Analyze_User?user_address=0x1f0bc29c9dd7c8db229f77ee899cb8a867f9661b,0.869999,14.942642,99.99988,0.14942659931191915,0.45573620229812095
https://hashdive.com/Analyze_User?user_address=0x92b30b107a4afdcfae67746f69b8d5ac168a968a,0.859999,16.279185,99.999879,0.16279204697837682,-4.986513984650592
https://hashdive.com/Analyze_User?user_address=0xf4b0a1436fb23fced55f0cc0da3a594a055400e4,0.859999,16.279185,99.999879,0.16279204697837682,0.09968457970962143
https://hashdive.com/Analyze_User?user_address=0x4e922b33fe31cde840f33d71ec1f09b5ed1baea3,0.849999,17.647175,99.999877,0.17647196706051949,-0.4266854449914009
https://hashdive.com/Analyze_User?user_address=0xfe7951221689124782789e3a355981d84a01a5b6,0.869999,14.941148,99.989881,0.14942660047770234,-0.9810440054495813
https://hashdive.com/Analyze_User?user_address=0x8de5cd7d6c5a9ce029b55a8c83719f95740513db,0.88,13.5,99,0.13636363636363635,-7.270541772427293
https://hashdive.com/Analyze_User?user_address=0x9bdd2ff6b3bfbce60db0521c07c05d076d16bbb8,0.9,10.38635,98.397,0.10555555555555556,-1.5660509398225675
https://hashdive.com/Analyze_User?user_address=0x9228bd42699c2e5c4abfd41e55a698b4caebe41a,0.885909,6.50001,97.44999,0.0667009817035384,-0.19591708078536568
https://hashdive.com/Analyze_User?user_address=0x95ef8d832b0ea5bf65df4c220f59668a2c961219,0.36,0,97.2,0,-17.51814194292458
https://hashdive.com/Analyze_User?user_address=0x399fa7b87d95e8ccf330593c18bb44fce4287621,0.36,0,97.2,0,4.815876320476905
https://hashdive.com/Analyze_User?user_address=0xf32fea2918b8b2a5a44b35322ecef0eb6b4de2bf,0.36,0,97.2,0,16.057493832843214
https://hashdive.com/Analyze_User?user_address=0xd9f3544cc2daf50dada9bdefdc8d57f8b2c35ef1,0.36,0,97.2,0,-7.646892793301855
https://hashdive.com/Analyze_User?user_address=0xeca4c23e859d8a182575761ef953bebd352806e2,0.36,0,97.2,0,16.754817213342633
https://hashdive.com/Analyze_User?user_address=0x605e8c90b22a1c98cf85485c380bb0b1a01da9cb,0.36,0,97.2,0,-16.291196360194473
https://hashdive.com/Analyze_User?user_address=0xc9b41579b3dfd20f552b08f38b1dbfbafa719298,0.36,0,97.2,0,-2.351626697105352
https://hashdive.com/Analyze_User?user_address=0x48614ed3d7e0772ce2c41d0911451dee7236237a,0.36,0,97.2,0,-12.70634006481428
https://hashdive.com/Analyze_User?user_address=0xa94f54e66c3f52d3fbbd6e6fac2af7ef6f6d332a,0.36,0,97.2,0,-14.64074345767807
https://hashdive.com/Analyze_User?user_address=0x727c627d3ca83c32e39db85aee47d37754462a9a,0.36,0,97.2,0,-6.314901314487551
https://hashdive.com/Analyze_User?user_address=0x9097a81eb3b06260827e3bbfb102339f2acf7ac0,0.36,0,97.2,0,4.836855939225343
https://hashdive.com/Analyze_User?user_address=0xa4e5251b8097d81c05856b4275a0b5c60a24bd45,0.36,0,97.2,0,-15.64017397855486
https://hashdive.com/Analyze_User?user_address=0x090cdbe76557fffcaaceacd854d48ec6eafb339b,0.36,0,97.2,0,-7.2567672347848795
https://hashdive.com/Analyze_User?user_address=0x6cc34efef472234767211d84a6a3a9f24aae9ddb,0.36,0,97.2,0,10.739002195112956
https://hashdive.com/Analyze_User?user_address=0x765c2afc365b08a34da9d9ebec4f48cad1370c72,0.36,0,97.2,0,-16.89670027985214
https://hashdive.com/Analyze_User?user_address=0x1ed691628af3a8e724a635e78b18d5bbf662367d,0.36,0,97.2,0,-7.141915345275846
https://hashdive.com/Analyze_User?user_address=0xb9a00a189df22c78e5f3abc9a9d2f580fe7bb8a4,0.36,0,97.2,0,14.807793322870573
https://hashdive.com/Analyze_User?user_address=0xed7654becd770c18d661f0628b9432927e0e49f8,0.36,0,97.2,0,19.14120616105198
https://hashdive.com/Analyze_User?user_address=0x9a2d67a05e91982546223fe59d4ef3b780dd129d,0.36,0,97.2,0,10.133307308070288
https://hashdive.com/Analyze_User?user_address=0xdf6ab313fcb7394e236345ad536ce30fe499d34f,0.36,0,97.2,0,-10.492101158418963
https://hashdive.com/Analyze_User?user_address=0xabd467f7e0ec82f3229ab616fb099befc82f5d90,0.36,0,97.2,0,4.343065213579259
https://hashdive.com/Analyze_User?user_address=0xa79790e30e8f468aa56e431d9ac9d2dc57cb399b,0.37,0,96.2,0,-4.045353589902202
https://hashdive.com/Analyze_User?user_address=0x301969941b074409a94ad53111f5fd10b9674e4a,0.998,0.19188,95.74812,0.002004008016032064,1.8269623416987497
https://hashdive.com/Analyze_User?user_address=0x4711ec5f8d9fe2459ff917a3f8914ed29f3d61b3,0.9,10.47816,95.256,0.11000000000000001,-3.368036865548797
https://hashdive.com/Analyze_User?user_address=0x4c86cdfff0fcff0f6b56a9ddb9f805b4b28f6993,0.87,13.9919,93.6381,0.14942528735632185,5.1951889161465115
https://hashdive.com/Analyze_User?user_address=0x2db384cfc9c6df63cfef82301126437c26729f61,0.36,0,93.6,0,-6.2046402547777095
https://hashdive.com/Analyze_User?user_address=0xcfef66a0ac9c486af86043a4f8fb51031f51a584,0.36,0,93.6,0,-5.173502830804583
https://hashdive.com/Analyze_User?user_address=0x3fc8c5b069a456013e8049cecb9773e1daa058e2,0.36,0,93.6,0,-0.9162323049409836
https://hashdive.com/Analyze_User?user_address=0xf773e296e0bef82bb9fc9023f6b2173b02febd29,0.36,0,93.6,0,8.443053165990689
https://hashdive.com/Analyze_User?user_address=0x243692fe27027c37abc147ec71371684adb91419,0.36,0,93.6,0,8.670689291579258
https://hashdive.com/Analyze_User?user_address=0xe3875d41dae35570d3bc2f74ca494aa69f26bfd9,0.36,0,93.6,0,0.09534764606379628
https://hashdive.com/Analyze_User?user_address=0xc61138415f41151b03a854884234a1da3c664656,0.36,0,93.6,0,-6.031207464180524
https://hashdive.com/Analyze_User?user_address=0x8cab245c6d1cc8fa7387f9f9aad7206b87ff36bb,0.36,0,93.6,0,-4.884108640763297
https://hashdive.com/Analyze_User?user_address=0xb2dcbd463b0f469b2d36f8ba797501bea95bdbd9,0.36,0,93.6,0,-16.032218051625172
https://hashdive.com/Analyze_User?user_address=0xd1be626efbb5999129ffa40d672486fc385ddd63,0.36,0,93.6,0,2.243934048593897
https://hashdive.com/Analyze_User?user_address=0x7e584cdcf0e66c65d126c9d1bf96ad93f5cb27e2,0.36,0,93.6,0,-7.811911545206511
https://hashdive.com/Analyze_User?user_address=0x99941417e089cca72287316fe21255ba1c7c095e,0.36,0,93.6,0,-8.328370684291466
https://hashdive.com/Analyze_User?user_address=0xdc037ef34978fd1afdef280cacc64769ea2c5a87,0.36,0,93.6,0,3.7823643526955353
https://hashdive.com/Analyze_User?user_address=0x1203a28b5ca6fc20866764eac352721c7d26259a,0.36,0,93.6,0,-12.496760217906838
https://hashdive.com/Analyze_User?user_address=0x7c3083a0fbd36baacc9f3c6096b2c07760b5870a,0.36,0,93.6,0,6.621175645566291
https://hashdive.com/Analyze_User?user_address=0x74e0d7a78ec359d7289c8eeb17afcf63f76483bf,0.36,0,93.6,0,-3.718863068382778
https://hashdive.com/Analyze_User?user_address=0x9c4816de38369ad2e37a79abadfed440cf0dfcd3,0.36,0,93.6,0,13.529441417169984
https://hashdive.com/Analyze_User?user_address=0xe7e42f0ab985847771e3d12407124f7b6e5718f8,0.36,0,93.6,0,9.67529894778181
https://hashdive.com/Analyze_User?user_address=0xa5486f3113ebc357869e3e97dcda8d655d121634,0.36,0,93.6,0,12.610823214670425
https://hashdive.com/Analyze_User?user_address=0xb8f0ebc2238aee76c784f5ef8b9ab05ab2649bfc,0.36,0,93.6,0,-6.844685314589187
https://hashdive.com/Analyze_User?user_address=0x616ed48f644163a586eb54b6be73a527bb963bce,0.36,0,93.6,0,8.039544758030724
https://hashdive.com/Analyze_User?user_address=0xea0b8514a9f50449eca3a297a93e7237ff2c13a8,0.36,0,93.6,0,-6.089703978267317
https://hashdive.com/Analyze_User?user_address=0xf39c24b8be86677b79c5a00a780beff913dd0498,0.96,3.866,92.784,0.041666666666666664,-0.15342500746508747
https://hashdive.com/Analyze_User?user_address=0x85269136c93a22bcda05049a40eb5033fcae0b19,0.37,0,92.5,0,-12.539523227546393
https://hashdive.com/Analyze_User?user_address=0x4e922b33fe31cde840f33d71ec1f09b5ed1baea3,0.9,10.22,91.98,0.11111111111111112,-0.4266854449914009
https://hashdive.com/Analyze_User?user_address=0x97541d0f0b4c7fc957dd572a27b350d531530e57,0.869999,13.672518,91.499889,0.14942660750113043,-0.7269478795085892
https://hashdive.com/Analyze_User?user_address=0xf642856d504bd9c45dcfe4315620cae44be017f9,0.91,9,91,0.0989010989010989,4.6348337778456985
https://hashdive.com/Analyze_User?user_address=0x0030e119dd4de8ebce49a9a843d2b21e1f0ce97b,0.91,9,91,0.0989010989010989,-5.469342161637391
https://hashdive.com/Analyze_User?user_address=0xecb832f22cd2f44155926caceb8c2d8cb1dac405,0.845464,2.640809,90.999864,0.029019922491312734,-3.743204441266693
https://hashdive.com/Analyze_User?user_address=0x7e8b7a36058f4d93708d7d29e8ebc8ac97df4f21,0.9,10,90,0.1111111111111111,-0.21744765519453205
https://hashdive.com/Analyze_User?user_address=0x298748d113251cee71826b4cf7b3721feff58237,0.36,0,90,0,-1.5268027769576324
https://hashdive.com/Analyze_User?user_address=0x38c4bfa87a78c56bd02a63c4db92930b7c7f2692,0.36,0,90,0,-9.832362517437693
https://hashdive.com/Analyze_User?user_address=0x36b315f6d9e0d76f04b01c4e9276c87a65c32e0f,0.36,0,90,0,-0.31410043860831766
https://hashdive.com/Analyze_User?user_address=0xa523a9a6001f3f13633f982c551839cb21265ce6,0.36,0,90,0,-7.719684036056456
https://hashdive.com/Analyze_User?user_address=0x8aad0428cbfc16462e88fa33bb2b90da3712ef81,0.9,10,90,0.1111111111111111,-10.483474884020579
https://hashdive.com/Analyze_User?user_address=0x8e6c7bb2f373fb1aab861b21799fb90cb01d0ed9,0.36,0,90,0,0.6830133491314604
https://hashdive.com/Analyze_User?user_address=0x7eb1d554e95fcd80be52b210b90729592c31a257,0.36,0,90,0,-13.257680637388152
https://hashdive.com/Analyze_User?user_address=0x6bd7ea3fcc0c55035c1cabb1504e88a27af534f9,0.36,0,90,0,-13.692273508436624
https://hashdive.com/Analyze_User?user_address=0xcd639e2381ddf9f2d1860e673a0ee4ef36b40b93,0.36,0,90,0,3.6337075387150666
https://hashdive.com/Analyze_User?user_address=0x3ec9700c7c81b6a9578d9c28b7701524ea056cd5,0.36,0,90,0,-13.538242206861554
https://hashdive.com/Analyze_User?user_address=0xae8a5ab7d076452b5ccef4937a36d5f6c49117f3,0.36,0,90,0,-9.753564679088269
https://hashdive.com/Analyze_User?user_address=0x00dd83e9ea5b7fbbcdff7df27285bc7325920de0,0.36,0,90,0,-1.1212069966777385
https://hashdive.com/Analyze_User?user_address=0xc78ad33fbc09fe50e4871bd90a449fbbcd8eae0e,0.9,10,90,0.1111111111111111,2.3424868979107942
https://hashdive.com/Analyze_User?user_address=0xb130c5cd40ef08587701b93c7f986ff4c7329162,0.36,0,90,0,-16.700307223002948
https://hashdive.com/Analyze_User?user_address=0xb263a92ec0314f90b802f38dae06511e1d62aac8,0.36,0,90,0,14.501445868935424
https://hashdive.com/Analyze_User?user_address=0x58d0855205f9a70cd39facff0b72fbab8b2a92cf,0.36,0,90,0,-1.3093049455509318
https://hashdive.com/Analyze_User?user_address=0x5e9bd5d67273c8c288f68d7606642b5c4d94c777,0.36,0,90,0,-20.318285019935168
https://hashdive.com/Analyze_User?user_address=0xd4e635ef5c04ecfe7309363da94b890abeebcdec,0.36,0,90,0,-3.7629940681733536
https://hashdive.com/Analyze_User?user_address=0x55c1d2414993a99deb6a73b85ee671c8556cd486,0.36,0,90,0,-13.294534961665065
https://hashdive.com/Analyze_User?user_address=0x01046cb80a27555ac3a7064bae12a4a945d2249f,0.36,0,90,0,-0.012398408221550307
https://hashdive.com/Analyze_User?user_address=0x2eb0ee2235510829f17cc42fe06bae767c47ab40,0.36,0,90,0,-12.899024698092196
https://hashdive.com/Analyze_User?user_address=0x11b9f18207c6f875747b5ee3208346c780db521f,0.9,0,90,0,-1.5932779757760236
https://hashdive.com/Analyze_User?user_address=0xd5fecad4d7d95d8cf7d1859c18d009e7a3da9118,0.36,0,90,0,20.99123998391868
https://hashdive.com/Analyze_User?user_address=0x20881ddbb6a7e070c9dcd125dfbe15030dfb9c55,0.9,10,90,0.1111111111111111,-6.368419205817116
https://hashdive.com/Analyze_User?user_address=0x177e8d248618597dd43be3d8389a91d93547a572,0.9,10,90,0.1111111111111111,3.3587232706329324
https://hashdive.com/Analyze_User?user_address=0xb9c1b8646966a98363270300442bd18fb5029d6e,0.36,0,90,0,2.613288252903457
https://hashdive.com/Analyze_User?user_address=0x45571e7a3df4795f01ef9b73ee04c2c6b1d0256f,0.36,0,90,0,6.137778342565236
https://hashdive.com/Analyze_User?user_address=0x0ba34bd6f8cbbb69dca6589240156ed2bb92e185,0.89,11,89,0.12359550561797752,-0.948752969486486
https://hashdive.com/Analyze_User?user_address=0x542ee19ff9be5665efd0c632f5499b939c2ee88e,0.88923,9.60004,88.923,0.10795902072579647,0.3293598812616403
https://hashdive.com/Analyze_User?user_address=0x6a8bbb938867a6e26aa58c5dbda0c0a6299dc2d0,0.88923,9.60004,88.923,0.10795902072579647,0.11369235422087026
https://hashdive.com/Analyze_User?user_address=0x67edb4841709bc455a44c36d83eda310275da15f,0.37,0,88.8,0,-0.5950486302399397
https://hashdive.com/Analyze_User?user_address=0x20881ddbb6a7e070c9dcd125dfbe15030dfb9c55,0.87,13,87,0.14942528735632185,-6.368419205817116
https://hashdive.com/Analyze_User?user_address=0x05d7287807fcd5ffeb17684230536b969654676f,0.59,39.5901,86.5117,0.45762711864406774,94.69358065378393
https://hashdive.com/Analyze_User?user_address=0xfe06dd997d8007d4d789761fae92173ebadb24b1,0.36,0,86.39999999999999,0,-5.579668688043955
https://hashdive.com/Analyze_User?user_address=0xf30b5a40a91fa24b5ed0abee8a81655e2ef6d360,0.36,0,86.39999999999999,0,3.0169263076722257
https://hashdive.com/Analyze_User?user_address=0x1da63ce4804600bc8ea1e2ba863e0ea2d3f1ac16,0.36,0,86.39999999999999,0,-1.9936793771873758
https://hashdive.com/Analyze_User?user_address=0x500c8af3bc2f1b410c3dfe4c90a2e658cbbc11e9,0.36,0,86.39999999999999,0,-11.802189386106061
https://hashdive.com/Analyze_User?user_address=0xe7c59869bc46437916a5f5556e834fb083f1ed4d,0.36,0,86.39999999999999,0,1.935070258448447
https://hashdive.com/Analyze_User?user_address=0x4bb6b7041aea57f210e6e528c2b963a3fbe564cf,0.36,0,86.39999999999999,0,-10.355768842886917
https://hashdive.com/Analyze_User?user_address=0x681a0d42f45ea1a7e3a551a4d2eefc92647ee007,0.36,0,86.39999999999999,0,2.6118955658695335
https://hashdive.com/Analyze_User?user_address=0x1bc97b8f788bb09865e5f19ef868c0bb1ac19187,0.36,0,86.39999999999999,0,-15.909335179465947
https://hashdive.com/Analyze_User?user_address=0x5f8fceff76dd299083e88f457ac08613cb291ee2,0.36,0,86.39999999999999,0,-1.9713948586059395
https://hashdive.com/Analyze_User?user_address=0xc8368428484451f88d17c0c06403e9f1c96d8bcb,0.36,0,86.39999999999999,0,-0.8995389114469807
https://hashdive.com/Analyze_User?user_address=0xb22f0cf1c9110cbf5983d7d33f0e9444714a26a4,0.36,0,86.39999999999999,0,-3.0724194175210755
https://hashdive.com/Analyze_User?user_address=0x996d6666b111aff91d4535528e90f8341417293f,0.36,0,86.39999999999999,0,17.12949301505536
https://hashdive.com/Analyze_User?user_address=0x6d271a7535c05900340ea30cfacbe97ce19d6a8e,0.36,0,86.39999999999999,0,-18.198929887652675
https://hashdive.com/Analyze_User?user_address=0x76e6e7d6c465061b8124054cf3358c82b6a54737,0.36,0,86.39999999999999,0,-14.037609836356262
https://hashdive.com/Analyze_User?user_address=0x70cffd2e2165936d12e726b51581be9717b3a33b,0.36,0,86.39999999999999,0,-0.8210870803885301
https://hashdive.com/Analyze_User?user_address=0xf59b355aef2fbf353973b68c625808a6202b19fb,0.36,0,86.39999999999999,0,-12.070498972704662
https://hashdive.com/Analyze_User?user_address=0xe08da0cac3c9eaa8e6165d257427f120b86e2bd0,0.36,0,86.39999999999999,0,-6.089335710168182
https://hashdive.com/Analyze_User?user_address=0x6a730f3f48e2002dc56b904b251e8790a108cb28,0.36,0,86.39999999999999,0,-5.655277575857413
https://hashdive.com/Analyze_User?user_address=0x60265cf323d5fb715337b84549f1ed5fd47d36f2,0.36,0,86.39999999999999,0,7.9173816021138865
https://hashdive.com/Analyze_User?user_address=0x8c9fb129cdd3582bf17e30cd6979f0ac3265e68c,0.36,0,86.39999999999999,0,4.756787664417995
https://hashdive.com/Analyze_User?user_address=0xbfe1e399fc7b37e8da6bc62da6f1222a07926f0e,0.36,0,86.39999999999999,0,-1.2255330178622004
https://hashdive.com/Analyze_User?user_address=0xe40456a3f14cadd802bb7b8074df22750e6c2300,0.36,0,86.39999999999999,0,-7.57845389498282
https://hashdive.com/Analyze_User?user_address=0x3aa1e72095ad69d9acb9425860c77027da11106c,0.36,0,86.39999999999999,0,-12.589916600422406
https://hashdive.com/Analyze_User?user_address=0xa7716da9a0c7bf380d478179604dbe0f94ffb35e,0.36,0,86.39999999999999,0,18.857273502602688
https://hashdive.com/Analyze_User?user_address=0x73c897a3544355b685f9feba300488c9f448bb1a,0.36,0,86.39999999999999,0,-0.554895877392165
https://hashdive.com/Analyze_User?user_address=0x73853c4ee58ace44d2ff0080dba7bd31cdf8c756,0.36,0,86.39999999999999,0,-6.262104180379864
https://hashdive.com/Analyze_User?user_address=0x16928f6ee732eda1a96a00266f4d44b224cf30fc,0.36,0,86.3946,0,24.49226876903637
https://hashdive.com/Analyze_User?user_address=0xb83ee36cb56b55bf04ef7dc77f6f275b6e11ed28,0.37,0,85.1,0,-4.903990779347978
https://hashdive.com/Analyze_User?user_address=0xa1ae72b8c0e9a41ba77430961b9061d256683327,0.85,15,85,0.17647058823529413,0.05479561513645165
https://hashdive.com/Analyze_User?user_address=0x6f5abc884545d92594496fda555b43fc24422d96,0.84,16,84,0.19047619047619047,-12.833040564503179
https://hashdive.com/Analyze_User?user_address=0xde5314ddd05574a22cdaeef4e9ab2c02ce90e5be,0.37,0,83.5792408,0,1.2363030099748344
https://hashdive.com/Analyze_User?user_address=0x666f9214c8096f9ef5c261eb396093f3009bd5d4,0.83,2,83,0.024096385542168676,5.781138180614034
https://hashdive.com/Analyze_User?user_address=0xe8680ce028a367ebfb1e8b42530a13ae186b12d8,0.36,0,82.8,0,2.1139892161317535
https://hashdive.com/Analyze_User?user_address=0xcf95a6c6ce0882c6b4f20c84afcbd77df58efecd,0.36,0,82.8,0,-6.067304644695327
https://hashdive.com/Analyze_User?user_address=0x66be187d2f5285d274579367bb83b57f4e845816,0.36,0,82.8,0,-15.354424472568624
https://hashdive.com/Analyze_User?user_address=0x626f6dcab7383caa1c80713911679efd41499c97,0.36,0,82.8,0,-18.059692608514823
https://hashdive.com/Analyze_User?user_address=0xdc6c574eadb6e7286855cd4bcb63e896003d28cc,0.36,0,82.8,0,-14.962828756889548
https://hashdive.com/Analyze_User?user_address=0x37c508b4dc54977c21f109fde96668c4da14f37a,0.36,0,82.8,0,-4.774805180765177
https://hashdive.com/Analyze_User?user_address=0xef80c47800aab3cf5d12d0bb8e211993d3f71648,0.36,0,82.8,0,-8.802564847710014
https://hashdive.com/Analyze_User?user_address=0x60a4d43938e81f438c6814a75c95028ecbaa024a,0.36,0,82.8,0,-14.217085255166516
https://hashdive.com/Analyze_User?user_address=0x51edf7c66bf24aad95278f9e3a8e4e486c06088f,0.36,0,82.8,0,-6.412040114425878
https://hashdive.com/Analyze_User?user_address=0xb735223a33ad40e5918872ac9d576803b12ba745,0.36,0,82.8,0,-8.019265573593813
https://hashdive.com/Analyze_User?user_address=0x28c6047686bad033e6abb455365ce7e8aae36782,0.36,0,82.8,0,16.9442117563395
https://hashdive.com/Analyze_User?user_address=0xb7538b58410077e735d9d1685d652f04d86a67ab,0.36,0,82.8,0,-1.2939981916187662
https://hashdive.com/Analyze_User?user_address=0x70a1fec6bc9eee9dd422cce380a8661b3fcf78d5,0.36,0,82.8,0,2.20018088990511
https://hashdive.com/Analyze_User?user_address=0x142eec7ec4bdc0568239cb05a1fd3b6b3f9763e4,0.36,0,82.8,0,0.020311682519533816
https://hashdive.com/Analyze_User?user_address=0x406ed1940b2315be43457f7bbcb3096336714f78,0.36,0,82.8,0,6.019486374806441
https://hashdive.com/Analyze_User?user_address=0x7a8277325e2e7aa595da5b12dc437393281a7336,0.36,0,82.8,0,-1.6336877360305548
https://hashdive.com/Analyze_User?user_address=0xb5ff66fea360def3d2883d2f634ce649abf7ed38,0.36,0,82.8,0,9.514991112302415
https://hashdive.com/Analyze_User?user_address=0x9e5a557cb998d5ee38dfe8938db82e4e879248f6,0.36,0,82.8,0,-5.358663744598413
https://hashdive.com/Analyze_User?user_address=0x3daa3e0558e3a456d1c7bb8d6b9efd572d59292b,0.36,0,82.8,0,-4.983497714595559
https://hashdive.com/Analyze_User?user_address=0x07edda8a1a2ce72db01bf812d686d5862f9a4a17,0.36,0,82.8,0,-0.7261918573026138
https://hashdive.com/Analyze_User?user_address=0x588f7823b7ae53de17c8021a04e7877d17d3704d,0.36,0,82.8,0,-8.907688852591823
https://hashdive.com/Analyze_User?user_address=0xa4ab3e07a83325840d061cd9837cf5145c7be901,0.36,0,82.8,0,-6.300542240928103
https://hashdive.com/Analyze_User?user_address=0x873877fe04a3d75829b0614f32ec6ed7b7987a1b,0.36,0,82.8,0,-11.09219750882847
https://hashdive.com/Analyze_User?user_address=0xdea74823df4c2e199fa46f7807f9618b94e78bbf,0.36,0,82.8,0,-18.63752993239955
https://hashdive.com/Analyze_User?user_address=0x38e417ad15e936f1951e816029f8cbb45eef43be,0.86,13.13828,81.289995,0.16162234971228623,-2.7139393517635755
https://hashdive.com/Analyze_User?user_address=0xc18fe9df80f49506a21f125952a05a37baddf929,0.9,8.888888,79.999992,0.1111111111111111,20.025644813806878
https://hashdive.com/Analyze_User?user_address=0x52f659fc9a05ac65d978feea2c12582dd6eb693b,0.9,8.888888,79.999992,0.1111111111111111,-3.404173774981514
https://hashdive.com/Analyze_User?user_address=0x40baafd9c27d234238353ab8e347c08f05aef500,0.859999,13.023348,79.999905,0.16279204331555144,0.8961541306597756
https://hashdive.com/Analyze_User?user_address=0xcb826199450ef4982d7146d7fbec091b7b74da63,0.36,0,79.2,0,-1.7643082523271572
https://hashdive.com/Analyze_User?user_address=0x4a120ca1363ef7e753841bd91ba1f31ffc0a6046,0.36,0,79.2,0,9.872360583307389
https://hashdive.com/Analyze_User?user_address=0x9804ceff3e94b1da1f6d2b6502ef877b23fbfab4,0.36,0,79.2,0,-8.052163840524655
https://hashdive.com/Analyze_User?user_address=0xeae6ec163ec38673ed8ec12d59b72fb90548e47e,0.36,0,79.2,0,8.527593768099987
https://hashdive.com/Analyze_User?user_address=0x47034f18302b5e5239f2025d080ee8c739a3a4a4,0.36,0,79.2,0,-1.589408154941335
https://hashdive.com/Analyze_User?user_address=0x0d00595b5dfcc5e92363560716151ac46af5344d,0.36,0,79.2,0,6.472062745596755
https://hashdive.com/Analyze_User?user_address=0xa2d520b0014d1f9c675a933f972993eb012d306f,0.36,0,79.2,0,20.93049530840146
https://hashdive.com/Analyze_User?user_address=0x82926a5a33ce6040f88a07bbba7e6ba717b22cd8,0.36,0,79.2,0,2.859532636336328
https://hashdive.com/Analyze_User?user_address=0x8a02fb6a60c18493315500ae7e66e11574ae380f,0.36,0,79.2,0,-4.950493754048361
https://hashdive.com/Analyze_User?user_address=0x9bfa1e8b29d35c3e3682ac0bbe98774c6cbc5e76,0.36,0,79.2,0,-3.39409505001829
https://hashdive.com/Analyze_User?user_address=0x113f98bbeb203fd15f5b8e440e26bbc099f73c14,0.36,0,79.2,0,-8.086273832243698
https://hashdive.com/Analyze_User?user_address=0x4b9a1965f588def97d66b2461e37a91fbead399b,0.36,0,79.2,0,-7.745233579024104
https://hashdive.com/Analyze_User?user_address=0xac48d81dc2653067eaa0749bfd41ab08f270a796,0.36,0,79.2,0,1.9872969257762771
https://hashdive.com/Analyze_User?user_address=0xb47adfff7aaaa51a55ef266fc33ebf4e1167cc53,0.36,0,79.2,0,-5.691946389339969
https://hashdive.com/Analyze_User?user_address=0x953910c65584a311ab457c4c37c200ecae96e380,0.36,0,79.2,0,2.4709465382410998
https://hashdive.com/Analyze_User?user_address=0xdf4527b98b1b5552111278d48d80d107f43234f1,0.36,0,79.2,0,-10.038768487949321
https://hashdive.com/Analyze_User?user_address=0xadd165b494debbb4088c6526d9d3f95ed5ec2a52,0.36,0,79.2,0,15.086315160546963
https://hashdive.com/Analyze_User?user_address=0xd062b7bdd0395834f811933280b63262e81689d1,0.36,0,79.2,0,7.400959608337932
https://hashdive.com/Analyze_User?user_address=0x4ad0613be2b8d976bfa765a720530d77a07088df,0.36,0,79.2,0,5.511241686531703
https://hashdive.com/Analyze_User?user_address=0x98afa3f5c7e6ceb2123dda343aeff03c0d7b7638,0.36,0,79.2,0,-4.4226097567355245
https://hashdive.com/Analyze_User?user_address=0x264bedd675dda1512c6204abe681ccc3b87b5a3d,0.36,0,79.2,0,-2.8875786794604896
https://hashdive.com/Analyze_User?user_address=0xc1b550b4a09e02ff722d1f372374ca3c708f2e74,0.359998,3.888074,78.833007156416,0.04932038165543404,1.2970841461187699
https://hashdive.com/Analyze_User?user_address=0x3a7a61eb503d1ecb4e442b549e0503d6be65c5f5,0.849335,12.751282,76.999907,0.16560126494698235,-1.9362462283035007
https://hashdive.com/Analyze_User?user_address=0x6cb33d63176a0c8d87f8dac6b1c156db7b00c958,0.859999,12.225137,75.63991,0.16162283905414482,-6.03518838730703
https://hashdive.com/Analyze_User?user_address=0x2eb14e67781c9c74fc31bfb5ac27480dbf479049,0.36,0,75.6,0,-3.903953742514779
https://hashdive.com/Analyze_User?user_address=0x25ac3d48ff3dea393de8e1eb4ea1d4c68a74cf9d,0.36,0,75.6,0,14.296394101601557
https://hashdive.com/Analyze_User?user_address=0x1e1de864369325f28c909dfc05b3cc7f94a43e02,0.36,0,75.6,0,-3.5651378438725043
https://hashdive.com/Analyze_User?user_address=0x370ddba2c884f7085d04fe1fa51079812c2c67a2,0.36,0,75.6,0,5.756993630452739
https://hashdive.com/Analyze_User?user_address=0xe4c35a49eb19d5163263b026602f1bee76f73d2e,0.36,0,75.6,0,-3.614101280477793
https://hashdive.com/Analyze_User?user_address=0x73fc51578ed6b4e630b8a87c2b679aea7cd61d1c,0.36,0,75.6,0,7.8143427536640795
https://hashdive.com/Analyze_User?user_address=0x09df902d4db4f1056fb5b53bc86344d80ded4dc0,0.36,0,75.6,0,-14.458110240848029
https://hashdive.com/Analyze_User?user_address=0xeb3f2947cd3129b7063e295fc5412e2a15bc6a95,0.36,0,75.6,0,2.856222794173572
https://hashdive.com/Analyze_User?user_address=0xe52f4656c7303602f66ad108d2e9e6fc9a9ca8e9,0.36,0,75.6,0,-13.266400441754044
https://hashdive.com/Analyze_User?user_address=0xe8a8dc13daf2c568e327176cd470866e96b52cca,0.36,0,75.6,0,12.311052193799924
https://hashdive.com/Analyze_User?user_address=0xc8d75ce7d83e519c0df0c827200256b6d9160209,0.36,0,75.6,0,-0.9763754394299216
https://hashdive.com/Analyze_User?user_address=0xd5e95fd9944cdd4bfd9346a2fb993715be7a20ee,0.36,0,75.6,0,-9.046269087297167
https://hashdive.com/Analyze_User?user_address=0xaa955d6fbeb32d61382e8e33513fb972778008ea,0.36,0,75.6,0,11.573551208981382
https://hashdive.com/Analyze_User?user_address=0xbc0c74d45869b9196c4808fcd6f6cdd2166615c2,0.36,0,75.6,0,-8.846617320043897
https://hashdive.com/Analyze_User?user_address=0xb87f093da06c5389bb572b7bfb48e74ac125b069,0.36,0,75.6,0,18.06138728581958
https://hashdive.com/Analyze_User?user_address=0x160394e14c07db8dc53654c0db379a5586086ff5,0.36,0,75.6,0,-12.87735994323355
https://hashdive.com/Analyze_User?user_address=0xe95379b9db64b512a5f07344864b6166985b5900,0.36,0,75.6,0,-6.239803817322912
https://hashdive.com/Analyze_User?user_address=0xa7fb99de7d3c7923d387db4a027e608c970ecd68,0.36,0,75.6,0,7.6269200775268775
https://hashdive.com/Analyze_User?user_address=0x500e3fff3abb2f1c7a9fd7a8c2ec62c6263fb890,0.36,0,75.6,0,0.9990388175393755
https://hashdive.com/Analyze_User?user_address=0x4c410e674febd30c9d19bc8515f750946d2ffd7e,0.36,0,75.6,0,-6.211111040698968
https://hashdive.com/Analyze_User?user_address=0x7556d8e878fba3b1038893720668ea0234cf22a0,0.36,0,75.6,0,-4.854278301004638
https://hashdive.com/Analyze_User?user_address=0x44ffe11174b5494056ec22e4a4a93f1ade52406b,0.36,0,75.6,0,-10.032821986196662
https://hashdive.com/Analyze_User?user_address=0x7f864df77246fba446d07167b36366e61f003a77,0.89,0.8314,73.9946,0.011235955056179775,-3.217100773728766
https://hashdive.com/Analyze_User?user_address=0x84fe6e116341f8e1b221b2069f3646b3f0f3ca93,0.36,0,72,0,4.372365670960617
https://hashdive.com/Analyze_User?user_address=0x0d370cc0e23088cc6deb85f0e5672c1444adc3dc,0.36,0,72,0,2.0725762800457086
https://hashdive.com/Analyze_User?user_address=0xb7388a0fd3bf02c3a0c64b2d5ef43a88d138cb3c,0.36,0,72,0,2.439763445355163
https://hashdive.com/Analyze_User?user_address=0xb645acd0f2036534e31383b5f10be254d67c87db,0.36,0,72,0,-1.6577402615885297
https://hashdive.com/Analyze_User?user_address=0x523eb83f23650474468e68e51e5b0916b5313c8c,0.36,0,72,0,-3.4695358210253606
https://hashdive.com/Analyze_User?user_address=0x9cd18c7a97474e4559e4fe2445c7f207c4b5acf6,0.36,0,72,0,-4.206798701666548
https://hashdive.com/Analyze_User?user_address=0x0d76f8c59f363e4e07da177f1b71dfb3a946920a,0.36,0,72,0,12.87475773014986
https://hashdive.com/Analyze_User?user_address=0x91b658860c0069111859385f7b21e6d8f99b53d3,0.36,0,72,0,1.4902810486495752
https://hashdive.com/Analyze_User?user_address=0x49731a4b283987f9ad9cd4f5dc6e43210d81364b,0.36,0,72,0,2.886256193575657
https://hashdive.com/Analyze_User?user_address=0x5a49538dbaf439deb707b6b334d9d9c6122caf90,0.36,0,72,0,-2.0697815593152717
https://hashdive.com/Analyze_User?user_address=0x534fbea16b6b76e3446c37a7a7949be7764c1805,0.36,0,72,0,-7.837694507926734
https://hashdive.com/Analyze_User?user_address=0x6ff699a08e44997201d92b65c453bc7a599e7b6b,0.36,0,72,0,-4.522598912137271
https://hashdive.com/Analyze_User?user_address=0xc0e21e8fc13fe017ba2139906fa939db0f6b2982,0.36,0,72,0,13.04421723241022
https://hashdive.com/Analyze_User?user_address=0x68493a24ca7bc4ec9f1045a9b819c8d2c280a288,0.36,0,72,0,-3.837309204368732
https://hashdive.com/Analyze_User?user_address=0x188b7502f9ed0bf14bbe65edc207e5307a054fb2,0.36,0,72,0,2.063603855690825
https://hashdive.com/Analyze_User?user_address=0xa13701324ae083ea40c7bbd9dce548ba768ec450,0.36,0,72,0,-17.300594628232453
https://hashdive.com/Analyze_User?user_address=0x636f31c5161df84bc47dcd2720be99d2c6b1363b,0.36,0,72,0,-0.41118545369880405
https://hashdive.com/Analyze_User?user_address=0x6bc27a6538b25b4958427efdeb0e8ca55bc12f00,0.36,0,72,0,15.461164849251512
https://hashdive.com/Analyze_User?user_address=0x7149d6dc37bc71785fdb8b4fe2f5ad1fe514ebd9,0.36,0,72,0,-9.27949609860767
https://hashdive.com/Analyze_User?user_address=0x07445c8ff6b09d78b8fba0430958e510885b599c,0.36,0,72,0,2.301670059850722
https://hashdive.com/Analyze_User?user_address=0x4eb0bb29308a984dca796e6e1c8221fd41aa837a,0.36,0,72,0,-7.927990501838221
https://hashdive.com/Analyze_User?user_address=0xba3ca17f8ff9300da93cd6b1e2da0e144bbd23f5,0.36,0,72,0,-15.353022955908983
https://hashdive.com/Analyze_User?user_address=0x717286312b9ab763dd0114d0c26ababc63fd94d3,0.36,0,72,0,-21.883233548751488
https://hashdive.com/Analyze_User?user_address=0xc97d9a70d990e0350ac7a5db5c2c5e1ceff13b99,0.36,0,72,0,-4.227556613088412
https://hashdive.com/Analyze_User?user_address=0xb7f9b7ca011267f03b1abb8455d14a893063a936,0.36,0,72,0,-3.705757891844874
https://hashdive.com/Analyze_User?user_address=0x71a24e8f3d8663510bbc11153cae2ccc33e51cbc,0.36,0,72,0,-4.7238014926987235
https://hashdive.com/Analyze_User?user_address=0x2ae4f0fc3e993baf5518eed6ccaac616fb77ce04,0.36,0,72,0,-6.449747794420055
https://hashdive.com/Analyze_User?user_address=0x42af4903fec970e16f891108417e00b8452a1414,0.36,0,72,0,-9.142049181386813
https://hashdive.com/Analyze_User?user_address=0x81a06cd7b2be6c92547b93bf44ae23297fefca21,0.36,0,72,0,-5.943505453155876
https://hashdive.com/Analyze_User?user_address=0x5a938b1bef9da0de246d1ead4b9f95913b11b340,0.36,0,72,0,1.8467685844980628
https://hashdive.com/Analyze_User?user_address=0x015bcce5c0e98165d5065a485305a82a74301cff,0.36,0,72,0,-17.3849541836507
https://hashdive.com/Analyze_User?user_address=0x33c345e348c3b6fdbbe5eea26e77b50844406d72,0.36,0,72,0,9.79063316287623
https://hashdive.com/Analyze_User?user_address=0x0a4228a737d8bc624bb76912abe6769c2b137fdc,0.36,0,72,0,-5.217796833749315
https://hashdive.com/Analyze_User?user_address=0x542ee19ff9be5665efd0c632f5499b939c2ee88e,0.95,1.2,71.25,0.016842105263157894,0.3293598812616403
https://hashdive.com/Analyze_User?user_address=0x8c166c2e35e68a4f8d8238ea0048ea775ae46bd1,0.85,11.90016,70.244,0.16941176470588235,0.42514436994528526
https://hashdive.com/Analyze_User?user_address=0x5234ff00638e862897c8ae4c6dcd506309f69d07,0.869999,10.471804,70.079918,0.1494266017834096,-5.114787999748906
https://hashdive.com/Analyze_User?user_address=0x2308c2ba5031c60c1c94ec63bbabb713d40a7f72,0.999,0.07007,69.99993,0.0010010010010010008,1.7110320776692187
https://hashdive.com/Analyze_User?user_address=0x24049a74dd69d455a9f7a2339b446c8e2f501b52,0.87,10.4,69.6,0.14942528735632185,26.562045142204745
https://hashdive.com/Analyze_User?user_address=0xb72b30e74e808d7ea9e15f6d19150d9852bb2f6c,0.85,12,68,0.17647058823529413,-2.1116063636898526
https://hashdive.com/Analyze_User?user_address=0x02cb47a6e61453a3bceb40cf1a4443e79049ae38,0.85,12,68,0.17647058823529413,-1.0378538080642763
https://hashdive.com/Analyze_User?user_address=0x9228bd42699c2e5c4abfd41e55a698b4caebe41a,0.84,12.8,67.2,0.19047619047619047,-0.19591708078536568
https://hashdive.com/Analyze_User?user_address=0xa2732a66d8d46f488e5a2bf688963efdc7497786,0.992243,0.522607,66.84982,0.007817627631607685,-5.947931561819141
https://hashdive.com/Analyze_User?user_address=0xc20382d42afcfad758215706b91ed728da4b74f3,0.880653,8.971445,66.199656,0.1355210214385404,-2.0040207024208776
https://hashdive.com/Analyze_User?user_address=0xda8f12b6a2c2d6492570a0b04ff3d573a3e11d91,0.33,0,65.99600964000001,0,-7.536810315700184
https://hashdive.com/Analyze_User?user_address=0x95ba680d4068085e1356cba8c6c599adc4c799da,0.901997,7.116643,65.499945,0.10865112940171172,-1.4961419102227957
https://hashdive.com/Analyze_User?user_address=0x750293910fb12264a6d02f5c3bb6390a00bdbeaf,0.909999,6.455345,65.26992,0.0989022968007315,-4.956429344537259
https://hashdive.com/Analyze_User?user_address=0x8aab8f6bb8b46dae4f1fab7625d1a8cb20e48577,0.52,59.04,63.96,0.923076923076923,0.19048330235851485
https://hashdive.com/Analyze_User?user_address=0x938ac7aeaec11747ea2ffce7d293f96bc06da941,0.879999,8.314159,60.969924,0.13636492313816892,-49.14797896285248
https://hashdive.com/Analyze_User?user_address=0x4aaa7a87d3d6126d108d3dd345390e863837504d,0.869999,9.070183,60.699923,0.14942659811940784,0.17427672113686551
https://hashdive.com/Analyze_User?user_address=0xa75e08967b5a9af050a7126fa9dc2d2015cdf537,0.879999,8.181886,59.999931,0.1363649234863287,-6.773070110440443
https://hashdive.com/Analyze_User?user_address=0xa75e08967b5a9af050a7126fa9dc2d2015cdf537,0.869999,8.965585,59.999929,0.14942659348813564,-6.773070110440443
https://hashdive.com/Analyze_User?user_address=0x900b99d526eb2f3fdfbcd2a3df791dc80aeed5c7,0.849999,10.51649,59.999927,0.17527504658464,-8.830109360621973
https://hashdive.com/Analyze_User?user_address=0x0d3211e90c67558d0b4eaf2624aba5ff52bcb521,0.98,1.2,58.8,0.020408163265306124,-5.587564112792283
https://hashdive.com/Analyze_User?user_address=0x2489903a068e7db94900f5862e797fc4be0aee90,0.998999,0.056933,56.819941,0.0010019897767933267,0.24458215104830688
https://hashdive.com/Analyze_User?user_address=0xd40213a4d43e420406ffa59eb249467c54d95a50,0.879999,7.659608,56.169932,0.13636491495129457,5.281862766427375
https://hashdive.com/Analyze_User?user_address=0x22b8c32868af506eaab2e330488237295a257b6e,0.85,9.75,55.25,0.17647058823529413,-0.9913427130976314
https://hashdive.com/Analyze_User?user_address=0x1596c1c36d623b7b7d0aff224cc944b70e304361,0.87,8.255,55.245,0.14942528735632185,-0.34770466878439976
https://hashdive.com/Analyze_User?user_address=0x91087e787155ea0d8dc694526d7f05a0198f479e,0.9,6.111111,54.999999,0.1111111111111111,1.065704189409499
https://hashdive.com/Analyze_User?user_address=0xf9cd5c445748752afccdd1804bd5e805aca448f2,0.89,6.6,53.4,0.12359550561797752,4.012788450866857
https://hashdive.com/Analyze_User?user_address=0xe3eaf5ec1c799452bdb372b3fb547bb3eb47969b,0.888333,6.70002,53.29998,0.12570398713095202,0.46263441027291796
https://hashdive.com/Analyze_User?user_address=0xa5d76487131eabe0536243952c0e521e7a8e8adc,0.879999,7.14363,52.829938,0.13521935233011254,-3.3019372716683097
https://hashdive.com/Analyze_User?user_address=0xb72b30e74e808d7ea9e15f6d19150d9852bb2f6c,0.88,7.2,52.8,0.13636363636363638,-2.1116063636898526
https://hashdive.com/Analyze_User?user_address=0xd04d631183d7568356f598a3c77181ec4ab6d0e5,0.24093,0,51.79369087953,0,1.2139612180918693
https://hashdive.com/Analyze_User?user_address=0xe0271ae0707a70268587d53a1a1fc3017706ce6c,0.34,0,51.00000000000001,0,3.121565601386542
https://hashdive.com/Analyze_User?user_address=0x614495b07fb6bb583f2f596a1e3b22d0ade52fff,0.85,9,51,0.17647058823529413,-11.218140932812204
https://hashdive.com/Analyze_User?user_address=0x32a23c7cdbbc91044d7a8d63de35d03992731e8a,0.85,9,51,0.17647058823529413,0.1654855018661372
https://hashdive.com/Analyze_User?user_address=0x4eed702ebb78bf7a983f66d3b3cdd63498601675,0.909999,5.044011,50.999943,0.09890228700843842,1.1041967644824915
https://hashdive.com/Analyze_User?user_address=0x57e434feb147cd012c65b8f2e59cd3e687b3a93c,0.409999,0,50.999874829758,0,-6.475163624483593
https://hashdive.com/Analyze_User?user_address=0x4ba30e73c48aa74c3afd68c0c2c4c8f20d719cab,0.9,5.658888,50.929992,0.11111111111111112,7.909941352169884
https://hashdive.com/Analyze_User?user_address=0x4ee6205c980a67ee6df4a34e86d1114224fb2922,0.879999,6.92733,50.799941,0.1363649221561104,-3.6963753081048845
https://hashdive.com/Analyze_User?user_address=0x7657209beb1b32b98bbc0ef67d52737a2571bbde,0.89,5.75599,50.7211,0.11348314606741572,-20.85320208982102
https://hashdive.com/Analyze_User?user_address=0xacdc090bacdf70aee868c53479d3fd7971ae9461,0.9,5.56,50.04,0.1111111111111111,-27.583855363157262
https://hashdive.com/Analyze_User?user_address=0xf76da240b9429b95e2e4295d9c484e2ec589197b,0.5,50,50,1,-0.15850060046940773
https://hashdive.com/Analyze_User?user_address=0x6659ad9e5fa53272d88544a78029a8419f875694,0.9,5.555555,49.999995,0.11111111111111112,-3.2222917639218815
https://hashdive.com/Analyze_User?user_address=0x88c15e3eef54efb41055ff8def2cbf451790a7cb,0.9,5.555555,49.999995,0.11111111111111112,-3.5830884797282136
https://hashdive.com/Analyze_User?user_address=0x5e79bc2ce83a7502401c302b03644882ff9f56dc,0.9,0.556055,49.999995,0.01112110111211011,1.244175767953629
https://hashdive.com/Analyze_User?user_address=0x5d3c957d3512632a6818e0e7246b640a281a5467,0.9,5.555555,49.999995,0.11111111111111112,-1.314650294523538
https://hashdive.com/Analyze_User?user_address=0x07742d738fc6cb6a1aaf8c894722ff844b75b82c,0.9,5.49945,49.999995,0.10998901099890111,-0.2480623333789631
https://hashdive.com/Analyze_User?user_address=0xe55727246e3e8d6f63a51b98dbccd3fa780af3e7,0.999,0.05005,49.99995,0.001001001001001001,2.2755861459680955
https://hashdive.com/Analyze_User?user_address=0x25abf94a8d50ba0b67933558816698f8f87deaa2,0.879999,6.818238,49.999942,0.1363649181833051,24.915148085977762
https://hashdive.com/Analyze_User?user_address=0xd045c32dfd420df3b5b63a23b300799cb68c8367,0.869999,7.471321,49.99994,0.14942659931191915,-4.002717278527974
https://hashdive.com/Analyze_User?user_address=0x1e3a905f3c02b3f57c829abbc43c246ef9216e0e,0.869999,7.471321,49.99994,0.14942659931191915,3.8866941971328126
https://hashdive.com/Analyze_User?user_address=0x1d64ae7c087c2fd66d3c9d92ac6c928b3494b03f,0.94905,2.631366,49.99994,0.05262738315285978,-5.596506778648971
https://hashdive.com/Analyze_User?user_address=0x626cb962e3c367c7f701b98bfd2b75ab722e12a6,0.869999,7.471321,49.99994,0.14942659931191915,-57.71077874627319
https://hashdive.com/Analyze_User?user_address=0xb582e5655a33460e064d976bfd5bc72998f3d89b,0.859999,8.080128,49.999936,0.16160276685154157,1.7116588506670865
https://hashdive.com/Analyze_User?user_address=0x88c15e3eef54efb41055ff8def2cbf451790a7cb,0.849999,8.823586,49.999932,0.1764719600018656,-3.5830884797282136
https://hashdive.com/Analyze_User?user_address=0x8e8d3bdc5af219f030cb23db0412813a1eedbf55,0.359165,0,49.999926053205,0,-10.876697423501478
https://hashdive.com/Analyze_User?user_address=0x9c675bb0eb1717c3f776b396d7eaa599173859c0,0.887891,6.313207,49.999914,0.12626435717469436,5.401026758130319
https://hashdive.com/Analyze_User?user_address=0x3b48a2399e4315fe9cab49f3b5ae112e97a54a57,0.998,0.1002,49.9998,0.002004008016032064,1.331399056360723
https://hashdive.com/Analyze_User?user_address=0x213ce96c8e210f268acb243b99c97f781ad7e64b,0.865408,7.724882,49.669929,0.15552432136554895,2.9741869839280186
https://hashdive.com/Analyze_User?user_address=0xae59512c1dab93913866286e7acc7b5c0f69761f,0.869999,7.321895,48.999943,0.14942660239421093,-5.044400414705525
https://hashdive.com/Analyze_User?user_address=0x6bea184d24deac1e6ce9bc5d89facb6274585d50,0.971,1.45,48.55,0.029866117404737384,-6.900971593508734
https://hashdive.com/Analyze_User?user_address=0x315923d36ce004bababbe26818af5c52e71b3ea3,0.89,5.999999,48.545452,0.12359549149938907,0.13084143800234208
https://hashdive.com/Analyze_User?user_address=0xb1f42271f3e9bb5f444726d76c9e326332c4e078,0.8,12,48,0.25,0.0709196304771417
https://hashdive.com/Analyze_User?user_address=0xa3a547029cda95b7f498baa1fd10c33ceab3877d,0.365274,16.907497,45.560797333505995,0.37109747830435813,3.6232264051328906
https://hashdive.com/Analyze_User?user_address=0xa8b3319c3626d5f3ea35d96c36dfd6275e2cc0a7,0.9,5,45,0.1111111111111111,0.13450489147549902
https://hashdive.com/Analyze_User?user_address=0x233fe1e31b15bebec46d052e95d24493f2d3405e,0.88,6.110454,44.809996,0.13636363636363635,0.7065143945113113
https://hashdive.com/Analyze_User?user_address=0x3804d59c591bf8118b5aeb270fdb241628e96d61,0.998999,0.044619,44.529954,0.0010019996876709104,0.5601308218622549
https://hashdive.com/Analyze_User?user_address=0x6ac5bb06a9eb05641fd5e82640268b92f3ab4b6e,0.339999,21.7501,44.19987,0.4920851577165272,-3.8086498696524016
https://hashdive.com/Analyze_User?user_address=0x4c9a16633796baf1be58d1199e95519dcd59b2c6,0.88,6,44,0.13636363636363635,15.63840228211254
https://hashdive.com/Analyze_User?user_address=0xa9d71818dadc207f9ea3d3f46ff0b12e497025e9,0.86,7,43,0.16279069767441862,0.6158016130618288
https://hashdive.com/Analyze_User?user_address=0xc246a06a1248d3107bc89f1f79553727e066b3b1,0.84,8,42,0.19047619047619047,0.12000768825733446
https://hashdive.com/Analyze_User?user_address=0x7d882047676d623df0cbe80e103c6f762b22e413,0.86,6.7578,41.5122,0.1627906976744186,-1.2861791960443034
https://hashdive.com/Analyze_User?user_address=0x51d1e6d462650b45f41aee79d2f50327b352bdf8,0.8,10,40,0.25,0.157040248597269
https://hashdive.com/Analyze_User?user_address=0xd81df2727a02904168775b37b888180355a120f7,0.85,7.058823,39.999997,0.17647058823529413,-2.1627843066505807
https://hashdive.com/Analyze_User?user_address=0xe21f1ee59294d97791c41ee26df62f5f7c425072,0.9,4.444444,39.999996,0.1111111111111111,-5.4265909774671215
https://hashdive.com/Analyze_User?user_address=0x7b19d70ce8ef84dcc1ce4b4a6e5ca7b3d74198f5,0.969999,1.237154,39.999957,0.030928883248549494,8.21378953895886
https://hashdive.com/Analyze_User?user_address=0x682ce9a91cf654bcf6e489df280f21b088feef07,0.995,0.2,39.8,0.0050251256281407045,-8.691295709710428
https://hashdive.com/Analyze_User?user_address=0xd62ddd55abb51f44245859e094e4f2c0b4d5cbfe,0.866218,6.112871,39.579906,0.15444379782003526,3.380531598012553
https://hashdive.com/Analyze_User?user_address=0x3d33cef0707edf7dd130e1735c2b9df56993d13e,0.38,0,38,0,12.114227616461166
https://hashdive.com/Analyze_User?user_address=0xf6abc9dd44b3eaa78994e5eff04c395b0ee45514,0.84,1.3215,37.002,0.03571428571428571,-3.12827366602866
https://hashdive.com/Analyze_User?user_address=0xae61379c15d267562f1562c12d3589a98764b302,0.37,0,37,0,10.786590696418061
https://hashdive.com/Analyze_User?user_address=0x59baab10c24a38f1b897718730752bd9e41e62b3,0.869999,5.418201,36.259951,0.14942659464708047,0.7482263070843155
https://hashdive.com/Analyze_User?user_address=0x322a638de9dc585a0168ae97b52141ff03b4e455,0.36,0,36,0,10.636499754567907
https://hashdive.com/Analyze_User?user_address=0xc1fc7bc14469b271ebb4fe114b152e880e285ddf,0.869999,5.379351,35.999957,0.14942659514843307,0.20357569029461492
https://hashdive.com/Analyze_User?user_address=0x9c4db21669d5c5b48c0655761b4fedd646e6168c,0.36,0,35.99195472,0,-5.999769465655323
https://hashdive.com/Analyze_User?user_address=0x7a0e1d7487df51de4e3398f4bb5f229e01da113d,0.68,16.9028,35.91845,0.47058823529411764,1.8868101772846166
https://hashdive.com/Analyze_User?user_address=0x204bf04c14077e5ef2f769c73df7f751ba63cf94,0.89,4.4,35.6,0.12359550561797754,-2.470817544674645
https://hashdive.com/Analyze_User?user_address=0x13964a246b0b3fbe8e560844b9129d8a0d12919d,0.87,5.2,34.8,0.14942528735632185,-0.04668502793798896
https://hashdive.com/Analyze_User?user_address=0x1048de9a5123e3e5fa5c36be0d7f8c4c40e20b99,0.9,3.756666,33.809994,0.1111111111111111,-7.158992979308763
https://hashdive.com/Analyze_User?user_address=0xc01d5682be9dfa0c7b2b3a3cc97b838ecdb28ef2,0.9,3.7,33.3,0.11111111111111113,-0.016799600458695826
https://hashdive.com/Analyze_User?user_address=0xf09c0c0795ea2af2335c74f533483c9937acc110,0.995,0.165829,32.999971,0.005025125628140704,5.222763363806231
https://hashdive.com/Analyze_User?user_address=0x96af0cfe7b5e8331fd188594cd6f450c81293768,0.887211,4.192659,32.979931,0.12712758556104922,-7.237878318400163
https://hashdive.com/Analyze_User?user_address=0x72521f6c79174b677c7e31a388c1667de636e0d9,0.9684,0.758456,32.499781,0.023337264949569968,-3.4016441057665596
https://hashdive.com/Analyze_User?user_address=0x5234ff00638e862897c8ae4c6dcd506309f69d07,0.9,3.45,31.05,0.11111111111111112,-5.114787999748906
https://hashdive.com/Analyze_User?user_address=0xb631208368b247df01a1f80aebe5336fe85aa464,0.869999,-0.356264,30.999957,-0.011492403037849376,0.011392429212821634
https://hashdive.com/Analyze_User?user_address=0x026985b67ade7ba199698b9d7d0451a22214cb2d,0.86,-12.857142,30.714284,-0.41860464661979424,5.211858989281283
https://hashdive.com/Analyze_User?user_address=0x09c248c29635c0cebd9dae058ce59f7eeeeefe86,0.86,4.9,30.1,0.16279069767441862,-6.116463684958168
https://hashdive.com/Analyze_User?user_address=0xf0cd4c556dbd1cc5875e79ca36bf8d3c52856d22,0.88,4.0579,30.008,0.13522727272727272,-6.581919533568794
https://hashdive.com/Analyze_User?user_address=0x95374d8d38536b5d3c02408884a7246738f2c5c4,0.96,1.25,30,0.041666666666666664,-18.942389895288116
https://hashdive.com/Analyze_User?user_address=0xde8c990d5845bddf083f354c8f882486429924a8,0.961676,1.195537,29.999993,0.039851242631956614,-8.496501636336527
https://hashdive.com/Analyze_User?user_address=0x9797002d41bb2276b29030fc406cb9451d994e3d,0.837209,5.833343,29.999987,0.19444485092610206,-41.086401690558475
https://hashdive.com/Analyze_User?user_address=0xa070bfa2cb15e2b6264322c7d31970560da353e8,0.969999,0.927865,29.999968,0.03092886632412408,-8.57872695593494
https://hashdive.com/Analyze_User?user_address=0x981a670a722003388d26f066bb9c9de8ee0c471a,0.9592,1.276061,29.999963,0.042535419127016916,-11.989879027668994
https://hashdive.com/Analyze_User?user_address=0x21a270a2eaa2eddee64e6864a11f4c2ebfc8866d,0.875407,4.269768,29.999962,0.1423257802793217,0.1438806252711901
https://hashdive.com/Analyze_User?user_address=0x9770d25f707a9c652f17601cd88f04e21a30d03f,0.859999,4.883754,29.999959,0.16279202248243071,-0.8110108602234529
https://hashdive.com/Analyze_User?user_address=0xf603af60a666eb1d89ed340ba34ade5edddd2635,0.98,0.612244,29.999956,0.02040816326530612,-8.561987467212061
https://hashdive.com/Analyze_User?user_address=0x7117630671befb587837d537593f74454cfcbc8f,0.967999,0.991765,29.999952,0.0330588862275513,-9.147030141460013
https://hashdive.com/Analyze_User?user_address=0x54138bd9c8460aa3a995b5f59e27bf82f1eab1b7,0.36,0,28.799999999999997,0,9.64465369222507
https://hashdive.com/Analyze_User?user_address=0x9c7b8ce54ae4de7bf7a022a2e9d22f3427e5a592,0.89,3.5442,28.6758,0.12359550561797754,1.6480205636818002
https://hashdive.com/Analyze_User?user_address=0x131d75cbb1bbf5f924342ea035175f6bb7148df5,0.86999,0.141301,28.612016,0.0049385195366869646,-3.6519596116961743
https://hashdive.com/Analyze_User?user_address=0xaa51ba2a861267cf6a27af36513d832e0372ebcd,0.91,2.816703,28.479997,0.0989010989010989,-43.922363209758174
https://hashdive.com/Analyze_User?user_address=0x851cb08de31f7a929f4daf7f2de29b0ce115da4c,0.859709,4.618108,28.299958,0.16318427045015405,-0.27792127497164887
https://hashdive.com/Analyze_User?user_address=0x6aea649c19e5d103bbdcc44b900810bd613e6617,0.869999,4.18394,27.999967,0.1494266046813555,12.285926373762738
https://hashdive.com/Analyze_User?user_address=0x19c3933b6a70fbbf5ff368b3acc619520be61a57,0.909999,2.76926,27.999961,0.09890228061389086,-0.006314540028559272
https://hashdive.com/Analyze_User?user_address=0xd7039a38ac980a4409a63190e071d058a20358e6,0.96,1.156666,27.759984,0.041666666666666664,-12.842969847990824
https://hashdive.com/Analyze_User?user_address=0x7b5154cf4716ff4dc9ed211250bbb75fce0fa452,0.819961,0.674312,27.599882,0.024431698657262375,-0.21976558076567124
https://hashdive.com/Analyze_User?user_address=0x3978a99e028eb590c98d8e9ddbe513298fa92f24,0.685,5,27.4,0.18248175182481752,14.025964459929618
https://hashdive.com/Analyze_User?user_address=0x81b5db42e1de471e325e853eb892ff7d62e610a6,0.995,0.13745,27.35255,0.005025125628140703,4.119114940917722
https://hashdive.com/Analyze_User?user_address=0x9f1adb67983b63af0cf203f4d3325ab33c1f0a48,0.874464,3.907635,27.219976,0.14355762106476508,-0.41120873131751545
https://hashdive.com/Analyze_User?user_address=0xef62acc22015e75810da532ae496977d8a12b79c,0.869999,3.991179,26.709966,0.14942658481856547,-0.4456774636491789
https://hashdive.com/Analyze_User?user_address=0x33dcab083826c73473567f1c10a58bed35319661,0.89,3.3,26.7,0.12359550561797752,-1.1382916962811842
https://hashdive.com/Analyze_User?user_address=0xd81df2727a02904168775b37b888180355a120f7,0.88,2.43,26.4,0.09204545454545456,-2.1627843066505807
https://hashdive.com/Analyze_User?user_address=0x406c2837be7fe131a655ba2b82dd8ad85561b074,0.88,3.57,26.18,0.13636363636363635,-0.08098324086394203
https://hashdive.com/Analyze_User?user_address=0x6ed739140425334d5868a00b8653e3b1ead3e62b,0.87,3.9,26.1,0.14942528735632182,-6.372212005642695
https://hashdive.com/Analyze_User?user_address=0x213d39964f408efda9405115543cecede1924824,0.87,3.9,26.1,0.14942528735632182,0.02051803027391888
https://hashdive.com/Analyze_User?user_address=0xdaca87b7efbcef59ca4febe76ca95f5f191c85a1,0.859999,4.232588,25.999969,0.162792040252048,-19.99883423826018
https://hashdive.com/Analyze_User?user_address=0xcbf27e9c3aed1477a8d4b3e7e96c8fc16f1a1c99,0.859983,0.000513,25.997243,0.000019732861673062794,-0.16615810309427717
https://hashdive.com/Analyze_User?user_address=0x3f61b95800734a3a74fa40cfc6d5d932136fd105,0.37,0,25.9,0,8.574856748197462
https://hashdive.com/Analyze_User?user_address=0x48c19ada513a2d66ec8bd46b28eb910476831ecc,0.86,4.2,25.8,0.16279069767441862,10.591133945842412
https://hashdive.com/Analyze_User?user_address=0x2ed805a6734a70d41cc2cc1d19f05840900bc60c,0.869999,3.852212,25.779963,0.14942659149665966,0.905697194793859
https://hashdive.com/Analyze_User?user_address=0x7d74f3e3b8e5aafc91df0a0884f5af719b925393,0.983999,0.390476,25.619951,0.015241090820197119,-4.403954432833111
https://hashdive.com/Analyze_User?user_address=0x188629f05fdaec293f65b243d8e0e3582d706cc5,0.85,4.499499,25.497165,0.17647056055055535,-8.088470696178787
https://hashdive.com/Analyze_User?user_address=0x4c1535ba8bddef7840bfee51daa66d9445b18d09,0.91,2.52,25.48,0.0989010989010989,0.3240527091430351
https://hashdive.com/Analyze_User?user_address=0xa20deae090e3a81cd35dd9b3c751b49212ed22fd,0.9,2.808888,25.279992,0.11111111111111112,-6.8839619481063705
https://hashdive.com/Analyze_User?user_address=0x0c67bc521a4d7579dd6b3c1214d1190db1e9c730,0.84,4.8,25.2,0.19047619047619047,0.18550137239202052
https://hashdive.com/Analyze_User?user_address=0x52024cdbf13d0328bd224f4b23af8b355990905d,0.36,0,25.2,0,10.536080472204947
https://hashdive.com/Analyze_User?user_address=0x3791d1f8d978058ef7bc765995e37f047738158f,0.5,25,25,1,-0.20285547578626575
https://hashdive.com/Analyze_User?user_address=0x172e8feee62fe06393cb47987d6624a8c7971c44,0.85,4.411764,24.999996,0.1764705882352941,-1.4297765892072487
https://hashdive.com/Analyze_User?user_address=0xd6296431869387d0166cf9d960dcf118251a58cb,0.878243,3.465923,24.999984,0.13863700872768558,-0.3313203315894737
https://hashdive.com/Analyze_User?user_address=0x17c70219488da825b52000d81c484a3f0f537423,0.899999,2.777805,24.999971,0.11111232889030151,5.70728776098468
https://hashdive.com/Analyze_User?user_address=0xf99802a2189fe894715177c6cf5104e621527b41,0.836501,4.886389,24.999968,0.19545581018343705,-0.02003800416391665
https://hashdive.com/Analyze_User?user_address=0x67b85cd6fa3f3aa364f3f505ecd9c25c0db12449,0.859999,4.069796,24.999968,0.16279204837382194,-6.32202158440692
https://hashdive.com/Analyze_User?user_address=0x9797002d41bb2276b29030fc406cb9451d994e3d,0.879999,3.409118,24.999965,0.13636491091087527,-41.086401690558475
https://hashdive.com/Analyze_User?user_address=0x0206bed66886c6767dd6ecdbada8e50a16d582b5,0.879999,3.409118,24.999965,0.13636491091087527,-3.4193518963904928
https://hashdive.com/Analyze_User?user_address=0xe02a9cce4401f787b7cd5118b52dc659faffd6d9,0.879999,3.409118,24.999965,0.13636491091087527,1.755240195144347
https://hashdive.com/Analyze_User?user_address=0x7ce0ac700c6f3b3fa10072147cb689b21d011368,0.969999,0.77322,24.999945,0.030928868043509698,-0.002593535321500087
https://hashdive.com/Analyze_User?user_address=0x2636a18dbde37eddd0f474657fbd416ad5c50236,0.96,0.87815,24.09,0.03645288501452885,-5.613494559647965
https://hashdive.com/Analyze_User?user_address=0xc7d2259738cdae51a69c9454d1cfba16dff6eef2,0.96,1,24,0.041666666666666664,-13.157264843502672
https://hashdive.com/Analyze_User?user_address=0x438e034ed7faf3afe095b8d7da918aee2d6a9704,0.958,1.025,23.95,0.04279749478079332,-2.538670041665089
https://hashdive.com/Analyze_User?user_address=0xbb588841a1b1271b8238da6ea3b1483a5a9f86a4,0.369999,0,23.199936667299,0,-3.085168334244934
https://hashdive.com/Analyze_User?user_address=0x597760ff4fbe126b4856248dd2a0fea5e32265a8,0.878085,3.183643,22.929991,0.13884187743466622,1.7940753999620982
https://hashdive.com/Analyze_User?user_address=0x35be9e94e2f6c9f07806c985eb1a61dcda94e8de,0.780106,-0.293275,22.6462,-0.012950296296950482,-0.8142089004159624
https://hashdive.com/Analyze_User?user_address=0xb38153c2108444ed3ef4e52cf20c15294b8c5549,0.850225,-0.005896,22.292814,-0.00026447984538874276,-0.7698983417793219
https://hashdive.com/Analyze_User?user_address=0x459e0de8c72f6090189f7f823aa46feb3ffdff42,0.998999,0.022044,21.999977,0.0010020010475465498,9.354265757713554
https://hashdive.com/Analyze_User?user_address=0x9eddefc7b228de83e58bf1c722a2376a8f0937f7,0.819954,0.001217,21.712377,0.00005605097958643588,-0.8523981226756969
https://hashdive.com/Analyze_User?user_address=0x58667257d79d00dc6bd6dc23a35100b0d2b8077a,0.879999,2.937296,21.53997,0.13636490672921084,-0.4869180398898567
https://hashdive.com/Analyze_User?user_address=0x2e6b50c2720b1d44deab88f4855653b37f7dd464,0.760046,0.845601,21.456099,0.03941075215956079,-0.471151501282261
https://hashdive.com/Analyze_User?user_address=0xafa5eddcbd24dbda712fd0857c89424cd6bfa8ef,0.9,2.362222,21.259998,0.11111111111111112,-0.8130379296689693
https://hashdive.com/Analyze_User?user_address=0xa96b9210c3fb0697d9074d363aeba8b9d0ea033b,0.9,2.324444,20.919996,0.11111111111111112,-1.1950431506722308
https://hashdive.com/Analyze_User?user_address=0xce9e001e681c7662055a16a90ca167c692118362,0.859999,3.364907,20.669974,0.16279202866921846,-1.4211804151862601
https://hashdive.com/Analyze_User?user_address=0x09c248c29635c0cebd9dae058ce59f7eeeeefe86,0.82,4.5,20.5,0.21951219512195122,-6.116463684958168
https://hashdive.com/Analyze_User?user_address=0xa087a42375accf94d701d9efe3e41b699608a76b,0.998,0.041002,20.46,0.002004007820136852,-25.771847977985693
https://hashdive.com/Analyze_User?user_address=0xb541174c11ada820b1cfca8dbb8162a94ec3947f,0.88,2.76,20.24,0.13636363636363635,-8.540108995701152
https://hashdive.com/Analyze_User?user_address=0x7e0d5c50b637d9affcb1e6ee4ca711641fcb8e74,0.879999,2.739567,20.089973,0.13636489207825217,1.18872117092895
https://hashdive.com/Analyze_User?user_address=0x54a31a497edcd15b336940ac5952493b18d6900a,0.9,2.222222,19.999998,0.1111111111111111,-3.9733881774421627
https://hashdive.com/Analyze_User?user_address=0x4dfd9b3ebfde2b33df12e5c783614f69835a0fcf,0.9,2.222222,19.999998,0.1111111111111111,-3.8542343210855896
https://hashdive.com/Analyze_User?user_address=0x37e408501c1968668f242c967cab57bcb26d9d23,0.9,2.222222,19.999998,0.1111111111111111,0.1638073351016248
https://hashdive.com/Analyze_User?user_address=0xa969315a22f1ad988c4465025c726922e2741452,0.9,2.222222,19.999998,0.1111111111111111,0.33576072606108776
https://hashdive.com/Analyze_User?user_address=0x06af7c8eef18d67cdb791aea0f6ca594b1b546c7,0.9,2.222222,19.999998,0.1111111111111111,-2.0248743570888044
https://hashdive.com/Analyze_User?user_address=0x46c306251d94dc941ca295710bba49a82cf8242a,0.87,2.988505,19.999995,0.14942528735632185,-0.2171713912727144
https://hashdive.com/Analyze_User?user_address=0xbb6452b4f6e9a0c510553136241ffc96e5f3793a,0.87,2.988505,19.999995,0.14942528735632185,-0.08794493658765029
https://hashdive.com/Analyze_User?user_address=0xc73b9a9c5a790f05edf2ad0def56bff20ba94a40,0.87,2.988505,19.999995,0.14942528735632185,-3.2259028961915326
https://hashdive.com/Analyze_User?user_address=0x6659ad9e5fa53272d88544a78029a8419f875694,0.87,2.988505,19.999995,0.14942528735632185,-3.2222917639218815
https://hashdive.com/Analyze_User?user_address=0xbfde50aa3f14c468bef6dd2e0fca5c8f29d671d3,0.87,2.988505,19.999995,0.14942528735632185,-0.5107684151110956
https://hashdive.com/Analyze_User?user_address=0x59653aa497fd038271565411d6026031c4fc3628,0.87,2.988505,19.999995,0.14942528735632185,-3.76080690907141
https://hashdive.com/Analyze_User?user_address=0xec36950e3a6af01fc862e58d7c9bc7b8ff344629,0.979,0.429009,19.999991,0.02145045965270684,-0.5781737975503312
https://hashdive.com/Analyze_User?user_address=0x3a736813a49adedf7d9e8b4830ff65f840909daa,0.39464,0,19.99998739552,0,-7.021215304310133
https://hashdive.com/Analyze_User?user_address=0xc17a06facfce497e79ef042faa8badc4d8501db3,0.879999,2.727295,19.999976,0.13636491363789635,-5.9815947404638825
https://hashdive.com/Analyze_User?user_address=0xa5a810ef02bd0cee29079f3a18f08c14e9bf2819,0.879999,2.727295,19.999976,0.13636491363789635,1.6282809145522716
https://hashdive.com/Analyze_User?user_address=0x56d6327b31e6cd80b6d439699e5cfc6023f8c255,0.869999,2.988528,19.999975,0.14942658678323348,-2.8918389882891726
https://hashdive.com/Analyze_User?user_address=0x010695c3c10b27ccdcc4f6ea04481fb5fcfc1b00,0.869999,2.988528,19.999975,0.14942658678323348,-0.10828898382909766
https://hashdive.com/Analyze_User?user_address=0x23767daa8c8db05c7376d7b5996dd3919a2f30f5,0.849999,3.529434,19.999972,0.1764719470607259,-5.158610638783631
https://hashdive.com/Analyze_User?user_address=0xe5b8b243fa288134187778c6837a6d9744d0da98,0.849999,3.504503,19.999972,0.17522539531555345,-25.40749079417006
https://hashdive.com/Analyze_User?user_address=0xb15517fcb3f6c68ecf6a68d90acba3862e45f4be,0.879999,2.727294,19.999971,0.1363648977291017,5.435432139225034
https://hashdive.com/Analyze_User?user_address=0xb894f704071f998fcb1a5d48ef5b0201c2260ffc,0.859999,3.255836,19.999971,0.16279203604845227,-6.636465619441601
https://hashdive.com/Analyze_User?user_address=0x2d195d282bc56f113b8c2b8259d895f6f1b591e3,0.839999,3.809546,19.999971,0.1904775761924855,5.81183206154871
https://hashdive.com/Analyze_User?user_address=0x41acb110bc1821a21c327251e1be5ec11b0c3e33,0.869999,2.988527,19.999971,0.14942656666852167,0.3956628994097439
https://hashdive.com/Analyze_User?user_address=0x07742d738fc6cb6a1aaf8c894722ff844b75b82c,0.879999,2.703702,19.999971,0.13518529601867924,-0.2480623333789631
https://hashdive.com/Analyze_User?user_address=0x5e7126ce6942fbbbf5d85af12be0233ed27a1470,0.879999,2.727294,19.999971,0.1363648977291017,6.24694063565907
https://hashdive.com/Analyze_User?user_address=0x3ce8025932288159930608b096821a952249b14b,0.359999,0,19.999943884446,0,0.012009220779558814
https://hashdive.com/Analyze_User?user_address=0x8a810b2a50e7030321acf9d13dfaaf78049161af,0.339999,0,19.999940696472002,0,-0.8899350139915875
https://hashdive.com/Analyze_User?user_address=0x59653aa497fd038271565411d6026031c4fc3628,0.942774,1.213987,19.999922,0.06069958672838823,-3.76080690907141
https://hashdive.com/Analyze_User?user_address=0xccf38a9b206907a00dbfddebeab19aab1e048f27,0.66,6.6,19.8,0.3333333333333333,-1.7612079303640398
https://hashdive.com/Analyze_User?user_address=0x4a64afa45a44a01890c2161be88d2b44751d4430,0.96,0.8,19.2,0.04166666666666667,2.5400640139767585
https://hashdive.com/Analyze_User?user_address=0x4ffe49ba2a4cae123536a8af4fda48faeb609f71,0.369926,4.330639,19.136870150342,0.22629818596133422,7.010388347397834
https://hashdive.com/Analyze_User?user_address=0x4bb9c6ca7df0612cd764a3610e2597ec2f1411c8,0.84,0.2263,19.009998,0.011904262167728793,0.11912257960258597
https://hashdive.com/Analyze_User?user_address=0x50cec5fc97020d9af430d8545c467ce81ac2a24d,0.96,0.791666,18.999984,0.041666666666666664,-18.30585955103575
https://hashdive.com/Analyze_User?user_address=0x5fe1bad25b346842d18a374604040f840b14dc07,0.96,0.791666,18.999984,0.041666666666666664,-9.700712937338812
https://hashdive.com/Analyze_User?user_address=0xc52d860eb81125b78e796e920dd9d11286139130,0.96,0.791666,18.999984,0.041666666666666664,-13.83737261536547
https://hashdive.com/Analyze_User?user_address=0x70b9b1ffc0b850ae63c0102b1a57d9c06fc175a2,0.859999,3.081649,18.929976,0.16279201833113788,1.103432144205604
https://hashdive.com/Analyze_User?user_address=0x1250e144cc914840eb55d3909431340cf868fbdc,0.88,2.55374,18.8848,0.13522727272727272,1.7258653401257957
https://hashdive.com/Analyze_User?user_address=0xf419556a9758214628edff29dce8f39a8aa13ce7,0.876453,2.621892,18.599932,0.1409624508304654,-0.38055490498311484
https://hashdive.com/Analyze_User?user_address=0x5c5c8c4f0fa2a306196842f383ee20fe7fe3aa74,0.869999,2.774848,18.569975,0.1494265878117768,2.1711850688637733
https://hashdive.com/Analyze_User?user_address=0x306891f08844239bbb57139c9cc91cce9cf27d29,0.9,2,18,0.1111111111111111,-3.6286942167813105
https://hashdive.com/Analyze_User?user_address=0x9f57133b40748b717fbce1cb84494ebd7e98954f,0.9,2,18,0.1111111111111111,-4.24210502459879
https://hashdive.com/Analyze_User?user_address=0x41acb110bc1821a21c327251e1be5ec11b0c3e33,0.9,2,18,0.1111111111111111,0.3956628994097439
https://hashdive.com/Analyze_User?user_address=0xb4bd42bb63a3630bf74bd4d92f9df2ebcdab585f,0.9,2,18,0.1111111111111111,-0.4088598551284784
https://hashdive.com/Analyze_User?user_address=0x69bb2b259a0fe5bf5dffd2d39ae5ae929cdfc55d,0.859999,2.930252,17.999975,0.16279200387778317,-11.115990740280564
https://hashdive.com/Analyze_User?user_address=0x641a0d8fdf2de55e0a120e592a1760cb068b496a,0.909999,1.780238,17.999972,0.09890226495907882,-0.023872537469431656
https://hashdive.com/Analyze_User?user_address=0x60f8c0de8ab74230754ab7c13b9fc0da09d832f2,0.84,3.408,17.892,0.19047619047619047,1.3842033549277721
https://hashdive.com/Analyze_User?user_address=0xb6d18136b673adc623b68c5cce6b6dc174bd750b,0.9,1.936666,17.429994,0.1111111111111111,-1.6250987657029592
https://hashdive.com/Analyze_User?user_address=0xfd2e4bdad7dba878f998b386c7800caf1b7f71fc,0.87,2.6,17.4,0.14942528735632185,2.7643683312127805
https://hashdive.com/Analyze_User?user_address=0xe18c0145a8bd30145dad6c6182e31bbe411adfa5,0.400786,0,17.399977101538,0,-0.32543261322932365
https://hashdive.com/Analyze_User?user_address=0xb71ad2f703ecdece0d2c378c9c54e99fae5cd143,0.869999,2.594041,17.359973,0.14942655728784832,1.2840402969873534
https://hashdive.com/Analyze_User?user_address=0x68f214d3fd5ff5ba8287eb67bbcb68d3cae2658d,0.909999,1.702105,17.209971,0.09890225846400322,-5.405214867576395
https://hashdive.com/Analyze_User?user_address=0x65f91a4b23d8763d37a7a4ca66e0f97d9d314dd7,0.37,-0.55002,17.1051,-0.03215532209691846,-0.5737145340282795
https://hashdive.com/Analyze_User?user_address=0x396e029e3b15e69fb7a67bb3d9c3a289894ade17,0.85,3,17,0.17647058823529413,-3.965971371921067
https://hashdive.com/Analyze_User?user_address=0xcab99b962b10ec55d3ff7266cd800f46550aac68,0.844765,3.1047,16.8953,0.18376116434748124,-0.002633407848360166
https://hashdive.com/Analyze_User?user_address=0x977ac477cb8d2f3c9d357afed779ad7570acf2ca,0.84,3.2,16.8,0.19047619047619047,4.360307826344021
https://hashdive.com/Analyze_User?user_address=0x23d573411524a4e6c149adef5b740e3a1bfd4f7a,0.9,1.851111,16.659999,0.11111111111111112,-3.8906629310433667
https://hashdive.com/Analyze_User?user_address=0xe8edb0b0198db34fec81f6db40a58fa5c7ed3079,0.9,1.846666,16.619994,0.11111111111111112,-2.906533872585383
https://hashdive.com/Analyze_User?user_address=0x337c2f3ce52580be8ac2878b85a0af361146b8a8,0.884648,2.155397,16.529993,0.130393098170096,1.4894154619781066
https://hashdive.com/Analyze_User?user_address=0x70b091d6ab5f908ecbd1a43226c94e55e56eb71f,0.206249,0,16.499553495527,0,-2.8054296606472673
https://hashdive.com/Analyze_User?user_address=0x416ada32650239bdded198a7016570375f061712,0.859999,2.679553,16.459975,0.1627920455529246,3.361230605305278
https://hashdive.com/Analyze_User?user_address=0xe81bd19341c6472b774007829b77d19662da7e52,0.869999,2.447604,16.379979,0.14942656519889314,-0.18958787578394368
https://hashdive.com/Analyze_User?user_address=0x33f16b3846d1e116e010670f41473404ab1dee7b,0.869986,1.274396,16.235449,0.07849465696945,-1.1495369743218598
https://hashdive.com/Analyze_User?user_address=0x93164adb2bb7a8035876921d45a3065b32277f2a,0.8204,-0.007888,16.178288,-0.00048756704046806434,-0.12104123537478152
https://hashdive.com/Analyze_User?user_address=0x3f4f9145904c7b3261c3bbe05fcea64d9d91b4b3,0.68,4.0035,16.014,0.25,11.626214825980789
https://hashdive.com/Analyze_User?user_address=0x5840b8cd9db85dca28109020ce38e194b2455841,0.879999,2.181836,15.999981,0.13636491193333292,-0.5207493856292743
https://hashdive.com/Analyze_User?user_address=0x4544616416e5ca09f0e7852f97e3f5e5b46cdbcd,0.869999,2.384845,15.959978,0.14942658442261011,0.30980072278436893
https://hashdive.com/Analyze_User?user_address=0xa255be8b251fcb1b1ab79ea1663caad42fdda4a0,0.869999,2.26381,15.149982,0.14942658017679492,-1.2599332974928115
https://hashdive.com/Analyze_User?user_address=0xa5a810ef02bd0cee29079f3a18f08c14e9bf2819,0.9,1.666666,14.999994,0.11111111111111112,1.6282809145522716
https://hashdive.com/Analyze_User?user_address=0x4d868d1831f92323f9075757871e3bd456cff7f3,0.97,0.463917,14.999983,0.030927835051546393,0.2117108336636072
https://hashdive.com/Analyze_User?user_address=0xa44af78ca02aaaf05a62bea848c0005c99f65d2d,0.869999,2.241396,14.99998,0.14942659923546564,-0.7466187783855553
https://hashdive.com/Analyze_User?user_address=0x664a370bb2cb964dfbdbc85b5ef93546efd70bb9,0.909999,1.483532,14.999979,0.09890227179651385,-0.3107893925057092
https://hashdive.com/Analyze_User?user_address=0x1602856ef17c9b838b2f2b941b9c628cd5eecbf7,0.997,0.045135,14.999865,0.0030090270812437314,0.6668439948562104
https://hashdive.com/Analyze_User?user_address=0x7ce4a6dbada09d8b1b40e17b8b84370737da6159,0.965333,0.520005,14.479995,0.035911959914350804,0.7468823664348299
https://hashdive.com/Analyze_User?user_address=0xf117d5f40277f9776afa81c43210ebdbedd3c9e9,0.869999,1.482316,14.329981,0.10344158865249019,-3.79449669211577
https://hashdive.com/Analyze_User?user_address=0x03dcfe8199fb50dd29806967a226ef523fe23739,0.909999,0.642895,14.269977,0.045052280042217306,0.3039998411103325
https://hashdive.com/Analyze_User?user_address=0xb5a54f7c973622071a4427151af3b1b26357b683,0.89,1.76,14.24,0.12359550561797752,-0.7489013164350051
https://hashdive.com/Analyze_User?user_address=0xbed0aabdb4afc2eb0753865ffd2e8297385d824e,0.413045,-1.237987,14.1524664883,-0.08747499957152044,-1.1022851032275425
https://hashdive.com/Analyze_User?user_address=0x01cd73733b9ae35b4403a1a12d0e1f091659bded,0.9,1.564444,14.079996,0.1111111111111111,0.2674865846486849
https://hashdive.com/Analyze_User?user_address=0x57e6d842afbca290b7cdaeed25cc2d1ed3197ff7,0.859999,2.230248,13.699983,0.16279202682222307,-1.4999818356841126
https://hashdive.com/Analyze_User?user_address=0x3cbaba2b7d3d5f47823a25e9d8919ecbc30b09b3,0.829977,-0.978824,13.553519,-0.07221917791239309,-0.656578077755954
https://hashdive.com/Analyze_User?user_address=0xe66a95b9e4c6df2e687bad3d0ecdfb8e5bf3e24b,0.869999,1.976911,13.229981,0.1494265940366808,-1.290001321738132
https://hashdive.com/Analyze_User?user_address=0x7c9972c90e3b747452be3786769f9ea67c1124f0,0.87,1.95,13.05,0.14942528735632182,-0.08965056396958423
https://hashdive.com/Analyze_User?user_address=0x60ab395327176e2a3c6e0db137fd55f40b82d681,0.869999,1.942542,12.99998,0.1494265375792886,-1.2489921169030196
https://hashdive.com/Analyze_User?user_address=0xf8c860fb134ec5514e29366bd117d2483ab97c4c,0.364547,0.24,12.757322264999999,0.018812725352125453,-0.962524802649414
https://hashdive.com/Analyze_User?user_address=0xf0b0ef1d6320c6be896b4c9c54dd74407e7f8cab,0.77,1.3056,12.5664,0.1038961038961039,0.7139732428280593
https://hashdive.com/Analyze_User?user_address=0x9068922bd44383641118d50d1469ec98bceaaaad,0.9,1.383333,12.449997,0.1111111111111111,-0.9444546725130671
https://hashdive.com/Analyze_User?user_address=0xf419556a9758214628edff29dce8f39a8aa13ce7,0.856169,2.049517,12.199968,0.16799363736036027,-0.38055490498311484
https://hashdive.com/Analyze_User?user_address=0x24cb818fd6dd69770aff3558ac8c362ea37fa1f1,0.869999,1.80507,12.079982,0.14942654715876233,-37.4447869473724
https://hashdive.com/Analyze_User?user_address=0x396e029e3b15e69fb7a67bb3d9c3a289894ade17,0.9,1.333333,11.999997,0.11111111111111112,-3.965971371921067
https://hashdive.com/Analyze_User?user_address=0xf58b9908a55a3d73b5bfd870dc71b795cff538b2,0.849999,2.117661,11.999985,0.17647197058996322,0.05521518189148044
https://hashdive.com/Analyze_User?user_address=0x918f9e0e55060055d44db511e154e0cca07bfdd3,0.849999,2.117661,11.999985,0.17647197058996322,1.2612579953809777
https://hashdive.com/Analyze_User?user_address=0xeaa7e5e51ccc9b9527e6f13ee387cb3c38ed37e5,0.978999,0.257417,11.999963,0.021451482808738664,-28.667418301834566
https://hashdive.com/Analyze_User?user_address=0x9c225fd5e66260badc1bdfdd4ad3b1d548f67c10,0.96,0.4856,11.6544,0.041666666666666664,-23.54677660166373
https://hashdive.com/Analyze_User?user_address=0x28e25fbc702c27b10d9877be2a603af5ea33755d,0.369999,0,11.599968148650001,0,-1.5892614380278072
https://hashdive.com/Analyze_User?user_address=0xbaef99970c481218110022df7f5e7fc6b1471b1a,0.41,0,11.578399999999998,0,4.281070045260097
https://hashdive.com/Analyze_User?user_address=0x7dcb1d7c477e599332e3f6c720974282b602f0c8,0.969999,0.354753,11.469979,0.030928827332639405,1.1564826754598505
https://hashdive.com/Analyze_User?user_address=0xa42fa90bf7e988f422f0254bd51209d4070fe76c,0.869999,1.681046,11.249983,0.14942653691121133,-7.6191977456473445
https://hashdive.com/Analyze_User?user_address=0x3161278077d27f3346faf1fe5b2fdb093d5952db,0.88,1.125,11,0.10227272727272728,-2.901512968135411
https://hashdive.com/Analyze_User?user_address=0x21a270a2eaa2eddee64e6864a11f4c2ebfc8866d,0.9,1.222222,10.999998,0.1111111111111111,0.1438806252711901
https://hashdive.com/Analyze_User?user_address=0x250efa48a3b8659131fe384ee293f5c947e9d1bb,0.869999,1.64369,10.999985,0.14942656739986462,-0.15248203100443802
https://hashdive.com/Analyze_User?user_address=0x2bf5ab6aef92c3ccec5e57ad46bd9a22323f7404,0.849999,1.941188,10.999984,0.17647189305002625,-0.07731645490902433
https://hashdive.com/Analyze_User?user_address=0x133a012ed7d105283be6e4eea195e457fd287b65,0.849999,1.941188,10.999984,0.17647189305002625,0.039067257151518
https://hashdive.com/Analyze_User?user_address=0x8bd41f6148bd02dbb220b7b727f4f97469ff8643,0.891471,0.974246,10.999977,0.08856800336946159,-5.364614577785732
https://hashdive.com/Analyze_User?user_address=0xcb5df4df6af442c1ea0755f0619d27e2354e48cd,0.85,1.3871,10.719996,0.12939370499765113,-28.096343956775783
https://hashdive.com/Analyze_User?user_address=0xa06ca3993e39dd1c497bdb38c870511416b475dd,0.995,0.05345,10.63655,0.005025125628140704,-1.1357126135098592
https://hashdive.com/Analyze_User?user_address=0x3db45fad64ba4fe170a09663bacb4ae607afdc7b,0.770171,0.134264,10.528173,0.012752829954446985,-1.1678427795994704
https://hashdive.com/Analyze_User?user_address=0x443b1ee75f744b217525ae6be0c7fb76cf6b3a31,0.389999,0,10.299973039745,0,8.410023476251771
https://hashdive.com/Analyze_User?user_address=0x9f053c597d80780e09cad5087b0d687614bf8937,0.202298,6.492369,10.2857608908,0.631199681669349,1.463899354787218
https://hashdive.com/Analyze_User?user_address=0xaaef5f40dc868389e2882c9a3c6327b8e49b46d2,0.869999,1.524149,10.199987,0.1494265629946391,-1.252981105576102
https://hashdive.com/Analyze_User?user_address=0x482bf5accdecfaffa67c14d4d4fbb59f428a3266,0.839979,0.120252,10.099986,0.011906155117442738,0.09075630256356965
https://hashdive.com/Analyze_User?user_address=0x9bf7ef0c1a7afd1028a220333abc12ce1cd5cdb7,0.91,0.99,10.01,0.0989010989010989,0.2306740283788852
https://hashdive.com/Analyze_User?user_address=0x5b5b4f22171baf15783b82c81794cf46b9cb2b19,0.5,10,10,1,0.02345228557834613
https://hashdive.com/Analyze_User?user_address=0x4f984cbb31988f1b5a1f8d3b4da0748e21f72777,0.9,1.111111,9.999999,0.1111111111111111,1.7243935981905878
https://hashdive.com/Analyze_User?user_address=0x900b99d526eb2f3fdfbcd2a3df791dc80aeed5c7,0.9,1.09989,9.999999,0.1099890109989011,-8.830109360621973
https://hashdive.com/Analyze_User?user_address=0xc2696c71462f616c2dbedf2d711907d44df7927d,0.9,1.111111,9.999999,0.1111111111111111,-6.74148560158145
https://hashdive.com/Analyze_User?user_address=0x5ecc383f4a3e6fac3c323bbc7b2803208d3bd251,0.9,1.111111,9.999999,0.1111111111111111,-3.685386113934674
https://hashdive.com/Analyze_User?user_address=0xc932a5129baa8a01d7a0d2edc2ae92b2dda67ba6,0.9,1.111111,9.999999,0.1111111111111111,-8.005889271346051
https://hashdive.com/Analyze_User?user_address=0xd65e81dcba199cb7dd106cf298b5bcda5b14814e,0.9,1.111111,9.999999,0.1111111111111111,-3.031680743970402
https://hashdive.com/Analyze_User?user_address=0x2d02515772993c8e4931edfaa1ecf2c3cbda2f4b,0.9,1.09989,9.999999,0.1099890109989011,-6.626628519636839
https://hashdive.com/Analyze_User?user_address=0xebf9ca010852d361d0a941ad3c3bbedce0af1eef,0.9,1.111111,9.999999,0.1111111111111111,6.382337832110268
https://hashdive.com/Analyze_User?user_address=0x1c799b47bacfce5217ef084b447bce3483fb9ec4,0.9,1.111111,9.999999,0.1111111111111111,2.8156858102452533
https://hashdive.com/Analyze_User?user_address=0xe3e63490398686845d7d9f5f0dc9321d7434c94c,0.9,1.111111,9.999999,0.1111111111111111,1.2303760202141365
https://hashdive.com/Analyze_User?user_address=0xc2961b30eb91b795e22b63c9b9259b06fdcb5d18,0.9,1.111111,9.999999,0.1111111111111111,-0.09990508571188286
https://hashdive.com/Analyze_User?user_address=0xfd5dcaeb344d4c3cba27e83ebdf7324175cbe3eb,0.9,1.111111,9.999999,0.1111111111111111,-0.33903822105339143
https://hashdive.com/Analyze_User?user_address=0x60ab395327176e2a3c6e0db137fd55f40b82d681,0.9,1.111111,9.999999,0.1111111111111111,-1.2489921169030196
https://hashdive.com/Analyze_User?user_address=0xf66e30a73ef321cbd6b13d621bc3365904fa726c,0.85,1.764705,9.999995,0.1764705882352941,-8.23597566389499
https://hashdive.com/Analyze_User?user_address=0x79ed692f072adcee0972888f2e4dd130c25121ab,0.86,1.627906,9.999994,0.16279069767441862,14.67113182302791
https://hashdive.com/Analyze_User?user_address=0xfe22dd71e37c3bf6b8b4af29c881a7160a97b482,0.86,1.627906,9.999994,0.16279069767441862,-2.972763260413857
https://hashdive.com/Analyze_User?user_address=0xff1effb8cf40cf92c37135cc2272b12081751746,0.91,0.98901,9.99999,0.0989010989010989,-0.18373519619335046
https://hashdive.com/Analyze_User?user_address=0x0afdd90f2513b791e0f61ac64603b40758d8b9c9,0.91,0.98901,9.99999,0.0989010989010989,-0.03023856121367554
https://hashdive.com/Analyze_User?user_address=0x4403f4512cf515f52fe5e5a55fc27790c2d57c46,0.91,0.98901,9.99999,0.0989010989010989,-5.024001499103279
https://hashdive.com/Analyze_User?user_address=0x78cf31f366d9dbb90fec31a0f9302bb8270e4816,0.91,0.98901,9.99999,0.0989010989010989,6.770559146481134
https://hashdive.com/Analyze_User?user_address=0x37d474bad76f005a69839e772ffba5d9eee20fe2,0.91,0.98901,9.99999,0.0989010989010989,-2.2387916715152554
https://hashdive.com/Analyze_User?user_address=0xaff9425a7dcfe9e5eeaca1aca4b51301ab5bc109,0.91,0.98901,9.99999,0.0989010989010989,-0.7478036692065939
https://hashdive.com/Analyze_User?user_address=0x63d32f1eca4b08156594f1fd085816039e14362b,0.852954,1.723959,9.99999,0.17239607239607238,-0.6659236225520077
https://hashdive.com/Analyze_User?user_address=0x9963413fb0f25d9b6896ca4556aa011e834d14ac,0.876869,1.40421,9.999989,0.14042115446326991,-3.1723767679153854
https://hashdive.com/Analyze_User?user_address=0xfa59d7352360c999a144324a555b32ac73e0718c,0.889999,1.235966,9.999988,0.12359674831609797,-0.6392624656414597
https://hashdive.com/Analyze_User?user_address=0xf2100ad2b5aae10a3e612b75dc15ff02bc252d8c,0.859999,1.627918,9.999987,0.1627920116296151,-2.2329064827215683
https://hashdive.com/Analyze_User?user_address=0x58b0025c3e2b17ef22fc6455dff6ccf706ca4da9,0.859999,1.627918,9.999987,0.1627920116296151,-14.870118641994628
https://hashdive.com/Analyze_User?user_address=0x65ebcde636fbfc92e6485e0c8867563d4fde3cec,0.879999,1.363647,9.999987,0.13636487727434046,-7.723552495472857
https://hashdive.com/Analyze_User?user_address=0xbbc593f55d22deec413fafa91bc8cead50f5fc85,0.869999,1.494264,9.999987,0.14942659425457253,-6.530042962219902
https://hashdive.com/Analyze_User?user_address=0x1fc492fd2ba399902f884b362c02f638219ffae2,0.859999,1.627918,9.999987,0.1627920116296151,-8.122064469768025
https://hashdive.com/Analyze_User?user_address=0xbe10f091ff717917c5f3846b83b7315cc65ce3ba,0.869999,1.494264,9.999987,0.14942659425457253,0.7118386225568963
https://hashdive.com/Analyze_User?user_address=0xb1502f32ad3d9f872475118eb3814a1c3f880f41,0.859999,1.627918,9.999987,0.1627920116296151,-10.138421634727504
https://hashdive.com/Analyze_User?user_address=0xa969315a22f1ad988c4465025c726922e2741452,0.869999,1.494264,9.999987,0.14942659425457253,0.33576072606108776
https://hashdive.com/Analyze_User?user_address=0xbc74113c2729f33f95915bf4d3b4ead1b1527db4,0.879999,1.363647,9.999986,0.13636489091084728,-0.9476630227177495
https://hashdive.com/Analyze_User?user_address=0xefebb9230a0ed255d59ccc0d299dcf982fd73b05,0.879999,1.363647,9.999986,0.13636489091084728,-5.694141010803705
https://hashdive.com/Analyze_User?user_address=0x9ffcc28dde4a2f6e3c8651a95a1a96af266a3887,0.95,0.526315,9.999985,0.05263157894736842,4.718927662733605
https://hashdive.com/Analyze_User?user_address=0x46ef11973c50e69a8583d3029229d60378b1c1cc,0.96,0.416666,9.999984,0.041666666666666664,-0.30949132525075534
https://hashdive.com/Analyze_User?user_address=0xd9a6d2d6aba47d4aeb321a276030399f137d1ad9,0.869999,1.494263,9.999983,0.14942655402514182,-1.2656064726976952
https://hashdive.com/Analyze_User?user_address=0x0dc24b2dbd2acaab9f66d9e5738618251b94d702,0.869999,1.494263,9.999983,0.14942655402514182,-1.9143963528371328
https://hashdive.com/Analyze_User?user_address=0x3685c86d1d5db2cea5c0fcdf60618e0e011369d3,0.869999,1.494263,9.999983,0.14942655402514182,-0.01496913931502341
https://hashdive.com/Analyze_User?user_address=0xee1109e1b4fef0ad8840d5da5d8b0baf9e79f8c8,0.869999,1.494263,9.999983,0.14942655402514182,-9.17974927969183
https://hashdive.com/Analyze_User?user_address=0x255731519f083dd69e2b45cba2601bada356c07c,0.869999,1.494263,9.999983,0.14942655402514182,-8.64422917672962
https://hashdive.com/Analyze_User?user_address=0x904ec63eb5b1380adc763e28ce022aa0c9ea7ff3,0.839999,1.904772,9.999983,0.19047752381179048,-3.9213261248512983
https://hashdive.com/Analyze_User?user_address=0xe983b0b39ca4db6d879783c477b84a0bba642471,0.869999,1.494263,9.999983,0.14942655402514182,-0.5444879944812367
https://hashdive.com/Analyze_User?user_address=0xef238bbdbbc094f3ea991ba3380b56a959649971,0.869999,1.494263,9.999983,0.14942655402514182,6.376672150259248
https://hashdive.com/Analyze_User?user_address=0x849251fb39493c498f01c53d62654005ad303ece,0.969999,0.309288,9.999978,0.030928868043509694,0.3414645021464586
https://hashdive.com/Analyze_User?user_address=0xf4c5241286064b1eca66aa8db4d608052ba8019c,0.969999,0.309288,9.999978,0.030928868043509694,0.16870693870908585
https://hashdive.com/Analyze_User?user_address=0x169b8a8351e4d4ce783f75dfdfc50e0f0c9a64e6,0.969999,0.309288,9.999978,0.030928868043509694,0.15351383949036665
https://hashdive.com/Analyze_User?user_address=0x7bdad13c3490ef1932d1b3e13f285715b3dc1e11,0.434494,0,9.999977605643998,0,-1.093140850270208
https://hashdive.com/Analyze_User?user_address=0xbba29357fdb1a7ffa521378077f5f49cad0ceaa6,0.379999,0,9.999973124212,0,10.367940787056938
https://hashdive.com/Analyze_User?user_address=0xef87956192307e23c679bd8e7ce2e94867a8e248,0.35238,0,9.99997248726,0,7.053488826681212
https://hashdive.com/Analyze_User?user_address=0x3b09f1aac0dd6f61f364f19eefc259621491bdcd,0.339999,0,9.999970008237,0,0.4274437144926868
https://hashdive.com/Analyze_User?user_address=0x64d1ad4d142387b504313358ff4fe98fdad3700f,0.9,1.111,9.999,0.1111111111111111,-14.977032575138312
https://hashdive.com/Analyze_User?user_address=0xf7c548aafc157dbb7426ea683b63d8aec7bc20de,0.9,1.1,9.9,0.11111111111111112,2.8784668735552206
https://hashdive.com/Analyze_User?user_address=0xb928dbe31a4aaaa97ef0c01679c6aa24656fc534,0.9,1.091111,9.819999,0.11111111111111112,-0.9437711968832978
https://hashdive.com/Analyze_User?user_address=0xcb5df4df6af442c1ea0755f0619d27e2354e48cd,0.88,1.2166,9.739994,0.12490767448111365,-28.096343956775783
https://hashdive.com/Analyze_User?user_address=0x86deefa1474690024234d6b7cc63521ad3e51820,0.973,0.27,9.73,0.02774922918807811,-10.703128614538402
https://hashdive.com/Analyze_User?user_address=0x2856edfe74f3858cf109f80c390d9f648a8ced0e,0.97,0.3,9.7,0.030927835051546393,-6.718204505989014
https://hashdive.com/Analyze_User?user_address=0xbe19979a46eaf5b8ea9805ff85b1069b15f4abee,0.869999,1.435987,9.609988,0.1494265133317544,0.004752970325647069
https://hashdive.com/Analyze_User?user_address=0xd5b3f587dc3ce144e7c8ed9ccd689622e2a30cd4,0.86,1.54,9.46,0.1627906976744186,2.552645578003487
https://hashdive.com/Analyze_User?user_address=0x29489e05e52aaf42c5323fec26b814793901788a,0.9,1,9,0.1111111111111111,0.9264247947394064
https://hashdive.com/Analyze_User?user_address=0x980eff626026d2b133b637dc3ba5687c135b7e06,0.89,1.1,8.9,0.12359550561797754,1.0172321020794046
https://hashdive.com/Analyze_User?user_address=0x41b2004926287f8baa3591919eafb58d063dd635,0.89,1.1,8.9,0.12359550561797754,-0.6929795290107641
https://hashdive.com/Analyze_User?user_address=0x8f59026c3bbd3d0667f2e51d09109c45e91fd367,0.88,1.2,8.8,0.13636363636363635,-5.244278541276613
https://hashdive.com/Analyze_User?user_address=0xd91a9eb1896e05a8ac90a1ae35d19448a1e596b7,0.88,1.2,8.8,0.13636363636363635,0.8050219573326701
https://hashdive.com/Analyze_User?user_address=0xb480ad086d5095eb6dfb87d14fceb0f72b3bf5ba,0.88,1.17,8.8,0.13295454545454544,7.782839058560038
https://hashdive.com/Analyze_User?user_address=0xfd762c55f922f6c70d0eba46c15c7abdb3146c23,0.87,1.3,8.7,0.14942528735632185,-0.6210073625148107
https://hashdive.com/Analyze_User?user_address=0xfa74b5f429f494846f39a671d1adf3914910ec4d,0.86,1.4,8.6,0.1627906976744186,-0.009975158721996162
https://hashdive.com/Analyze_User?user_address=0x3bf279966acc7a3c91ef5316417b0de45ba8fbf6,0.86,-0.3,8.6,-0.03488372093023256,6.005370656127857
https://hashdive.com/Analyze_User?user_address=0xa067bfe049448b666c0ca9eecb69211a53688e37,0.86,0.0999,8.596313,0.011621261347742922,0.46646944406657237
https://hashdive.com/Analyze_User?user_address=0x8184d303eba46246e958c08bff963a89a4bbeba0,0.979,0.00873,8.54667,0.0010214504596527067,-0.24844058261305382
https://hashdive.com/Analyze_User?user_address=0xb541174c11ada820b1cfca8dbb8162a94ec3947f,0.85,1.5,8.5,0.17647058823529413,-8.540108995701152
https://hashdive.com/Analyze_User?user_address=0x51bb59fb7ba399b57e2d78e9d09d0989e284001d,0.77,0.8792,8.466651,0.10384271183493922,-2.00079959327359
https://hashdive.com/Analyze_User?user_address=0x03e1cc4c6d956960960bfafed38deb8ff49b974e,0.84,0.2,8.4,0.023809523809523808,-2.4140552138633318
https://hashdive.com/Analyze_User?user_address=0x90e516bfc87378236e094ffcd4f40e34676596a2,0.995077,0.04126,8.339882,0.004947312204177469,0.4185420830609342
https://hashdive.com/Analyze_User?user_address=0xf35f37bc8ceb84b299afc92b69d0660a1c41aa8e,0.83,1.7,8.3,0.2048192771084337,-4.414706150628324
https://hashdive.com/Analyze_User?user_address=0x3fc5cda63ee809aa2a1497eeeb896db104e7a61b,0.5,8.165,8.165,1,-2.0804144993257627
https://hashdive.com/Analyze_User?user_address=0x97317409bfd9e992611596acee93e8b938019b35,0.316107,0,8.12078883,0,1.5169054149893055
https://hashdive.com/Analyze_User?user_address=0x024a4e0e0153a71edca470b63acbccc5041810d8,0.88,1.08,7.92,0.13636363636363638,-0.03149362737247821
https://hashdive.com/Analyze_User?user_address=0xda3c8cf2808c43db45bb3ebc5df23a858407ffd8,0.379999,0,7.919978677895999,0,0.655290767910449
https://hashdive.com/Analyze_User?user_address=0x450c229df5c34bd3776e8b90a5477c4248f8c0e0,0.859999,1.286055,7.899987,0.16279204003753422,-5.81350656565371
https://hashdive.com/Analyze_User?user_address=0x23376c7e48d93cc2829ce001321c37570fdd0cb2,0.859999,1.276288,7.83999,0.16279204437760764,-1.8121608375699692
https://hashdive.com/Analyze_User?user_address=0xc4fb7ca82dd8d0a9ef615e5e5d70c858ca7b092f,0.369999,0,7.739978371083001,0,16.10006639072211
https://hashdive.com/Analyze_User?user_address=0xe00339e2338c78ba22ac09dada61762f665a9e5f,0.9,0.844444,7.599996,0.1111111111111111,-1.5672425256969111
https://hashdive.com/Analyze_User?user_address=0xbde579ead903b9cf5c3fc4be5a0c515464769c38,0.79,1.999999,7.523807,0.265822741067122,1.1552893571556284
https://hashdive.com/Analyze_User?user_address=0xf34dc42e4b884312c0b76aa7a0083197f1bf8797,0.37,0,7.4,0,1.2756369737209452
https://hashdive.com/Analyze_User?user_address=0xbf07cc90a8e1b3c882ca2507f72bd6020b5a4a12,0.37,0,7.4,0,-2.8014188054176223
https://hashdive.com/Analyze_User?user_address=0x4d6684075c423d5298ec95ce33d94d864e5be92d,0.839999,1.409531,7.399986,0.19047752252504263,-0.14430865095952433
https://hashdive.com/Analyze_User?user_address=0xc834c69fc6a6ec5acad8b04634cb184d3afde332,0.760128,0.092599,7.137557,0.012973486586516926,-0.9875621051786143
https://hashdive.com/Analyze_User?user_address=0x2c0ed0cc9c91ad3efb2e1186d3a12638022b54c9,0.88,0.968181,7.099994,0.13636363636363635,-0.0958370924208679
https://hashdive.com/Analyze_User?user_address=0xd0ececd1f7392677d12e8c9febf585fa820e6442,0.849999,1.226278,6.999991,0.1751827966635957,6.86741609380393
https://hashdive.com/Analyze_User?user_address=0xc3f7c05abfe7885cb4ee24681c0875005eec91b2,0.869999,1.045984,6.999991,0.14942647783404295,-3.3255068364487794
https://hashdive.com/Analyze_User?user_address=0xf6ead43a9698a0e1261c1b404858ac7c3004a020,0.889999,0.865175,6.999987,0.12359665810807935,-21.568829098027678
https://hashdive.com/Analyze_User?user_address=0x75db8387dc02d42ef69335c1978b5c6080cc01ed,0.859999,1.035355,6.359991,0.1627918970325587,-3.0028084771001105
https://hashdive.com/Analyze_User?user_address=0x860b1464647b7a20084c41c4c14e82f26db95956,0.879999,0.859097,6.299986,0.1363649062077281,-1.825454592549927
https://hashdive.com/Analyze_User?user_address=0x26be5b2ef2ae5e65ed3a15f79e7abdcc110dd699,0.35698,0,6.07995984492,0,-1.9048086491269705
https://hashdive.com/Analyze_User?user_address=0x76626295ed797911231dd5defd7a6b221379cbdc,0.5,6,6,1,-2.4060836072352494
https://hashdive.com/Analyze_User?user_address=0xe6e4593fbcee868179bf26ba409dc5ed36b6c6b6,0.85,0.99405,5.999997,0.16567508283754143,-1.8177881051640403
https://hashdive.com/Analyze_User?user_address=0xacff7f87f31f3b984367d2c08505f4b58770ee51,0.859999,-0.019697,5.999991,-0.0032828382575907198,0.5861205852217193
https://hashdive.com/Analyze_User?user_address=0x9dbe37e425c9d60b54f2188cce65851a8d022f7c,0.869999,0.890581,5.959992,0.14942654285441995,-23.588877784368606
https://hashdive.com/Analyze_User?user_address=0xefbdba05765d0daba9e0ee38feb0c6a0fd4fd9d8,0.9,0.661111,5.949999,0.1111111111111111,3.5287353761762903
https://hashdive.com/Analyze_User?user_address=0xf94e49550dd14277b96f09c90e7d03ff759fb2c7,0.863161,0.941681,5.939993,0.15853234170477978,9.3181211833362
https://hashdive.com/Analyze_User?user_address=0xacd051e2f8422ad181037743232cac1340e0e030,0.981688,0.102487,5.819839,0.0176099373195719,-9.311646744361106
https://hashdive.com/Analyze_User?user_address=0x36e0ea096c5550e498bebfb6103899916fa7d07d,0.869999,0.848741,5.679989,0.1494265217767147,-17.63559848280198
https://hashdive.com/Analyze_User?user_address=0xec732c2196eccc3a03dd0f0f372d042b81ed303f,0.36,0,5.6448,0,-3.890149538350191
https://hashdive.com/Analyze_User?user_address=0xdb94475e2d9e704edf959d3f14e057eb680094d5,0.86,0.9114,5.5986,0.1627906976744186,-6.61328291917076
https://hashdive.com/Analyze_User?user_address=0x4759682d3972e359ccca234cd5f1ac284a3eec88,0.859999,0.895354,5.499988,0.16279199154616336,8.38253931428975
https://hashdive.com/Analyze_User?user_address=0xe869ff5bf25a40abb9c080875104de425830fc0e,0.849999,0.952946,5.399986,0.17647193900132332,-0.519733410031807
https://hashdive.com/Analyze_User?user_address=0x1d22e4434aa2854f6fc1901773db54dfbb215ef3,0.359999,0,5.34998473889,0,2.615857954143826
https://hashdive.com/Analyze_User?user_address=0x1b14d939f7cb52e00fa7efacc42f9b7424894c89,0.869999,0.797937,5.339992962069999,0.14942660143332606,-0.8929915324963232
https://hashdive.com/Analyze_User?user_address=0xa5f3659cdf1686d2a52f11f44707589ffef608c7,0.359999,0,5.319984582224,0,0.47773148800229603
https://hashdive.com/Analyze_User?user_address=0xe03b1d72e04a42b64e89613a2f68537e162538ea,0.9,0.59,5.31,0.11111111111111112,-1.7118223615596282
https://hashdive.com/Analyze_User?user_address=0x0d45f54764ca6783e3e5c487a47957f33f677de2,0.9,0.574444,5.169996,0.11111111111111109,5.480322757350352
https://hashdive.com/Analyze_User?user_address=0x315bc3c25bfb9c775095e7b7af09f14676e66f77,0.9,0.573333,5.159997,0.11111111111111112,-0.5991138411992234
https://hashdive.com/Analyze_User?user_address=0x8b5d0f88092049721bcb7bd446a00155e5bdba2c,0.840918,0.945882,4.999998,0.1891764756705903,-0.3452460651903578
https://hashdive.com/Analyze_User?user_address=0xbfde0e11f0912f0ca49f41684fc5b5dd50b7c5ee,0.86,0.813953,4.999997,0.16279069767441862,-10.214267209334015
https://hashdive.com/Analyze_User?user_address=0xf459c1c9bbe59a9d5c3be347e7ab65ad08345129,0.86,0.813953,4.999997,0.16279069767441862,-5.793730373574756
https://hashdive.com/Analyze_User?user_address=0x12c879cf99ec301cd144839e798dc87e9c2e4a62,0.9,0.555555,4.999995,0.1111111111111111,-5.93142750947858
https://hashdive.com/Analyze_User?user_address=0x9f0e131dd3af8c6a2aa78e067bceca1ebb2db109,0.9,0.555555,4.999995,0.1111111111111111,-3.1075667057107252
https://hashdive.com/Analyze_User?user_address=0xca26be6c2a2a13cb00e0da5769d2ab65296470b9,0.9,0.555555,4.999995,0.1111111111111111,-7.562573973639135
https://hashdive.com/Analyze_User?user_address=0xae4076db4999dbabd8a792ed3ed37f174d8c001b,0.9,0.555555,4.999995,0.1111111111111111,-1.3305044510366606
https://hashdive.com/Analyze_User?user_address=0x4cdb9087082ac69e3928a2998028047d6a7ec96c,0.869999,0.747131,4.999993,0.14942640919697286,0.22797825864241383
https://hashdive.com/Analyze_User?user_address=0xc98208ea25c3966eb357cecd1069fb2146f21bfc,0.869999,0.747131,4.999993,0.14942640919697286,-1.4504265039630093
https://hashdive.com/Analyze_User?user_address=0xfd3d038b2ddeccade6f4a9ead0989458b6b1235f,0.92,0.434782,4.999993,0.08695652173913043,1.8320820199194456
https://hashdive.com/Analyze_User?user_address=0x57d57f5fafdc416560209a3221eae8846c37e5a7,0.869999,0.747131,4.999993,0.14942640919697286,-0.20587206607974945
https://hashdive.com/Analyze_User?user_address=0x3fcd8015d9e0ce0608fc28b44751473f2baadf2a,0.869999,0.747131,4.999993,0.14942640919697286,-0.6218249414045017
https://hashdive.com/Analyze_User?user_address=0x3fcd8015d9e0ce0608fc28b44751473f2baadf2a,0.879999,0.681823,4.999993,0.13636479091070727,-0.6218249414045017
https://hashdive.com/Analyze_User?user_address=0xc9523bb363b40c04722c9bcf36a5caef243248ef,0.869999,0.747131,4.999993,0.14942640919697286,-0.1173638313736097
https://hashdive.com/Analyze_User?user_address=0x484d61533a2f1a6576871250b838c851d742dd20,0.869999,0.747131,4.999993,0.14942640919697286,9.514524387444824
https://hashdive.com/Analyze_User?user_address=0x45107c2f8488a7d64a209ca304c93a344f6ce1e4,0.869999,0.747131,4.999993,0.14942640919697286,-0.0125806695225799
https://hashdive.com/Analyze_User?user_address=0xf2dfd44d839b8dc2e788a9100f24fb658c5dfe40,0.859999,0.813959,4.999993,0.16279202790883907,2.887940216394245
https://hashdive.com/Analyze_User?user_address=0xe6c9b985ed71c1944b509a08877042c863de3aa6,0.869999,0.747131,4.999993,0.14942640919697286,-2.0997741918955968
https://hashdive.com/Analyze_User?user_address=0xfff2af2aa6713b0ac45d7c89ca38576f2d296117,0.879999,0.681823,4.999992,0.1363648181837091,6.98185295633753
https://hashdive.com/Analyze_User?user_address=0x1324fa3bf1c1608539abb2ce5020655af40453ed,0.849999,0.882358,4.999992,0.17647188235501177,0.1581188828430112
https://hashdive.com/Analyze_User?user_address=0xaf348ed5bfec782777e6fc04d1efe718a6b686b5,0.849999,0.882358,4.999992,0.17647188235501177,0.20660968250815948
https://hashdive.com/Analyze_User?user_address=0xd349affb2dfac03a1a341b19b46049fe74df4f51,0.879999,0.681823,4.999992,0.1363648181837091,-1.3559650083401011
https://hashdive.com/Analyze_User?user_address=0x253c7cf953f82f2c9a977b600c30415464c6619a,0.869999,0.747131,4.999991,0.14942646896764414,4.730683351687175
https://hashdive.com/Analyze_User?user_address=0x50a832e2f544cd4a6842fac5fcc5a4425684143f,0.869999,0.747131,4.999991,0.14942646896764414,0.10416235324260685
https://hashdive.com/Analyze_User?user_address=0x6821b41ef06df4ed3b67eae75f768cd45face666,0.869999,0.747131,4.999991,0.14942646896764414,0.3578338510197233
https://hashdive.com/Analyze_User?user_address=0x259ea8671d62f936c49992c30c47b665ecda5649,0.869999,0.747131,4.999991,0.14942646896764414,0.048609953986309615
https://hashdive.com/Analyze_User?user_address=0x9db960af176fdf509666737634dd1f23fbecfe75,0.365612,0,4.999990522488,0,-0.1863308169734889
https://hashdive.com/Analyze_User?user_address=0x21847a6719b75dd66e22432a86932b5fe44749a0,0.326732,0,4.999989271228,0,-0.0485852867857415
https://hashdive.com/Analyze_User?user_address=0xe6e4593fbcee868179bf26ba409dc5ed36b6c6b6,0.889999,0.617982,4.999989,0.1235966719126782,-1.8177881051640403
https://hashdive.com/Analyze_User?user_address=0x8c12a701136200b356eebd84e7604ea0a766dd7d,0.889999,0.617982,4.999989,0.1235966719126782,16.761054627220403
https://hashdive.com/Analyze_User?user_address=0xef40272719075efd8d5a16e4ae782b60ee35f08d,0.969999,0.149355,4.999989,0.029871065716344573,-5.406639588879793
https://hashdive.com/Analyze_User?user_address=0xe9534af589884f6eef25f5743f89d0eb665ebb63,0.889999,0.617982,4.999989,0.1235966719126782,-6.891668830287109
https://hashdive.com/Analyze_User?user_address=0xcf22a157c4b5a7001b0cdb427d1206108aa9646f,0.849999,0.882357,4.999988,0.17647182353237648,-23.672438001306922
https://hashdive.com/Analyze_User?user_address=0x48a773405ce7d6f030ad4e693d4496004b2975bd,0.849999,0.882357,4.999988,0.17647182353237648,-2.7805994019176348
https://hashdive.com/Analyze_User?user_address=0x0206bed66886c6767dd6ecdbada8e50a16d582b5,0.849999,0.621187,4.999988,0.12423769817047561,-3.4193518963904928
https://hashdive.com/Analyze_User?user_address=0xeddc0d1554fe4e4084fb657f0cbe0ebb5971d7e3,0.369999,0,4.999985926488001,0,4.604216370503077
https://hashdive.com/Analyze_User?user_address=0x53846989acd2be45404878227fd93ebc51c87408,0.359999,0,4.999985431113,0,25.1200522943414
https://hashdive.com/Analyze_User?user_address=0x48871418488f5ba1d4333a7a0a173083769b16e4,0.359999,0,4.999985431113,0,5.940852465782529
https://hashdive.com/Analyze_User?user_address=0xea553ceb1e81a9369597d632f065860fbf782b03,0.85,0.882,4.998,0.1764705882352941,0.8751079844368894
https://hashdive.com/Analyze_User?user_address=0xa22dc7164f0f794ff145c333a035f295fb49ea45,0.998,0.005,4.99,0.001002004008016032,-1.0721123131456454
https://hashdive.com/Analyze_User?user_address=0xa06ca3993e39dd1c497bdb38c870511416b475dd,0.997,0.015,4.985,0.003009027081243731,-1.1357126135098592
https://hashdive.com/Analyze_User?user_address=0x13c0094c6f86585bdda86db376ddfeb3987d70aa,0.869999,0.744142,4.979987,0.14942649448683298,-0.05484802313111687
https://hashdive.com/Analyze_User?user_address=0x9fb371ef62089b03b391bc4ab7f21dfa591afb48,0.869999,0.741154,4.959991,0.1494264808141789,-0.1773009008186684
https://hashdive.com/Analyze_User?user_address=0x9f78c8998ea49e4ebf309624cd0d5176e05f5021,0.869999,0.736671,4.929989,0.14942649973458358,0.10044803813620112
https://hashdive.com/Analyze_User?user_address=0x0d13240af375c3d8729dd406ded0bc225d1d175b,0.969999,0.152479,4.929987,0.03092888480233315,-13.301446108443942
https://hashdive.com/Analyze_User?user_address=0x06db284324d3e2d9df39a94600114909205cdc01,0.869999,0.732188,4.899987,0.14942651888668274,0.11267741003631554
https://hashdive.com/Analyze_User?user_address=0x4de49476671726e7567277a4bc8499f31a1210a2,0.869999,0.730694,4.889989,0.14942651200237872,-0.03808362215099799
https://hashdive.com/Analyze_User?user_address=0x0fbe403d7fbecad0c3cb17a3b4a0b2990e86f5ab,0.869999,0.730694,4.889989,0.14942651200237872,-0.037118849139980384
https://hashdive.com/Analyze_User?user_address=0x2b1cfb3953f79d1f3eb404f6127e9a312a7076e4,0.87,0.727701,4.869999,0.14942528735632185,-0.19096936807636675
https://hashdive.com/Analyze_User?user_address=0x8c6ea67bb987f9a1c2a680f467d290058b167c63,0.87,0.726206,4.859994,0.14942528735632182,0.0004041960938533752
https://hashdive.com/Analyze_User?user_address=0xd4ad23e23c900291403e2c7e97e085f8c3468ac8,0.971,0.12,4.855,0.024716786817713693,0.7633063016408639
https://hashdive.com/Analyze_User?user_address=0x97aa5dd9b1bfe3e6e9aed7890341edcb23ab24b8,0.869999,0.720234,4.819988,0.14942651309505334,-0.08927788467947059
https://hashdive.com/Analyze_User?user_address=0x765153ea3b13bb0976aee53f2c72d35adb71f456,0.87,0.7176,4.8024,0.14942528735632185,0.0014333473189142396
https://hashdive.com/Analyze_User?user_address=0xbc2fdaec3cd4f124f99e52d1226672ec116cd927,0.9,0.532222,4.789998,0.1111111111111111,-1.1496701519860681
https://hashdive.com/Analyze_User?user_address=0xb6698e36b17710a39f38fd34144c15128244d7ae,0.869999,0.715752,4.789994,0.149426491974729,-0.008837489525479473
https://hashdive.com/Analyze_User?user_address=0xc6c113cbb58eac3700f739da1b4971c910584866,0.829999,0.981089,4.789992,0.20482059260224234,-7.844285109930943
https://hashdive.com/Analyze_User?user_address=0xc9d3d8b36625e6eee5185b52634127711eac2c90,0.869999,0.712763,4.76999,0.14942651871387572,-0.10203821012550907
https://hashdive.com/Analyze_User?user_address=0xe92c5de3da0797dd39e4308c4f3019ca28c8c200,0.869999,0.70828,4.739989,0.1494265071079279,-0.012088244864969093
https://hashdive.com/Analyze_User?user_address=0x85e911a024512a0928d6b05dca5f1e14ce5305ec,0.869999,0.70828,4.739989,0.1494265071079279,0.08112422851803375
https://hashdive.com/Analyze_User?user_address=0x572f089922957d12632de461e841fac38ce937b2,0.869999,0.705292,4.719992,0.14942652445173635,-0.06953569197212353
https://hashdive.com/Analyze_User?user_address=0xa8b80191952e27db609acfabadab866034e332e9,0.869999,0.694832,4.649993,0.1494264615022001,-0.4427009257761724
https://hashdive.com/Analyze_User?user_address=0x0ee89812df622e40fca5636602186f469c69e045,0.869999,0.694832,4.649991,0.14942652577177032,0.09976524263753604
https://hashdive.com/Analyze_User?user_address=0x71af74be5a9bedc9bf763aa4a4b401b95a1ca881,0.869999,0.691844,4.629994,0.14942654353331775,-0.10488706015695373
https://hashdive.com/Analyze_User?user_address=0xf3a1191d7c101f4db56131b81ae3decff99f8811,0.869999,0.691844,4.629994,0.14942654353331775,0.018948169083482534
https://hashdive.com/Analyze_User?user_address=0xa8c0d071fec172f45b0370a4cd34b4cf6c443356,0.85,0.816,4.624,0.17647058823529413,0.004410555473320084
https://hashdive.com/Analyze_User?user_address=0x25bb2723f3011acc427805aa75ccdfa47e5f0191,0.85,0.811764,4.599996,0.17647058823529413,-0.903638655166209
https://hashdive.com/Analyze_User?user_address=0xc0e42d7ee2da73664c4c1874e6c34145f0dc3181,0.869999,0.681384,4.559992,0.1494265779413648,0.01825036410487717
https://hashdive.com/Analyze_User?user_address=0x0b7572abf642331a9eedc364d13e8112a4553f39,0.869999,0.681384,4.559992,0.1494265779413648,-0.008559487623799517
https://hashdive.com/Analyze_User?user_address=0xb6ca6caf3a27aa0452df9bd102b1fdd0e04c04ff,0.9,0.503333,4.529997,0.11111111111111112,-9.95280134089512
https://hashdive.com/Analyze_User?user_address=0xc29d4bbf91836fcc8facc5dbea91328a885340e9,0.869999,0.676901,4.529991,0.14942656618964584,-0.10169120409730699
https://hashdive.com/Analyze_User?user_address=0xe105bf55d11bf8b10c066bc65aef638ec4ce0720,0.869999,0.676901,4.529991,0.14942656618964584,0.049055005485622485
https://hashdive.com/Analyze_User?user_address=0xd877e162a3bc7f3a6af18a5e9f051c2c0474abf2,0.87,0.675402,4.519998,0.14942528735632182,-0.03892788843052274
https://hashdive.com/Analyze_User?user_address=0xf9813094df9a58cb9352d347af884efcf434e115,0.96,0.187083,4.489992,0.041666666666666664,-15.709026811532254
https://hashdive.com/Analyze_User?user_address=0x98414460caec44078c39aa092a2e8f15a8f667a3,0.869999,0.666441,4.459989,0.14942660172480243,-0.10007178183976605
https://hashdive.com/Analyze_User?user_address=0x4a7781bfdfd3cce5039e0d74874f59cfe0ab6502,0.89,0.55,4.45,0.12359550561797754,-1.9455259112234953
https://hashdive.com/Analyze_User?user_address=0x891d9287fe181a13b87c23bdfbef1741863c0739,0.869999,0.663453,4.439993,0.1494265869338082,-0.06979302882293553
https://hashdive.com/Analyze_User?user_address=0x9ddbbf72a50804f7a2ef37c81cf27391f4321fe0,0.869999,0.660463,4.419989,0.14942638997517868,-0.09702814047563935
https://hashdive.com/Analyze_User?user_address=0xb2e497415f24d24ff2800e0d60192145224c802e,0.87,0.6552,4.3848,0.14942528735632182,0.00234274118406213
https://hashdive.com/Analyze_User?user_address=0xa5259399cbf4d8d69b9bf6dfac4499fe5779f7c9,0.96,0.17784,4.38,0.0406027397260274,-0.9262458993516282
https://hashdive.com/Analyze_User?user_address=0x25bb2723f3011acc427805aa75ccdfa47e5f0191,0.849999,0.769416,4.35999,0.17647196438523943,-0.903638655166209
https://hashdive.com/Analyze_User?user_address=0x7e69eaf178a80e86f7abfbe81aefbdf2b3d2d979,0.87,0.648505,4.339995,0.14942528735632185,0.0023093995362603722
https://hashdive.com/Analyze_User?user_address=0xd423144351367586e677e735e5e9248044cba95a,0.869999,0.644026,4.309988,0.14942640211527272,-0.02565017730874034
https://hashdive.com/Analyze_User?user_address=0xd307ee63d7f08580a4105a3f1e076d411f552d75,0.869999,0.644026,4.309988,0.14942640211527272,-0.048054674290808674
https://hashdive.com/Analyze_User?user_address=0xddf0619e33904f0ecdbc42b750a319b9079dfed6,0.869999,0.644026,4.309988,0.14942640211527272,-0.022874099450021345
https://hashdive.com/Analyze_User?user_address=0x17de9d372fb16f791078f95b6fbac464b21aff8e,0.86,0.7,4.3,0.1627906976744186,-6.59059614520516
https://hashdive.com/Analyze_User?user_address=0x1fbce433e040d527076043650cb6666fd5b2f97b,0.86,0.7,4.3,0.1627906976744186,-0.2611113793043121
https://hashdive.com/Analyze_User?user_address=0x9ecfca346e4cab2f69fcf29c9537d912a6218db7,0.869999,0.635061,4.249991,0.14942643407950748,-0.036759834145940196
https://hashdive.com/Analyze_User?user_address=0xaeda9fb8692816d5133217208aecea6509902d03,0.869999,0.635061,4.249991,0.14942643407950748,-0.025813885167127334
https://hashdive.com/Analyze_User?user_address=0xdfc16898a5e2bc722486e23083a98e29b861818d,0.42,0,4.2,0,-4.866998056449054
https://hashdive.com/Analyze_User?user_address=0xb1121865c7374b1d8254c1e822352a14487e7db2,0.869999,0.626095,4.189988,0.14942644227143373,0.030983093504983454
https://hashdive.com/Analyze_User?user_address=0x938cbd13df080935c8a68a442a5d8aed60c293ca,0.869999,0.626095,4.189988,0.14942644227143373,-0.1017530736467493
https://hashdive.com/Analyze_User?user_address=0x28d9ac0cccf1256c7095ebfaf13ab1e741c14678,0.869999,0.620118,4.149988,0.14942645617288533,-0.020326784615322585
https://hashdive.com/Analyze_User?user_address=0x94a83c1d8c8277f2fe4af4f54276c6e1d9662fbb,0.869999,0.614141,4.109988,0.14942647034492557,-0.04095737328261832
https://hashdive.com/Analyze_User?user_address=0x634751464447f92ae62859123b26b4575f15aa2c,0.869999,0.612647,4.09999,0.149426462015761,-0.07930493816467582
https://hashdive.com/Analyze_User?user_address=0xb613d074c8bc6e0a7f5c1eae5a99d08b32c48bf5,0.869999,0.611153,4.089992,0.1494264536458751,-0.0626937380948305
https://hashdive.com/Analyze_User?user_address=0x7e1d6afc6d4f9034e1b7f7eb02e4955c9318e754,0.869999,0.608164,4.069988,0.14942648479553255,0.014152087947677873
https://hashdive.com/Analyze_User?user_address=0x1eadb7f3bdf655616509aef4aef5db2c988a02e8,0.869999,0.608164,4.069988,0.14942648479553255,0.05888751016922045
https://hashdive.com/Analyze_User?user_address=0x566fd7f2e05e2f0a895c1c219a42ca8ed5ff450b,0.869999,0.60667,4.05999,0.14942647641989268,-0.02974096432246244
https://hashdive.com/Analyze_User?user_address=0x281f4ba84c9186b5f777e2603e9f52e47c0a7393,0.869999,0.603682,4.039993,0.14942649653105836,-0.04733584044503757
https://hashdive.com/Analyze_User?user_address=0x54f5c3df7f36253abedcd8af09bf4786f5f2b0c7,0.869999,0.603682,4.039993,0.14942649653105836,0.03111636662254727
https://hashdive.com/Analyze_User?user_address=0x5602dc4bf59dc81419843c052ca601e19e2f9925,0.869999,0.602187,4.029988,0.14942649953300108,-0.007285923145692636
https://hashdive.com/Analyze_User?user_address=0x90158542acb926caad60a05b0766f1803fda4ee1,0.859999,0.652794,4.00999,0.16279192716191312,-0.08699442859953493
https://hashdive.com/Analyze_User?user_address=0x4887a548175d63e5089132d31d030b163f9d179d,0.87,0.597701,3.999999,0.14942528735632185,-20.039094269721836
https://hashdive.com/Analyze_User?user_address=0x23376c7e48d93cc2829ce001321c37570fdd0cb2,0.9,0.444444,3.999996,0.11111111111111112,-1.8121608375699692
https://hashdive.com/Analyze_User?user_address=0x8c16c07c9cd9da06e5f0c22c84ccb1f9c1a231a4,0.9,0.444444,3.999996,0.11111111111111112,3.188436750423789
https://hashdive.com/Analyze_User?user_address=0xd7ed26544b071123505e056b32d11c06a7ac4f5f,0.85497,0.678525,3.999994,0.1696315044472567,-11.91028521379927
https://hashdive.com/Analyze_User?user_address=0x97f5dcef3262378b2e6b3ff8e933e494a1944eb4,0.864739,0.625672,3.999994,0.15641823462735194,5.785813407143649
https://hashdive.com/Analyze_User?user_address=0xd82115af32a100fc20aaf8b1fac2f8e84696029a,0.869999,0.597704,3.999987,0.14942648563607833,-5.326054832442009
https://hashdive.com/Analyze_User?user_address=0x4988056741a7456dd32909c7b7a12e838321518a,0.9,0.442222,3.979998,0.1111111111111111,0.0046013367406691355
https://hashdive.com/Analyze_User?user_address=0x0cd70d429063353fcec11d8a8f2007be430ecf6d,0.869999,0.594716,3.979991,0.14942646855231584,-0.034987883865840334
https://hashdive.com/Analyze_User?user_address=0x934f05085c08b595e5ee7732d21406a3fa08696f,0.385752,0,3.9599911612799996,0,-11.199297961337342
https://hashdive.com/Analyze_User?user_address=0xf5fc2a145c78a9b913bcd6b1f403fa3bf7dbdcb4,0.869999,0.587245,3.929993,0.14942647480542587,-0.04277192219555155
https://hashdive.com/Analyze_User?user_address=0xfe5ae3bb3595738046e5e938c4d4603d72a7b305,0.869999,0.579774,3.879995,0.1494264812196923,-0.12433042214086783
https://hashdive.com/Analyze_User?user_address=0xc44843e303a43bd029709f68ef2e5b3585ebd37d,0.869999,0.578279,3.86999,0.14942648430616098,-0.04904247754940451
https://hashdive.com/Analyze_User?user_address=0x825de2c66deb08d20bea7c2787df598d49eaf451,0.869999,0.578279,3.86999,0.14942648430616098,-0.08338669618784106
https://hashdive.com/Analyze_User?user_address=0x2ed433527c123c828104f882e9d72a957bdadb8d,0.869999,0.576785,3.859991,0.1494265142068984,0.0369198129587137
https://hashdive.com/Analyze_User?user_address=0x435d6465f4ff8d3967b2450a2c4cab0ae717ea1f,0.869999,0.573797,3.839995,0.14942649664908417,-0.02857438229410449
https://hashdive.com/Analyze_User?user_address=0xd7c2281125eaaf0c94e39ff8156b84c73c237188,0.869999,0.569314,3.809993,0.1494265212560758,-0.03309455194835302
https://hashdive.com/Analyze_User?user_address=0x26f025b8b1118865e017db44294c94799be1361f,0.38,-0.1,3.8,-0.026315789473684213,-0.1889536049278357
https://hashdive.com/Analyze_User?user_address=0x912a2178e3366c47529df0251ded5f9960ee1028,0.38,0,3.8,0,9.99240098099381
https://hashdive.com/Analyze_User?user_address=0x07e587fab3f2b9df5656d9741415d0363cd7369e,0.869999,0.56782,3.799995,0.1494265124033058,-0.05309288563352523
https://hashdive.com/Analyze_User?user_address=0x6016efcc347cf8bf031b9ede590111c45ca4e1ec,0.869999,0.56782,3.799995,0.1494265124033058,-0.06902840025421135
https://hashdive.com/Analyze_User?user_address=0x8bb1535e1814b5b2b8336754357d01e331a6ce5f,0.869999,0.566325,3.78999,0.1494265156372444,-0.027107571214363916
https://hashdive.com/Analyze_User?user_address=0x5126c48dd31c257537d697b1834232e3b65bd34b,0.869999,0.564831,3.779992,0.14942650672276556,-0.049030876102451666
https://hashdive.com/Analyze_User?user_address=0x8a5a192afaa29f2373ab69cd907784f237ccabbe,0.869999,0.563337,3.769993,0.1494265373967538,0.010230347317159785
https://hashdive.com/Analyze_User?user_address=0xa4a3ba3f6c56ceff2e3b9d8a83dd801f25fb7351,0.869999,0.563337,3.769993,0.1494265373967538,-0.08811661221897553
https://hashdive.com/Analyze_User?user_address=0xc883c72e951511e9db2cee9542767e77db8035ff,0.75,1.25,3.75,0.3333333333333333,-11.22983839471781
https://hashdive.com/Analyze_User?user_address=0x9bcc6e51c29fee702190175f22af48a755b9588a,0.869999,0.560348,3.74999,0.1494265318040848,-0.03054443204861792
https://hashdive.com/Analyze_User?user_address=0x6071958b29f4da235c984d6f9d6aa35a2c18c93b,0.869999,0.560348,3.74999,0.1494265318040848,0.08361198735862216
https://hashdive.com/Analyze_User?user_address=0x7b052a205d8caef90f7e8242e921eb1f88174ee2,0.984999,0.0565,3.709965,0.015229254184338667,-2.7047350017699925
https://hashdive.com/Analyze_User?user_address=0x617af91f3de153a22e5e74988ced9f7d27d3aa05,0.869999,0.552877,3.699992,0.1494265393006255,-0.03873790950338052
https://hashdive.com/Analyze_User?user_address=0xb3753672c9cdcef65ce469683adbb6d2bcdc59d6,0.36,0,3.6359999999999997,0,-1.8424592261506518
https://hashdive.com/Analyze_User?user_address=0x39b5e411a15c21e429db2590bf0e2e65a41e3164,0.869999,0.539429,3.609994,0.14942656414387395,-0.014924346039270155
https://hashdive.com/Analyze_User?user_address=0x081de0b5794cce23bca72decb6dd325e7266d971,0.869999,0.539429,3.609994,0.14942656414387395,-0.019528281746371508
https://hashdive.com/Analyze_User?user_address=0x9024c19377e4c20aa0d643e075c506d0cba639ec,0.869999,0.533452,3.569994,0.14942658166932496,-0.01563044396058154
https://hashdive.com/Analyze_User?user_address=0x3bf1492ac580848f6fc879771cdf359dc5c440fc,0.869999,0.531957,3.559995,0.1494263334639515,-0.12653947052974623
https://hashdive.com/Analyze_User?user_address=0x2922bd7a80178cb16a38e8ffe0060bc55991df6f,0.869999,0.531957,3.559995,0.1494263334639515,-0.0027977757672952
https://hashdive.com/Analyze_User?user_address=0xef04dd313777e0e0dd3e46e0b9709e49076e88c3,0.78,0.999999,3.545453,0.2820511229453613,-23.227890422269862
https://hashdive.com/Analyze_User?user_address=0x4d3ff60871fdee2d544cffc41672d1ab8c4a384f,0.84,0.67238,3.529995,0.19047619047619047,-0.20210735437363958
https://hashdive.com/Analyze_User?user_address=0x0a12e324309f113097d6fd27f87961daf83807b1,0.869999,0.52598,3.519995,0.14942634861697246,-0.034074838463248006
https://hashdive.com/Analyze_User?user_address=0x674fd0efb62632fad2cdaaff83530117864618ac,0.869999,0.524485,3.50999,0.14942635164202744,-0.04685426906261762
https://hashdive.com/Analyze_User?user_address=0xbd826ec50c82ca68491281fae9be0da9c585061f,0.869999,0.514025,3.439989,0.1494263499098398,0.05395685456560308
https://hashdive.com/Analyze_User?user_address=0xa1ac05f1e74e475bd3aaefee8c993122e2e1058e,0.869999,0.508048,3.399989,0.14942636579118346,-0.029195441316616833
https://hashdive.com/Analyze_User?user_address=0x6da662aa74eee804c7404a5c56a7b2d5ea87b3b6,0.869999,0.50506,3.379992,0.1494263891748856,-0.06508107197417512
https://hashdive.com/Analyze_User?user_address=0xae1ab321cc2f00dc5d1af12f07e6740375696f23,0.869999,0.503566,3.369994,0.14942637880067441,-0.029648309066777304
https://hashdive.com/Analyze_User?user_address=0xcbf26595fd17bdaff5bcd0e0ba12bd836d41b58b,0.87,0.493103,3.299997,0.14942528735632185,-0.03731348205727687
https://hashdive.com/Analyze_User?user_address=0xaa9d6c1254706fedcdb4a9cc8dab26d1b5734b52,0.869999,0.488623,3.269991,0.1494264051491273,-0.12072855219850087
https://hashdive.com/Analyze_User?user_address=0xcd8be376b35a73db043b35d04839d637566888bc,0.369999,0,3.2399905932450004,0,10.867977178233366
https://hashdive.com/Analyze_User?user_address=0xbd585ea3f56cd070ff91d8f42c1dc2f2e4db499a,0.869999,0.48414,3.239989,0.14942643323789062,0.010631650194443676
https://hashdive.com/Analyze_User?user_address=0xe4ae0abc170ac6a58131327598e1f2d3c7256d82,0.869999,0.482646,3.229991,0.1494264225504034,0.0018415313495190255
https://hashdive.com/Analyze_User?user_address=0xfdeb34233e3c556730de49c19ab4bcd8eb04f05d,0.869999,0.481152,3.219993,0.1494264117965474,0.08896779159377322
https://hashdive.com/Analyze_User?user_address=0xcb7082ac2ee80a903b4e2a1e02a905fb2fea6eca,0.869999,0.481152,3.219993,0.1494264117965474,-0.07091914497047795
https://hashdive.com/Analyze_User?user_address=0xab895805ba08a3b8a4204f9f717064d177a73b4b,0.869999,0.478163,3.199989,0.14942645115342584,-0.058139291548122404
https://hashdive.com/Analyze_User?user_address=0x276fda55a76e6303145a2dab3a5c8d4788c8f6d8,0.869999,0.475175,3.179993,0.1494264295550336,-0.08103588751718181
https://hashdive.com/Analyze_User?user_address=0x14340404b44afd7308b10d48c38564678f3d0188,0.869999,0.473681,3.169994,0.1494264657914179,-0.07284713571318328
https://hashdive.com/Analyze_User?user_address=0x02eaf6454e8db46435ddb8bb1a15d4b6470af793,0.87,0.467701,3.129999,0.14942528735632182,0.06263273028971435
https://hashdive.com/Analyze_User?user_address=0x6724d4f56370a50357e886668fdd14a1a0ce60e0,0.87,0.466206,3.119994,0.14942528735632182,-0.02764980689325488
https://hashdive.com/Analyze_User?user_address=0xb111a7945df9d4d36f729bdd1459d1649ca45a2e,0.87,0.466206,3.119994,0.14942528735632182,-0.06115318178312506
https://hashdive.com/Analyze_User?user_address=0x47b8710b635a00433dea28114fb10919bd718093,0.869999,0.461727,3.089995,0.1494264553826139,-0.03942593935880352
https://hashdive.com/Analyze_User?user_address=0xc02913fc27af40438fae0c55fb7089b76918c141,0.389999,0,3.059991433848,0,12.545074512884389
https://hashdive.com/Analyze_User?user_address=0x855f22fe7618bc74bdc975a1426631443d097990,0.869999,0.45575,3.049996,0.1494264254772793,-0.005369992082265938
https://hashdive.com/Analyze_User?user_address=0xa7f405cacc7354083db3c9b1d751d92a88600fc9,0.359999,0,3.0299909833350003,0,-12.483878400878234
https://hashdive.com/Analyze_User?user_address=0x1149e9184cf6de1b6da9858e673871ab48b75d1b,0.869999,0.451267,3.019994,0.14942645581415062,-0.012400208760524927
https://hashdive.com/Analyze_User?user_address=0xaf1d6ebe62519419f93f58473dbdcb895c9987b1,0.869999,0.449773,3.009996,0.14942644442052413,-0.04842577693227776
https://hashdive.com/Analyze_User?user_address=0x4093c4ff99346cf991cb9cfbc195e7fd999a3b9f,0.91,0.296703,2.999997,0.0989010989010989,5.721773924864941
https://hashdive.com/Analyze_User?user_address=0xc250a1a4b2372bd71338f487467254cc514c7a9f,0.9,0.333333,2.999997,0.1111111111111111,8.670862541918833
https://hashdive.com/Analyze_User?user_address=0x35d083fb4c47ec983d8b05a84609f44de6b40176,0.84,0.571428,2.999997,0.1904761904761905,1.087567159783103
https://hashdive.com/Analyze_User?user_address=0x6c803c9e543820b4b47d47da2f1e9734f117b438,0.9,0.333333,2.999997,0.1111111111111111,6.609465517337067
https://hashdive.com/Analyze_User?user_address=0xd522e0423489ac7685c20c27009916bbdd8e3c63,0.859999,0.488375,2.999996,0.16279188372251163,-0.9323952706881644
https://hashdive.com/Analyze_User?user_address=0x8fdc6ae9f95ffc6b786219662f574dc342f04958,0.859999,0.488375,2.999996,0.16279188372251163,-1.970703845235121
https://hashdive.com/Analyze_User?user_address=0xcd949bf68364ba9fde0777922deea6a039fcde6f,0.859999,0.488375,2.999996,0.16279188372251163,-0.34344402405537827
https://hashdive.com/Analyze_User?user_address=0x53228503845b0a72b9a827c626e1e13e1e748181,0.869999,0.309603,2.999995,0.10320117200195333,0.8528847008676299
https://hashdive.com/Analyze_User?user_address=0xae4076db4999dbabd8a792ed3ed37f174d8c001b,0.869999,0.448279,2.999995,0.14942658237763728,-1.3305044510366606
https://hashdive.com/Analyze_User?user_address=0xea918e92357d43499e895966f05b18da6dcd3833,0.879999,0.409094,2.999995,0.1363648939414899,-5.890984538521202
https://hashdive.com/Analyze_User?user_address=0x97f5dcef3262378b2e6b3ff8e933e494a1944eb4,0.87539,0.427043,2.999994,0.1423479513625694,5.785813407143649
https://hashdive.com/Analyze_User?user_address=0xb7d86a37321a5b53929eb6b668e0a99cb2ca1a7b,0.87664,0.422156,2.999993,0.14071899501098836,-0.8962985134779409
https://hashdive.com/Analyze_User?user_address=0x80c896044fac31754fb7786c1e667b563b63c416,0.869999,0.448278,2.999991,0.14942644827934484,-1.553003927735008
https://hashdive.com/Analyze_User?user_address=0x149282462bf82f5f1d05caa924b06fda1b01b69e,0.869999,0.448278,2.999991,0.14942644827934484,0.10131845228394482
https://hashdive.com/Analyze_User?user_address=0xadae6cefd8724ad0637685aa3e0dfe9223f834d7,0.869999,0.448278,2.999991,0.14942644827934484,0.01841389242361361
https://hashdive.com/Analyze_User?user_address=0x4f27bd19bcf91ff6717a2ae454f3cccd645dec19,0.879999,0.409093,2.99999,0.13636478788262626,-10.463231938190606
https://hashdive.com/Analyze_User?user_address=0xf7c548aafc157dbb7426ea683b63d8aec7bc20de,0.873306,0.435219,2.999984,0.14507377372679323,2.8784668735552206
https://hashdive.com/Analyze_User?user_address=0xae98fba13ba62a8d514590cdb94df24b690181bc,0.869999,0.437819,2.929996,0.14942648385868104,-0.07255947696949702
https://hashdive.com/Analyze_User?user_address=0xf68e1b3e217a2f3c88468f07f56c153d06451f93,0.869999,0.437819,2.929996,0.14942648385868104,0.01744409992250547
https://hashdive.com/Analyze_User?user_address=0x9b398c181578fe99c4d7f04435e6a2ca54eb3d41,0.869999,0.43483,2.909993,0.1494264762836199,0.07617523159642646
https://hashdive.com/Analyze_User?user_address=0x0f036a614808d303493a6d1fa8b624add808ff24,0.869999,0.43483,2.909993,0.1494264762836199,-0.057021391409449174
https://hashdive.com/Analyze_User?user_address=0xa6ade903410786cd4d866df6fa7f2fcd89a0137b,0.869999,0.430347,2.879991,0.1494265086245061,-0.05954668667981448
https://hashdive.com/Analyze_User?user_address=0xd3d077e4ee97e78500479f074101f2acd5092156,0.98,0.058571,2.869979,0.020408163265306124,-2.6277442361149377
https://hashdive.com/Analyze_User?user_address=0x5ebf47ec99e917e51f598d71edda88b4d45ef7c7,0.869999,0.422876,2.829993,0.1494265180161223,0.015193546342384116
https://hashdive.com/Analyze_User?user_address=0x7b9c75fc81d6ac97f3260bf4a3439666f0634d9a,0.869999,0.422876,2.829993,0.1494265180161223,-0.015026411869097334
https://hashdive.com/Analyze_User?user_address=0xbaa4150fbfb45e6a67912e8fae711a226845478c,0.869999,0.421382,2.819994,0.14942655906360083,-0.042964256722442286
https://hashdive.com/Analyze_User?user_address=0x82dbbce7f77d3a5d8234d66873077c3de877e563,0.869999,0.421382,2.819994,0.14942655906360083,-0.03959722138250174
https://hashdive.com/Analyze_User?user_address=0x0a539d2c7028ae1b573270009e1fecca82c07714,0.869999,0.413911,2.769996,0.14942656956905354,-0.09522798797336662
https://hashdive.com/Analyze_User?user_address=0x4cabc363b5726d1152bbe172cec4633ec4e87335,0.869999,0.412416,2.759991,0.14942657421708985,-0.0005567301948053756
https://hashdive.com/Analyze_User?user_address=0x5c865e0e43abf7d6c883b23afc17c45184e7dba9,0.869999,0.410922,2.749993,0.14942656217670372,-0.11553994303437123
https://hashdive.com/Analyze_User?user_address=0x26ad519227dd90860a6b91bef4a44047c0176c99,0.9,0.3,2.7,0.1111111111111111,-5.77275840243718
https://hashdive.com/Analyze_User?user_address=0x16294daca87fb6b3fd9fd4c4beab035412dc822d,0.869999,0.403451,2.699995,0.14942657301217224,-0.024771575378365763
https://hashdive.com/Analyze_User?user_address=0xdb06f12b2e6f6a1049fb9db8453fbb6a2182866f,0.869999,0.397474,2.659995,0.1494265966665351,-0.05067560751850528
https://hashdive.com/Analyze_User?user_address=0x41f1b5cff561cd62eb87cd8d28daab2fd2f564a6,0.869999,0.395979,2.649996,0.14942626328492573,-0.04460749177583603
https://hashdive.com/Analyze_User?user_address=0x991f9d1f66ef44201b63b2b624b6e42a64b9418e,0.87,0.39,2.61,0.14942528735632185,-0.06909300728817952
https://hashdive.com/Analyze_User?user_address=0x9c683310851dedcfd1cf83543ae398b3763cb89c,0.869999,0.387013,2.589993,0.14942627258065946,0.003645016890408889
https://hashdive.com/Analyze_User?user_address=0x8628d1c344ef238f699bc8db9c3b1ce0454dd7fa,0.869999,0.387013,2.589993,0.14942627258065946,-0.11194177597722457
https://hashdive.com/Analyze_User?user_address=0xaf3456875e49f8a5d5bec38ec447777f8c3e42d6,0.869999,0.384024,2.56999,0.14942626235899747,-0.0033248375608167227
https://hashdive.com/Analyze_User?user_address=0xc3aeca7fa9c905f122570db950d30a50e7738da9,0.869999,0.38253,2.559992,0.14942624820702566,-0.053271872352436925
https://hashdive.com/Analyze_User?user_address=0xd8b12be7f28ab72d657ba9bf569e6aff1a81cc4c,0.869999,0.38253,2.559992,0.14942624820702566,-0.03826270204255065
https://hashdive.com/Analyze_User?user_address=0xe6ee053140544032c265122934badf87a3f32bbb,0.97,0.077937,2.519963,0.030927835051546393,3.9741725359308235
https://hashdive.com/Analyze_User?user_address=0xacdeb22ad426949ccaaeffffe488fdf0a2cbed20,0.869999,0.373565,2.499996,0.14942623908198252,1.347896893307718
https://hashdive.com/Analyze_User?user_address=0x94a6bdc8ee6442c31e99c50b2c2e97e7bb57c40a,0.371965,0,2.499995735215,0,5.897840567674823
https://hashdive.com/Analyze_User?user_address=0xd92d3d49c30c8b8d2831d38fa60334b676787740,0.369999,0,2.499992593245,0,4.8136668800388795
https://hashdive.com/Analyze_User?user_address=0xdf4fc964a46e0266947ff5a89f92fdfdde2f5071,0.869999,0.37207,2.48999,0.14942630291687917,-0.05162499650663518
https://hashdive.com/Analyze_User?user_address=0xae1954a8a715917b3a5d5e3c57bf9e85efb23e60,0.869999,0.370576,2.479992,0.1494262884718983,0.009408599195447027
https://hashdive.com/Analyze_User?user_address=0x5ecb75aec8869e849fb226aa7944c1df9fcfd94e,0.869999,0.370576,2.479992,0.1494262884718983,-0.14176714426083145
https://hashdive.com/Analyze_User?user_address=0x9c689295f2117c6ccd3596c44318f9b9ec5aa45b,0.87,0.363103,2.429997,0.14942528735632182,-0.08871657967731542
https://hashdive.com/Analyze_User?user_address=0x903cb5db0d0da0b58479a828d19420087338b459,0.849999,0.423531,2.399994,0.17647169117922795,1.8396746450123929
https://hashdive.com/Analyze_User?user_address=0x9538d375159af9340793563a85255ea460074736,0.98,0.04857,2.37993,0.020408163265306124,2.4108311535632105
https://hashdive.com/Analyze_User?user_address=0xab0f1125426b5373b8f6ea7b85e57b2063562cfd,0.869999,0.354139,2.36999,0.14942636888763242,-0.024693611515735656
https://hashdive.com/Analyze_User?user_address=0x90fa41eb2b2679631fef381cb412dae285130d37,0.869999,0.345174,2.309994,0.14942636214639518,-0.0019796934610239706
https://hashdive.com/Analyze_User?user_address=0x9d4c7a4f85bcaa657f24cd1c211937fbb08e24e8,0.879999,0.313638,2.299994,0.13636470356009625,0.7670828797611494
https://hashdive.com/Analyze_User?user_address=0x970fd81fb7f60149b3fbaa194388ee9c20f06700,0.869999,0.342185,2.28999,0.14942641670924328,-0.04038353230463622
https://hashdive.com/Analyze_User?user_address=0xeae06bbe236e206fc2ab90053cefe9675a1ff4d7,0.869999,0.342185,2.28999,0.14942641670924328,0.003656064382339853
https://hashdive.com/Analyze_User?user_address=0xc69b6180ff93c0270d7b4054b3ceae11b6a73fa0,0.87,0.337701,2.259999,0.14942528735632182,-0.032966687456918116
https://hashdive.com/Analyze_User?user_address=0xa426ebb809a410d370a9c1e7eef3876c2677fb15,0.87,0.336206,2.249994,0.14942528735632185,-0.015879781844706085
https://hashdive.com/Analyze_User?user_address=0xc4dea131f22937090d771927009c5ec6543156a4,0.87,0.336206,2.249994,0.14942528735632185,-0.004264930586973025
https://hashdive.com/Analyze_User?user_address=0xc3b902605d2a8fcd69f8bb8a7dee963318c3d2f6,0.869999,0.334714,2.239993,0.14942635981451727,-0.0256693023747792
https://hashdive.com/Analyze_User?user_address=0x42e7773eefbc021e978bc780a12661942d0963cc,0.869999,0.33322,2.229994,0.14942641101276508,-0.040254545739906646
https://hashdive.com/Analyze_User?user_address=0xba1b607c4fce89d65a7844a01a99548b00b10aea,0.869999,0.330231,2.209991,0.14942640037900606,0.02115025837908128
https://hashdive.com/Analyze_User?user_address=0x0ecbcd52b1f09b78585bb2f4c28cf2ae63583f7a,0.869999,0.330231,2.209991,0.14942640037900606,-11.411435634507827
https://hashdive.com/Analyze_User?user_address=0xe351d33bc09153f6e4c3947321fde2dd27c4670b,0.44,0,2.2,0,-0.1320852793324832
https://hashdive.com/Analyze_User?user_address=0x8c434da34de6b1534ee271c02c7c2a9d398526fe,0.349999,0.062806,2.199992914288,0.028548273765839093,-1.8893807766625201
https://hashdive.com/Analyze_User?user_address=0x15ec12c3d895a38430a8c95898042040a57fabac,0.43,0,2.15,0,3.367628954171904
https://hashdive.com/Analyze_User?user_address=0x175150945e2d01e23100320e5893127a88eb7928,0.869999,0.321266,2.149995,0.1494263940148698,-0.11021453008716006
https://hashdive.com/Analyze_User?user_address=0xcccd73093336da69cc33a3cef3c1c0c05fa66c1f,0.869999,0.321266,2.149995,0.1494263940148698,0.022230377085562386
https://hashdive.com/Analyze_User?user_address=0xfcab68e5e0295e9620ecc51c454e5648de417031,0.88,0.28203,2.09,0.13494258373205742,-14.565228197667977
https://hashdive.com/Analyze_User?user_address=0x6a1270489ae2731f46b9934806e7eb7ac3cf1f03,0.869999,0.3123,2.089992,0.14942640928769105,-0.01183175862584816
https://hashdive.com/Analyze_User?user_address=0x83592c66207fc3f85b969e3c3861533c06d32308,0.859999,0.33535,2.059992,0.16279189433745375,-8.00666319813832
https://hashdive.com/Analyze_User?user_address=0xd3e95db6387c48bfebf9403471693428fe89e9de,0.978999,0.044189,2.059953,0.021451460300307822,-5.133832435271824
https://hashdive.com/Analyze_User?user_address=0x9f0bd26b997453728a7b65aeba1dac84acdeb6dc,0.869999,0.304829,2.039994,0.1494264198816271,-0.0013322967352237503
https://hashdive.com/Analyze_User?user_address=0xf2f4584b5bc9349550240738744c8cda1441c36e,0.85,0.352941,1.999999,0.1764705882352941,-7.59079841126187
https://hashdive.com/Analyze_User?user_address=0x80215d5c2f0ff112ae6d767d362f3d02039672c3,0.85,0.352941,1.999999,0.1764705882352941,-1.949403229276958
https://hashdive.com/Analyze_User?user_address=0xa3115399fa7ace605fb4489a2cba7b9ed8b1438a,0.88,0.272727,1.999998,0.13636363636363635,3.9571795192467665
https://hashdive.com/Analyze_User?user_address=0xc9c05522e92cf163b16d83ff5ee24ed5fd0d175d,0.91,0.197802,1.999998,0.09890109890109891,9.233754054427532
https://hashdive.com/Analyze_User?user_address=0x9baced90d80fadfef3bb300b7e4e6f1fdbea7843,0.9,0.222222,1.999998,0.11111111111111112,7.412991452954806
https://hashdive.com/Analyze_User?user_address=0xb7fc4c32aa414a1c937126895bf137c9b2299cbd,0.9,0.222222,1.999998,0.11111111111111112,-7.894280052750449
https://hashdive.com/Analyze_User?user_address=0xb1921e50fb6aacf4a095bcce1b51fd32574aebc8,0.84,0.380952,1.999998,0.1904761904761905,-0.5976966620605754
https://hashdive.com/Analyze_User?user_address=0x851cb08de31f7a929f4daf7f2de29b0ce115da4c,0.9,0.222222,1.999998,0.11111111111111112,-0.27792127497164887
https://hashdive.com/Analyze_User?user_address=0x10314852c34275d492c5e60388d1ab134f7e45f0,0.91,0.197802,1.999998,0.09890109890109891,-3.3348448978317027
https://hashdive.com/Analyze_User?user_address=0x4f83339de54cbdfeb048c3efbe7bea27931a860e,0.9,0.222222,1.999998,0.11111111111111112,-11.860081646376756
https://hashdive.com/Analyze_User?user_address=0x28c0e79669e29b313756ee496623a81ecc4362a6,0.9,0.222222,1.999998,0.11111111111111112,-6.463342002722866
https://hashdive.com/Analyze_User?user_address=0x9fda434f611af2ae82bc45308080f6003c550bb2,0.88,0.272727,1.999998,0.13636363636363635,1.4626314620854683
https://hashdive.com/Analyze_User?user_address=0xc14fd90d4b5d3368317ff11819215391ba31d22a,0.88,0.272727,1.999998,0.13636363636363635,-8.19250458126743
https://hashdive.com/Analyze_User?user_address=0x071db80fbddb49e12dcceb3335ddfc703d5872c2,0.9,0.222222,1.999998,0.11111111111111112,8.241657104643574
https://hashdive.com/Analyze_User?user_address=0xb78310cc7ef16a8e84dbbe0da5cd44b8e8abc20c,0.9,0.222222,1.999998,0.11111111111111112,-1.162578964894235
https://hashdive.com/Analyze_User?user_address=0x6da7cc92e73288beda6906e6748ce41b63755e4f,0.88,0.272727,1.999998,0.13636363636363635,3.189838374993167
https://hashdive.com/Analyze_User?user_address=0x0d9da151ab6ea01bf4d7819deb0c2573acb92d99,0.84,0.380952,1.999998,0.1904761904761905,0.2827461804078377
https://hashdive.com/Analyze_User?user_address=0x5637e9e7518227d4290322a1d3095c865eb10d30,0.899999,0.222224,1.999997,0.11111216666825001,3.523747774927053
https://hashdive.com/Analyze_User?user_address=0x2713d0a979d1c4e353f8e11ea253888c607fcd86,0.889999,0.247193,1.999997,0.12359668539502809,0.020549151518799467
https://hashdive.com/Analyze_User?user_address=0xd104c45596ca0fe8edad9109b540b1c6a697a355,0.879999,0.272729,1.999997,0.13636470454705682,-0.4471536724048526
https://hashdive.com/Analyze_User?user_address=0x4c54e1a7b71a2d37e8e3d05dff0901a142874a72,0.919999,0.173915,1.999997,0.08695763043644565,-23.61313177101781
https://hashdive.com/Analyze_User?user_address=0x7096a7c6ba4c3edae559c397a071d0ba27ace019,0.859999,-0.023197,1.999996,-0.011598523197046393,-4.338483080930961
https://hashdive.com/Analyze_User?user_address=0xacd051e2f8422ad181037743232cac1340e0e030,0.869999,0.298852,1.999996,0.1494262988525977,-9.311646744361106
https://hashdive.com/Analyze_User?user_address=0xc7dce1d2e1bd56caac95ee7e5820e5968d8d1ab9,0.859999,0.325583,1.999995,0.16279190697976745,0.6816901187595619
https://hashdive.com/Analyze_User?user_address=0x5ddcfba69db9f2f39d559597036bc4a96a273e7c,0.859999,0.325583,1.999995,0.16279190697976745,-8.514282414696531
https://hashdive.com/Analyze_User?user_address=0x59838915798438ee86e6fcbce106fcfda55f97ae,0.859999,0.325583,1.999995,0.16279190697976745,6.396475417990821
https://hashdive.com/Analyze_User?user_address=0xd104c45596ca0fe8edad9109b540b1c6a697a355,0.859999,0.325583,1.999995,0.16279190697976745,-0.4471536724048526
https://hashdive.com/Analyze_User?user_address=0x5db65f5606e42b1520714b3394d3554beeeb80e0,0.869999,0.298852,1.999994,0.14942644827934484,-0.6112633103868099
https://hashdive.com/Analyze_User?user_address=0xdaf0357bf14000c59362a022ee5182779101b79c,0.869999,0.298852,1.999994,0.14942644827934484,-0.13429520914798926
https://hashdive.com/Analyze_User?user_address=0x7e2118c1820956f2ba8b76a43c05d6ab40f7a919,0.869999,0.298852,1.999994,0.14942644827934484,-4.75108640329824
https://hashdive.com/Analyze_User?user_address=0xb7fc4c32aa414a1c937126895bf137c9b2299cbd,0.869999,0.298852,1.999994,0.14942644827934484,-7.894280052750449
https://hashdive.com/Analyze_User?user_address=0x10314852c34275d492c5e60388d1ab134f7e45f0,0.869999,0.298852,1.999994,0.14942644827934484,-3.3348448978317027
https://hashdive.com/Analyze_User?user_address=0xb084f5b8941ba08dc454a55f0d669e88e13f94a2,0.869999,0.298852,1.999994,0.14942644827934484,0.8089446161688527
https://hashdive.com/Analyze_User?user_address=0xaa13cf4870d1cbcf7703ec1ef7b0ab9dd501a4a3,0.869999,0.298852,1.999994,0.14942644827934484,-7.177818390291371
https://hashdive.com/Analyze_User?user_address=0xb64f33ed9cdf6111b8b89761eb2ba9d864374635,0.869999,0.298852,1.999994,0.14942644827934484,0.5453357903851288
https://hashdive.com/Analyze_User?user_address=0x7b0c06456497d2a2c21a404fd8d882c9b1b37375,0.869999,0.298852,1.999994,0.14942644827934484,-0.01870357131238947
https://hashdive.com/Analyze_User?user_address=0x05d73860e5e20f1ad75273c435fe60fcc679923b,0.869999,0.298852,1.999994,0.14942644827934484,-6.0899426112901365
https://hashdive.com/Analyze_User?user_address=0xd6a8695dcacf0acf9fd1203ff1442b4498995539,0.339999,0,1.999993457649,0,-4.355673167525472
https://hashdive.com/Analyze_User?user_address=0xfaa5a9eacd9377fcaf3e25d805f45cebd3ca75fe,0.339999,0,1.999993457649,0,-4.38474898667217
https://hashdive.com/Analyze_User?user_address=0x2df259bf980b385633c63ad07027725bdead29ce,0.879999,0.181602,1.999988,0.09080154480926886,-0.38083528220042295
https://hashdive.com/Analyze_User?user_address=0x6b748e7c66f9c3136df1605b71568d2e19097193,0.869999,0.292875,1.959994,0.14942647783615665,-0.06795360572458643
https://hashdive.com/Analyze_User?user_address=0x370b22aaec663037c678dce86d0057849dd6e34b,0.39,0,1.9500000000000002,0,-2.0272020026608812
https://hashdive.com/Analyze_User?user_address=0x7b29498f1a60f9c66dd7668ddad953cd047e7c47,0.869999,0.288392,1.929992,0.1494265261203155,-0.013007297571787568
https://hashdive.com/Analyze_User?user_address=0x4f8e11d7a9d77f240ba212e2a1743dea213bcb84,0.9,0,1.919997,0,1.0905046856323066
https://hashdive.com/Analyze_User?user_address=0x7cda6606a8cb9b748e52d4c4e512acd20f147c19,0.9,0,1.919997,0,1.0905046856323066
https://hashdive.com/Analyze_User?user_address=0x090e030d7ef56b80005df262c56a4de53e1e9e7b,0.9,0,1.919997,0,1.0905046856323066
https://hashdive.com/Analyze_User?user_address=0x1790ae60a60482c5bb52ab7184123e69dd22d0ab,0.9,0,1.919997,0,1.0905046856323066
https://hashdive.com/Analyze_User?user_address=0x24a20f59f7bfff9851201aabf97c152df03b1281,0.87,0.285402,1.909998,0.14942528735632182,-0.03792305384919097
https://hashdive.com/Analyze_User?user_address=0xd6aee7af78e99c350eb5d6088a09dff84feb5351,0.869999,0.28391,1.899997,0.1494265517261343,-0.0683206292868308
https://hashdive.com/Analyze_User?user_address=0xcaf742cb58e15dddb33c63f55391b4d3dde9746c,0.909999,0.187914,1.899997,0.0989022614246233,0.9832153782415888
https://hashdive.com/Analyze_User?user_address=0xe737c2676c2e3467f05eb3aa0bc713d1a963ab76,0.869999,0.282415,1.889992,0.14942655841929492,-0.027865615323857368
https://hashdive.com/Analyze_User?user_address=0xd361a01fa2683412ebc2b958d7416b9bf76d353a,0.37,0,1.85,0,2.0314089101254367
https://hashdive.com/Analyze_User?user_address=0xfd2a08e152d426c614cef07abf13fc25ebfe7337,0.869999,0.276438,1.849992,0.14942659211499293,-0.011374411716052779
https://hashdive.com/Analyze_User?user_address=0x8835b5fdd5e8ac0f459c5acaaf8084ba942c3e3d,0.869999,0.27345,1.829996,0.14942655612361996,-0.03098487666947028
https://hashdive.com/Analyze_User?user_address=0xf5e8bd0175a8f78585cd29988f38efc777f91c82,0.869999,0.271955,1.819997,0.14942607048253376,-0.05498949465900549
https://hashdive.com/Analyze_User?user_address=0x509537f34d9f5b57326f7c74e9be75171b4d0929,0.869999,0.27046,1.809992,0.14942607481138037,0.001571260120257498
https://hashdive.com/Analyze_User?user_address=0xf0b2ccf65255a48042605f18a8e90f3d5c74fd19,0.869999,0.27046,1.809992,0.14942607481138037,-0.12405302948506544
https://hashdive.com/Analyze_User?user_address=0x5799e61cf4a0683ff634823fadcd95754a0207a4,0.849999,0.317649,1.799997,0.17647196078660132,0.214047024932293
https://hashdive.com/Analyze_User?user_address=0x453a1dc076191ca6ca7d7b864e0a424352cd2c8d,0.869999,0.264483,1.769992,0.1494260991010129,-0.013867955482848424
https://hashdive.com/Analyze_User?user_address=0x9bd3f83590916e8dbda2db0ac2c3d35ca8c5ec22,0.88,0.24,1.76,0.13636363636363635,-7.830091310248756
https://hashdive.com/Analyze_User?user_address=0xc174d86436152cc50b6a86d7f1b727d024c366f2,0.87,0.26,1.74,0.14942528735632185,-7.624260019405799
https://hashdive.com/Analyze_User?user_address=0x60b752e4064cbf3b59368ded09b83192237bc62a,0.87,0.26,1.74,0.14942528735632185,-0.023074150978743387
https://hashdive.com/Analyze_User?user_address=0x0309df3b0e7e2b0945e0beb6bb1c144ae85ff0d6,0.87,0.26,1.74,0.14942528735632185,0.0011908266810284154
https://hashdive.com/Analyze_User?user_address=0x332f82df54ce9bd2b98a0d03ec35092a4e46b8e6,0.419999,0,1.699995512382,0,-14.723343504530227
https://hashdive.com/Analyze_User?user_address=0x86e441a671ed419e25752c613d798e25a0bc69ed,0.869999,0.254023,1.699991,0.14942608519692163,-0.03758664832828292
https://hashdive.com/Analyze_User?user_address=0x8e2f361a47496e9584627674631093e9b1ae55b4,0.909999,0.168132,1.699989,0.09890181642351804,-7.792570467827468
https://hashdive.com/Analyze_User?user_address=0x7ea189269c5ec4add020a59e26690cc1aecd597f,0.869999,0.252529,1.689993,0.14942606271150236,0.01219804938554541
https://hashdive.com/Analyze_User?user_address=0xec4701b65ce344813ad1ae97ecc4f1df4f897ff7,0.9,0.184444,1.659996,0.1111111111111111,-6.227779977318403
https://hashdive.com/Analyze_User?user_address=0x63662c41a1a691359931941700b9e70062ed8dde,0.9,0.183333,1.649997,0.11111111111111112,-7.21056148125741
https://hashdive.com/Analyze_User?user_address=0x7bb2dfba199219cadc48bb4978352c9c83f3d285,0.869999,0.243564,1.629996,0.14942613356106396,-0.022744945095449803
https://hashdive.com/Analyze_User?user_address=0xdfd904c4ff41a11c04d1ffb47700177321d30f1d,0.869999,0.240575,1.609993,0.14942611551727245,0.005902852095566943
https://hashdive.com/Analyze_User?user_address=0xb9581511fef62905aeca55d7d4bed7a304940e87,0.869999,0.240575,1.609993,0.14942611551727245,-0.08339082885793882
https://hashdive.com/Analyze_User?user_address=0xa07a3c1e331a56e770d72750fd6c0efea1781fc3,0.869999,0.239081,1.599994,0.14942618534819505,0.004529650743527507
https://hashdive.com/Analyze_User?user_address=0x31a12b5567b297140126cdecc2772c4b8b077975,0.849999,0.282353,1.599992,0.1764715073575368,-4.328053110130302
https://hashdive.com/Analyze_User?user_address=0x8bf530e69ace0fc009efd215d6496636aea55589,0.9,0,1.589994,0,1.231778455314099
https://hashdive.com/Analyze_User?user_address=0xce0e68b91b98e266930460f47f1cf5048cbf677f,0.87,0.233103,1.559997,0.14942528735632182,-0.044265030037203015
https://hashdive.com/Analyze_User?user_address=0x315cb26c6869a366736ad0410944941feae70022,0.869999,0.23161,1.549996,0.14942619206759244,0.011063668800757352
https://hashdive.com/Analyze_User?user_address=0x68c941b54253697f4527c458d7ecc411dca56c8a,0.869999,0.230115,1.539991,0.14942619794531264,-0.02872552108878247
https://hashdive.com/Analyze_User?user_address=0x1f7b6b9e7562cde1565d6c02f216e87a96d21ebe,0.869999,0.227127,1.519995,0.14942614942812313,-0.03549911158086348
https://hashdive.com/Analyze_User?user_address=0x57935687e53644271ab9b39386c6d67c2051e4d5,0.869999,0.227127,1.519995,0.14942614942812313,0.02381709060473497
https://hashdive.com/Analyze_User?user_address=0x416fa0e722620ae99c8b5a916e127e9e6a56137d,0.869999,0.227127,1.519995,0.14942614942812313,-0.03978671191680216
https://hashdive.com/Analyze_User?user_address=0x712bc6660b245bab5812991a8306d4eb5f932045,0.9,0.166666,1.499994,0.11111111111111112,0.12782158052510278
https://hashdive.com/Analyze_User?user_address=0xbfc85d6aa9931a09393e683cd769d1c4fdc752f7,0.869999,0.224138,1.499991,0.14942622989071266,-0.010663922815356445
https://hashdive.com/Analyze_User?user_address=0x328aaf7edf683c0730f0809fead8d5b3c633a75a,0.869999,0.22115,1.479995,0.14942618049385303,-0.005345175272514568
https://hashdive.com/Analyze_User?user_address=0xdf33ef306d40867297bac5732dabfa615a6a261f,0.96,0.05928,1.459992,0.0406029622080121,3.605243645567146
https://hashdive.com/Analyze_User?user_address=0xc2154c5e0948284e9b8f468f4827918a0708e657,0.869999,0.21069,1.409993,0.14942627374745832,-0.005394907600623822
https://hashdive.com/Analyze_User?user_address=0x07175a81f6bd02efb3a66efbdb671fae9bd02670,0.869999,0.21069,1.409993,0.14942627374745832,0.007553215148390489
https://hashdive.com/Analyze_User?user_address=0x2d6c6bbf306d30290f61987dd0eac7ca3e1fd818,0.9,0,1.379997,0,1.8606755687033474
https://hashdive.com/Analyze_User?user_address=0x5699f2943eb8ff476ccfc30696a3e6b6daa38d40,0.869999,0.203219,1.359995,0.1494262846554583,-0.02065278910424148
https://hashdive.com/Analyze_User?user_address=0xb24fe8d9e63885409045e79710ba519eeff6a299,0.869999,0.203219,1.359995,0.1494262846554583,-0.045989073498631995
https://hashdive.com/Analyze_User?user_address=0x20c53b79a6d5f472a1c098b03567ba473b39fbce,0.869999,0.20023,1.339992,0.1494262652314342,-0.025475940673044855
https://hashdive.com/Analyze_User?user_address=0x5c63acdc48daea0e8b7457da781397def81f4102,0.869999,0.197242,1.319996,0.1494262103824557,-0.05441914338357209
https://hashdive.com/Analyze_User?user_address=0xbe0f7ad42af4a2ed37e0ce505ea26d828670dabe,0.97,0.040515,1.309985,0.030927835051546396,2.0660233015293987
https://hashdive.com/Analyze_User?user_address=0xb267af88330625b540958eb283d488e21fb66995,0.869999,0.192759,1.289994,0.14942627640128558,-0.03737460532089967
https://hashdive.com/Analyze_User?user_address=0xbadb865c1cb6e3b34065e47577e8a93ed779dbe2,0.869999,0.189771,1.269998,0.14942621956884972,-0.07600190139967525
https://hashdive.com/Analyze_User?user_address=0x30e8dff269859a72b878da58f97b2a87e830079c,0.869999,0.189771,1.269998,0.14942621956884972,0.01101853402151763
https://hashdive.com/Analyze_User?user_address=0x4de849a0467ff07a9eb184ba368d7a07b020cddc,0.969795,0.038932,1.249994,0.031145749499597596,-0.016853446680472485
https://hashdive.com/Analyze_User?user_address=0x7657209beb1b32b98bbc0ef67d52737a2571bbde,0.891173,0.129599,1.239988,0.10451633402903898,-20.85320208982102
https://hashdive.com/Analyze_User?user_address=0xbc200b59dbb02823b339e143e27db1c9a2a46d48,0.869999,0.183794,1.229998,0.14942625922968983,-0.011410758780316225
https://hashdive.com/Analyze_User?user_address=0x59d8f45b0cef82a939ff63b535efc64181d38e9b,0.869999,0.183794,1.229998,0.14942625922968983,-0.03159781020391955
https://hashdive.com/Analyze_User?user_address=0x76a6193c3488d1de2f223cc5ddc20c333a71e706,0.869999,0.182299,1.219993,0.14942626719989374,-0.030666379873525898
https://hashdive.com/Analyze_User?user_address=0x9d9399374f8cc32a2aadc87459fb06be424f916b,0.849999,0.21353,1.209996,0.17647165775754628,-0.4232114195309949
https://hashdive.com/Analyze_User?user_address=0x7256f1c489bd8c1d533495ddedd09ec5584ef45e,0.9,0.133333,1.199997,0.11111111111111112,-0.03755779642756126
https://hashdive.com/Analyze_User?user_address=0x5862658b8a3df53d956b1ffe2cb1442b41df327a,0.869999,0.179311,1.199996,0.14942633142110473,0.09534286292584951
https://hashdive.com/Analyze_User?user_address=0x3a9dcdda8f15b220c9e597e07433cf648ef0295a,0.98,0.024489,1.199961,0.02040816326530612,-2.992140099000234
https://hashdive.com/Analyze_User?user_address=0x32638c39ccfc8318d7d46a3b5ed59e90ae587b8b,0.869999,0.177817,1.189998,0.14942630155680936,-0.04759716466303998
https://hashdive.com/Analyze_User?user_address=0x75b46fbff538119587ab987364cbfb6b35755aab,0.99,0.011515,1.139985,0.0101010101010101,-1.2175122659743074
https://hashdive.com/Analyze_User?user_address=0xfb1c3c1ab4fb2d0cbcbb9538c8d4d357dd95963e,0.85,0.199999,1.133332,0.1764699134940159,1.2207737127763791
https://hashdive.com/Analyze_User?user_address=0x56885f7ee97726c864fcfef07c397e9ef0a0925b,0.869999,0.165863,1.109998,0.14942639536287453,-0.03269583188288989
https://hashdive.com/Analyze_User?user_address=0xce183e22001626f54ab20c2e290ed1217c72582f,0.88,0.15,1.1,0.13636363636363635,-0.0796257873015787
https://hashdive.com/Analyze_User?user_address=0x7cdef4e922a41c7719f22a7f9d8ab73eec6ca802,0.349999,0,1.099996457144,0,-13.05633459847207
https://hashdive.com/Analyze_User?user_address=0xb1987fe680d6f0d147c865e37b19da12378b7559,0.359999,0,1.099996384446,0,1.9947177173782202
https://hashdive.com/Analyze_User?user_address=0xf9c1979082af21417e567c997088fe26c4540800,0.859999,0.17907,1.099994,0.16279179704616573,-12.684334258167567
https://hashdive.com/Analyze_User?user_address=0x5f7015eedaaaab9f2b39544b2d04e728e8c2c358,0.859999,0.17907,1.099994,0.16279179704616573,-1.7826134050777172
https://hashdive.com/Analyze_User?user_address=0x5f6dcabe6cce0aa1319b85f046142f2a217365c0,0.869999,0.162874,1.089995,0.14942637351547483,-0.02464757114465986
https://hashdive.com/Analyze_User?user_address=0x3153c045674ec42721916b24d13c643ca5d488b3,0.869999,0.159886,1.069998,0.14942644752607015,-0.0038380761165009497
https://hashdive.com/Analyze_User?user_address=0x1885d8b00f2f5abb296a86f1ce1fe6be7d802e53,0.9,0,1.059993,0,1.2322987714153513
https://hashdive.com/Analyze_User?user_address=0x16e4090debb0634fac0622de1d567dc09142ee5e,0.869999,0.153909,1.029998,0.14942650374078395,-0.0014053301734600406
https://hashdive.com/Analyze_User?user_address=0x454d28548afec5763b6bd0bb835b23bb5aaf9c01,0.996,0.004136,1.029864,0.004016064257028113,4.320323859808807
https://hashdive.com/Analyze_User?user_address=0xec4701b65ce344813ad1ae97ecc4f1df4f897ff7,0.88,0.137727,1.009998,0.13636363636363635,-6.227779977318403
https://hashdive.com/Analyze_User?user_address=0x7e90cffa105081dd984d7d974b1dc292b8a0c991,0.869999,0.15092,1.009995,0.14942648230931838,-0.00021163978120126656
https://hashdive.com/Analyze_User?user_address=0x9fb3fcfd1052d4db8736100af140d8ad4bc24393,0.32,0,1,0,4.917259019695162
https://hashdive.com/Analyze_User?user_address=0xf9d045287aa17d2a016c90100ca85fea33d7bcf2,0.9,0.111111,0.999999,0.11111111111111112,0.972338406604828
https://hashdive.com/Analyze_User?user_address=0xcdca1de59f5e72e0ee7117f09a1519a98eaa58c5,0.91,0.098901,0.999999,0.09890109890109891,-4.849931711016408
https://hashdive.com/Analyze_User?user_address=0xd9fd39c9646307500e588af354d2804fc07d6195,0.9,0.111111,0.999999,0.11111111111111112,5.293979732644266
https://hashdive.com/Analyze_User?user_address=0x7ecd78058872fbb8a08a86e0c5e26155d09c4243,0.91,0.098901,0.999999,0.09890109890109891,1.2175537009282071
https://hashdive.com/Analyze_User?user_address=0xfd1ddf52a63879dc625d63a0d0e4e57af06eac7f,0.91,0.098901,0.999999,0.09890109890109891,0.24978526609459442
https://hashdive.com/Analyze_User?user_address=0x8c8ba9ba62ca09173573645c9b9b7d949aff26a7,0.84,0.190476,0.999999,0.1904761904761905,-38.88609392424348
https://hashdive.com/Analyze_User?user_address=0xc883c72e951511e9db2cee9542767e77db8035ff,0.9,0.111111,0.999999,0.11111111111111112,-11.22983839471781
https://hashdive.com/Analyze_User?user_address=0x430766d95929990590b839dd417db3f96786f068,0.84,0.190476,0.999999,0.1904761904761905,0.3958790718575679
https://hashdive.com/Analyze_User?user_address=0xe0d8c02e05290f4bc147047ff9f34ceff3704762,0.9,0.111111,0.999999,0.11111111111111112,0.09204781333880961
https://hashdive.com/Analyze_User?user_address=0x822da1d30c58a2e8b52b93cb8d91b4e05d4698c5,0.9,0.111111,0.999999,0.11111111111111112,-5.693129899405344
https://hashdive.com/Analyze_User?user_address=0x210d33893739222a87b591f2057a18bf7cbe9468,0.9,0.111111,0.999999,0.11111111111111112,-0.25631193588712153
https://hashdive.com/Analyze_User?user_address=0xf53e2dd38346b2fd352310a811879a6433161554,0.9,0.111111,0.999999,0.11111111111111112,-0.23187672982358462
https://hashdive.com/Analyze_User?user_address=0xd84f30c7432e16c7009177bd41328dcf991c63af,0.9,0.111111,0.999999,0.11111111111111112,-0.5928404688938982
https://hashdive.com/Analyze_User?user_address=0x24be9604d976cb4cf215d4cf54e82fd9dc219e6f,0.9,0.111111,0.999999,0.11111111111111112,-2.9371414441124246
https://hashdive.com/Analyze_User?user_address=0x46e59fbfd537c1115126067b8068ae8ca878645e,0.9,0.111111,0.999999,0.11111111111111112,-3.005057462299099
https://hashdive.com/Analyze_User?user_address=0x529cd18c2b7005741c71b79317f095bb79419ed4,0.9,0.111111,0.999999,0.11111111111111112,0.05707698717397899
https://hashdive.com/Analyze_User?user_address=0x63b0345234fa6916b69ef1b0ba4c65e057c51fb6,0.9,0.111111,0.999999,0.11111111111111112,0.036386529287762176
https://hashdive.com/Analyze_User?user_address=0xa9b954cb1aa00bc83edc4901fbeb95e2c637620c,0.91,0.098901,0.999999,0.09890109890109891,-0.43982108085237587
https://hashdive.com/Analyze_User?user_address=0xd633929814f05549574acac7b3a1fa5aece2de3e,0.9,0.111111,0.999999,0.11111111111111112,-2.658342409185707
https://hashdive.com/Analyze_User?user_address=0x77894073ec52210c15412bd5867406dae33a42e5,0.9,0.111111,0.999999,0.11111111111111112,-8.145580239623666
https://hashdive.com/Analyze_User?user_address=0x41d62fb042eada7da919b2ea5665393b5e285cce,0.9,0.111111,0.999999,0.11111111111111112,-3.549676965175999
https://hashdive.com/Analyze_User?user_address=0x3226c4996370a459ae5155b9fea89abf6a78aba9,0.9,0.111111,0.999999,0.11111111111111112,-0.07905774773163368
https://hashdive.com/Analyze_User?user_address=0xa106e59f57eeef8a5f4217a916c3b81bca4132c1,0.9,0.111111,0.999999,0.11111111111111112,1.9061277495149354
https://hashdive.com/Analyze_User?user_address=0x019b3c80bc32ecca3638d3f347688000296185cd,0.9,0.111111,0.999999,0.11111111111111112,-2.8644424138888542
https://hashdive.com/Analyze_User?user_address=0x71d6b253225c9831e8ba5988056cd3e846ac2960,0.84,0.190476,0.999999,0.1904761904761905,0.5459656602248154
https://hashdive.com/Analyze_User?user_address=0xcbc8b30f50343b5866d6c1283fe833c955dc5af6,0.91,0.098901,0.999999,0.09890109890109891,0.32956608364219797
https://hashdive.com/Analyze_User?user_address=0x8ceae86e1db21ca34410de0d981e28d750dfb709,0.9,0.111111,0.999999,0.11111111111111112,1.0424356992999484
https://hashdive.com/Analyze_User?user_address=0x4ad870980a5ce0f7b1e630502d2d51a63eea5af8,0.9,0.111111,0.999999,0.11111111111111112,-0.13490360673986418
https://hashdive.com/Analyze_User?user_address=0x62bcc7fa45f1b31257621daa3360b1dc65a7207f,0.9,0.111111,0.999999,0.11111111111111112,9.226317667745471
https://hashdive.com/Analyze_User?user_address=0xfd4b095768170ec06d1a3516ed756d6f55f121ab,0.9,0.111111,0.999999,0.11111111111111112,-5.150801312784736
https://hashdive.com/Analyze_User?user_address=0xe556d00215a4388bdba5d733e25a4844e6034659,0.9,0.111111,0.999999,0.11111111111111112,0.9385093070220514
https://hashdive.com/Analyze_User?user_address=0x126758f2c0f262251531eba4623ae8416e7fdc37,0.9,0.111111,0.999999,0.11111111111111112,-2.2288895319120754
https://hashdive.com/Analyze_User?user_address=0xc3f94d1659d49c0f71bb11df1c45291a2b1e8212,0.9,0.111111,0.999999,0.11111111111111112,-2.4159528445752794
https://hashdive.com/Analyze_User?user_address=0x27219af655a4630c7a5f433a4e4deade48effcf3,0.9,0.111111,0.999999,0.11111111111111112,-0.31016538989464315
https://hashdive.com/Analyze_User?user_address=0x32c7f073726343021bdad0c8bdeeb7789de8d39b,0.9,0.111111,0.999999,0.11111111111111112,-0.052196887223915814
https://hashdive.com/Analyze_User?user_address=0xbff0b1cbc94fa9255dd624b4ee05b6c8b1b1d4c6,0.9,0.111111,0.999999,0.11111111111111112,0.002685230834117715
https://hashdive.com/Analyze_User?user_address=0xe919511185ad504bd387ad490dc13186d65ef67e,0.9,0.111111,0.999999,0.11111111111111112,-0.09376570807425365
https://hashdive.com/Analyze_User?user_address=0x7cbcf3c91304bb6cfcec083fe0c9e2258dcf0d8e,0.9,0.111111,0.999999,0.11111111111111112,0.22809264060599388
https://hashdive.com/Analyze_User?user_address=0xc7bba75a9adef64d189538403d3a13f1c7044d3f,0.9,0.111111,0.999999,0.11111111111111112,-0.06862359967919367
https://hashdive.com/Analyze_User?user_address=0x44f31d0a17a7278ed3a5539224b48bbf939f10fe,0.9,0.111111,0.999999,0.11111111111111112,-0.3257650237198252
https://hashdive.com/Analyze_User?user_address=0x44f31d0a17a7278ed3a5539224b48bbf939f10fe,0.869999,0.149426,0.999998,0.1494262988525977,-0.3257650237198252
https://hashdive.com/Analyze_User?user_address=0xa17752d6b0283d178fd48534fc320dc932f4e36e,0.869999,0.149426,0.999998,0.1494262988525977,9.255404298927093
https://hashdive.com/Analyze_User?user_address=0x0b4bec03383333a8db1dce537c9c51174c8b2088,0.869999,0.149426,0.999998,0.1494262988525977,-8.26223530722975
https://hashdive.com/Analyze_User?user_address=0xb28a8cb5de261e0bfd18bca7cf3dc4629bb22fc3,0.869999,0.149426,0.999998,0.1494262988525977,-1.4468388265198677
https://hashdive.com/Analyze_User?user_address=0x98d1668c7ce3fe95bf0e191cbaae03c81eeac90c,0.449999,0,0.9999972277789999,0,-7.786243851494847
https://hashdive.com/Analyze_User?user_address=0xc67729afbba816d292f8bc8867c093856c1c81ae,0.429999,0,0.9999970744200001,0,0.699326257939723
https://hashdive.com/Analyze_User?user_address=0xfd0a320b1e00dad0c0481c190a4fc14f01cab390,0.419999,0,0.9999970390490001,0,9.73693307792022
https://hashdive.com/Analyze_User?user_address=0x5f6b7c013559cd86d614c6aa52d48c7a2e7a4c24,0.879999,0.136364,0.999997,0.13636440909322728,0.0029511149034166634
https://hashdive.com/Analyze_User?user_address=0x25eef3bd65fb32421ee87492fc15b66e4901da4c,0.859999,0.162791,0.999997,0.1627914883744651,-0.4382023808106077
https://hashdive.com/Analyze_User?user_address=0xdedaf13cbba2f6a9d81fa939c3a2b16e67d541c0,0.879999,0.136364,0.999997,0.13636440909322728,-2.9907644029224123
https://hashdive.com/Analyze_User?user_address=0xc468155ee9643dca461d56be0e54a1b504e2f8ed,0.879999,0.136364,0.999997,0.13636440909322728,0.8449336164121863
https://hashdive.com/Analyze_User?user_address=0x6ee7bedd864b6102b02b8387f978ec4fe7958041,0.879999,0.136364,0.999997,0.13636440909322728,-0.02982298494939518
https://hashdive.com/Analyze_User?user_address=0x5bea9dafbdeffbb10c9940b3be1da6d3b686d741,0.849999,0.176471,0.999997,0.17647152941458824,-0.1511484160072839
https://hashdive.com/Analyze_User?user_address=0x541d8cd5e79831aedf340c1bf2e6353c9cc0611f,0.879999,0.136364,0.999997,0.13636440909322728,-0.16056664842153182
https://hashdive.com/Analyze_User?user_address=0x0cc14ca368690ea77d5865fff3d86997ac29b577,0.869999,0.149426,0.999997,0.14942644827934484,-0.2029753230704795
https://hashdive.com/Analyze_User?user_address=0xcbc8b30f50343b5866d6c1283fe833c955dc5af6,0.869999,0.149426,0.999997,0.14942644827934484,0.32956608364219797
https://hashdive.com/Analyze_User?user_address=0x91258c7afd95a637a147e998e9c5e12ceab378e9,0.869999,0.149426,0.999997,0.14942644827934484,-0.3124036593315865
https://hashdive.com/Analyze_User?user_address=0x1cdb01de3cf5181974daf02e8acd8fb73a27b599,0.869999,0.149426,0.999997,0.14942644827934484,5.584750703660509
https://hashdive.com/Analyze_User?user_address=0xac2b30cf83e6004311143d50d56967949ab98e87,0.869999,0.149426,0.999997,0.14942644827934484,-10.670047325678267
https://hashdive.com/Analyze_User?user_address=0xfd4b095768170ec06d1a3516ed756d6f55f121ab,0.859999,0.162791,0.999997,0.1627914883744651,-5.150801312784736
https://hashdive.com/Analyze_User?user_address=0xff97d68e10aef32c2e28010a108826c08be60ac1,0.869999,0.149426,0.999997,0.14942644827934484,-8.261179967739947
https://hashdive.com/Analyze_User?user_address=0xde1532f97d9d1dd307ff6156a5f98828eabd4e4d,0.869999,0.149426,0.999997,0.14942644827934484,4.702509682966459
https://hashdive.com/Analyze_User?user_address=0x05474155c749a558ae6adb76050a748a8820fb35,0.829999,0.20482,0.999997,0.20482061446184338,-0.5966207165890004
https://hashdive.com/Analyze_User?user_address=0x0a37e9bc5de735c2675f4a21d781699ed9092d82,0.859999,0.162791,0.999997,0.1627914883744651,-32.31995439399879
https://hashdive.com/Analyze_User?user_address=0xf405d356a31fa40121fa1ca9b591d893523c321a,0.879999,0.136364,0.999997,0.13636440909322728,0.6763666108619059
https://hashdive.com/Analyze_User?user_address=0x7529b8d0d8bfe37ed9afd902d437504b31bad464,0.409999,0,0.9999969909770001,0,7.259878379832242
https://hashdive.com/Analyze_User?user_address=0x18440905ede98ac553591ba4cb774cdb2af3a2d5,0.369999,0,0.9999966672989999,0,22.13080415661588
https://hashdive.com/Analyze_User?user_address=0x82cd30827d698ad32b09570b9312c368d20a676c,0.369999,0,0.9999966672989999,0,-1.912810873785467
https://hashdive.com/Analyze_User?user_address=0xde245d79d4af1ac0ba8184a828dc066a97f738e5,0.369999,0,0.9999966672989999,0,4.058125737697032
https://hashdive.com/Analyze_User?user_address=0x051a7be2c40c1b6fb145b1dfe594c21ba86954c6,0.329999,0,0.9999966296979999,0,-4.0216691177105055
https://hashdive.com/Analyze_User?user_address=0xfedbe2d09435df5e4da125c763996529492d55be,0.329999,0,0.9999966296979999,0,0.01713179644261316
https://hashdive.com/Analyze_User?user_address=0x58bea1af5707abb41e6615bad9c0f90f0540b33a,0.329999,0,0.9999966296979999,0,6.8089113178770635
https://hashdive.com/Analyze_User?user_address=0xaef88efb3e0fd5aa6e9e697c62899eb2099ad4a7,0.849999,0.176471,0.999995,0.1764718823594118,-0.02509971121299335
https://hashdive.com/Analyze_User?user_address=0x79d000ed4b5bea2fb24d48ccd2dc11c7598e8716,0.849999,0.176471,0.999995,0.1764718823594118,-9.840994279928305
https://hashdive.com/Analyze_User?user_address=0x95f4bc8b9113edcc54692cd56441eb0597c82701,0.849999,0.176471,0.999995,0.1764718823594118,-0.8788657732399787
https://hashdive.com/Analyze_User?user_address=0x4b6f316b692e4942948cf0fe9d2d07c0d5960775,0.849999,0.176471,0.999995,0.1764718823594118,0.1243954677990548
https://hashdive.com/Analyze_User?user_address=0x9377a720a1b2365f1f7fc2a86094820d89ca26eb,0.849999,0.176471,0.999995,0.1764718823594118,-39.12477671281278
https://hashdive.com/Analyze_User?user_address=0x3dd8e00f3accd8944503aa220860afe154275ddc,0.849999,0.176471,0.999995,0.1764718823594118,-0.7043337245450569
https://hashdive.com/Analyze_User?user_address=0x0b4bec03383333a8db1dce537c9c51174c8b2088,0.849999,0.176471,0.999995,0.1764718823594118,-8.26223530722975
https://hashdive.com/Analyze_User?user_address=0x218acbf459c63f84819dc681d20b84274298bc5d,0.849999,0.176471,0.999995,0.1764718823594118,-0.1243615650197076
https://hashdive.com/Analyze_User?user_address=0xa3cde9287b912efe6d7279f94e8b9c95e478f825,0.849999,0.176471,0.999995,0.1764718823594118,-1.01153684472462
https://hashdive.com/Analyze_User?user_address=0x63b0345234fa6916b69ef1b0ba4c65e057c51fb6,0.849999,0.176471,0.999995,0.1764718823594118,0.036386529287762176
https://hashdive.com/Analyze_User?user_address=0x7a18a9d04286594eed79914fcf6087acfc82458f,0.849999,0.176471,0.999995,0.1764718823594118,-14.00643194250092
https://hashdive.com/Analyze_User?user_address=0x4ad870980a5ce0f7b1e630502d2d51a63eea5af8,0.849999,0.176471,0.999995,0.1764718823594118,-0.13490360673986418
https://hashdive.com/Analyze_User?user_address=0x63493814ea59d7517cdcd379fe405373b2bc7c98,0.849999,0.176471,0.999995,0.1764718823594118,-13.719431659205135
https://hashdive.com/Analyze_User?user_address=0x584e1c7413fb3b47efc5626ec64013e50e6e14e2,0.849999,0.176471,0.999995,0.1764718823594118,-0.1695108785392287
https://hashdive.com/Analyze_User?user_address=0x81989b9852609a0fbe0f585ef1db99bed390044b,0.859999,0.162791,0.999994,0.1627919767518605,-7.839563793747258
https://hashdive.com/Analyze_User?user_address=0x9fe889cc0e5cec1e017f84c6288ea775bb009b93,0.859999,0.162791,0.999994,0.1627919767518605,-0.012660129253932494
https://hashdive.com/Analyze_User?user_address=0xd331b3dc3f94e82bd7df1ff0bfcde42c9ecdb05d,0.879999,0.136364,0.999994,0.13636481818890914,0.8374168765505967
https://hashdive.com/Analyze_User?user_address=0x10d2063d1fe74830660ad25f811cea29fba5995c,0.889999,0.123596,0.999994,0.12359674158044948,-5.069528666547088
https://hashdive.com/Analyze_User?user_address=0xf223d484196c653c34e724b5a24fc9880c8cf49c,0.859999,0.161241,0.999994,0.1612419674518047,-0.3541350636664814
https://hashdive.com/Analyze_User?user_address=0x7f7163637a369ea781b2398b8e434f8c7dc2c034,0.859999,0.162791,0.999994,0.1627919767518605,0.007145498183848452
https://hashdive.com/Analyze_User?user_address=0x6036d4231be95165478a216c67d3c39ad5f5d456,0.879999,0.136364,0.999994,0.13636481818890914,-1.348762445278133
https://hashdive.com/Analyze_User?user_address=0x6945a9058daa761c86780cefa82aec4ee8338d13,0.889999,0.123596,0.999994,0.12359674158044948,-2.80939995750139
https://hashdive.com/Analyze_User?user_address=0x84b4a7072799b0c4d2f17de2d14218532e42c12d,0.889999,0.123596,0.999994,0.12359674158044948,-6.368424333886912
https://hashdive.com/Analyze_User?user_address=0x49383c8ed9d522dee41edf2f78f0d8a2c851ee28,0.879999,0.136364,0.999994,0.13636481818890914,3.886670664906782
https://hashdive.com/Analyze_User?user_address=0xa7ab7038f9f8ce368052aa5a194ad71fc1e42afd,0.978999,0.021451,0.999977,0.02145149338434784,0.02280149412063539
https://hashdive.com/Analyze_User?user_address=0xe0079105048dca97d6873a4714bde0717cff65f4,0.97,0.030927,0.999973,0.030927835051546393,-4.8353925701371
https://hashdive.com/Analyze_User?user_address=0x44f4de051224d75c79eec8129baf1682c9db3e0e,0.97,0.030927,0.999973,0.030927835051546393,-0.5735505879031316
https://hashdive.com/Analyze_User?user_address=0x19c6e854ab0c691ea643ea5e63e07070202e7e2b,0.869999,-0.011198,0.979997,-0.01142656559152732,-5.308261472177222
https://hashdive.com/Analyze_User?user_address=0x6009ccc8cd43cad5f87e0584945d4fb9947dacf9,0.85,0.165882,0.939998,0.17647058823529413,0.13558873531146484
https://hashdive.com/Analyze_User?user_address=0xfdef699b91bc7f7dfde3d0e800538e2886368400,0.9,0,0.919998,0,1.859721408180208
https://hashdive.com/Analyze_User?user_address=0xcd1a4c153d605afe59ffdd55a655b8ac78e1ba12,0.91,0.09,0.91,0.0989010989010989,-10.4672538797261
https://hashdive.com/Analyze_User?user_address=0x16c4260b6c0b4b96f28563d45626b620864ff458,0.91,0.09,0.91,0.0989010989010989,-3.1178183112596303
https://hashdive.com/Analyze_User?user_address=0x5420b020e356c45de5dd65267aa1ed855e9a5631,0.9,0.1,0.9,0.11111111111111112,1.370807302410648
https://hashdive.com/Analyze_User?user_address=0x5ec63339ec427dccead4e532efb5d2d277466e95,0.9,0.1,0.9,0.11111111111111112,1.16329830497117
https://hashdive.com/Analyze_User?user_address=0x1d92e9f3a5e8bfdcfb76c32e281b721c00db6653,0.9,0.1,0.9,0.11111111111111112,7.593912990916327
https://hashdive.com/Analyze_User?user_address=0x2a03d5e52f8c6a8112604174722df8420926c2c1,0.9,0.1,0.9,0.11111111111111112,-3.604302864958431
https://hashdive.com/Analyze_User?user_address=0xbf980046e66e12b10f473f6bc3325921409f333a,0.9,0.1,0.9,0.11111111111111112,1.4683465212803513
https://hashdive.com/Analyze_User?user_address=0x2108761021bef51ad05afcac99d6fa5a95655517,0.89,0.11,0.89,0.12359550561797752,1.6527674768762703
https://hashdive.com/Analyze_User?user_address=0x49f31622679bf37bae16a6f122981819ed8076dc,0.88,0.12,0.88,0.13636363636363635,-0.37561034012949573
https://hashdive.com/Analyze_User?user_address=0xe8312a9a5ac2181317901e401e5b370b85d9a42a,0.3,0,0.857142,0,4.94871493652474
https://hashdive.com/Analyze_User?user_address=0x4cdf4aecf04d2ee6d31dad5ece677543e3c784d0,0.85,0.15,0.85,0.17647058823529413,-1.5841497502968398
https://hashdive.com/Analyze_User?user_address=0xea818200633ae1df3b7012e800011887e62deeae,0.85,0.15,0.85,0.17647058823529413,-3.2987265481961145
https://hashdive.com/Analyze_User?user_address=0xe66e287819006125d0c7c7465af517fa0ebccb0e,0.81,0.19,0.81,0.2345679012345679,5.053729239885065
https://hashdive.com/Analyze_User?user_address=0x0dc916a384c1bae4e18b982edcf269f82cb481a3,0.96,0.03,0.72,0.041666666666666664,-0.7033088165381227
https://hashdive.com/Analyze_User?user_address=0xb0e0401246d50de93952fcb2006dabe1bfcb68a8,0.909999,0.070219,0.709991,0.09890125367786352,-5.548833178144218
https://hashdive.com/Analyze_User?user_address=0xf1f758d32fee7deae480d5adb391cfb3360b23c5,0.849999,0.123529,0.699996,0.17647100840576233,0.4215944393020288
https://hashdive.com/Analyze_User?user_address=0x4677c8de2b289bd2c4ec065e99aff8dce80f5550,0.839999,0.129523,0.679994,0.1904766806765942,-6.552514092270916
https://hashdive.com/Analyze_User?user_address=0x5799e61cf4a0683ff634823fadcd95754a0207a4,0.85,0.105882,0.599998,0.1764705882352941,0.214047024932293
https://hashdive.com/Analyze_User?user_address=0xf0c609b3b9fafa8abdd7910384906d2071eb2213,0.88,0,0.589996,0,-8.777376290864577
https://hashdive.com/Analyze_User?user_address=0xf4ab4e403c83b74d44dffcfb6e4cf3f1d100c297,0.84,0.110476,0.579999,0.19047619047619047,0.20318178335793285
https://hashdive.com/Analyze_User?user_address=0x31a12b5567b297140126cdecc2772c4b8b077975,0.849999,0.102352,0.579993,0.17647109534080585,-4.328053110130302
https://hashdive.com/Analyze_User?user_address=0x018fd1305da65d9fb78bdc2973911d91aad6ef7b,0.879999,0,0.559994,0,-9.338609517229191
https://hashdive.com/Analyze_User?user_address=0x2560f1380a6f700d2b3a42ac27ef745658f86951,0.839999,0.099047,0.519996,0.19047646520357847,-9.130229697349982
https://hashdive.com/Analyze_User?user_address=0xe79b0d1798b32fcee7b3194fe193035c6543b82c,0.839999,0.095238,0.499998,0.19047676190704763,-0.5991310297223613
https://hashdive.com/Analyze_User?user_address=0xa07fadb8abf6f84ddd5e38b1c5a77976b83e0fa9,0.849999,0.088235,0.499997,0.17647105882635294,-4.684871235247437
https://hashdive.com/Analyze_User?user_address=0x58a67edb848f16022b5aef3824394c62d673165b,0.849999,0.088235,0.499997,0.17647105882635294,0.09584374841591364
https://hashdive.com/Analyze_User?user_address=0x154552e92343ad1ddc2b033c87daf22a848698d2,0.88,0.068181,0.499994,0.13636363636363638,-5.627771308684634
https://hashdive.com/Analyze_User?user_address=0x5a4e6c9e8f3dcd95fbe09c13d0d14ff572d9f967,0.849999,0.08647,0.489996,0.17647082833329253,-17.340483475217887
https://hashdive.com/Analyze_User?user_address=0x3978a99e028eb590c98d8e9ddbe513298fa92f24,0.094594,4.499993,0.470145,9.571500281827946,14.025964459929618
https://hashdive.com/Analyze_User?user_address=0x92529d662d512e1e8e4286c8464e0e59a0b1d9fc,0.909999,0.046483,0.469994,0.09890126256930938,-2.764705655597686
https://hashdive.com/Analyze_User?user_address=0xb4f32e969359e8c23d9771f1ce16255d895cb82b,0.839999,0.087619,0.459999,0.19047650103587183,-9.28709878435823
https://hashdive.com/Analyze_User?user_address=0xb5378aabddd591e1999398f98208fba500647c97,0.85,0.075882,0.429998,0.17647058823529413,-6.042818163503534
https://hashdive.com/Analyze_User?user_address=0x0ecda90afaf576fdba4479acf55b2799b63b5015,0.859999,0.068372,0.419999,0.1627908637877709,0.05947257514175723
https://hashdive.com/Analyze_User?user_address=0xa05669a0ea5f906875ea9df0bc64c7c41a19b796,0.849999,0.070588,0.399998,0.17647088235441175,-5.0013375634563655
https://hashdive.com/Analyze_User?user_address=0x317401328dd904225f3c197286c88a5ad301ae02,0.869999,0.056781,0.379995,0.14942565033750443,-4.300525506349907
https://hashdive.com/Analyze_User?user_address=0x67b3ec4b220a217fbee09f365ebde7bc023dc546,0.96,0.015,0.36,0.041666666666666664,-6.0854329548364285
https://hashdive.com/Analyze_User?user_address=0x55a630cf5c1de22c8090bca3082c1f672d498c02,0.88,0.047727,0.349998,0.13636363636363638,-4.135924101981418
https://hashdive.com/Analyze_User?user_address=0x342e60034352b1b9a74d99c59b970b2bb5ff74ee,0.9,0.038888,0.349992,0.1111111111111111,0.11840698992429512
https://hashdive.com/Analyze_User?user_address=0xf14ea501521cfec57c5e343cafe0e4c79fee5078,0.869997,0.049311,0.329998,0.14942817835259609,-15.153503207761494
https://hashdive.com/Analyze_User?user_address=0xbc89b95d76ff5c887d907e25c7a02c801674d84b,0.869999,0.047816,0.319999,0.14942546695458422,10.644342870578871
https://hashdive.com/Analyze_User?user_address=0x7d27ad2e452b18c1c60113fcdd58a44367ef8706,0.879998,0.042273,0.309998,0.13636539590578003,-15.731605350384637
https://hashdive.com/Analyze_User?user_address=0xcf7bf7f5e6e42d9399c7c73897c63a53319ff2ec,0.879999,0.040909,0.299999,0.13636378787929293,0.5200318873691061
https://hashdive.com/Analyze_User?user_address=0xda92e2f77501a6855eb758b571869d556872fee5,0.85,0.0035,0.299999,0.011666705555685185,-0.12242695554591143
https://hashdive.com/Analyze_User?user_address=0xe42017358c9333c39b559c61061102c38ea987e4,0.859999,0.048837,0.299998,0.16279108527390182,2.2786768650955898
https://hashdive.com/Analyze_User?user_address=0x23791f45f2b52599daade984c3a1ac7977262104,0.9,0.033333,0.299997,0.1111111111111111,1.5160971088743787
https://hashdive.com/Analyze_User?user_address=0xad09b7f5350d47aa727b854a521119b91c2d9c0c,0.869999,0.044827,0.299996,0.14942532567100894,1.8725681052260645
https://hashdive.com/Analyze_User?user_address=0xaede71d22dec155071b0bb2306ce97f21dd4dfa8,0.869997,0.037357,0.249998,0.14942919543356348,-0.12025200195342527
https://hashdive.com/Analyze_User?user_address=0x109287356fed9d7af2f56dafc8aa930d8fd3d16f,0.88,0.03,0.22,0.13636363636363635,-10.270796689266128
https://hashdive.com/Analyze_User?user_address=0xb10c5bd5e8255d0c1b9e174aeb47a4ddfa676146,0.869999,0.031379,0.209997,0.14942594418015495,0.11842873806232919
https://hashdive.com/Analyze_User?user_address=0x699529d20a46123e6d33bf9539dca2b547c8c0f3,0.859999,0.032558,0.199999,0.16279081395406975,0.0255751896040286
https://hashdive.com/Analyze_User?user_address=0xbd2eed8f42c45426fa013f1be5f02d31cb7972af,0.869999,0.029885,0.199999,0.14942574712873563,-16.473491887578827
https://hashdive.com/Analyze_User?user_address=0x92276871e7e630f806f671bdd51d94d49b3160f3,0.879999,0.027272,0.199994,0.1363640909227277,-2.429664600694085
https://hashdive.com/Analyze_User?user_address=0xed072c5e553cfc55da2a5623e5c503344c49a23c,0.879999,0.027272,0.199994,0.1363640909227277,-0.04669692812832817
https://hashdive.com/Analyze_User?user_address=0x837ed3df7b6f5804125664be5f1d7d096797768b,0.9,0.02,0.18,0.11111111111111112,0.0092002306788522
https://hashdive.com/Analyze_User?user_address=0xfa20f8ebfa120b2e7b5c56eb3e7902438dd5c1f0,0.849999,0.0017,0.149996,0.01133363556361503,-5.763453703344151
https://hashdive.com/Analyze_User?user_address=0xd0c60e2f05afe81c2593aed19ed680d64cf7cef4,0.869999,0.020919,0.139996,0.14942569787708218,0.005944538924469115
https://hashdive.com/Analyze_User?user_address=0x6c8d5113ddb8b3e61b6e3f1cc0815416e0b39461,0.889999,0.016067,0.129996,0.12359611064955846,0.024774361348446006
https://hashdive.com/Analyze_User?user_address=0x396e5b191bb9d934537ee2fa3d7d2c054b408aea,0.909999,0.011868,0.119998,0.09890164836080602,-3.702294589438625
https://hashdive.com/Analyze_User?user_address=0xca0693a55ed98f4c6d42da0aeebf47cf45dc2dd4,0.859999,0.019534,0.119994,0.16279147290697868,-3.75538384671009
https://hashdive.com/Analyze_User?user_address=0x81190f0a6eab76afbea0352d09df71ad08e08677,0.9,0.012222,0.109998,0.11111111111111112,0.10107236694420686
https://hashdive.com/Analyze_User?user_address=0xa0d47c7ae36b366ff23fc32ef6b462b3496287c1,0.84,0.020952,0.109998,0.19047619047619047,0.2665284246536393
https://hashdive.com/Analyze_User?user_address=0x886e8ceec740852b22a1d22e595847343bb097c0,0.849999,0.017647,0.099999,0.17647176471764717,-1.4169247927612851
https://hashdive.com/Analyze_User?user_address=0x315f5f3889aee68cc7c74f71dfdc3b26865f7682,0.869999,0.014942,0.099996,0.14942597703908156,-0.321292996514099
https://hashdive.com/Analyze_User?user_address=0x457318e9b2804286affd821e678e8e0ddcb26215,0.869999,0.014942,0.099996,0.14942597703908156,-0.35935493110877026
https://hashdive.com/Analyze_User?user_address=0xd6bff96513bd81063c2780e21aa6ceb0c4b5131d,0.869999,0.014942,0.099996,0.14942597703908156,-0.9178278663612516
https://hashdive.com/Analyze_User?user_address=0x71d6db046af81c89d3cbba0c2cd08f7054a44bc3,0.869999,0.014942,0.099996,0.14942597703908156,-0.6156953571766319
https://hashdive.com/Analyze_User?user_address=0x296aadc94a6af7bc4e9f11cf5edf7ff0a7dffb2f,0.869999,0.014942,0.099996,0.14942597703908156,0.7469109471476656
https://hashdive.com/Analyze_User?user_address=0xc1405a0a47ab045fdeabb196213e9fcfe6e24deb,0.869999,0.014942,0.099996,0.14942597703908156,-0.1712459782278568
https://hashdive.com/Analyze_User?user_address=0xd687e900ef14cd7e1efefa0b84c6b8cb3bf6af84,0.859999,0,0.079998,0,-4.18888516723522
https://hashdive.com/Analyze_User?user_address=0x66f6ada09d9187ce783a518dc09ab452cb677033,0.859997,0,0.029995,0,0.011737871203842301
https://hashdive.com/Analyze_User?user_address=0x3f14259578a9599114e9b24f6612b0433cf7b199,0.5,0.003525,0.003525,1,7.497359741512253
