url,avg_price,realizedPnl,total_invested_usd,ROI,Score
https://hashdive.com/Analyze_User?user_address=0x3078755a25620dfa7684f9a8b9513017d4473e11,0.989816,-20661.656483,211579.437918,-0.09765436890425834,1.3799679673433203
https://hashdive.com/Analyze_User?user_address=0x3eb4003e78b0621994193bc1527033f849855821,0.85,19499.998999,110499.994332,0.1764705882283737,-2.868251023858732
https://hashdive.com/Analyze_User?user_address=0xee00ba338c59557141789b127927a55f5cc5cea1,0.999,101.77673,101674.95327,0.001001001001001001,1.4420782042373403
https://hashdive.com/Analyze_User?user_address=0x000f6dc1bf7bac1349123caefff3fde8e6bdfa77,0.848295,13517.521144,76088.023616,0.17765635774980884,-47.768054508181976
https://hashdive.com/Analyze_User?user_address=0x2ff0e36eb9632a47c3eb75224bba1f141a6346e3,0.836322,-9725.044263,54515.412082,-0.17839073193415395,4.131586848757501
https://hashdive.com/Analyze_User?user_address=0x15691449477aa15e72cdff51c7b6687b58bc4e0c,0.877217,-233.750185,28412.03308,-0.008227154471551812,-1.1701252608126813
https://hashdive.com/Analyze_User?user_address=0x40e3d20ac91108af67d4a9ddb144cbd63f740787,0.820296,3769.189489,25852.851553,0.1457939555051759,0.3627447142691107
https://hashdive.com/Analyze_User?user_address=0xd72753dae1cb01011c1e69af78ee1f9494bbecce,0.837005,3800.980304,19518.632597,0.19473599316502366,0.2151939384284983
https://hashdive.com/Analyze_User?user_address=0x20cc8d7e69a24d156cf8c17d32152a536befebc0,0.859997,884.110219,18774.359623,0.04709136485895895,-2.8699428496000206
https://hashdive.com/Analyze_User?user_address=0x1e3e3375612e45cbd6ba905f955091f08c2db656,0.778321,4452.463522,15632.720562,0.28481693281354004,6.761837671471666
https://hashdive.com/Analyze_User?user_address=0x574e3aa34743c81f8f9e65c38599e4da95e83ef1,0.795498,3663.036,14318.964,0.25581711079097624,-0.9706120871159386
https://hashdive.com/Analyze_User?user_address=0x5314305babb27b745f0d401076b97fbb2dae910c,0.57079,9827.062644,13388.231857,0.7340075036765924,1.1802439048805042
https://hashdive.com/Analyze_User?user_address=0xfc25f141ed27bb1787338d2c4e7f51e3a15e1f7f,0.828632,500.246134,13266.435145,0.03770765307578037,1.154352518019062
https://hashdive.com/Analyze_User?user_address=0xafbacaeeda63f31202759eff7f8126e49adfe61b,0.82,2699.996398,12299.983595,0.21951219504858213,-0.3214529041856832
https://hashdive.com/Analyze_User?user_address=0x0ddaeddc576d81dc44a87f717255fbc428b54cf6,0.988643,71.113701,12084.934758,0.005884491925198361,1.084992909762951
https://hashdive.com/Analyze_User?user_address=0x2aa22a2d9379e9adb7cb0d1d760763f697ab4d22,0.827846,2133.908519,10894.296069,0.1958739238850036,-7.032570655911958
https://hashdive.com/Analyze_User?user_address=0x27f2499f59b59a22bc0dd5f518cf5ea0b35c702c,0.9,414.396762,10516.581,0.039404133529708944,-13.451114670208666
https://hashdive.com/Analyze_User?user_address=0xb13d096b2e90411d0e5f42891d2e73ef4cea2e90,0.912068,-2123.685194,9663.580381,-0.21976173532694707,1.7518885701468132
https://hashdive.com/Analyze_User?user_address=0x026985b67ade7ba199698b9d7d0451a22214cb2d,0.839303,-3762.075544,9305.904429,-0.404267588680176,5.211858989281283
https://hashdive.com/Analyze_User?user_address=0xa6a856a8c8a7f14fd9be6ae11c367c7cbb755009,0.766522,406.298934,9289.756066,0.04373623280454391,3.5826443194321547
https://hashdive.com/Analyze_User?user_address=0x0c2780245abb1df334641d97d5348f3e202cc8b4,0.97708,297.712342,8427.056615,0.035328152592457696,1.0200698780750392
https://hashdive.com/Analyze_User?user_address=0x91f7f6def73d883cbece160fa84a2b45e2d20108,0.95,404.379,7683.201,0.052631578947368425,-10.367678431092088
https://hashdive.com/Analyze_User?user_address=0x19d8b01c0e003f2199b1eb200146784fa5ec1691,0.999,7,6993,0.001001001001001001,-0.6144367117746566
https://hashdive.com/Analyze_User?user_address=0x2fb0f88ef5ba40e799b996e6f07b590d92b4abf8,0.999,6.67405,6667.37595,0.001001001001001001,0.231514046987793
https://hashdive.com/Analyze_User?user_address=0xb9283a3c6c34ab67471fcc2319b9a690b20c5fd7,0.820745,379.154146,6499.149906,0.05833903687157082,1.1242176655157807
https://hashdive.com/Analyze_User?user_address=0x7bbf4b58fdf878c9beadf3a727cf1e166eed2760,0.57,1060.4136,6490.5273,0.16337865183927355,-4.81412154517377
https://hashdive.com/Analyze_User?user_address=0x1d3a805284bc8029cd6acd06d5a2b8b2b1807b63,0.82986,1072.316029,5927.922341,0.18089238814473194,-0.2940716594222885
https://hashdive.com/Analyze_User?user_address=0x91b0b236258f4622c4634649c19d019e4105f0b6,0.83,-877.5,5602.5,-0.1566265060240964,19.076846511396333
https://hashdive.com/Analyze_User?user_address=0x14e6b61a5cb4f0916c918afeedad3f3f83b55b30,0.78,1540.2794,5468.7906,0.28164899932354326,4.989840812386434
https://hashdive.com/Analyze_User?user_address=0x4b2b407b549f355400937e4e001e51324234e0e6,0.991324,43.724797,4996.016703,0.008751931708663865,-13.783840586867658
https://hashdive.com/Analyze_User?user_address=0x205b0d3b14f390a290cd917349808c66b136dd3c,0.82,1076.1714,4902.5586,0.2195121951219512,-1.8524565712358807
https://hashdive.com/Analyze_User?user_address=0x067f7f6e3d5363f1cf962499d1be2ca6de8be041,0.525764,2556.876845,4635.135424,0.5516293724150744,1.1460578885744297
https://hashdive.com/Analyze_User?user_address=0xf2b2981f275127d3748d3c3a081a3bd124c166d8,0.937654,290.486192,4439.991761,0.06542493942253962,-10.860682087041205
https://hashdive.com/Analyze_User?user_address=0x231786b506ac0fb5f271f8145599436efad3c891,0.75,1388.75,4166.25,0.3333333333333333,-2.1596007648848006
https://hashdive.com/Analyze_User?user_address=0x5fe0c26ab86beee51a32e726559b8fadace5d994,0.807698,112.47523,4073.447169,0.02761180526802114,4.3729597816345915
https://hashdive.com/Analyze_User?user_address=0x2d80ff44e692dbf91f6ce9d8f6ae677733e95fd8,0.802899,976.286586,3976.943414,0.24548666761593507,1.2983236071205904
https://hashdive.com/Analyze_User?user_address=0x60cda4d555e2d7c7103043cd99cee089104da1b6,0.539999,3133.654907,3686.643172,0.8500022271751339,-6.223164790656368
https://hashdive.com/Analyze_User?user_address=0x221fd5a7ccd17d5082cebc56cc36f8be1a106be8,0.652592,629.251125,3302.834977,0.190518487717953,-1.6498256479640254
https://hashdive.com/Analyze_User?user_address=0x9c3712300dc15149ae4cd6b72b0ac5e37ed33265,0.78,895.189336,3212.43,0.2786642311272152,3.0592629426675733
https://hashdive.com/Analyze_User?user_address=0xde5314ddd05574a22cdaeef4e9ab2c02ce90e5be,0.789999,77.249212,3120.240992,0.024757450529641654,1.2363030099748344
https://hashdive.com/Analyze_User?user_address=0x27653cd5aab78f00563f50a03c12504a9b877ee4,0.87,455,3045,0.14942528735632185,2.557497915123105
https://hashdive.com/Analyze_User?user_address=0x6b7de5ac233f80f6b8e8aeb75b94960d574af776,0.989999,27.490584,3023.626945,0.009091923210123396,-21.347494768982138
https://hashdive.com/Analyze_User?user_address=0x2aa22a2d9379e9adb7cb0d1d760763f697ab4d22,0.870788,431.38143,2941.05454,0.1466757668492608,-7.032570655911958
https://hashdive.com/Analyze_User?user_address=0xb5df087eb54e3910accd2ea50493e68adecab469,0.95,150,2850,0.05263157894736842,0.053891859425869965
https://hashdive.com/Analyze_User?user_address=0xe9b8005c55e8ef2c311fbbd427521c981828cc82,0.981824,48.951599,2798.1984,0.017493970048728495,-23.354062123569598
https://hashdive.com/Analyze_User?user_address=0x4a64afa45a44a01890c2161be88d2b44751d4430,0.773394,811.911169,2771.00883,0.2930020143602357,2.5400640139767585
https://hashdive.com/Analyze_User?user_address=0x20b90261bfeb0a1fd0b98c34a9aafbb6ef0e9110,0.915277,248.510253,2716.791294,0.09147197046340358,-13.721240031990158
https://hashdive.com/Analyze_User?user_address=0xa6a856a8c8a7f14fd9be6ae11c367c7cbb755009,0.603227,-423.085188,2472.380373,-0.1711246346316146,3.5826443194321547
https://hashdive.com/Analyze_User?user_address=0x2ce7d1fb37ee9d5779e3c4759944180f2bdefd4a,0.735753,882.472388,2466.442593,0.357791578244935,-13.740318781475178
https://hashdive.com/Analyze_User?user_address=0xe40172522c7c64afa2d052ddae6c92cd0f417b88,0.862332,-212.374965,2379.621496,-0.08924737205349231,3.3078395897966573
https://hashdive.com/Analyze_User?user_address=0xc8ecdc2e805935d183b72c8b28695c692a263665,0.82,506.6172,2307.9228,0.21951219512195125,-17.335346731197568
https://hashdive.com/Analyze_User?user_address=0x804715e6d8e0169b86c520783516f161868654f4,0.972103,74.040408,2156.351806,0.034335959370815204,-1.1237435715750101
https://hashdive.com/Analyze_User?user_address=0x854fc44c7fc82782b7c8bdb87425aa74485f00a7,0.588754,-429.607128,2051.748872,-0.2093858239001873,1.3419886741071865
https://hashdive.com/Analyze_User?user_address=0xe1aff568c9ce89fbd38e89071515f1d75aefd23b,0.981287,37.800176,1982.195377,0.01906985377859652,-7.426094359483432
https://hashdive.com/Analyze_User?user_address=0x0c4b64af62a0ac3dd477e9f80ec3eaa18e92f6db,0.949863,74.877866,1892.780236,0.03955972519992014,-0.5129414678490963
https://hashdive.com/Analyze_User?user_address=0x55307e57ee66d15af36bc0894bbaca65604dd38d,0.837873,262.993419,1878.699565,0.13998694836553072,-2.5631418446567156
https://hashdive.com/Analyze_User?user_address=0xb2728c0e91bc75d0b688ec1de651c134e7a421d8,0.946719,104.402585,1855.068615,0.056279635241416666,-2.3921019786116298
https://hashdive.com/Analyze_User?user_address=0xfb1c3c1ab4fb2d0cbcbb9538c8d4d357dd95963e,0.750913,-305.095732,1811.452062,-0.16842605907171945,1.2207737127763791
https://hashdive.com/Analyze_User?user_address=0x69aa9fa621403e3a121b29ad77d32ba9eb5e8847,0.767115,418.651474,1794.062804,0.23335385643500584,0.2419376281564879
https://hashdive.com/Analyze_User?user_address=0xbd88ce95f23f674a41dcc6735052942115321ca6,0.980353,135.499355,1710.898983,0.07919775296283521,-28.321961832223188
https://hashdive.com/Analyze_User?user_address=0xf4cd584ea9ad01b30c2be5d2b9dbffc9ba890516,0.960186,56.029243,1682.181025,0.033307499114133686,0.6529610544618512
https://hashdive.com/Analyze_User?user_address=0x85de5ebfc16b3d304b39d5c762ee35ab6c1a87e5,0.996965,3.274436,1604.944166,0.0020402180146620753,0.3467892861749478
https://hashdive.com/Analyze_User?user_address=0xd04d631183d7568356f598a3c77181ec4ab6d0e5,0.777812,-554.250778,1555.619938,-0.3562893252143442,1.2139612180918693
https://hashdive.com/Analyze_User?user_address=0x4673ada08165c01e90c8f6f8d3f6dcd26f20d99b,0.77,459.995098,1539.98359,0.29870129849890154,1.3449854835087556
https://hashdive.com/Analyze_User?user_address=0xb2c72925a836d013efd18186c20acdc539291b5b,0.77,-20.000754,1539.930679,-0.012988087238438608,0.3067738566477022
https://hashdive.com/Analyze_User?user_address=0x93ca3a906874135102fc2c492a987afffe92d65e,0.775965,431.142267,1499.997317,0.28742869211412064,-4.60412001175963
https://hashdive.com/Analyze_User?user_address=0x2509c7d1a0fee8c32ef5f639848bddcf43e5e4db,0.600794,991.743989,1496.297515,0.6627986607329225,-0.7481000251148613
https://hashdive.com/Analyze_User?user_address=0x539361486637b2973027d062488272d7067be30f,0.998999,1.420337,1417.497762,0.0010020029929331204,-1.8860664328986074
https://hashdive.com/Analyze_User?user_address=0xa9e8faf20424f3efbf12abaea0e7069d7546c443,0.879999,192.0016,1407.9984,0.13636492768741784,-14.046968602771127
https://hashdive.com/Analyze_User?user_address=0xc8bf326815413ca010e43a47aaed21bd9215c049,0.649344,756.016099,1399.988929,0.5400157696532756,-1.8016392144688131
https://hashdive.com/Analyze_User?user_address=0x2774444bd80c245529eed0a9ba6a94b99bf107df,0.877598,191.696799,1388.307793,0.13807946621531353,-11.052412990440148
https://hashdive.com/Analyze_User?user_address=0x325f64edd42ac179213e12bc2a8c4f00764dd8ac,0.770639,248.048815,1348.256074,0.18397752458410213,5.712819393128548
https://hashdive.com/Analyze_User?user_address=0xf4cd584ea9ad01b30c2be5d2b9dbffc9ba890516,0.857904,34.102843,1329.905623,0.025643054973382873,0.6529610544618512
https://hashdive.com/Analyze_User?user_address=0x93ca3a906874135102fc2c492a987afffe92d65e,0.82,224.729302,1299.999997,0.1728686942450816,-4.60412001175963
https://hashdive.com/Analyze_User?user_address=0x5096829235d53fd72b95837809f4db29277391bf,0.999,1.295005,1293.71,0.0010010009971322784,0.1380893678284154
https://hashdive.com/Analyze_User?user_address=0x9ecb1202c012d55baf593143229a7ff96ae6f73a,0.85,224.999499,1274.997165,0.17647058768165966,-2.1836087180485007
https://hashdive.com/Analyze_User?user_address=0x963e80a785a8972925e227fe17e4f71c388e61cc,0.84,228.44,1199.31,0.1904761904761905,8.413470583112248
https://hashdive.com/Analyze_User?user_address=0x4fc19a907012ef58717ee7ceb1f89057f71aec92,0.84,-411.945716,1091.994397,-0.3772416022753641,0.5887318071566944
https://hashdive.com/Analyze_User?user_address=0x27d2176a54c1405e2426144cc841b95687daa66c,0.987069,12.38736,1024.829672,0.012087237848827623,-5.674787349874317
https://hashdive.com/Analyze_User?user_address=0xadbe6e2759dc162dc2f2c8eaab7f28eef846bc55,0.83,-104.298669,1020.886813,-0.10216477250157213,1.121457292690726
https://hashdive.com/Analyze_User?user_address=0x28c1b571571032daa4f268ce1042799c3018a4cc,0.998,1.020691,1019.18754,0.0010014751553968173,0.9701122997256318
https://hashdive.com/Analyze_User?user_address=0x171f5bb332ea0e643db9768b56024d9b51e495fb,0.629999,591.932954,1010.618395,0.5857136154740188,-3.8903390344968356
https://hashdive.com/Analyze_User?user_address=0x8b4261c836a7e36f2bcb95b90a95943f7e6bae6e,0.819999,218.597811,1001.398778,0.21829246829777937,-9.887509411996408
https://hashdive.com/Analyze_User?user_address=0xadb92d67666ae5567dcc1d3e8f5de99561d52067,0.819999,218.44387,1000.688778,0.2182935142298558,19.12375433109787
https://hashdive.com/Analyze_User?user_address=0x78f1f8ed81ac17d664e7d9d0ca8c7a9bf33342a4,0.822696,191.204585,999.99898,0.19120478002887564,-13.720709148901417
https://hashdive.com/Analyze_User?user_address=0xe27b91bb3b8f991f49e5e1e8d90524e73e9f858f,0.74,-207.533396,927.960668,-0.22364460386805962,0.23072365646085857
https://hashdive.com/Analyze_User?user_address=0xb0331ad75948f8376d43f5f364f384936effbedb,0.75,216.299857,900,0.24033317444444444,-6.718395035682291
https://hashdive.com/Analyze_User?user_address=0xf78bd37fa4283cf9b5278c7c3a5e69f91cdaf3f2,0.998999,0.901701,899.899097,0.0010020023389355618,0.12890239483613672
https://hashdive.com/Analyze_User?user_address=0xd86ba9c49d58aeb182a4e303a532f8cb34cdedc1,0.787672,235.908878,875.149854,0.26956398029633905,-0.9247976768493021
https://hashdive.com/Analyze_User?user_address=0xe5d6dd4652caf77c2c64aab80c3d48020fc5aeb4,0.999,0.827647,826.819353,0.001001001001001001,0.11753490773849803
https://hashdive.com/Analyze_User?user_address=0x552337556e70f851bff6e0e97a2e00df7d5751e9,0.933442,39.675658,824.387971,0.048127410146308405,0.6112593808279038
https://hashdive.com/Analyze_User?user_address=0x4bac08765b651a4cdb7f3e1a94d34ce4ae26263a,0.81,190,810,0.2345679012345679,-0.4378809726571654
https://hashdive.com/Analyze_User?user_address=0x62a87d3be064b7e21685cf3a3ef6e39168e597d0,0.81,189,810,0.23333333333333334,-3.0108508996327243
https://hashdive.com/Analyze_User?user_address=0x51dd83ee49f723f7f692d1ff85c2bc6ecd802f92,0.779999,225.64205,799.998972,0.28205292493800854,-4.20981123701531
https://hashdive.com/Analyze_User?user_address=0x0f16a66df16a707334d89704631338ae7a770246,0.591081,0,799.9988643510419,0,2.354248813446275
https://hashdive.com/Analyze_User?user_address=0xe21659928b43141b8f3f00111ebf322642f2cd12,0.95986,25.984616,793.666638,0.03273996254331658,5.076863353054875
https://hashdive.com/Analyze_User?user_address=0xfc25f141ed27bb1787338d2c4e7f51e3a15e1f7f,0.989954,2.728216,758.591851,0.003596421443762649,1.154352518019062
https://hashdive.com/Analyze_User?user_address=0x3d530334446a311fbff89a5cda4ad54d0dc20644,0.75,250,750,0.3333333333333333,10.367747928993278
https://hashdive.com/Analyze_User?user_address=0x224b775b62e8e171a25940ea7e1f02c3eaadd105,0.797327,51.97631,713.588138,0.0728379680549006,-4.984342105591729
https://hashdive.com/Analyze_User?user_address=0x89b3d5d341ba3af3a98d8900feb88d10efb76ed8,0.797759,145.386403,700.336671,0.20759501682584316,-2.383907754677675
https://hashdive.com/Analyze_User?user_address=0x47eefa76b4bb154fad74e14fe4e6e6a2ebc6a079,0.579999,1.081513,691.338807,0.0015643747885253606,-1.627955240374124
https://hashdive.com/Analyze_User?user_address=0x71ed0bc95433cdf1be29f43219725fce9addd9eb,0.975006,6.498648,682.825952,0.009517283256392691,0.1419789052534203
https://hashdive.com/Analyze_User?user_address=0x8d2dfa5467067189df7af810feb880466edc569c,0.994411,3.112923,674.319546,0.0046163914696905435,-64.13964553395707
https://hashdive.com/Analyze_User?user_address=0x1fef5dcc1ab812901c0ba5a25e653912eef93589,0.813925,153.171493,669.999234,0.2286144300278409,-7.849198798237248
https://hashdive.com/Analyze_User?user_address=0x615363327b74b926fb4e75867e9bb62188400e04,0.770283,199.809874,669.998954,0.29822415812308867,-0.3577281819792415
https://hashdive.com/Analyze_User?user_address=0xb13d096b2e90411d0e5f42891d2e73ef4cea2e90,0.723719,-235.881356,665.125245,-0.35464201332487394,1.7518885701468132
https://hashdive.com/Analyze_User?user_address=0xa9d71818dadc207f9ea3d3f46ff0b12e497025e9,0.744954,226.88127,662.68873,0.3423647630162656,0.6158016130618288
https://hashdive.com/Analyze_User?user_address=0x24df228f4c96d1a3ee5614617a0593dd4159e8b2,0.819278,21.943799,654.297254,0.033537965910521765,1.5429208143406727
https://hashdive.com/Analyze_User?user_address=0x86ec9dcd136e38bb7331f02ea7d9c30ce4c11dbf,0.998999,0.646601,645.309352,0.0010020015950427447,0.36846532126560627
https://hashdive.com/Analyze_User?user_address=0xdf933b45bf02e6f10002da22ea32a7cff08fbdc8,0.827601,131.625862,635.559111,0.2071024704419665,-14.620295162350363
https://hashdive.com/Analyze_User?user_address=0xe60e80483b094724d17ebbddd68e297a25107298,0.998999,0.633966,632.699365,0.0010020019539611837,0.049211730850219286
https://hashdive.com/Analyze_User?user_address=0xdaef22edc5f34e57c81cb44951beb22349893a8d,0.999,0.618118,617.499882,0.001001001001001001,0.09086234406148432
https://hashdive.com/Analyze_User?user_address=0x07448b3227d7df8df71c805b612771bd0c6f061f,0.998999,0.611371,610.149387,0.0010020021539413591,0.04166960634316354
https://hashdive.com/Analyze_User?user_address=0xb5e767d1ab98bf46b717e07e8303c28dd35e3c1a,0.79,161.49,607.51,0.2658227848101266,1.2966571325629836
https://hashdive.com/Analyze_User?user_address=0xad187142b45594f3f24d36b4e7f966d96e520b4f,0.51,553.4544,588.0453,0.9411764705882353,-6.297047621982141
https://hashdive.com/Analyze_User?user_address=0xe9473a70f58272d3c8cbc31da1079fb0578f2cf3,0.899785,64.598371,579.999458,0.11137660580365577,1.071588045982884
https://hashdive.com/Analyze_User?user_address=0x207acb1301a7858ff475f1c0d6b7dba6a2a26fec,0.730076,213.087309,578.493377,0.3683487442934027,-3.0641766519472173
https://hashdive.com/Analyze_User?user_address=0x35386951281a16d0bb3f02a61fc06888136de615,0.998,0.57622,575.06756,0.001002004008016032,0.7073902781694543
https://hashdive.com/Analyze_User?user_address=0x985b2b81b7a948a1994c5da62c4970f0bcbedc79,0.998999,0.567243,566.109432,0.0010020023831717399,0.03002571358873938
https://hashdive.com/Analyze_User?user_address=0xaacf24a7c9a2025fc49ee6539608edd6d0ef5f84,0.79326,147.11999,564.498422,0.260620728537661,-3.3389771685574754
https://hashdive.com/Analyze_User?user_address=0xfe4fec3b973c2cba993cecfcebf781cc6c775241,0.745361,191.946386,564.068577,0.34028909573525135,-5.805798888328654
https://hashdive.com/Analyze_User?user_address=0xcae582760fbe029ecaef0d6c50cdcdc324b7f5cf,0.998999,0.560119,558.999439,0.0010020027944965433,0.04758360370886997
https://hashdive.com/Analyze_User?user_address=0x7ccf359f2c7344e3db5820fdb71ddafd5faf2fed,0.689999,249.34863,554.999195,0.44927746246550865,-7.650598486775149
https://hashdive.com/Analyze_User?user_address=0x83424da14fc31af4182fbad0a0d73796f5c813c9,0.905,57,543,0.10497237569060773,-16.219426538924235
https://hashdive.com/Analyze_User?user_address=0x6c82c87d030fdb221042328ee4a1edd00a756150,0.8,134.234,536.936,0.25,-0.7253562159511333
https://hashdive.com/Analyze_User?user_address=0x755474918cfd27f589c2dcef56c984557d4538e2,0.769999,155.9451,524.359315,0.29740122000121233,-2.137589854423914
https://hashdive.com/Analyze_User?user_address=0xaa38923a7a0fe3ee2845f882be6ed5e296c1ffb3,0.934545,30.50025,513.99975,0.05933903664350032,-4.4942606584505915
https://hashdive.com/Analyze_User?user_address=0xbb367cb2a0b847d805947443342629ffcd909545,0.58,-12.552898,507.0478407,-0.024756831589441777,1.1692506043827833
https://hashdive.com/Analyze_User?user_address=0x1d8005b97c8574889e6b210384df8f974565219a,0.790022,133.846229,505.999413,0.2645185459928587,-4.987957908866906
https://hashdive.com/Analyze_User?user_address=0x35965ad84e59965465e69090c890374e57b52d3f,0.83349,100.247751,504.839986,0.19857331784332946,-10.044488679748998
https://hashdive.com/Analyze_User?user_address=0x88954d219220bc38eeb42712e456b837a0175d00,0.998999,0.504367,503.359494,0.0010020015635187364,0.02512125710237866
https://hashdive.com/Analyze_User?user_address=0xb933c86ce9be0107de59ee22090a1135d8ef68f9,0.829999,94.3762,499.999396,0.18875262801317463,6.744188823637598
https://hashdive.com/Analyze_User?user_address=0x18f62a62410905dbc14d4a56d5fa266c96b1b00b,0.819999,109.756706,499.999387,0.21951368112377304,-9.86178493770103
https://hashdive.com/Analyze_User?user_address=0x8ed5d6d6c02116d4bc98c1ed0d63e5570ad6a76e,0.759999,157.895393,499.999339,0.315791203475971,3.4292178897354852
https://hashdive.com/Analyze_User?user_address=0xcf088f2507a844c68554b88fbb836f5b60e8bfc7,0.83,102,498,0.20481927710843373,-2.485114282124684
https://hashdive.com/Analyze_User?user_address=0xa234bdc751080ba6c4d2c7462523dbc27791f7eb,0.98,9.5,490,0.019387755102040816,1.4647452473410687
https://hashdive.com/Analyze_User?user_address=0x06617e3bbc8ddbc3931726f4ffe009784adea72e,0.8,111.8625,471,0.2375,-7.210954551977901
https://hashdive.com/Analyze_User?user_address=0xcfdb9ea506408484a2dc7816af5f7588edcd7a75,0.82902,96.934267,469.999102,0.20624351533335483,-2.5776597552199867
https://hashdive.com/Analyze_User?user_address=0x90b6a428d636ee98b22973f3c74b250993391d6b,0.78,3.000177,467.9922,0.006410741461075633,-1.0531975185852578
https://hashdive.com/Analyze_User?user_address=0x34364eb101be7dbb1b3c14ac1c8db152b73617c5,0.82,102.7044,467.8756,0.21951219512195122,5.453144679369392
https://hashdive.com/Analyze_User?user_address=0x48e3ae7ac145ae915f36788fca91ed33ed0577d2,0.58,0,463.99999999999994,0,2.35284600287795
https://hashdive.com/Analyze_User?user_address=0xcfdb308818de7b4152aff72e66429c4f1fd304c6,0.58,0,463.99999999999994,0,-2.7811116264418767
https://hashdive.com/Analyze_User?user_address=0xbaa3cb0d6d8389443682dd568cd5a3731cfb68d9,0.58,0,463.99999999999994,0,2.7341822961362316
https://hashdive.com/Analyze_User?user_address=0x88507904ba902d602e53463ea065b7e39db63a8b,0.58,0,463.99999999999994,0,-12.925144460226266
https://hashdive.com/Analyze_User?user_address=0xc231d29c6679d8b6c22b6968037d07243089d02d,0.58,0,463.99999999999994,0,-13.474522179815407
https://hashdive.com/Analyze_User?user_address=0xbbd2aa9fca6d8f041ad4f4cb98703d7998e92f9a,0.58,0,463.99999999999994,0,-3.4660901708567877
https://hashdive.com/Analyze_User?user_address=0x9e91baa5c0cc9b35e37f485730256f65366db344,0.58,0,463.99999999999994,0,8.76114314562446
https://hashdive.com/Analyze_User?user_address=0x58d0855205f9a70cd39facff0b72fbab8b2a92cf,0.58,0,463.99999999999994,0,-1.3093049455509318
https://hashdive.com/Analyze_User?user_address=0xf7c162bddc932b54e761055f5996b8d2373a811a,0.58,0,463.99999999999994,0,13.973626953308408
https://hashdive.com/Analyze_User?user_address=0xc51c6b16ceb788374f9e63fde864c753485f6754,0.58,0,463.99999999999994,0,11.70945519050645
https://hashdive.com/Analyze_User?user_address=0xfd245cc3bee9359818a1fc2218d42b75aab542ab,0.58,0,463.99999999999994,0,5.020558000480532
https://hashdive.com/Analyze_User?user_address=0x43804f395fad6a256b54e4024affb7b3322d651b,0.58,0,463.99999999999994,0,14.002560249399188
https://hashdive.com/Analyze_User?user_address=0xeb05c781cd4da10c1e4a9eba5aeb08003957b4d8,0.58,0,463.99999999999994,0,10.758439932522265
https://hashdive.com/Analyze_User?user_address=0x737edf58bd86ec37aaa8755adfaece6e0d8914c8,0.58,0,463.99999999999994,0,-2.16639296665755
https://hashdive.com/Analyze_User?user_address=0x0117299049341923edcc783c0c191495ae5bdb62,0.58,0,463.99999999999994,0,-14.867914097831981
https://hashdive.com/Analyze_User?user_address=0x2db384cfc9c6df63cfef82301126437c26729f61,0.58,0,463.99999999999994,0,-6.2046402547777095
https://hashdive.com/Analyze_User?user_address=0xf5b362e42725d0ca6b83b1e8519e1b668a88d2ce,0.58,0,463.99999999999994,0,3.7574882412862727
https://hashdive.com/Analyze_User?user_address=0xcae564a083ed8080c9fb3410066639aefad971ed,0.58,0,458.2,0,-7.268630105030147
https://hashdive.com/Analyze_User?user_address=0x9b13257da9d3a21e0da76b799963771ec89f9a6e,0.58,0,458.2,0,12.347834664970074
https://hashdive.com/Analyze_User?user_address=0x69549c0b088e0798c9a9e475ce6115293ea1c522,0.58,0,458.2,0,3.1463784781697575
https://hashdive.com/Analyze_User?user_address=0xa27882ac0a45d56d1b43a0320ba8a4b9c16a407d,0.58,0,458.2,0,3.3688120498075675
https://hashdive.com/Analyze_User?user_address=0xdb2aaddde7ad53029576241a3eb81eaccf830a11,0.58,0,458.2,0,11.231080854856677
https://hashdive.com/Analyze_User?user_address=0xb263a92ec0314f90b802f38dae06511e1d62aac8,0.58,0,458.2,0,14.501445868935424
https://hashdive.com/Analyze_User?user_address=0x75086daa71976dc5fc1488d482605aa216276726,0.58,0,458.2,0,-4.238058625077191
https://hashdive.com/Analyze_User?user_address=0xed624bfbcaf9c924631a5befdbe20cd047c710a5,0.58,0,458.2,0,8.79936091515447
https://hashdive.com/Analyze_User?user_address=0x56903ca521b6ec4ef81b0d64b7285d626fa00a91,0.58,0,458.2,0,-2.96704376984688
https://hashdive.com/Analyze_User?user_address=0xce0ed392092a47a7064426ff3e214b198b1c6b46,0.58,0,458.2,0,-6.419431973549166
https://hashdive.com/Analyze_User?user_address=0xda9176462f7e10f30acd93c2ac5b30c8c2bd80a8,0.58,0,458.2,0,1.3895061752559927
https://hashdive.com/Analyze_User?user_address=0x3591656578d646e13ebab179e28c29cc5ae99946,0.58,0,458.2,0,-7.728084789703872
https://hashdive.com/Analyze_User?user_address=0x1c201c802c3027db698879dc25be18ef05f0ac72,0.58,0,458.2,0,5.220926062436116
https://hashdive.com/Analyze_User?user_address=0xc573b8b9096495a663896e77553b10d8a0aa6ed3,0.58,0,458.2,0,7.1895306092908
https://hashdive.com/Analyze_User?user_address=0x1fe37eb614eeb5b8c540ba56e3522563f93fe0fd,0.58,0,455.87392217999997,0,-5.499208434259678
https://hashdive.com/Analyze_User?user_address=0x0fa0c12f3896d0803f8a31fd29a9599f6066d9e1,0.82,16.334938,455.1,0.03589307404965942,-0.2127672424342099
https://hashdive.com/Analyze_User?user_address=0xc61138415f41151b03a854884234a1da3c664656,0.58,0,452.4,0,-6.031207464180524
https://hashdive.com/Analyze_User?user_address=0x749597eb15367a39d3814069268f02c8dae48122,0.58,0,452.4,0,7.651490720336915
https://hashdive.com/Analyze_User?user_address=0xae3f3a0b99a079b3d448c8d984066420579cec45,0.58,0,452.4,0,7.6885637976385235
https://hashdive.com/Analyze_User?user_address=0x97db1daa9cccbcf3247d8ef90758c5f36b979816,0.58,0,452.4,0,2.4107283255889405
https://hashdive.com/Analyze_User?user_address=0x4ad0613be2b8d976bfa765a720530d77a07088df,0.58,0,452.4,0,5.511241686531703
https://hashdive.com/Analyze_User?user_address=0xe52f4656c7303602f66ad108d2e9e6fc9a9ca8e9,0.58,0,452.4,0,-13.266400441754044
https://hashdive.com/Analyze_User?user_address=0x6ec0b27875c555cd8b0b9d082484380866c2665e,0.58,0,452.4,0,1.8025449987497635
https://hashdive.com/Analyze_User?user_address=0x4ed6faa3134e87bf0fe6ec499e5e4eb3d330ea37,0.58,0,452.4,0,11.520070138471931
https://hashdive.com/Analyze_User?user_address=0xf8f5931f3c68104941d23fae3c56284fc89a4000,0.58,0,452.4,0,-3.6305756639699984
https://hashdive.com/Analyze_User?user_address=0x7e09300d3330f655055739a805cd8c00ddff5f1c,0.58,0,452.4,0,13.451121218500766
https://hashdive.com/Analyze_User?user_address=0x8a9968aac0928c8a84f9c6d884ee2dbb557bdc03,0.58,0,452.4,0,12.762414145615136
https://hashdive.com/Analyze_User?user_address=0xac99a3b9dcafa7c3019a10294e2cb7ce0780dd7d,0.58,0,452.4,0,-13.07637293802038
https://hashdive.com/Analyze_User?user_address=0x8715f8774bd7e72e7220f9acaa86b99d1d0c2c37,0.58,0,452.4,0,-3.066584957880747
https://hashdive.com/Analyze_User?user_address=0x098b26139929ebb922a7dfa0431764fb6c7873b4,0.58,0,452.4,0,15.06253478336675
https://hashdive.com/Analyze_User?user_address=0x77b72c03515d73b2b952a017b60cf5781349d48e,0.58,0,452.4,0,5.021104771531833
https://hashdive.com/Analyze_User?user_address=0xd2856e2f62e632455d07313553f6628c052783c8,0.58,0,452.4,0,13.798429655100142
https://hashdive.com/Analyze_User?user_address=0x4e801a1eab6cb0e9fdbf684b38383f7bd9e864cb,0.58,0,452.4,0,-1.9914164133990317
https://hashdive.com/Analyze_User?user_address=0xf9e1763fdf062a5135bdac9338c986f545b6ab6f,0.58,0,452.4,0,-10.202377070359423
https://hashdive.com/Analyze_User?user_address=0xf49d176e5d2b000dcf6a1bf492727e1c8cb07119,0.58,0,452.4,0,1.7036001779110657
https://hashdive.com/Analyze_User?user_address=0xb867e5d661dabfb1fa0a8b439a11746312d0f152,0.58,0,452.4,0,-5.0292862360036334
https://hashdive.com/Analyze_User?user_address=0x5fc7ac7faa288cb41f8b207afce9af3b144f58aa,0.58,0,452.4,0,-18.891711490290383
https://hashdive.com/Analyze_User?user_address=0x998154d8eb4ba7c4b34b10d76b9742d922d7dec4,0.80611,107.903662,448.616337,0.2405254849200911,1.658039342157167
https://hashdive.com/Analyze_User?user_address=0x34015ab74c7b9fbd4d6ea61b47210c1ec1b931a7,0.58,0,446.59999999999997,0,5.996848776861165
https://hashdive.com/Analyze_User?user_address=0x1d60b067566080a236408fb87d4cd57ed33d1042,0.58,0,446.59999999999997,0,12.476901494394442
https://hashdive.com/Analyze_User?user_address=0x68a68d32c2431432cfb3d1c7ac1484132a10a197,0.58,0,446.59999999999997,0,5.357392776589136
https://hashdive.com/Analyze_User?user_address=0xfae1f096f20b70ae8741e2fdb10da39fbc86e1a7,0.58,0,446.59999999999997,0,-8.634536542221104
https://hashdive.com/Analyze_User?user_address=0x723453f6a707d8ee5a25e727d4b97fc9941bfe7b,0.58,0,446.59999999999997,0,9.650992828013308
https://hashdive.com/Analyze_User?user_address=0xe2855da400418bf29f9f710d23e65adbbb8a2aba,0.58,0,446.59999999999997,0,-5.587502561230849
https://hashdive.com/Analyze_User?user_address=0x62743da5eb6dcb5811fd257e81723a8ec58a54de,0.58,0,446.59999999999997,0,-2.0975362070874546
https://hashdive.com/Analyze_User?user_address=0xcc9e67a9b9e559672cd0eec337fa47ad2a149576,0.58,0,446.59999999999997,0,6.422237126124058
https://hashdive.com/Analyze_User?user_address=0x97f0c5d129566e35e02c01daad2838f537d506fa,0.58,0,446.59999999999997,0,9.246011342597383
https://hashdive.com/Analyze_User?user_address=0x11cddc48d263907ae67c4d60441544725db8f973,0.58,0,446.59999999999997,0,11.376749939360023
https://hashdive.com/Analyze_User?user_address=0x0ab19def5c6dc71df29463b5c73784c39c0445b9,0.58,0,446.59999999999997,0,-13.118220404599505
https://hashdive.com/Analyze_User?user_address=0xfde0396218b3f7562e193dbba04319c6973af8b1,0.58,0,446.59999999999997,0,-15.139706023395217
https://hashdive.com/Analyze_User?user_address=0xaa955d6fbeb32d61382e8e33513fb972778008ea,0.58,0,446.59999999999997,0,11.573551208981382
https://hashdive.com/Analyze_User?user_address=0x5522c16c4b0e347225cd4de5d20974693e5956f9,0.58,0,446.59999999999997,0,16.088665922680075
https://hashdive.com/Analyze_User?user_address=0x702153df0786d6bcb530486d12df765d6b278d18,0.58,0,446.59999999999997,0,7.974067455661174
https://hashdive.com/Analyze_User?user_address=0xc8a6a3b4a294ced6c223bfbc1c3c1ea23c4071df,0.58,0,446.59999999999997,0,-13.066915641272098
https://hashdive.com/Analyze_User?user_address=0x2c8a16cbf83aa7265b410777d2443473fc32809f,0.58,0,446.59999999999997,0,15.772192397236358
https://hashdive.com/Analyze_User?user_address=0x588a7a8a2d8750e6342b5a3d7c19c0e5088dbadd,0.58,0,446.59999999999997,0,8.640573528035452
https://hashdive.com/Analyze_User?user_address=0xdfdc18f78ab6766dcf8fdede85a5ec639d21b691,0.58,0,446.59999999999997,0,8.563955343821121
https://hashdive.com/Analyze_User?user_address=0x17769af67d8e49e4291c7a2adfa4eefd1c5a319e,0.58,0,446.59999999999997,0,8.919473340811312
https://hashdive.com/Analyze_User?user_address=0xbb68fab67ccd941e873551724a7350b50d1c8f6c,0.58,0,446.59999999999997,0,5.295060070625023
https://hashdive.com/Analyze_User?user_address=0x925c1b0af979eb7a144fad842c195c6e3beca694,0.58,0,440.79999999999995,0,-3.7081334029464648
https://hashdive.com/Analyze_User?user_address=0x0b7377f228285275a379c91cf415e746c56a9cc9,0.58,0,440.79999999999995,0,5.339235790261494
https://hashdive.com/Analyze_User?user_address=0x1806e536f0a56b86d0e36c9f1e73dfafccb05ed4,0.58,0,440.79999999999995,0,-11.083391496225543
https://hashdive.com/Analyze_User?user_address=0x9ba0c9dc87d4c6d63f17381f99af72b3c24368ec,0.58,0,440.79999999999995,0,7.920112846010989
https://hashdive.com/Analyze_User?user_address=0xa7db11c8a7ef64efa0c8010485f0fc0784f46e37,0.58,0,440.79999999999995,0,10.1948242888075
https://hashdive.com/Analyze_User?user_address=0x717293b2acc4c38a3b5817bb92a4e79d21a325dd,0.58,0,440.79999999999995,0,2.4521649880261647
https://hashdive.com/Analyze_User?user_address=0x0a503e37944d18fbf3c0f0ecb66da5013b61bde7,0.58,0,440.79999999999995,0,9.773653531538926
https://hashdive.com/Analyze_User?user_address=0x3285f1492e22f186991b4a63edbb7cdb0c19b5a0,0.58,0,440.79999999999995,0,17.17280171941267
https://hashdive.com/Analyze_User?user_address=0xac48d81dc2653067eaa0749bfd41ab08f270a796,0.58,0,440.79999999999995,0,1.9872969257762771
https://hashdive.com/Analyze_User?user_address=0x331f3bb4af0673a55039ff7361c1996757a70e97,0.58,0,440.79999999999995,0,-5.900269165271391
https://hashdive.com/Analyze_User?user_address=0xb351f9a33a8ceab6db8f395bae992fd8d91bee26,0.58,0,440.79999999999995,0,5.0738719058168815
https://hashdive.com/Analyze_User?user_address=0xad61629bc48cb3e2c284c87d567684bf0784e605,0.58,0,440.79999999999995,0,-4.202509580071161
https://hashdive.com/Analyze_User?user_address=0x4c0f87ce92c387620656acd8a80a67317bad6cb4,0.58,0,440.79999999999995,0,-1.4798879152022082
https://hashdive.com/Analyze_User?user_address=0x0b672ef56971b11f89fef0e2f0995fd8920b673f,0.58,0,440.79999999999995,0,3.2774169202729992
https://hashdive.com/Analyze_User?user_address=0x467226f1686e1378f0e89385cb447be1c16b4dce,0.58,0,440.79999999999995,0,6.755155085003191
https://hashdive.com/Analyze_User?user_address=0x0a44fa6fc44f4196fd2bdeec688aaeeda32e11c1,0.58,0,440.79999999999995,0,10.854986179616496
https://hashdive.com/Analyze_User?user_address=0xcd6e378b84d0972522f6cf1e8bcaa48065e8cf36,0.58,0,440.79999999999995,0,5.2055198647213246
https://hashdive.com/Analyze_User?user_address=0x4b2a7194e90a90eb44aa426f1bf53f1817d71ad9,0.58,0,440.79999999999995,0,9.89857315934942
https://hashdive.com/Analyze_User?user_address=0xb3d0c8afac70ca581f78fe8d472e4e8bddd5e06a,0.58,0,440.79999999999995,0,11.260075306790354
https://hashdive.com/Analyze_User?user_address=0x430e213845f5218e37d18367eeda721991adc202,0.58,0,440.79999999999995,0,5.466347218280046
https://hashdive.com/Analyze_User?user_address=0xf72864d9213c93bba0dc8aa2991c354570fad60a,0.58,0,440.79999999999995,0,12.371184387225576
https://hashdive.com/Analyze_User?user_address=0x83ba59080538d85c55ee441852fc5e2996decedb,0.58,0,434.99999999999994,0,-1.9718960281006181
https://hashdive.com/Analyze_User?user_address=0x792a811e12a9fc32b51fe79cd957c0b49cb2b6ac,0.58,0,434.99999999999994,0,5.523879206632934
https://hashdive.com/Analyze_User?user_address=0x14f77aff8c8e6cc2ae80b9e39ecf90a92d68d9a8,0.58,0,434.99999999999994,0,-9.169342254968276
https://hashdive.com/Analyze_User?user_address=0xb1dfebfb67b8721c8ae2fc69b9918bdcd42f1819,0.58,0,434.99999999999994,0,-2.342205733805482
https://hashdive.com/Analyze_User?user_address=0xb57fa8d94d4aa957897d07f02efffc6b8aad2eb8,0.58,0,434.99999999999994,0,-5.671688024154151
https://hashdive.com/Analyze_User?user_address=0x60265cf323d5fb715337b84549f1ed5fd47d36f2,0.58,0,434.99999999999994,0,7.9173816021138865
https://hashdive.com/Analyze_User?user_address=0x8cfdf7f4a32bb778de352e0b97be34b7dca65c8d,0.58,0,434.99999999999994,0,-1.2371390108022577
https://hashdive.com/Analyze_User?user_address=0x4b5c904aa6e0abb9b994ce033fde361a066b233c,0.58,0,434.99999999999994,0,-12.381392569212837
https://hashdive.com/Analyze_User?user_address=0x264bedd675dda1512c6204abe681ccc3b87b5a3d,0.58,0,434.99999999999994,0,-2.8875786794604896
https://hashdive.com/Analyze_User?user_address=0xfcd423b26eec9b72daedaabdbb4a07de60ef6c9e,0.58,0,434.99999999999994,0,-3.6734437658712515
https://hashdive.com/Analyze_User?user_address=0xd2c8c001869974094fde2cc1c6504a16ab4a3fc5,0.58,0,434.99999999999994,0,1.116214694252152
https://hashdive.com/Analyze_User?user_address=0x84db6d37a9310df814d54d62922a624a59569a7f,0.58,0,434.99999999999994,0,-1.9739354008647036
https://hashdive.com/Analyze_User?user_address=0xb8776cb7504e1db05a54f433a6cdfc8d09ed889f,0.58,0,434.99999999999994,0,10.959437960333187
https://hashdive.com/Analyze_User?user_address=0xbdd4c3190abaa42c6426275db70e73de6719f73e,0.58,0,434.99999999999994,0,20.62188327016655
https://hashdive.com/Analyze_User?user_address=0x3be2a8c7ad2cbc7e9cfec54f450187fdd7985a42,0.58,0,434.99999999999994,0,2.05612767466621
https://hashdive.com/Analyze_User?user_address=0x3f027a890eab918bc7b6977a057d20fcfe3689b1,0.58,0,434.99999999999994,0,10.59793250212161
https://hashdive.com/Analyze_User?user_address=0x01fee04b09b65375c7cdbb65d3abfaefb6085209,0.58,0,434.99999999999994,0,-0.19230231968816364
https://hashdive.com/Analyze_User?user_address=0xdab50085f3bcda394124d861d545bd29daf49681,0.58,0,434.99999999999994,0,-7.161605405026189
https://hashdive.com/Analyze_User?user_address=0x508d8c76b896a626a5b6358e3989bd2a03e67b38,0.58,0,434.99999999999994,0,3.474394762351194
https://hashdive.com/Analyze_User?user_address=0x71e77351dd0c7e1d7a8ae313177ffd79743666ac,0.58,0,434.99999999999994,0,-13.315465293213736
https://hashdive.com/Analyze_User?user_address=0xc44ec973480494ab9adb8d0b904de5bdabec05bd,0.58,0,429.2,0,14.85263972805421
https://hashdive.com/Analyze_User?user_address=0x04707754c5863b5b588a41c91ee966ad30e813a4,0.58,0,429.2,0,5.055627425484932
https://hashdive.com/Analyze_User?user_address=0xf8dc50c5c37833b0d1b4bac7337641c3d9ae7e11,0.58,0,429.2,0,3.2602531064113927
https://hashdive.com/Analyze_User?user_address=0x8c20d7aa71ded25c4325a2de0887181334b08b67,0.58,0,429.2,0,5.406546473261219
https://hashdive.com/Analyze_User?user_address=0xd48942fe35fb048838af9550dfddba11823d8174,0.58,0,429.2,0,-8.687357633365455
https://hashdive.com/Analyze_User?user_address=0x3ff5b6baaffcbc5d75e792eda3c785fcdb1d4418,0.58,0,429.2,0,-7.950914896125266
https://hashdive.com/Analyze_User?user_address=0xdf3a1184ad144150df2edc619a8290e6835e79ce,0.58,0,429.2,0,5.909786073779984
https://hashdive.com/Analyze_User?user_address=0x8499a9e3ebcbe5488d6b4decea7221006817c60f,0.58,0,429.2,0,9.452239777418676
https://hashdive.com/Analyze_User?user_address=0xe60821f172e944ee80227d2f6a140dfbe469f948,0.58,0,429.2,0,1.8577075474235263
https://hashdive.com/Analyze_User?user_address=0xcaf3915b56efc06bc816646c14a988e0ac2c980d,0.58,0,429.2,0,-17.910741397977453
https://hashdive.com/Analyze_User?user_address=0x97e5be8c8c3b3419a9418a2ce0cc9e31a023f5b4,0.58,0,429.2,0,16.826256613708345
https://hashdive.com/Analyze_User?user_address=0xdb7eee5fc6aef176c6442cd7617cfa9d42c6d2c0,0.58,0,429.2,0,-20.41548722670994
https://hashdive.com/Analyze_User?user_address=0x6a69b16d943c3d8642fa3753049e9975bfcaf270,0.58,0,429.2,0,-4.979800858717394
https://hashdive.com/Analyze_User?user_address=0x4343d746db55633c559901ffbabd53de995a9b9f,0.58,0,429.2,0,5.367734649717624
https://hashdive.com/Analyze_User?user_address=0x53b1f3712d8f0594d97ec1506fcd82dfcc3567c5,0.58,0,429.2,0,8.486362111632781
https://hashdive.com/Analyze_User?user_address=0x913b7d19a9e55563dc2ff669ff5604147b221279,0.58,0,429.2,0,7.194139888072448
https://hashdive.com/Analyze_User?user_address=0x31af63cf88794d29839ddaffbeb5e15039180244,0.58,0,429.2,0,0.4834317097778524
https://hashdive.com/Analyze_User?user_address=0x21847a95ae1c3ed1aa0f84a59d2246f9854a4bb9,0.58,0,429.2,0,3.6663633619240397
https://hashdive.com/Analyze_User?user_address=0xb276db9998f0ba5b343e795f870c3e49c81c6f46,0.58,0,429.2,0,2.454680357858266
https://hashdive.com/Analyze_User?user_address=0x743ff4ad8ca503936d30d765af666595f2f2ec37,0.58,0,429.2,0,-2.308471133650518
https://hashdive.com/Analyze_User?user_address=0x788066bf5e40dfae97730c126c7545792d70d272,0.58,0,429.2,0,-7.922554581517693
https://hashdive.com/Analyze_User?user_address=0x0ed4b22f05211ad8f621be876fa093e99a8c365e,0.58,0,429.2,0,11.052544330756893
https://hashdive.com/Analyze_User?user_address=0xc6cba47a3e948d824e34bdc98f3a0fd0fdd3380a,0.58,0,429.2,0,11.924740957371544
https://hashdive.com/Analyze_User?user_address=0xa13701324ae083ea40c7bbd9dce548ba768ec450,0.58,0,429.2,0,-17.300594628232453
https://hashdive.com/Analyze_User?user_address=0x3f58cfc3e038a7d90cc80cb482d994e903589c6a,0.85,55,425,0.12941176470588237,0.11469514182698497
https://hashdive.com/Analyze_User?user_address=0x2296a7653da8a1a9ebca857cd42e05d3075220b8,0.58,0,423.4,0,-2.6232377646606313
https://hashdive.com/Analyze_User?user_address=0xcb94f5c4efbadec9590bfa9598c68c8ba72bd8c1,0.58,0,423.4,0,4.308567390476494
https://hashdive.com/Analyze_User?user_address=0x3d0a4b09a0e323469d2ff06d890f1a17b685faf2,0.58,0,423.4,0,-15.029088265115632
https://hashdive.com/Analyze_User?user_address=0x01046cb80a27555ac3a7064bae12a4a945d2249f,0.58,0,423.4,0,-0.012398408221550307
https://hashdive.com/Analyze_User?user_address=0x2e80862312752907a3a8bca30c6e691a4024c525,0.58,0,423.4,0,-9.558126360148385
https://hashdive.com/Analyze_User?user_address=0x588f7823b7ae53de17c8021a04e7877d17d3704d,0.58,0,423.4,0,-8.907688852591823
https://hashdive.com/Analyze_User?user_address=0xbf1b8a7c5af06e3a6e2c3b9379ecd908cdec09e0,0.58,0,423.4,0,0.631285904188605
https://hashdive.com/Analyze_User?user_address=0xcf749246544b95f0a97fb9e983ecf0a3c9ce796f,0.58,0,423.4,0,-4.459416530787696
https://hashdive.com/Analyze_User?user_address=0x1e1de864369325f28c909dfc05b3cc7f94a43e02,0.58,0,423.4,0,-3.5651378438725043
https://hashdive.com/Analyze_User?user_address=0x7ddc68b2ce4ed23b758edcc3b77c30f8a10d655f,0.58,0,423.4,0,3.996030769440136
https://hashdive.com/Analyze_User?user_address=0x66c56455eeb53ec95b9f6e48a022d3ad4fddfb0e,0.58,0,423.4,0,6.364921047498575
https://hashdive.com/Analyze_User?user_address=0x9ef81981a36fbbe7ed53b00490d97581e3982a33,0.58,0,423.4,0,-8.548508091325651
https://hashdive.com/Analyze_User?user_address=0xbe45c6064c08a745b5ab06df9d9bc2d491cab8e5,0.58,0,423.4,0,13.61800750847059
https://hashdive.com/Analyze_User?user_address=0x547929d0609ea84a66d2cdcd48d9199733e0e1d9,0.58,0,423.4,0,18.643467363180395
https://hashdive.com/Analyze_User?user_address=0x736d9dc906cab8858d8713ff605e18c9fac1b409,0.58,0,423.4,0,7.465483531986639
https://hashdive.com/Analyze_User?user_address=0x168fafcc7ec995749254d037ca06636572ebc823,0.58,0,423.4,0,2.659422764083234
https://hashdive.com/Analyze_User?user_address=0xd41bf5738de060ae60e727bcfa9259a395866462,0.58,0,423.4,0,18.70264630071644
https://hashdive.com/Analyze_User?user_address=0x7dbd0ca461ce4be3677dc863bc602ba065dd57e1,0.58,0,423.4,0,-6.368273053993173
https://hashdive.com/Analyze_User?user_address=0x616ed48f644163a586eb54b6be73a527bb963bce,0.58,0,423.4,0,8.039544758030724
https://hashdive.com/Analyze_User?user_address=0x73fc51578ed6b4e630b8a87c2b679aea7cd61d1c,0.58,0,423.4,0,7.8143427536640795
https://hashdive.com/Analyze_User?user_address=0x355cf1e2be2d25a6ff5965c3a85c1f1947e0c83c,0.58,0,423.4,0,18.891257638001548
https://hashdive.com/Analyze_User?user_address=0x6aabd7bc251b99eacb4c557603f34918bd059c4c,0.935999,-23.74975,421.19955,-0.056385981419020986,-4.235319365768007
https://hashdive.com/Analyze_User?user_address=0xff02510cdb1eadc623cf0b2a9b44301377b90677,0.58,0,417.59999999999997,0,9.2688264216855
https://hashdive.com/Analyze_User?user_address=0xcc72073492d3ddb03e5f29047a04e22e3000cb0f,0.58,0,417.59999999999997,0,7.200761838802341
https://hashdive.com/Analyze_User?user_address=0x7f4c5c8ed3908f46356958c04ddfabfd9805c668,0.58,0,417.59999999999997,0,-15.635026908527616
https://hashdive.com/Analyze_User?user_address=0x1bdb8dd5b3a0c340bd18baf0d21e2891743b9750,0.58,0,417.59999999999997,0,-5.63796624591696
https://hashdive.com/Analyze_User?user_address=0xa82ae70e6f135d8dbbfd8ae6fbb6c1e37099cba8,0.58,0,417.59999999999997,0,9.398781568941605
https://hashdive.com/Analyze_User?user_address=0x04cfe90e9c583d2a7792c06e9bccac5e435c2adb,0.58,0,417.59999999999997,0,-8.251284651404099
https://hashdive.com/Analyze_User?user_address=0x28c6047686bad033e6abb455365ce7e8aae36782,0.58,0,417.59999999999997,0,16.9442117563395
https://hashdive.com/Analyze_User?user_address=0x63191598603fd46beea9a2a1edf145f9ea9196d9,0.58,0,417.59999999999997,0,-8.775429534387392
https://hashdive.com/Analyze_User?user_address=0x6ee1419754bb664ea99c850781ddc35cb5c6da10,0.58,0,417.59999999999997,0,3.4570371539297144
https://hashdive.com/Analyze_User?user_address=0x978f0e07e065ef908301791a708821fd342b780a,0.58,0,417.59999999999997,0,9.486808866751153
https://hashdive.com/Analyze_User?user_address=0x774700e4f6edc5b45b1fcdf36ea62a30a370373c,0.58,0,417.59999999999997,0,-1.8549621579701114
https://hashdive.com/Analyze_User?user_address=0x144f984a65c0b2b28bd105cff410b6ed38d0c4f7,0.58,0,417.59999999999997,0,-11.28482175710316
https://hashdive.com/Analyze_User?user_address=0xbae468bf78f54b249e87f9e6216041d5b553bfaf,0.58,0,417.59999999999997,0,-5.230930124209304
https://hashdive.com/Analyze_User?user_address=0x37e2b1882f95a27d70c57aaf4bcd4b2556a95456,0.58,0,417.59999999999997,0,1.576275828024791
https://hashdive.com/Analyze_User?user_address=0xb98700f5a5131bafccf95e7583c8dba2569d27a6,0.58,0,417.59999999999997,0,-6.717948828831847
https://hashdive.com/Analyze_User?user_address=0xb735223a33ad40e5918872ac9d576803b12ba745,0.58,0,417.59999999999997,0,-8.019265573593813
https://hashdive.com/Analyze_User?user_address=0xc3b74547c230fc7e3ff2dc202c0ef34d7f4333c1,0.58,0,417.59999999999997,0,9.256193589073282
https://hashdive.com/Analyze_User?user_address=0xa9c029b747a8894327d3d111a1242f7284c91dc0,0.58,0,417.59999999999997,0,10.514181373100008
https://hashdive.com/Analyze_User?user_address=0x298748d113251cee71826b4cf7b3721feff58237,0.58,0,417.59999999999997,0,-1.5268027769576324
https://hashdive.com/Analyze_User?user_address=0x1a69db1b66e789eaf5f2a1625f9dd8a633cb4594,0.58,0,417.59999999999997,0,-2.3323083762118864
https://hashdive.com/Analyze_User?user_address=0x07e00bee7a838b8cba9649a217080991fe977b0d,0.58,0,417.59999999999997,0,16.84793324508526
https://hashdive.com/Analyze_User?user_address=0xcda690df6a26983eb2629b74a526bb01ce5a154d,0.58,0,417.59999999999997,0,17.371448739603174
https://hashdive.com/Analyze_User?user_address=0x016a6109a599a9b07eb152eb76874826fb17932b,0.58,0,417.59999999999997,0,-10.752528867654991
https://hashdive.com/Analyze_User?user_address=0x70a1fec6bc9eee9dd422cce380a8661b3fcf78d5,0.58,0,417.59999999999997,0,2.20018088990511
https://hashdive.com/Analyze_User?user_address=0x17441c6d3348bd3e4d6c3168612f5cd580273c8b,0.58,0,411.79999999999995,0,10.192007761160419
https://hashdive.com/Analyze_User?user_address=0xb73e832102c377de748f01ca2809bbb1d83339ff,0.58,0,411.79999999999995,0,1.0481375861608342
https://hashdive.com/Analyze_User?user_address=0x06955bcf3f5e3a481bbecddd7856da3b906c2f82,0.58,0,411.79999999999995,0,-14.890917037976156
https://hashdive.com/Analyze_User?user_address=0xf8010246f044a8ed07574c963de2ada35d341320,0.58,0,411.79999999999995,0,17.05055777599837
https://hashdive.com/Analyze_User?user_address=0xdbc65ef6b9985a599019c2f3113c862e57c885b4,0.58,0,411.79999999999995,0,-12.900508572677952
https://hashdive.com/Analyze_User?user_address=0x0d370cc0e23088cc6deb85f0e5672c1444adc3dc,0.58,0,411.79999999999995,0,2.0725762800457086
https://hashdive.com/Analyze_User?user_address=0x9adb2a58cd28561d909692875dc0e8c8c1b6fd1e,0.58,0,411.79999999999995,0,16.318009451874286
https://hashdive.com/Analyze_User?user_address=0xe8b0c48d28634a4eba59be078e5e64f4f09a3c17,0.58,0,411.79999999999995,0,-2.1025160758985937
https://hashdive.com/Analyze_User?user_address=0x0285d487ee916744fb8a78718b6a5b3b5fbcb810,0.58,0,411.79999999999995,0,-9.30507958959383
https://hashdive.com/Analyze_User?user_address=0xc81d4efb5e16f8c9d1658d9b197d7c5d009d7611,0.58,0,411.79999999999995,0,13.002880733382254
https://hashdive.com/Analyze_User?user_address=0x42a398c833b6bb84cbf4c3b962040bab89f71011,0.58,0,411.79999999999995,0,-15.389318862987963
https://hashdive.com/Analyze_User?user_address=0x9edd67fab84c2748f93065524c33985c37529046,0.58,0,411.79999999999995,0,2.885662646134324
https://hashdive.com/Analyze_User?user_address=0x4a56a8c13273ec47d59ff55af579c360c7a64502,0.58,0,411.79999999999995,0,10.887922680612013
https://hashdive.com/Analyze_User?user_address=0x0eec99f7942e56e80c1800582f7ca78222ff2e9f,0.58,0,411.79999999999995,0,3.799809122261032
https://hashdive.com/Analyze_User?user_address=0xd1be626efbb5999129ffa40d672486fc385ddd63,0.58,0,411.79999999999995,0,2.243934048593897
https://hashdive.com/Analyze_User?user_address=0x7b88022c86776820932bc0eaf93bb75ba4a21712,0.58,0,411.79999999999995,0,-5.846818648159566
https://hashdive.com/Analyze_User?user_address=0xfc4782ac3db22d6ca0e2e5471ccf4c2a0183db80,0.58,0,411.79999999999995,0,13.69845957095309
https://hashdive.com/Analyze_User?user_address=0x58a7330ea23f9dcbebe8722082a3e39396e473ef,0.58,0,411.79999999999995,0,4.23542878232367
https://hashdive.com/Analyze_User?user_address=0x13586b70640a11e5fc5c545d8e3e4b62253828de,0.58,0,411.79999999999995,0,10.803612795551821
https://hashdive.com/Analyze_User?user_address=0xfb95ea8901146494f85674192bb0bd7eee0c736e,0.58,0,411.79999999999995,0,-1.6444742438047977
https://hashdive.com/Analyze_User?user_address=0x2142318cd902a6bf20297df8eab1882e66cfc308,0.58,0,411.79999999999995,0,1.1451947579323354
https://hashdive.com/Analyze_User?user_address=0x49ed9afcec6cf4c1a259d6355ed3154584a52486,0.58,0,411.79999999999995,0,10.771556000322581
https://hashdive.com/Analyze_User?user_address=0x1f1616c9efbea56b0e5a8f4aaba12c86ffb15bb0,0.99,3.489137,406.3455,0.008586626405361938,-16.73334467432802
https://hashdive.com/Analyze_User?user_address=0x50eff9271f83728e4dd22ec578bbbe63548205b0,0.58,0,406,0,10.235498640945863
https://hashdive.com/Analyze_User?user_address=0xbc66b6a32c907dae161ff30a850cc02f3f27e16d,0.58,0,406,0,-9.402901858182018
https://hashdive.com/Analyze_User?user_address=0x4b47480e9714b123f9f00ddefaffb0df11fcfe37,0.58,0,406,0,6.734336453600243
https://hashdive.com/Analyze_User?user_address=0xd9888d22961d015b8501e2517a30a8a223f6da7b,0.58,0,406,0,-2.5333836953973754
https://hashdive.com/Analyze_User?user_address=0x7304e7ac8c7ed3d414619e016b904b7d5c4caa27,0.58,0,406,0,6.36098791559176
https://hashdive.com/Analyze_User?user_address=0x8f28617f6e55a8fef3bf076fd145dfc59b28fcef,0.58,0,406,0,-12.122120497805422
https://hashdive.com/Analyze_User?user_address=0xc2bdfd4f540c831f392ef8f3135ae900fd1f6c54,0.58,0,406,0,-4.6085517339710265
https://hashdive.com/Analyze_User?user_address=0xbe64fe7b1c65a4ffae21452abfbd57e32df71e32,0.58,0,406,0,8.858782020821653
https://hashdive.com/Analyze_User?user_address=0x84fe6e116341f8e1b221b2069f3646b3f0f3ca93,0.58,0,406,0,4.372365670960617
https://hashdive.com/Analyze_User?user_address=0xe7e42f0ab985847771e3d12407124f7b6e5718f8,0.58,0,406,0,9.67529894778181
https://hashdive.com/Analyze_User?user_address=0xb0aa83e813337844ec90e64a85a1cf8960452a90,0.58,0,406,0,-6.874627534885477
https://hashdive.com/Analyze_User?user_address=0xb1e14d64c95cc2d3026854cf95f72ac4ada51157,0.58,0,406,0,-10.092102354593477
https://hashdive.com/Analyze_User?user_address=0x45441661ad5b1078ecd95819512dfb60d069e55f,0.58,0,406,0,0.8858942102665329
https://hashdive.com/Analyze_User?user_address=0x541970b317d9fa7130ebc4f517389189076a4573,0.58,0,406,0,5.688201203701374
https://hashdive.com/Analyze_User?user_address=0x78db54e8796724ea370d50f1182d771762703713,0.58,0,406,0,-0.052854661228278886
https://hashdive.com/Analyze_User?user_address=0x573bc71e26e678f442b86a655a17a255b0e8b767,0.58,0,406,0,-10.795161314767586
https://hashdive.com/Analyze_User?user_address=0x8b475410588aeae52b03a583826b7d4fcf7adca6,0.58,0,406,0,9.457443419048925
https://hashdive.com/Analyze_User?user_address=0x9c4816de38369ad2e37a79abadfed440cf0dfcd3,0.58,0,406,0,13.529441417169984
https://hashdive.com/Analyze_User?user_address=0x05db350fd4a0a3012486206e0660060544450c4f,0.58,0,406,0,15.904530443103242
https://hashdive.com/Analyze_User?user_address=0x9d8ad3ff44907f85606698df4cfdc20d32eaad83,0.58,0,406,0,14.265430584039308
https://hashdive.com/Analyze_User?user_address=0x9b5518527679f934d3d01c7cdfc8ce29fc3d75d7,0.58,0,400.2,0,1.8571885489153803
https://hashdive.com/Analyze_User?user_address=0xfd29d5128f381c9e4632aa3e4cd2e7a26b5125b4,0.58,0,400.2,0,12.094103096274418
https://hashdive.com/Analyze_User?user_address=0xfa7eb6e9e829dec4a974de3a65df1a4ad39d98f8,0.58,0,400.2,0,-3.502919141413634
https://hashdive.com/Analyze_User?user_address=0x552ffb65cb26955e9d0c994e399b04908ba31089,0.58,0,400.2,0,-0.09772032610912092
https://hashdive.com/Analyze_User?user_address=0xb72e69555b92b43a35db1f63640dc71d88984113,0.58,0,400.2,0,-2.134722504805525
https://hashdive.com/Analyze_User?user_address=0xe5db002ce2f731dbb2313af54e109038b5d2c8f9,0.58,0,400.2,0,-2.232924600552678
https://hashdive.com/Analyze_User?user_address=0x569b1c443c4a6abf8afc425219fed858ce2625ae,0.58,0,400.2,0,8.690447679172891
https://hashdive.com/Analyze_User?user_address=0x31e5c7ac779344de958be21103d0faaec813bd1e,0.58,0,400.2,0,11.293018033118331
https://hashdive.com/Analyze_User?user_address=0xe3f682b0511371e59871c85ab18e4ada6df5999e,0.58,0,400.2,0,5.824710230389543
https://hashdive.com/Analyze_User?user_address=0x7122f639b161e6aca5b5fd40fbba65d6c22c43b3,0.58,0,400.2,0,11.764138096647578
https://hashdive.com/Analyze_User?user_address=0xb8f0ebc2238aee76c784f5ef8b9ab05ab2649bfc,0.58,0,400.2,0,-6.844685314589187
https://hashdive.com/Analyze_User?user_address=0x0325ca11c88bd2b0c631944e778cb1a055a90a55,0.58,0,400.2,0,-0.016143921882252967
https://hashdive.com/Analyze_User?user_address=0x1da78e3465470681b527c92eaa73db49b271d455,0.58,0,400.2,0,12.660099327566243
https://hashdive.com/Analyze_User?user_address=0xd49556903d433de4cc586be048f97e5c0b3cec0a,0.58,0,400.2,0,-6.9201505207843415
https://hashdive.com/Analyze_User?user_address=0x7199e1346d0185fbf0a4cde14316a3008504e0e7,0.58,0,400.2,0,2.1091077112086882
https://hashdive.com/Analyze_User?user_address=0x6cbedeae2432efdf53343450e711a5b93fb35f49,0.58,0,400.2,0,-4.5040766546325335
https://hashdive.com/Analyze_User?user_address=0x8537cb304b532b9c0909bdf6073dc580a8575b25,0.58,0,400.2,0,6.581492075923051
https://hashdive.com/Analyze_User?user_address=0x090cdbe76557fffcaaceacd854d48ec6eafb339b,0.58,0,400.2,0,-7.2567672347848795
https://hashdive.com/Analyze_User?user_address=0x14a415cdfdf6cc5450b23a9383696b8cd5cf6e07,0.58,0,400.2,0,12.059518639781858
https://hashdive.com/Analyze_User?user_address=0x6f38193e60bfeb3a068ee05237d67d2e969e6d4c,0.58,0,400.2,0,11.906544020107434
https://hashdive.com/Analyze_User?user_address=0x975ab44b6a63d90e6aab351d923f597f69777978,0.58,0,400.2,0,-1.0249254725358588
https://hashdive.com/Analyze_User?user_address=0xe033df829f26bf04cf70110c9af2d294ed7a3960,0.58,0,400.2,0,4.098549788448189
https://hashdive.com/Analyze_User?user_address=0xb8d92534c1941c239bff0b826a68717f21e3616d,0.58,0,400.2,0,13.739458809102016
https://hashdive.com/Analyze_User?user_address=0xbf7776f09887416bfb12d82f0254bbd68dd88835,0.58,0,400.2,0,0.5609560495326554
https://hashdive.com/Analyze_User?user_address=0xb70bb8899850ad794b823ed4a884555798ddda98,0.58,0,400.2,0,10.436193355437151
https://hashdive.com/Analyze_User?user_address=0x02244a47c021762e17e717c31c72937f5292f1b4,0.58,0,400.2,0,-17.888065532666747
https://hashdive.com/Analyze_User?user_address=0x3f5b98cc7a87ea52b46f3547ec6ada7c60d4ae93,0.58,0,400.2,0,10.22239311054016
https://hashdive.com/Analyze_User?user_address=0xfbb66190f8a7ea1bc05262aa72751595c9fe15d8,0.58,0,400.2,0,-2.2462839749645527
https://hashdive.com/Analyze_User?user_address=0xc8f84d5a24b42ee59d8b9501e85f0365221d4620,0.58,0,400.2,0,2.1495435754386607
https://hashdive.com/Analyze_User?user_address=0x7d470b47fcda217e5fc5276214d399407758b4a5,0.58,0,400.2,0,-4.320227700418482
https://hashdive.com/Analyze_User?user_address=0x8212e32270466310f527b158bd188b6f074a145b,0.58,0,400.2,0,9.804983900040714
https://hashdive.com/Analyze_User?user_address=0xdc4bc68529c164cfe402ae1215876badc02a5a92,0.8,100,400,0.25,0.08199808712279058
https://hashdive.com/Analyze_User?user_address=0xe6630b407cb62360485d6266245984c52f596462,0.484913,391.889764,399.999389,0.9797259065313222,-8.801557656227699
https://hashdive.com/Analyze_User?user_address=0xf0b0ef1d6320c6be896b4c9c54dd74407e7f8cab,0.776197,4.504151,399.456432,0.011275700274617183,0.7139732428280593
https://hashdive.com/Analyze_User?user_address=0xe3b8e9a6ac062c768aaa60422a330f88e61f4d5e,0.58,0,394.4,0,-8.744038942666183
https://hashdive.com/Analyze_User?user_address=0xee7c42e27475c8820a893abf60f08ccb408db4bc,0.58,0,394.4,0,-0.6626017682104011
https://hashdive.com/Analyze_User?user_address=0xd82596b3d508686a856589491314a3077e2aa68e,0.58,0,394.4,0,9.35683981206365
https://hashdive.com/Analyze_User?user_address=0x52631986cf62708d9080a29e101d08d2ce9be580,0.58,0,394.4,0,-2.955462683340597
https://hashdive.com/Analyze_User?user_address=0x3cfce762ce937f581d37fa52102b6d69644f3b42,0.58,0,394.4,0,5.475921745042736
https://hashdive.com/Analyze_User?user_address=0x142eec7ec4bdc0568239cb05a1fd3b6b3f9763e4,0.58,0,394.4,0,0.020311682519533816
https://hashdive.com/Analyze_User?user_address=0x2c01763f0ce115744d0273f4b1f31d8a95296f45,0.58,0,394.4,0,-3.7497796454176417
https://hashdive.com/Analyze_User?user_address=0xadd165b494debbb4088c6526d9d3f95ed5ec2a52,0.58,0,394.4,0,15.086315160546963
https://hashdive.com/Analyze_User?user_address=0xbb36fd762148a55fb4a1c697e79ac6206b8c95cb,0.58,0,394.4,0,4.289374197741002
https://hashdive.com/Analyze_User?user_address=0x3147a9414626dee2c89179e983485efabbda4242,0.58,0,394.4,0,11.389354640990268
https://hashdive.com/Analyze_User?user_address=0x422a6daae7e2bef3a5aec0f098c35b365831c5ec,0.58,0,394.4,0,-14.540945366200862
https://hashdive.com/Analyze_User?user_address=0x77891025218bad65d84538b01a5271fbcb0afd7e,0.58,0,394.4,0,4.380469264405736
https://hashdive.com/Analyze_User?user_address=0x7b91ce981f9cd29be2a83b5d284777d1276425bc,0.58,0,394.4,0,-10.905873234033283
https://hashdive.com/Analyze_User?user_address=0x5b9b40fdcad9bd5b9db987c297d7e046d37eaaab,0.58,0,394.4,0,2.3716701894410526
https://hashdive.com/Analyze_User?user_address=0xd5fecad4d7d95d8cf7d1859c18d009e7a3da9118,0.58,0,394.4,0,20.99123998391868
https://hashdive.com/Analyze_User?user_address=0xdb55d9c964558b3aa32353296d30ec76b919c2e5,0.58,0,394.4,0,-18.97920213727652
https://hashdive.com/Analyze_User?user_address=0xe4d71b0d68312b3b08e9f5eb4c22ff56dc9278fe,0.58,0,394.4,0,1.5013866004284186
https://hashdive.com/Analyze_User?user_address=0xb6409a1a7afdf3f85a4fd6464e8935eccc622de6,0.58,0,394.4,0,14.885680549471914
https://hashdive.com/Analyze_User?user_address=0x197c985ee15066de44d7059e609b6d34d56a7724,0.58,0,394.4,0,-0.6027806579238839
https://hashdive.com/Analyze_User?user_address=0x84ff20b58c35382f9de8209da0f8f0f5946e3789,0.58,0,394.4,0,5.7855311467999115
https://hashdive.com/Analyze_User?user_address=0x865a7d7250bca2c35c6642cfbf28433e49f5e2a9,0.58,0,394.4,0,11.058631610818367
https://hashdive.com/Analyze_User?user_address=0x7aaa52c79ebe426cec9bced663cbe3da02a20781,0.58,0,394.4,0,10.22408152569809
https://hashdive.com/Analyze_User?user_address=0x65b31b0eb50eee0cfa13f11c6b0734b171f26b1a,0.58,0,394.4,0,10.49046217985203
https://hashdive.com/Analyze_User?user_address=0x227b583f161261f82ad3e8bd8dd48a08e5f982d3,0.58,0,394.4,0,-0.9236438967295308
https://hashdive.com/Analyze_User?user_address=0x491adf31d3d1df531059715fda1bcdd6c874abf0,0.58,0,394.4,0,12.005304273551129
https://hashdive.com/Analyze_User?user_address=0x7fd971c171b0cb4e463d1a51cc138cc952124a6e,0.868954,59.11091,391.959023,0.15080890228670663,0.6630562826161702
https://hashdive.com/Analyze_User?user_address=0xb43c70701c40068b442d558ecad0cf711a60d43b,0.95,20.09,389.5,0.05157894736842105,1.2407307992580856
https://hashdive.com/Analyze_User?user_address=0xfd067b3186c8a64cb7723a347217b6068df06ac0,0.58,0,388.59999999999997,0,-1.9526008552876166
https://hashdive.com/Analyze_User?user_address=0x53f1c47348ae3b83b647c121ae07efb7cfe3a35a,0.58,0,388.59999999999997,0,11.54138550667973
https://hashdive.com/Analyze_User?user_address=0x5690e124c58cb43fd84f6c09859bd81a6c97ebea,0.58,0,388.59999999999997,0,0.9494706305612893
https://hashdive.com/Analyze_User?user_address=0x9c24fd858b3e01ec8afee7a2ddadedcd767118ba,0.58,0,388.59999999999997,0,-4.126817318916919
https://hashdive.com/Analyze_User?user_address=0x84426022161db014b0c0d760400b86c988551be8,0.58,0,388.59999999999997,0,13.612203685871568
https://hashdive.com/Analyze_User?user_address=0x46539423c1ead7f8c2a591e9368496fc7165516d,0.58,0,388.59999999999997,0,-8.876977661353397
https://hashdive.com/Analyze_User?user_address=0x22d256ae8eb5b4319e538541dd3aeb3f36b27870,0.58,0,388.59999999999997,0,12.048491518722882
https://hashdive.com/Analyze_User?user_address=0x5a32d3f6567a1d5af4c2e006c1dfe6060b0788d9,0.58,0,388.59999999999997,0,4.562250264423383
https://hashdive.com/Analyze_User?user_address=0x113f98bbeb203fd15f5b8e440e26bbc099f73c14,0.58,0,388.59999999999997,0,-8.086273832243698
https://hashdive.com/Analyze_User?user_address=0x367155af46993de93a09a2cd398f2a4ad89916a8,0.58,0,388.59999999999997,0,0.17701653002264686
https://hashdive.com/Analyze_User?user_address=0xe2899c6b176c90505b36c8ac4c19e9e5527095bb,0.58,0,388.59999999999997,0,12.29883006664834
https://hashdive.com/Analyze_User?user_address=0x2df1f6ea33db95c04ae39b690b1ec5739b0c2489,0.58,0,388.59999999999997,0,8.514627627254272
https://hashdive.com/Analyze_User?user_address=0xf32fea2918b8b2a5a44b35322ecef0eb6b4de2bf,0.58,0,388.59999999999997,0,16.057493832843214
https://hashdive.com/Analyze_User?user_address=0x3aa1e72095ad69d9acb9425860c77027da11106c,0.58,0,388.59999999999997,0,-12.589916600422406
https://hashdive.com/Analyze_User?user_address=0x70d64651fc7a017aaa83c56ac3889c147456fa6c,0.58,0,388.59999999999997,0,1.6669033360218775
https://hashdive.com/Analyze_User?user_address=0x4a68577285d5ccad045be5e421556a9c174778c9,0.58,0,388.59999999999997,0,-14.000714267493638
https://hashdive.com/Analyze_User?user_address=0xaf3e8a79d7c9cd82a0d5f0f3f30862e56a42c163,0.58,0,388.59999999999997,0,-10.327242611678823
https://hashdive.com/Analyze_User?user_address=0xe8ff647f1ab7260ad5f45bd637fcb42924568984,0.58,0,388.59999999999997,0,-2.2298667689777547
https://hashdive.com/Analyze_User?user_address=0x4693b809b7e860882644cef1b532ab834b4b8a82,0.58,0,388.59999999999997,0,-1.1116258425421086
https://hashdive.com/Analyze_User?user_address=0xb07b9c4eb4e0ab258698ffa0d092ac23a190af74,0.58,0,388.59999999999997,0,1.7475673655487165
https://hashdive.com/Analyze_User?user_address=0x459972cf25ee5cf9226063d39be989fd856ecb1c,0.58,0,388.59999999999997,0,8.046589155817133
https://hashdive.com/Analyze_User?user_address=0x2981acf4f55fec1dc828b661581f89bc0bba67d1,0.58,0,388.59999999999997,0,15.929112656236468
https://hashdive.com/Analyze_User?user_address=0xb1c8e2592acb5dfacce6d2b2d1b3616ce031a2cf,0.58,0,388.59999999999997,0,5.297598507968917
https://hashdive.com/Analyze_User?user_address=0x1b69750c13b6499cf93a2cf5c4d0132253439b16,0.58,0,388.59999999999997,0,14.287104281573797
https://hashdive.com/Analyze_User?user_address=0x89d723590a0ee34d1a241e38c2a2269806260561,0.58,0,388.59999999999997,0,-5.7189683388422665
https://hashdive.com/Analyze_User?user_address=0x4edd571a39e386f961e2982d676d0eb6d78ab337,0.58,0,388.59999999999997,0,8.925021371575436
https://hashdive.com/Analyze_User?user_address=0x4fc19a907012ef58717ee7ceb1f89057f71aec92,0.77,-10,385,-0.025974025974025976,0.5887318071566944
https://hashdive.com/Analyze_User?user_address=0x7da94d71d1bcea92d3688f8320f840d9fe803d34,0.58,0,382.79999999999995,0,-5.940919930267312
https://hashdive.com/Analyze_User?user_address=0x33df3b15bf496b1e87042920224877323d0319e4,0.58,0,382.79999999999995,0,-6.7981387583387365
https://hashdive.com/Analyze_User?user_address=0xcff57a8e7925576ad2ee6ff270dd63786ee2a83c,0.58,0,382.79999999999995,0,7.698003976790032
https://hashdive.com/Analyze_User?user_address=0xd3d9c02c7bebfeb415640a28e64db75418fb21a5,0.58,0,382.79999999999995,0,0.3043055471369957
https://hashdive.com/Analyze_User?user_address=0x262b60b9b60e8e9863e5c4b196531101072c5832,0.58,0,382.79999999999995,0,-12.93130868913207
https://hashdive.com/Analyze_User?user_address=0xae94f30c4a674a9d210942120a1fbc6feb08ca22,0.58,0,382.79999999999995,0,-6.409452228721891
https://hashdive.com/Analyze_User?user_address=0xf459fc33716e2a87817c61331049d17c7fad936e,0.58,0,382.79999999999995,0,9.68983966490098
https://hashdive.com/Analyze_User?user_address=0x2aaf9c3755c011596d473699d5b676b1bdab778a,0.58,0,382.79999999999995,0,7.1905345187980405
https://hashdive.com/Analyze_User?user_address=0xeae6ec163ec38673ed8ec12d59b72fb90548e47e,0.58,0,382.79999999999995,0,8.527593768099987
https://hashdive.com/Analyze_User?user_address=0x694cf8496316b1e9696a21d3b198f59adc1043f9,0.58,0,382.79999999999995,0,4.365909892284833
https://hashdive.com/Analyze_User?user_address=0xdf12023aec5e4dfdc4d1d97feaaaba76b262a090,0.58,0,382.79999999999995,0,11.343429737020305
https://hashdive.com/Analyze_User?user_address=0x82926a5a33ce6040f88a07bbba7e6ba717b22cd8,0.58,0,382.79999999999995,0,2.859532636336328
https://hashdive.com/Analyze_User?user_address=0x7f4cd1a5819460f0aed6c98bb554a7d5cb4e9f73,0.58,0,382.79999999999995,0,9.759189646120408
https://hashdive.com/Analyze_User?user_address=0x5fca98864c976bc5bd374ecc676a35cc33df799f,0.58,0,382.79999999999995,0,15.589165853197663
https://hashdive.com/Analyze_User?user_address=0xa461ce886794bf90590686081627bd4a2c4f780a,0.58,0,382.79999999999995,0,2.088731469342861
https://hashdive.com/Analyze_User?user_address=0x95f5be08877427896bd75047fb4ae95f598d63a5,0.58,0,382.79999999999995,0,2.720752203933223
https://hashdive.com/Analyze_User?user_address=0xf751149295099ad963ecc2ddb31141cbbb694ba3,0.58,0,382.79999999999995,0,15.378625714664482
https://hashdive.com/Analyze_User?user_address=0x6ba20334786471216b0132bc6317182d2d1e62b9,0.58,0,382.79999999999995,0,13.926108721941652
https://hashdive.com/Analyze_User?user_address=0x6cadb28da4f3da5ad4997ced307d9c9d72e83297,0.58,0,382.79999999999995,0,15.71288132233432
https://hashdive.com/Analyze_User?user_address=0x55237804a2705e16e8b29a34b0d593c95c11eec4,0.58,0,382.79999999999995,0,13.3348011331978
https://hashdive.com/Analyze_User?user_address=0x1bace45ec9bf3658c43ab46f167d3328f3b691e4,0.58,0,382.79999999999995,0,4.15188406685398
https://hashdive.com/Analyze_User?user_address=0x47f969d65a1953b058569213137e2f18cf64254c,0.58,0,382.79999999999995,0,-5.837655063849613
https://hashdive.com/Analyze_User?user_address=0xfe716697d01a8f4e3f545b23d83a1add6e66ff4f,0.58,0,382.79999999999995,0,14.353312612619733
https://hashdive.com/Analyze_User?user_address=0x97994e31afed88840b2723679304ac54ce87306b,0.58,0,382.79999999999995,0,14.380107259731783
https://hashdive.com/Analyze_User?user_address=0xfb7ee7d248bbbf09612934a6bc5413e51a605e27,0.58,0,382.79999999999995,0,12.776625865690324
https://hashdive.com/Analyze_User?user_address=0xd07e20c8fbf5fe0526919e861ead281aa0d36ba4,0.58,0,382.79999999999995,0,10.542990884494492
https://hashdive.com/Analyze_User?user_address=0xdf4527b98b1b5552111278d48d80d107f43234f1,0.58,0,382.79999999999995,0,-10.038768487949321
https://hashdive.com/Analyze_User?user_address=0x71c1ed9c3aee435e8530ba50365efe1f9e08e358,0.76,40,380,0.10526315789473684,-1.8360407599884945
https://hashdive.com/Analyze_User?user_address=0xd163d0597cb5d8a902129f316eb68fe01023eca5,0.58,0,377,0,15.25129161515132
https://hashdive.com/Analyze_User?user_address=0x6bc27a6538b25b4958427efdeb0e8ca55bc12f00,0.58,0,377,0,15.461164849251512
https://hashdive.com/Analyze_User?user_address=0xcef9c2b1906231d0adc8c6b8b6848e6d357f4612,0.58,0,377,0,2.4410401221891638
https://hashdive.com/Analyze_User?user_address=0xff0028a9fb5886ffdbf9e0cc56f98b78a03227c8,0.58,0,377,0,-9.9
https://hashdive.com/Analyze_User?user_address=0x52edbda2d78e6665b2e4a74824b1d5d00fd7ce16,0.58,0,377,0,-15.868551106148736
https://hashdive.com/Analyze_User?user_address=0xa2d520b0014d1f9c675a933f972993eb012d306f,0.58,0,377,0,20.93049530840146
https://hashdive.com/Analyze_User?user_address=0xb47adfff7aaaa51a55ef266fc33ebf4e1167cc53,0.58,0,377,0,-5.691946389339969
https://hashdive.com/Analyze_User?user_address=0x053a7a04fd97e49af9f1dc8475789062d674eccf,0.58,0,377,0,18.55526118884705
https://hashdive.com/Analyze_User?user_address=0x295384fe410f06821421a04e9dd33194a3abfeff,0.58,0,377,0,-9.589408344023415
https://hashdive.com/Analyze_User?user_address=0x9392a2520e5b1f65261607085b1e567516e1ac15,0.58,0,377,0,-2.7036608484491027
https://hashdive.com/Analyze_User?user_address=0xc462f43493583319ec071436fe2e5703e6fa62ff,0.58,0,377,0,16.428184984025354
https://hashdive.com/Analyze_User?user_address=0x671e5139d9525365078efa781823b21ea42aa222,0.58,0,377,0,14.10897423133257
https://hashdive.com/Analyze_User?user_address=0x72c7ebf221032a6ce570852028d4672253b824b6,0.58,0,377,0,-13.312523924577844
https://hashdive.com/Analyze_User?user_address=0x240b52aee118e14ffde4e21e4c85255666465333,0.58,0,377,0,-4.239890054144953
https://hashdive.com/Analyze_User?user_address=0x91721a3979719fc6e91851767ab05411bfa9470c,0.58,0,377,0,-1.0071749974578694
https://hashdive.com/Analyze_User?user_address=0x378ab2291983beac48430f93bf7bc542fb3073d9,0.58,0,377,0,-2.5223734998867458
https://hashdive.com/Analyze_User?user_address=0x36faf583412905682efa48caed562b8ce313b9c5,0.58,0,377,0,12.241231277691252
https://hashdive.com/Analyze_User?user_address=0xa7fb99de7d3c7923d387db4a027e608c970ecd68,0.58,0,377,0,7.6269200775268775
https://hashdive.com/Analyze_User?user_address=0x4a0b388a3088225971171fae8ed1d70806c7ffaa,0.998999,0.374097,373.349625,0.001002001809965659,0.11957747735634158
https://hashdive.com/Analyze_User?user_address=0x56fd4ed053fb8409768da54865194e7791177ae6,0.79,98.699899,371.299622,0.2658227834123677,9.441909928451945
https://hashdive.com/Analyze_User?user_address=0x2605ea3a46f872c7c299a12a7623eaf5520e6149,0.58,0,371.2,0,-2.2205235923439
https://hashdive.com/Analyze_User?user_address=0xb773592d89b65e77e45f5e2888195957aef82c89,0.58,0,371.2,0,-4.59434226739376
https://hashdive.com/Analyze_User?user_address=0x94b6836500b1e77f89f12bf73534d344981e5179,0.58,0,371.2,0,-5.790595692576695
https://hashdive.com/Analyze_User?user_address=0x36b315f6d9e0d76f04b01c4e9276c87a65c32e0f,0.58,0,371.2,0,-0.31410043860831766
https://hashdive.com/Analyze_User?user_address=0xf8db83c320c2a7a3fe80b34464de08367f6dfcbd,0.58,0,371.2,0,-3.568571443939119
https://hashdive.com/Analyze_User?user_address=0x6017014f22b83c75b4355607bd195d34adaae79d,0.58,0,371.2,0,0.2597346699964788
https://hashdive.com/Analyze_User?user_address=0xebd03823738717fc99300b149d44d611acf39135,0.58,0,371.2,0,1.1329758300972261
https://hashdive.com/Analyze_User?user_address=0xb6c9bb7553043830382000d0ea80c0e48abe03fa,0.58,0,371.2,0,16.4155499206947
https://hashdive.com/Analyze_User?user_address=0x97d08091902a90735649df958a01ad70c64edefe,0.58,0,371.2,0,2.4535000580588058
https://hashdive.com/Analyze_User?user_address=0x9bc7c08f742c5431f87980908238950c69797ad1,0.58,0,371.2,0,9.131680768863399
https://hashdive.com/Analyze_User?user_address=0x748a2d4d1a1264859439825c2dbe71ceb6e1e72f,0.58,0,371.2,0,-3.4398519665713376
https://hashdive.com/Analyze_User?user_address=0x25ac3d48ff3dea393de8e1eb4ea1d4c68a74cf9d,0.58,0,371.2,0,14.296394101601557
https://hashdive.com/Analyze_User?user_address=0x92bcf49ea40cfc2bb2c3cf9d2298888c4a603e39,0.58,0,371.2,0,-9.407339994349478
https://hashdive.com/Analyze_User?user_address=0xa4256aa1cb39c086011cd4ee5be5aff41da15230,0.58,0,371.2,0,8.753303351652042
https://hashdive.com/Analyze_User?user_address=0x6202855e586d1171fd15bb449a4e22c21a648952,0.58,0,371.2,0,-4.0253174334163875
https://hashdive.com/Analyze_User?user_address=0xc7d5dcfff07a6262af2a2646e56a82b758e08095,0.58,0,371.2,0,8.101239394275199
https://hashdive.com/Analyze_User?user_address=0xc109fd4786f2a6eac6361c5ee41a21171d5ac101,0.58,0,371.2,0,6.756206928519277
https://hashdive.com/Analyze_User?user_address=0x16cefe13aec9842b9b7a67ab13957e24b3c4c17f,0.58,0,371.2,0,-8.185248072254089
https://hashdive.com/Analyze_User?user_address=0x73ea24439468de8ed63dbd39658454f035346524,0.58,0,371.2,0,-3.6699243425061496
https://hashdive.com/Analyze_User?user_address=0x0d00595b5dfcc5e92363560716151ac46af5344d,0.58,0,371.2,0,6.472062745596755
https://hashdive.com/Analyze_User?user_address=0x489de930900ef989630b44a7e837d743fe6d8fcf,0.58,0,371.2,0,-3.8961117110608763
https://hashdive.com/Analyze_User?user_address=0x3d1e176a5d94970951b2af21be642473f838b2fe,0.58,0,371.2,0,16.756452410383716
https://hashdive.com/Analyze_User?user_address=0x1fc1d6b028b8907685e70545c4d0e763560774a3,0.58,0,371.2,0,-12.074053652305569
https://hashdive.com/Analyze_User?user_address=0xf0b0ef1d6320c6be896b4c9c54dd74407e7f8cab,0.630001,-56.4708,370.731357,-0.15232269656650596,0.7139732428280593
https://hashdive.com/Analyze_User?user_address=0x79cbe531cca9eb9320b6ce22b6e471a7bb5d331e,0.83,-83.05659,367.595505,-0.22594560833925323,1.207017370175588
https://hashdive.com/Analyze_User?user_address=0x16928f6ee732eda1a96a00266f4d44b224cf30fc,0.58,0,365.4,0,24.49226876903637
https://hashdive.com/Analyze_User?user_address=0xdc9fcfb15ea4d7c12650960f5f2f341a77cd69ca,0.58,0,365.4,0,10.050238340082966
https://hashdive.com/Analyze_User?user_address=0xb2dcbd463b0f469b2d36f8ba797501bea95bdbd9,0.58,0,365.4,0,-16.032218051625172
https://hashdive.com/Analyze_User?user_address=0xb87f093da06c5389bb572b7bfb48e74ac125b069,0.58,0,365.4,0,18.06138728581958
https://hashdive.com/Analyze_User?user_address=0xa73c9966f08beb6866bbaac48cf76c7d5cdccced,0.58,0,365.4,0,-5.703960624113301
https://hashdive.com/Analyze_User?user_address=0xccefa3602a129dd5e6eb3f98e7bc0c593285099d,0.58,0,365.4,0,-13.728792934757443
https://hashdive.com/Analyze_User?user_address=0x520020060817b39517094675da6b136b9601060e,0.58,0,365.4,0,0.9752340719547332
https://hashdive.com/Analyze_User?user_address=0xeca4c23e859d8a182575761ef953bebd352806e2,0.58,0,365.4,0,16.754817213342633
https://hashdive.com/Analyze_User?user_address=0x05956858080db0a2ab380eab9a7953c714746593,0.58,0,365.4,0,-4.6087425255417065
https://hashdive.com/Analyze_User?user_address=0x90d170203c09d969c24682ef57822b8ec54b6e6f,0.58,0,365.4,0,2.3491680957503123
https://hashdive.com/Analyze_User?user_address=0x6f385657a018e63f57bb3faecd4f8cc0f096682a,0.58,0,365.4,0,7.291902626702601
https://hashdive.com/Analyze_User?user_address=0x17341668841f6c9ca9743052f451919c7af1735c,0.58,0,365.4,0,9.3802935218297
https://hashdive.com/Analyze_User?user_address=0x50528d5e19bff11c101973214736b1a4000615c4,0.58,0,365.4,0,-24.895142894345884
https://hashdive.com/Analyze_User?user_address=0x5963f1b16151fed8a7e8562c3a39cb80619d7cb7,0.58,0,365.4,0,11.990374405903452
https://hashdive.com/Analyze_User?user_address=0x6a72bcf9942ebd7b0f588c9bd4d30400eabc35ac,0.58,0,365.4,0,-0.2888764958218475
https://hashdive.com/Analyze_User?user_address=0x60a4d43938e81f438c6814a75c95028ecbaa024a,0.58,0,365.4,0,-14.217085255166516
https://hashdive.com/Analyze_User?user_address=0xa31197fcaacce418ec63075a090d32a19d3e122b,0.58,0,365.4,0,-4.035495253798314
https://hashdive.com/Analyze_User?user_address=0xacb36e8b6277396b99643a811fb078712762bd6f,0.58,0,365.4,0,-6.101125426304842
https://hashdive.com/Analyze_User?user_address=0xb15d8ef3a2de47059c6652399252aee48e64dca5,0.58,0,365.4,0,1.2874601356136846
https://hashdive.com/Analyze_User?user_address=0x191450f01cca3b12d39b246ae339efcccb3ea8d9,0.58,0,365.4,0,8.297937317237924
https://hashdive.com/Analyze_User?user_address=0xaeddea36195aa8f167056241d219687701cac07c,0.58,0,365.4,0,11.354284376481656
https://hashdive.com/Analyze_User?user_address=0xcfa315c22d0576a4677057344ba8b870062cb524,0.58,0,365.4,0,-3.4010332740138765
https://hashdive.com/Analyze_User?user_address=0x4b3dcb83bf60e143a40bd80d1a9ae1a8bb698ed3,0.605129,227.33143,365.223421,0.6224448294623471,1.1842924677747084
https://hashdive.com/Analyze_User?user_address=0x8b7e69788fa1145068d0d418c822c6f81d996a9f,0.73,135,365,0.3698630136986301,-1.4153635634346577
https://hashdive.com/Analyze_User?user_address=0xa99b2831375c0fba2c2b0085ec119e936f52b7a7,0.58,0,359.59999999999997,0,-11.580912634788989
https://hashdive.com/Analyze_User?user_address=0xa47ce789f00ccf2e5d8d82e24c3915921f0b5b9d,0.58,0,359.59999999999997,0,14.015191857985831
https://hashdive.com/Analyze_User?user_address=0x013736b301bc693acefa7ffcc4513c22e774e046,0.58,0,359.59999999999997,0,-10.245585402872582
https://hashdive.com/Analyze_User?user_address=0x428897522338795c55e536da06c90b56fe65df1b,0.58,0,359.59999999999997,0,-5.3638856083728035
https://hashdive.com/Analyze_User?user_address=0xd4d25ac1f53898da3436239a0bcbc7a6a3d623ab,0.58,0,359.59999999999997,0,3.884881044039974
https://hashdive.com/Analyze_User?user_address=0x4608e20d2080b53bd1e0507da3266a6a4d322b3b,0.58,0,359.59999999999997,0,14.867399099939863
https://hashdive.com/Analyze_User?user_address=0x75cea81a476822e571ad2083c32b0591d2916fcd,0.58,0,359.59999999999997,0,-12.872749156864597
https://hashdive.com/Analyze_User?user_address=0x8b17b37384053ab330c7e1a685d55428e55bec79,0.58,0,359.59999999999997,0,10.664773920785716
https://hashdive.com/Analyze_User?user_address=0xe053ef2ae6e9121974242e5db0b493e539a843db,0.58,0,359.59999999999997,0,-2.9576580288913608
https://hashdive.com/Analyze_User?user_address=0xca57be7ceb4f3809ae326a19f458948847a47dcf,0.58,0,359.59999999999997,0,11.8838869539611
https://hashdive.com/Analyze_User?user_address=0x9bfa1e8b29d35c3e3682ac0bbe98774c6cbc5e76,0.58,0,359.59999999999997,0,-3.39409505001829
https://hashdive.com/Analyze_User?user_address=0x160394e14c07db8dc53654c0db379a5586086ff5,0.58,0,359.59999999999997,0,-12.87735994323355
https://hashdive.com/Analyze_User?user_address=0x8978b7b73b54fcde70a2ea67155d48ddcf4411a0,0.58,0,359.59999999999997,0,10.898355688115402
https://hashdive.com/Analyze_User?user_address=0xdb06d03f8764e165800c0c69720628fd32f46a41,0.58,0,359.59999999999997,0,6.6434583667308145
https://hashdive.com/Analyze_User?user_address=0xe8680ce028a367ebfb1e8b42530a13ae186b12d8,0.58,0,359.59999999999997,0,2.1139892161317535
https://hashdive.com/Analyze_User?user_address=0x658094b7c21ea85ee17b31c4c0ac9d04485d68ef,0.58,0,359.59999999999997,0,13.223344219833884
https://hashdive.com/Analyze_User?user_address=0xca39ce51b03692395c783d6e998975a97bf5221e,0.58,0,359.59999999999997,0,7.117097114150858
https://hashdive.com/Analyze_User?user_address=0xeff0e9724ef70e9cf379f2c166b70a98af025240,0.58,0,359.59999999999997,0,-5.641072911382094
https://hashdive.com/Analyze_User?user_address=0x7f0df79e39d4fcd667fd256d33d873b26d04ffc1,0.58,0,359.59999999999997,0,-7.484094071070988
https://hashdive.com/Analyze_User?user_address=0x4fc76bab6b771e45f9b29eede2991bd9342ba0f9,0.58,0,359.59999999999997,0,2.4870164996512174
https://hashdive.com/Analyze_User?user_address=0x288d659e9941cefd75394da4b3b8cf9e273d2ced,0.58,0,359.59999999999997,0,13.851293875347485
https://hashdive.com/Analyze_User?user_address=0x0872161362e388c499d3b678157a68567eb24e02,0.58,0,359.59999999999997,0,16.648165518421454
https://hashdive.com/Analyze_User?user_address=0x765c2afc365b08a34da9d9ebec4f48cad1370c72,0.58,0,359.59999999999997,0,-16.89670027985214
https://hashdive.com/Analyze_User?user_address=0x6b1ddba50f2a6e228314aa3e0a8f181145a1b314,0.58,0,353.79999999999995,0,-0.09965407284261571
https://hashdive.com/Analyze_User?user_address=0xabd467f7e0ec82f3229ab616fb099befc82f5d90,0.58,0,353.79999999999995,0,4.343065213579259
https://hashdive.com/Analyze_User?user_address=0x07062ad8541da230f25bcfddaf0e11a695feddc9,0.58,0,353.79999999999995,0,14.973487095445861
https://hashdive.com/Analyze_User?user_address=0xe6f58888af78b00b67d6f7c56f3df9fae4e6c7a4,0.58,0,353.79999999999995,0,-5.98934100461552
https://hashdive.com/Analyze_User?user_address=0xb3a201c1024a63efeaa223fee28597f16506075e,0.58,0,353.79999999999995,0,15.986149493718262
https://hashdive.com/Analyze_User?user_address=0x76ebe098e4481a701d624b509af89e321e8b9861,0.58,0,353.79999999999995,0,-3.9642455364502576
https://hashdive.com/Analyze_User?user_address=0x0240e6055dd69677319734d0e17745009a6698b1,0.58,0,353.79999999999995,0,11.609031424490015
https://hashdive.com/Analyze_User?user_address=0xe8a8dc13daf2c568e327176cd470866e96b52cca,0.58,0,353.79999999999995,0,12.311052193799924
https://hashdive.com/Analyze_User?user_address=0xabc6b8b9131d75359fb4230be7efa93f6604cb61,0.58,0,353.79999999999995,0,-12.87267075043201
https://hashdive.com/Analyze_User?user_address=0x19ead96b345f883f027cb8a676ca729f86ca6893,0.58,0,353.79999999999995,0,-14.663540108665508
https://hashdive.com/Analyze_User?user_address=0x2af6d353d266e579eb380cfab12d537ca23ad2e2,0.58,0,353.79999999999995,0,-0.33140991071574466
https://hashdive.com/Analyze_User?user_address=0xd6f037ac04386d3cf83071bdda65b74d401f766b,0.58,0,353.79999999999995,0,6.398529090578567
https://hashdive.com/Analyze_User?user_address=0xc1f75e992d1b0fbd0fdae4865e22f24684740f4f,0.58,0,353.79999999999995,0,4.4788075914105105
https://hashdive.com/Analyze_User?user_address=0xce63c8663139fefdf353982ea7c32ae8d264ff92,0.58,0,353.79999999999995,0,-3.0721674509210297
https://hashdive.com/Analyze_User?user_address=0x1cde0b50f3f8b46c0f3e7627004cd37a9cf46819,0.58,0,353.79999999999995,0,14.417128334741173
https://hashdive.com/Analyze_User?user_address=0x20e67ac7f2b339a711413eb3bed1c1fa749e398c,0.58,0,353.79999999999995,0,14.586237486388285
https://hashdive.com/Analyze_User?user_address=0xf46560e9757403c3df2033869ac33c82b47fbf57,0.58,0,353.79999999999995,0,11.609214425981147
https://hashdive.com/Analyze_User?user_address=0xbf423b66aa14099c1e8b91375f19c07f112eb893,0.58,0,353.79999999999995,0,0.7288449772839158
https://hashdive.com/Analyze_User?user_address=0xf049dae9f1438fab708c9e8668537c257834bcde,0.58,0,353.79999999999995,0,-13.422506410913504
https://hashdive.com/Analyze_User?user_address=0xd2fb2e756be1f9c10cf40eae90f258139b2f8782,0.58,0,353.79999999999995,0,3.859144671254838
https://hashdive.com/Analyze_User?user_address=0x0ec0e707dd4dedc39121b6bf950ef57790c5497b,0.82,76.9824,350.6976,0.2195121951219512,1.106302101782704
https://hashdive.com/Analyze_User?user_address=0x3886caacded9dc23c283c7194e5e845b083ea4ef,0.58,0,348,0,10.714482278204837
https://hashdive.com/Analyze_User?user_address=0x243692fe27027c37abc147ec71371684adb91419,0.58,0,348,0,8.670689291579258
https://hashdive.com/Analyze_User?user_address=0xea79c41e7e655a813d1ab5678433009f0e26e7e5,0.58,0,348,0,11.982580598140583
https://hashdive.com/Analyze_User?user_address=0xfbae76d84c6935943c18584bcf9f5918a298b7a7,0.58,0,348,0,0.6634881960574267
https://hashdive.com/Analyze_User?user_address=0x57e0fb93e49290dae661e146d61673e11e9a8853,0.58,0,348,0,9.1407928053084
https://hashdive.com/Analyze_User?user_address=0x25bbe9c20f4a2c00442d4e22b0b891b89cd7ad2b,0.58,0,348,0,15.796367537358552
https://hashdive.com/Analyze_User?user_address=0x5da3c4f6a83caf663eb115e96918b63f5023535a,0.58,0,348,0,0.7157776170914337
https://hashdive.com/Analyze_User?user_address=0x57103a3dea6744f9c8bbb0bd7554c79bc0845cc6,0.58,0,348,0,6.193976525279171
https://hashdive.com/Analyze_User?user_address=0xdf5c6c86286d97a056954e6932b00ac7b521b854,0.58,0,348,0,-13.092007593463507
https://hashdive.com/Analyze_User?user_address=0x805c83d746e7fe43f1a14c1eb5b2e0cda57a3cba,0.58,0,348,0,-7.182295719960418
https://hashdive.com/Analyze_User?user_address=0x26626d32f6ec2aa3924512990cb4db457b113efe,0.58,0,348,0,16.102852834483524
https://hashdive.com/Analyze_User?user_address=0x263a100397f8da86c2e1191f0678d9008bcb6aa7,0.58,0,348,0,-16.202482147624146
https://hashdive.com/Analyze_User?user_address=0x93d4f42ce22b66bbadab31843ac522bde26bb5e7,0.58,0,348,0,-5.253581327454385
https://hashdive.com/Analyze_User?user_address=0x03055121dd236c4aec635e9ecc566ef363cb0fbd,0.58,0,348,0,-6.774435553371118
https://hashdive.com/Analyze_User?user_address=0x40dd174625b4e1dec130011d66a29649d0ac22a7,0.58,0,348,0,16.747620716623377
https://hashdive.com/Analyze_User?user_address=0xdfcbeccdaea24ced9da92ab39136910932ce5dd9,0.58,0,348,0,-10.969569135072966
https://hashdive.com/Analyze_User?user_address=0xf840e92941f2327e7546e30da9c4b9868874a0fc,0.58,0,348,0,0.6789487155651404
https://hashdive.com/Analyze_User?user_address=0x178ed4f967049a7f06f4e4e649566c721786686a,0.58,0,348,0,-20.871602788937146
https://hashdive.com/Analyze_User?user_address=0x93c3a2faecf98c136a9fc7c68adde6d75ef1f6d7,0.58,0,348,0,7.76152516110522
https://hashdive.com/Analyze_User?user_address=0xdcb85a5eb5b49737109e5590bf9b188d4ae544a4,0.58,0,348,0,-1.0817818520868296
https://hashdive.com/Analyze_User?user_address=0xde877e8efa6789d1e7b2f0c5d18186b26871c44b,0.58,0,348,0,-11.23534541582484
https://hashdive.com/Analyze_User?user_address=0x56b31bdbe7e08b40578b10157a2e7fe2b7acc9b1,0.58,0,348,0,15.458731611259156
https://hashdive.com/Analyze_User?user_address=0x41f78ff46f2c5cf79638952d474ee6f5eb06d0b5,0.58,0,348,0,1.9028413755789109
https://hashdive.com/Analyze_User?user_address=0x3dadaad637e5dfb969130fc7d661e714ef610668,0.859999,55.63376,344.209599,0.16162756692906755,-5.736167396947444
https://hashdive.com/Analyze_User?user_address=0xca27f96988108503c154a5ff76978af57e10a379,0.998999,0.332454,331.789667,0.0010020022715173948,0.14255169064678683
https://hashdive.com/Analyze_User?user_address=0x0771952f42200ee4790f74c76415528426cfa5f6,0.999,0.33021,329.87979,0.001001001001001001,0.2299136471001309
https://hashdive.com/Analyze_User?user_address=0x06238e6280298b5a21e176aa3988f2aa4d6635db,0.838337,54.849876,326.783447,0.16784777963370953,2.7610561441388133
https://hashdive.com/Analyze_User?user_address=0x30bcb7dad672cfe4b1c3a88a92534c968d7c2529,0.750887,106.620364,321.379636,0.3317583071753806,3.863576331354481
https://hashdive.com/Analyze_User?user_address=0x1837c071dd44a8c38899abc1b737e96be63dc705,0.941661,19.130583,314.179776,0.06089056158726143,-11.44520669818683
https://hashdive.com/Analyze_User?user_address=0x233dcf02384f6af1ccc2df615f3626d6f47e20a8,0.58,0,303.93159999999995,0,3.519487413439719
https://hashdive.com/Analyze_User?user_address=0x7c850742f4cc3495a0d3b27d389778f6e7c777c6,0.6,180,300,0.6,-1.8053755222587098
https://hashdive.com/Analyze_User?user_address=0x36a666d839e2c34cc08a908baab6aa2a9d7152c7,0.6,150,300,0.5,-1.9890428380132432
https://hashdive.com/Analyze_User?user_address=0x645ec819510e01fc006518719a71bac76edfd120,0.6,200,300,0.6666666666666666,-2.0588400462434153
https://hashdive.com/Analyze_User?user_address=0x0d4a64f649408ff8f5163ec2ba2e8bf3e6802215,0.6,198.375,300,0.66125,12.990000611646568
https://hashdive.com/Analyze_User?user_address=0x205b0d3b14f390a290cd917349808c66b136dd3c,0.75,100,300,0.3333333333333333,-1.8524565712358807
https://hashdive.com/Analyze_User?user_address=0x9ee08d9f7989f24fd5073ef9760de243d3479c8d,0.819999,65.854023,299.999631,0.2195136800018264,-3.819888086266195
https://hashdive.com/Analyze_User?user_address=0xf68973adf7a31dcf53cebbe2c7016f99dbb98b15,0.74,104,296,0.35135135135135137,6.3718300616795345
https://hashdive.com/Analyze_User?user_address=0x9e09b8585ccbacf7ed7d69994fa3007eb48e1c3f,0.79,77.91,293.09,0.2658227848101266,-2.3103187811480246
https://hashdive.com/Analyze_User?user_address=0x54f59ff063411a19d244ed2a345ad94e79cde936,0.918414,17.632072,292.312808,0.060319190666458924,2.283520549678848
https://hashdive.com/Analyze_User?user_address=0xca8f0374e3fc79b485499cc0b038d4f7e783d963,0.579997,19.9992,289.9985,0.06896311532645859,2.683598039217994
https://hashdive.com/Analyze_User?user_address=0x1beaa7c988686421b0b9525126a9c4782ab5f420,0.819999,60.985216,277.81966,0.21951368020535336,-6.828583444749796
https://hashdive.com/Analyze_User?user_address=0xf7b234a7483d37ab224c006962e6ca3eef587c50,0.69,124,276,0.4492753623188406,4.289663131295657
https://hashdive.com/Analyze_User?user_address=0x35a06332aadf6e0389deccafd0a9d8f5503797d9,0.82,-143.1298,272.949997,-0.5243810279287161,-9.816283702309965
https://hashdive.com/Analyze_User?user_address=0x476b0f069dc03644d1006ac912deb781d7b68a58,0.91,25.83581,264.165921,0.09780144956699391,-4.2283621509962535
https://hashdive.com/Analyze_User?user_address=0xd6a39cef30c927c4d57b5cc519f3a2d0332a9738,0.585554,186.5007,263.4993,0.7077844229567213,4.68565651064676
https://hashdive.com/Analyze_User?user_address=0xa7425edf5a69203b08b24c7ccd74f8642a3868c5,0.81,61.44957,263.3587,0.23333032096528425,-8.301902315804451
https://hashdive.com/Analyze_User?user_address=0x0905d9a9a390b19addc77759f24a5f001005e5c0,0.75,-87.499162,262.5,-0.33333014095238095,-0.8232834731003018
https://hashdive.com/Analyze_User?user_address=0x67ba7851657ae583f4517c07d09a64153d7f2bef,0.829999,52.898985,258.269687,0.20482072679322993,-24.593684606923176
https://hashdive.com/Analyze_User?user_address=0x5b36de4e362a65a9f19f0fe7e5915536d08a9f0d,0.999,0.254884,254.629116,0.001001001001001001,0.06697072695329509
https://hashdive.com/Analyze_User?user_address=0x2af4c4e28b5790e55c76eabaee9a88bba92e706e,0.729098,1.548332,253.223026,0.006114499239891399,0.515015403303667
https://hashdive.com/Analyze_User?user_address=0xbde579ead903b9cf5c3fc4be5a0c515464769c38,0.721353,93.656138,242.454204,0.38628382785229,1.1552893571556284
https://hashdive.com/Analyze_User?user_address=0x8f0a427a7bf2b97974f4a130c84375bce8f8e4ea,0.759999,0,239.999681,0,-6.10428344094643
https://hashdive.com/Analyze_User?user_address=0xe59b9db1a289d3eb1061afeba78a4b8ae779488e,0.78,3,234,0.01282051282051282,4.074552531385495
https://hashdive.com/Analyze_User?user_address=0xd8a4b35276a6d0339314d945857ea7ca204a17d0,0.776666,67.0002,232.9998,0.28755475326588265,1.1412192401655463
https://hashdive.com/Analyze_User?user_address=0x520abb2c2a42f20a7c5abe106c50c3bc78abab8a,0.7,99,231,0.42857142857142855,-0.33929793052527774
https://hashdive.com/Analyze_User?user_address=0x330bc9b292f4cc6136243b42e6f292065107e446,0.756666,73.0002,226.9998,0.3215870674775925,3.750425961666395
https://hashdive.com/Analyze_User?user_address=0xd15ca09e8339e5a3413a9cc7b83f7572b24ae6e4,0.676321,108.300752,226.999391,0.4770971037539039,0.9426475798309781
https://hashdive.com/Analyze_User?user_address=0xdd1b90f903434ba42c0fd3e56b54209449a175d8,0.728734,83.605571,224.599555,0.37224281677672955,-2.6543741249915147
https://hashdive.com/Analyze_User?user_address=0xe9473a70f58272d3c8cbc31da1079fb0578f2cf3,0.822027,47.631006,219.999513,0.21650505199072873,1.071588045982884
https://hashdive.com/Analyze_User?user_address=0x552337556e70f851bff6e0e97a2e00df7d5751e9,0.5,118.4328,219.32,0.54,0.6112593808279038
https://hashdive.com/Analyze_User?user_address=0x3ffb453b82491003c4fefa798c4d32aa1e73df76,0.5,0,218.7914,0,7.596276139477719
https://hashdive.com/Analyze_User?user_address=0x2e33c0e2d217870beeb10e28e53111cd311b233c,0.819999,45.614887,207.799746,0.21951368025252543,10.780020908375764
https://hashdive.com/Analyze_User?user_address=0x7a0e1d7487df51de4e3398f4bb5f229e01da113d,0.79,55.1838,207.5962,0.26582278481012656,1.8868101772846166
https://hashdive.com/Analyze_User?user_address=0x45f183a90fc0c895b244d9b7f4788794de268994,0.819999,43.867775,200.959751,0.2182913483008844,5.539617594904809
https://hashdive.com/Analyze_User?user_address=0xd761f60bc4a3e20ac32b2dc067fefac48fef8e1d,0.82,43.76192,200.479996,0.21828571864097604,-13.147783061960656
https://hashdive.com/Analyze_User?user_address=0x198b6503db73dcdeb466aea8f6d4b6856c843bca,0.8,50,200,0.25,-9.22019346641097
https://hashdive.com/Analyze_User?user_address=0x898b9e9e1b449df0560c82c0784ca205229e8d76,0.481809,215.10214,199.999898,1.0755112485107368,-2.2582623140757834
https://hashdive.com/Analyze_User?user_address=0xc3ec148928919476fe3df6fdd269a3f5abaee987,0.789999,53.164809,199.999743,0.26582438658433677,-1.0394758057353124
https://hashdive.com/Analyze_User?user_address=0x559eeff0d61d8b95438df371db8f7ab7d50d7fe2,0.739999,70.27054,199.999729,0.3513531760835536,3.3867042394921407
https://hashdive.com/Analyze_User?user_address=0xb90e2149c74080c4ff8f205eb88d983f34565794,0.739999,69.72993,199.999729,0.34865012242091586,-4.532520712328296
https://hashdive.com/Analyze_User?user_address=0x920d7af2497a9ceda6aabfad719a685de310bb46,0.590792,127.533419,199.999713,0.6376680100535943,-2.1615823059813133
https://hashdive.com/Analyze_User?user_address=0xe742ec6ef2275c951348aab0ae25f2c79ff57559,0.599999,133.333666,199.999666,0.6666694433379704,-0.5965546134139597
https://hashdive.com/Analyze_User?user_address=0x3458ae6606828ed4d9666573e1585d9419efb5a7,0.589999,0,199.99965933695202,0,6.0921534285361645
https://hashdive.com/Analyze_User?user_address=0xfb7b334ad165e1fb511ffed5733d5cfb15121476,0.479999,216.667082,199.999583,1.0833376687590393,-7.611804334170527
https://hashdive.com/Analyze_User?user_address=0x977ac477cb8d2f3c9d357afed779ad7570acf2ca,0.96,8,192,0.041666666666666664,4.360307826344021
https://hashdive.com/Analyze_User?user_address=0x3f37b2f6123772e46910b82aa378c27912316dc5,0.819999,40.620696,186.089771,0.218285485449923,-4.75567324341282
https://hashdive.com/Analyze_User?user_address=0x9d459fd1d82eeb39421fcf9fc95043e1789eb661,0.961,44.40008,182.59,0.24316819102908155,4.005779487570952
https://hashdive.com/Analyze_User?user_address=0x1db0cf47c92abf14153960c440988a559bc8f54f,0.950232,9.361505,182.409941,0.051321243506131056,-18.833436660332016
https://hashdive.com/Analyze_User?user_address=0x72fe7a30ef196c69916004a440994f8177542a60,0.508866,144.120648,173.011201,0.8330133954737415,-2.3997863935164983
https://hashdive.com/Analyze_User?user_address=0x7f32466f2119185c77a1465c6b9bf443253e3e2c,0.53504,110.528309,166.606359,0.6634099062209264,1.3794653613684873
https://hashdive.com/Analyze_User?user_address=0xa9d71818dadc207f9ea3d3f46ff0b12e497025e9,0.83,34,166,0.20481927710843373,0.6158016130618288
https://hashdive.com/Analyze_User?user_address=0x061e5740acd6babab6607535c3ffac989c468e2f,0.81,37.8,162,0.2333333333333333,-5.86884667367131
https://hashdive.com/Analyze_User?user_address=0x1d64ae7c087c2fd66d3c9d92ac6c928b3494b03f,0.8,0,160,0,-5.596506778648971
https://hashdive.com/Analyze_User?user_address=0x168e431afa34a2a3bed211cb432292777d36a9ac,0.75,50.77254,159.999999,0.31732837698330235,2.3313410939653116
https://hashdive.com/Analyze_User?user_address=0x06617e3bbc8ddbc3931726f4ffe009784adea72e,0.829999,-46.612313,154.759812,-0.3011913260788918,-7.210954551977901
https://hashdive.com/Analyze_User?user_address=0x5234ff00638e862897c8ae4c6dcd506309f69d07,0.749611,50.290833,150.559976,0.3340252458594972,-5.114787999748906
https://hashdive.com/Analyze_User?user_address=0x1d64ae7c087c2fd66d3c9d92ac6c928b3494b03f,0.75,50,150,0.3333333333333333,-5.596506778648971
https://hashdive.com/Analyze_User?user_address=0xe91d2a8634cc696ddad548487b638b9f0eb281df,0.789999,39.873606,149.999807,0.2658243820273716,-34.34757214724363
https://hashdive.com/Analyze_User?user_address=0x584cfd39b0635f2e82b6dffdc5a0b6a5a2ef70f7,0.592368,102.967355,149.999507,0.6864512894699047,-3.449180623647528
https://hashdive.com/Analyze_User?user_address=0x6330c33f6544dae4f971917ef5982713d0224546,0.769999,44.336883,149.079804,0.2974036845393223,-6.332891907607767
https://hashdive.com/Analyze_User?user_address=0xc26f3036988c93d1c48fcc52fa44f083706c7055,0.72,56,144,0.3888888888888889,-5.437804503964364
https://hashdive.com/Analyze_User?user_address=0x83424da14fc31af4182fbad0a0d73796f5c813c9,0.772345,24.951345,139.999749,0.17822421238769506,-16.219426538924235
https://hashdive.com/Analyze_User?user_address=0x2db8f5b0fc0ebc26e309321843492a1a62a9e042,0.945193,6.335436,139.889955,0.04528871283145384,-10.12027129444589
https://hashdive.com/Analyze_User?user_address=0xa9d32192852b1c7ae53e9051935dbd28f7c59d4b,0.85,24.6,139.4,0.17647058823529413,2.3643104810738915
https://hashdive.com/Analyze_User?user_address=0x58f34f05cfcb06b0f325ba04e87b6e03c5133c21,0.79,36.54,137.46,0.26582278481012656,1.7739145855348437
https://hashdive.com/Analyze_User?user_address=0xfe11f6606adf0ba8ff31b9a8797cd45aaea20d27,0.94,9.2985,134.7866,0.06898682806747852,1.5770185056167354
https://hashdive.com/Analyze_User?user_address=0x577e463137d8ca030d355e3d1629f65483c4ab13,0.665,24.999835,133,0.18796868421052632,0.17252410177524835
https://hashdive.com/Analyze_User?user_address=0x4b1f0af92c941151eb7f3b3b4564e64559889221,0.839999,-41.469364,132.139838,-0.3138293842921164,2.8508103620187537
https://hashdive.com/Analyze_User?user_address=0x8efcf21f12fe5bd95b9d8a4ea1948371ed9c9125,0.78,36.6278,129.8622,0.28205128205128205,-0.31832963405679704
https://hashdive.com/Analyze_User?user_address=0x2a277c2033e24f9ee9181e23539f6cfba3a4f384,0.8931,15.348087,129.439957,0.11857302301174281,-25.695682511247778
https://hashdive.com/Analyze_User?user_address=0xbde579ead903b9cf5c3fc4be5a0c515464769c38,0.644962,-49.007097,129.033567,-0.37980114895219474,1.1552893571556284
https://hashdive.com/Analyze_User?user_address=0x75929e4afd619b4f8b81887e9f165007582cb5cb,0.8479,6.268269,126.249811,0.04964972977266477,0.3781695464866589
https://hashdive.com/Analyze_User?user_address=0x774a1760497aeebd2ce9aa0a722a19d6de1bc13a,0.81,29.45,125.55,0.2345679012345679,4.403978245289631
https://hashdive.com/Analyze_User?user_address=0x3c01b99c8aed5d5dc7477f3dc3bb048290b1d612,0.819999,2.466315,124.064846,0.019879241215517245,-23.43091578475481
https://hashdive.com/Analyze_User?user_address=0xf93ec09ee13083f95a68eddaf7abbee899a1af9c,0.95375,9.42005,123.9875,0.07597580401250126,-0.3011250705464035
https://hashdive.com/Analyze_User?user_address=0xe6e695c5734405cdb28dd49c7674be4e592679b5,0.789999,32.654316,123.429842,0.26455770720341687,-0.9582489074495548
https://hashdive.com/Analyze_User?user_address=0x792bd92ba83cb065692bb6e475027cfcb7d20775,0.77,36.8,123.2,0.2987012987012987,0.14595053997053173
https://hashdive.com/Analyze_User?user_address=0xbf5bf2730e1d679eb9d6ee37ef48d03959e823ca,0.61,78,122,0.639344262295082,1.710573745771924
https://hashdive.com/Analyze_User?user_address=0x4ff72c91725dd3ac4aa18daaf0dc028ad0b42bd0,0.859999,19.394809,119.999856,0.16162360228165606,-0.03393561995061036
https://hashdive.com/Analyze_User?user_address=0xef75262a7aa508735c9461c6ce3370376d585d78,0.554252,-11.603719,118.546496,-0.09788327273713766,8.35733590050844
https://hashdive.com/Analyze_User?user_address=0x3de2e890c758a13eb23afa4faee3bd49e68c0c64,0.783333,32.50005,117.49995,0.27659628791331403,1.62830569579992
https://hashdive.com/Analyze_User?user_address=0xbe59dc92bcdc52b6d2943aa8bdb76403b1dca131,0.75,1.4999,112.5,0.013332444444444445,0.5768958994082524
https://hashdive.com/Analyze_User?user_address=0x5e2bd7d0ef0b8f5dad571a2eea96c114fab3aa1f,0.74,39,111,0.35135135135135137,-6.3427528522481325
https://hashdive.com/Analyze_User?user_address=0xed5b2c1ee210b43c2560f7876da88226558e27db,0.885184,14.306847,110.299889,0.12970862554539833,-0.9377416266384526
https://hashdive.com/Analyze_User?user_address=0x321cf3ed6c0acd46d4ed8fa632adbc873869c246,0.81,25.837399,110.148914,0.23456789596672736,-24.936386589400456
https://hashdive.com/Analyze_User?user_address=0x8ffaf45f956b4aecd6f04beddebfb82436abd4d1,0.819999,24.146474,109.999863,0.21951367339430233,1.7680950382994174
https://hashdive.com/Analyze_User?user_address=0xa51b6ceffbefbb829aaa674b30454e0e946a7c06,0.739999,38.648796,109.999849,0.35135317322117415,-4.697443265902773
https://hashdive.com/Analyze_User?user_address=0x306139d0268a09c3fb267d7d04461eeabe72dd00,0.6,68.799,108.63,0.6333333333333334,-1.9018434632423786
https://hashdive.com/Analyze_User?user_address=0x031900614e07158bbcd3b96773eacf762f57ee14,0.75,35.333333,105.999999,0.33333333333333337,-5.372038641609599
https://hashdive.com/Analyze_User?user_address=0x3fe45b86eabd72ee50bf87852983f1bf15e6a0b3,0.819999,23.268421,105.999867,0.21951368108792063,1.240297686671383
https://hashdive.com/Analyze_User?user_address=0xc0a612d151395266c3469edcc4a2a6bfda172ab9,0.838087,20.387703,105.529942,0.19319353932744507,1.291498532692542
https://hashdive.com/Analyze_User?user_address=0x09fd7f2f64a1eafb8d32883177f39b0e505cef65,0.789999,27.44899,103.259866,0.2658243813719456,2.0575512683122654
https://hashdive.com/Analyze_User?user_address=0x0a90223aafca8a9556e1a34ee1086e0083b16831,0.998,0.206092,102.839908,0.0020040080160320644,-0.42531635173263754
https://hashdive.com/Analyze_User?user_address=0x83d87d7517e7998636241efce4ec6c46d02b9a77,0.769366,30.366806,101.299844,0.2997714981673615,-0.765437049617326
https://hashdive.com/Analyze_User?user_address=0xf5f0857bc51de3d2a13564c98a94dd3dfd674795,0.739999,35.486622,100.999862,0.3513531731360187,-6.550352430183497
https://hashdive.com/Analyze_User?user_address=0xd06d3f11fd6bffb405005d865ebd7ee0cd5864d3,0.520899,69.626092,100.999707,0.6893692473781137,-0.11842225598827688
https://hashdive.com/Analyze_User?user_address=0x00841d579dd4644c7bff6721be90d9fd33324c4f,0.86,16.38,100.62,0.1627906976744186,-2.3283750565345183
https://hashdive.com/Analyze_User?user_address=0x4c9a16633796baf1be58d1199e95519dcd59b2c6,0.79,26.67,100.33,0.2658227848101266,15.63840228211254
https://hashdive.com/Analyze_User?user_address=0x18d7f7498a5721f70f25e1ab6b0f26331f9c2c9f,0.819999,21.861392,100.149876,0.21828676053478085,-8.996383505041546
https://hashdive.com/Analyze_User?user_address=0x54aa4a6ae3803fad50a823c5b363dab994d838cc,0.400047,33.996995,100.010119,0.33993555192150104,-0.023431788195996166
https://hashdive.com/Analyze_User?user_address=0x5ae5d77aabcc1e4f8a14f75310ffb5d197ce3113,0.75,33.333333,99.999999,0.33333333333333337,-5.5219801044065715
https://hashdive.com/Analyze_User?user_address=0xc035d56154da7ad9ad39ef964f492eec6c76ec07,0.75,33.333333,99.999999,0.33333333333333337,-16.001743827720524
https://hashdive.com/Analyze_User?user_address=0x92b30b107a4afdcfae67746f69b8d5ac168a968a,0.75,33.333333,99.999999,0.33333333333333337,-4.986513984650592
https://hashdive.com/Analyze_User?user_address=0xc82ea1cf3dc1a5ba7f847c7925a5f0d04a8f9460,0.6,66.666666,99.999999,0.6666666666666667,-0.9551337620047567
https://hashdive.com/Analyze_User?user_address=0xdf86f62f39596c415f7338d6a84b550f1579601f,0.75,33.333333,99.999999,0.33333333333333337,-2.1414287152817884
https://hashdive.com/Analyze_User?user_address=0x0bc1f9ed864e7ac97b5fc219165b6488a74606ed,0.738099,9.832948,99.999946,0.09832953309794788,-0.9317116417032656
https://hashdive.com/Analyze_User?user_address=0xfac85bfe88c62a1ea874e31763dc622f1f697a9e,0.789999,26.582404,99.999872,0.2658243802552067,-1.2544834876825322
https://hashdive.com/Analyze_User?user_address=0x8b7e69788fa1145068d0d418c822c6f81d996a9f,0.769999,29.870258,99.999867,0.2987029772749598,-1.4153635634346577
https://hashdive.com/Analyze_User?user_address=0xc745b258d809e7c62ce091ee2b7da67c77ee9499,0.759999,31.579078,99.999867,0.315791200002296,-0.6760062881881278
https://hashdive.com/Analyze_User?user_address=0x7f92a0a0ab51859120f13c40d27c62b9b14957bc,0.589999,0,99.99982966847601,0,1.1637353206327465
https://hashdive.com/Analyze_User?user_address=0x53edcfa1e81bae084e936954ff905d894adf7aea,0.79,25.766202,96.929998,0.2658227848101266,-1.7263712950484331
https://hashdive.com/Analyze_User?user_address=0x7be6b073394f2ac9cc32bbcf7927bfb3cc51a8bc,0.96,4,96,0.041666666666666664,-42.08069074616609
https://hashdive.com/Analyze_User?user_address=0xd7a119ae7eda4cba1145d718916ef21a854dad7b,0.95,5,95,0.05263157894736842,0.5431439918116101
https://hashdive.com/Analyze_User?user_address=0x0a7ed19909e9b4c6cd0fc1d59c1d481415a1fce4,0.820001,1.149842,94.300115,0.012193431577469443,1.2736219003246614
https://hashdive.com/Analyze_User?user_address=0x008b6e0b694dde66b911a921047076ac227b439b,0.85,16.5,93.5,0.17647058823529413,-2.1422397415418613
https://hashdive.com/Analyze_User?user_address=0x420235ce2fe1bcf0940e52bb2a269c9162d49611,0.779615,26.37441,93.299844,0.2826843954851629,-5.307570783159433
https://hashdive.com/Analyze_User?user_address=0x3b617de579e3f33ca0ec9caa37f6aa617b24be28,0.739999,32.6758,92.999872,0.3513531717549031,-5.811008998350057
https://hashdive.com/Analyze_User?user_address=0x6e3a3466b59c8a50e7a35df8b95dfdf724cff76d,0.739999,32.6758,92.999872,0.3513531717549031,-6.614014586669057
https://hashdive.com/Analyze_User?user_address=0x4184bb4194dbf3b74762f5d7e0d2777841d91513,0.739999,32.6758,92.999872,0.3513531717549031,-6.442741219805187
https://hashdive.com/Analyze_User?user_address=0x18acf7b41e219e9501dfe5d897a28c9db17c15f9,0.739999,32.6758,92.999872,0.3513531717549031,-7.150012007908918
https://hashdive.com/Analyze_User?user_address=0x177c74e0987119d25e86348469c545d18eeebf64,0.92,8,92,0.08695652173913043,-15.643399586912762
https://hashdive.com/Analyze_User?user_address=0xb1eb49ee2eb872906a5d2bc5d6fdf6b0227e76fe,0.741147,32.131905,91.999959,0.34925999260499674,-6.467675102711431
https://hashdive.com/Analyze_User?user_address=0x85c9419a5d7767dde3321a1ffaa4bec3a4108bea,0.82,20.16,91.84,0.21951219512195122,0.1721169589688044
https://hashdive.com/Analyze_User?user_address=0x69ebe83ffa565e4d678620faef3833f3ffe81d77,0.739999,31.621742,89.999876,0.3513531729754828,-6.167359435754756
https://hashdive.com/Analyze_User?user_address=0x292d347171aaefdab15b8181691a5e99d2262c8d,0.744394,3.367369,89.579976,0.0375906441412755,-2.7124364674003276
https://hashdive.com/Analyze_User?user_address=0xde5314ddd05574a22cdaeef4e9ab2c02ce90e5be,0.59,0,88.5,0,1.2363030099748344
https://hashdive.com/Analyze_User?user_address=0x69d402d315ac33617f99399e7de08f41b6366775,0.789999,23.19284,87.669886,0.26454739544203354,-6.7355320866224035
https://hashdive.com/Analyze_User?user_address=0xe2d9024af931845539fdc03e6ab65a84835536e6,0.84,16,84,0.19047619047619047,-11.38055861964883
https://hashdive.com/Analyze_User?user_address=0x8e00e9a38a188945b89efc0eae00d2fb0db025ac,0.75,27.653333,82.959999,0.33333333333333337,2.530011116797612
https://hashdive.com/Analyze_User?user_address=0xf5201f998333d228dafba270d01d8ff82b2c0637,0.819999,18.0001,81.9999,0.21951368233375895,9.813335968836798
https://hashdive.com/Analyze_User?user_address=0x50367274fa84b47cc5ef950e66b31ac95367416b,0.8,20,80,0.25,-0.24871554689404746
https://hashdive.com/Analyze_User?user_address=0xdadc3c248d31e7b893a33e0720d9e0d44a6215fc,0.797011,20.37502,79.999979,0.2546878168555519,-18.12138639164276
https://hashdive.com/Analyze_User?user_address=0x87c4ab48c701e28830c166af2355663bc150490e,0.79,21,79,0.26582278481012656,-10.230973578857183
https://hashdive.com/Analyze_User?user_address=0xc88eb9ab98663254bff489c515f39f23b76bf3e1,0.77,23,77,0.2987012987012987,-0.062100792723215
https://hashdive.com/Analyze_User?user_address=0x680e64b067a3d012e61e07449f2b231ed86932c8,0.77,23,77,0.2987012987012987,-27.379445149193835
https://hashdive.com/Analyze_User?user_address=0xb33711e54a840ea7cbab3862ad2d2cfbb7225589,0.76339,23.865272,76.998059,0.30994641046730803,1.3882629593930589
https://hashdive.com/Analyze_User?user_address=0x118f930d2c33dc91ebc1b0d30a26687259cc9088,0.74,26.351351,74.999999,0.35135135135135137,-3.538699011133998
https://hashdive.com/Analyze_User?user_address=0x7b4223ef4c0f181a5dd99b07c1c24b26cd5ae45b,0.7425,25.75,74.25,0.3468013468013468,0.08451260518045305
https://hashdive.com/Analyze_User?user_address=0x1cdfce06c2795f96a80f0722ba4433404854125a,0.74,26,74,0.35135135135135137,0.023646792422563172
https://hashdive.com/Analyze_User?user_address=0x1f8d3dab55fc211d0844da7efc0a846f3935a5b6,0.766638,22.220903,72.999842,0.3043965903378257,-3.0306978826216695
https://hashdive.com/Analyze_User?user_address=0x8f6b26930fdcfeec88c85b6f197fd4a6c5ddc577,0.743991,24.832873,72.167127,0.3441022808071603,0.09487770667474293
https://hashdive.com/Analyze_User?user_address=0x470a57871de95715dc4af083ff07a72020b87e04,0.595833,48.50004,71.49996,0.6783226172434222,-1.893203155675506
https://hashdive.com/Analyze_User?user_address=0x46c8ee396321b54c73c1805ce98ea9bb7477f81d,0.75,23.75,71.25,0.3333333333333333,0.02482979111270794
https://hashdive.com/Analyze_User?user_address=0x133e1ad59fcd8a49fdc5656ee3c7ee0756e9592c,0.859999,11.558221,70.999914,0.16279204225514976,1.4125678542130415
https://hashdive.com/Analyze_User?user_address=0x366c7f079535b6b554b0e04bd24a9ced838cec01,0.764536,21.558777,69.999922,0.3079828717523428,11.718420278713992
https://hashdive.com/Analyze_User?user_address=0x36e91a6a784c1c259478504ffae77f610237d5ae,0.779999,19.743678,69.999907,0.2820529175845905,-2.277181439381593
https://hashdive.com/Analyze_User?user_address=0x53edcfa1e81bae084e936954ff905d894adf7aea,0.739999,24.2082,68.899906,0.3513531644005436,-1.7263712950484331
https://hashdive.com/Analyze_User?user_address=0x79b2eaa5be0966b3446970812f623b9db8914874,0.599999,45.218783,67.999886,0.6649832177659827,-3.5580912852329893
https://hashdive.com/Analyze_User?user_address=0xd40213a4d43e420406ffa59eb249467c54d95a50,0.75,22.5,67.5,0.3333333333333333,5.281862766427375
https://hashdive.com/Analyze_User?user_address=0x333fef707516ae62b41cdf4271a7cd82a8a16576,0.979999,1.375578,67.39993,0.020409190335954355,-2.5911578473859684
https://hashdive.com/Analyze_User?user_address=0x54b56146656e7eef9da02b3a030c18e06e924b31,0.76,-18.88,66.88,-0.2822966507177034,0.8588074606712558
https://hashdive.com/Analyze_User?user_address=0xef630dba0a48dc47823ba3db64ea3ad5e79496cb,0.44,52.3,66,0.7924242424242424,-5.870307416484531
https://hashdive.com/Analyze_User?user_address=0x8b70965c379abfe80a5c91d53817f9e014b0788b,0.84,12.571428,65.999997,0.1904761904761905,2.3136335714492544
https://hashdive.com/Analyze_User?user_address=0xa64366749bd94c7efaea52685bf71f83b29a7546,0.979007,1.308889,61.039956,0.021443151105810104,-0.07393729342949122
https://hashdive.com/Analyze_User?user_address=0x5b852002ea0e337100cddaea3e0afa139152a96c,0.74,16.27,60.199999,0.2702657852203619,2.1121515244535707
https://hashdive.com/Analyze_User?user_address=0x10948fe1d69c5226e6ee05bab23085cd6af9d30c,0.75,19.999999,59.999997,0.3333333333333333,0.04358785896197369
https://hashdive.com/Analyze_User?user_address=0x7db6989ca41950ed57e6b408f0739e159202527a,0.957128,2.687538,59.999962,0.04479232836847464,-0.6239274577952482
https://hashdive.com/Analyze_User?user_address=0xa32038ad474ee6a9282793049daef6a4b1158232,0.786637,16.196926,59.999896,0.2699492345786733,0.6219604485682451
https://hashdive.com/Analyze_User?user_address=0xedf53fa5130c09117caec1194228d64fc5cb95da,0.599999,39.773432,59.6599,0.6666694379306703,-3.921474729035193
https://hashdive.com/Analyze_User?user_address=0x0f3df7261ee1d574be4693564b8c0b889172f421,0.8,14.8056,59.52,0.24875,-0.6879328517783236
https://hashdive.com/Analyze_User?user_address=0x61af87361f026720ff3bcf1aba637e685dccaa01,0.59,41,59,0.6949152542372882,-20.468685688747623
https://hashdive.com/Analyze_User?user_address=0x90c59ee300bc911f274f1394b7b3f48581d4534c,0.59,0,59,0,-2.8187507627710167
https://hashdive.com/Analyze_User?user_address=0xe25c28438f4f51bf12efed21efd45f33d8cfae63,0.74529,-16.938384,58.93061,-0.28742930032456815,1.0704343101221372
https://hashdive.com/Analyze_User?user_address=0x286e00156acb2e1a2900556be742d56e4127adb7,0.92,-33.421378,58.5672,-0.5706500908358262,-4.163609558727996
https://hashdive.com/Analyze_User?user_address=0x5116ee15e86bc8878b90ac8a8514e38511eb58c4,0.78,16.498199,58.493616,0.2820512754759425,1.2024302304539298
https://hashdive.com/Analyze_User?user_address=0xed37b3fea037ecd3be16c6101f68ed6a28525849,0.779999,16.359048,57.999924,0.2820529213107245,-6.845336670108475
https://hashdive.com/Analyze_User?user_address=0x5e10bea5b234d7d8f992c6044986c23da35570f4,0.82136,8.721694,57.445713,0.15182497604303388,11.872384786488778
https://hashdive.com/Analyze_User?user_address=0xb90d923238bfc15d93cd974c68dabfce021b7db5,0.805714,13.60002,56.39998,0.24113519189191204,-5.225272627582699
https://hashdive.com/Analyze_User?user_address=0x6bed005f75644d269ffd9320c63e336c1a14438c,0.6,0,56.25,0,-0.8723974980094358
https://hashdive.com/Analyze_User?user_address=0x9d53c08764983f1a785ce503f5a9ef7130b3061c,0.56,0,56.00000000000001,0,9.744801377979753
https://hashdive.com/Analyze_User?user_address=0xbd4a22e051c822786bd0c9d557e032d333482553,0.93,4.2,55.8,0.07526881720430108,-0.7744362845831425
https://hashdive.com/Analyze_User?user_address=0x671b7ed2a587a2d82d617ffa274bc3c85501e4bd,0.77353,16.102597,54.999966,0.2927746718970699,4.020040866694436
https://hashdive.com/Analyze_User?user_address=0x037ebb51d3cc0288911615b439e5f9648c75e009,0.809999,10.185067,54.999929,0.1851832754184101,-6.119718011246739
https://hashdive.com/Analyze_User?user_address=0xe5de588ccb8bad1a0ba9fcdd05aee45956ad8ed4,0.819999,12.05348,54.90993,0.21951366537892145,-0.5417906772773923
https://hashdive.com/Analyze_User?user_address=0x4370d29381865e4bb74c9ae938b10f61a45010a9,0.86,8.627906,52.999994,0.1627906976744186,4.889263037830388
https://hashdive.com/Analyze_User?user_address=0xc20382d42afcfad758215706b91ed728da4b74f3,0.75647,4.386491,52.9529,0.08283759718542327,-2.0040207024208776
https://hashdive.com/Analyze_User?user_address=0x6ac5bb06a9eb05641fd5e82640268b92f3ab4b6e,0.525,-2.499937,52.4986875,-0.047619038094999996,-3.8086498696524016
https://hashdive.com/Analyze_User?user_address=0x23be85cd6b3814181e43689aa1c44ca9789ada4f,0.789999,13.822849,51.99993,0.2658243770712768,-2.4790940467349643
https://hashdive.com/Analyze_User?user_address=0x067f6c8fa38c71f30fa3d1aa72ee4004c027a821,0.73,14.9394,51.9322,0.2876712328767123,-7.053633442588967
https://hashdive.com/Analyze_User?user_address=0xd4431ce82f50aa95d983b1f7cda17e4fef1e1f8e,0.92,1.6857,51.6948,0.03260869565217391,-36.20990491671504
https://hashdive.com/Analyze_User?user_address=0xb504deee033d259c143a540af7a26012573706ee,0.819999,11.212744,51.079933,0.21951367868865454,-13.09519946487713
https://hashdive.com/Analyze_User?user_address=0x8bb5b97612dd67f259c3b1a24ecb68c51090b365,0.76,14.668012,50.9048,0.28814595087300215,-0.301909297927444
https://hashdive.com/Analyze_User?user_address=0x49b86977fdee1bad04c3d48a644ad386d08b55d1,0.819999,11.173231,50.899934,0.21951366380946583,-2.171704943061065
https://hashdive.com/Analyze_User?user_address=0x94a48576d745bed9fe0ee54632aa3d2ac99f353b,0.992999,0.358792,50.889948,0.007050351083086192,-25.785397368610084
https://hashdive.com/Analyze_User?user_address=0x6994957ce48557d06c1020d762275eb8e65dfc1f,0.72,19.6,50.4,0.38888888888888895,-3.6844630504843017
https://hashdive.com/Analyze_User?user_address=0x79a97d22dca74b3e376c386c990d1e6cd5924f3d,0.829999,10.259457,50.089938,0.20482071668765092,18.42344338621901
https://hashdive.com/Analyze_User?user_address=0x9fe953405186ff08c9bf7998df9dc2cb0f05e00e,0.786473,13.574964,49.999968,0.2714994537596504,-10.531388601251077
https://hashdive.com/Analyze_User?user_address=0x86124abff7bc46e49df0ddd09a922043297084e3,0.824125,10.670399,49.99996,0.21340815072652056,1.658488451948323
https://hashdive.com/Analyze_User?user_address=0xe5e6b2d1b7f95dcd58cfeef5dd7df18f3a17a47d,0.899999,5.499505,49.999943,0.10999022538885694,0.26818292929454485
https://hashdive.com/Analyze_User?user_address=0x869f724b60906705ab17e0cd8d18263fe1bd0408,0.789999,13.291202,49.999936,0.2658243802552067,-1.9497421337098855
https://hashdive.com/Analyze_User?user_address=0x9c3c5ded79589ce506bcfb59a0ffc0c4aa1a71c0,0.779999,13.461064,49.999935,0.269221629988119,-17.851563765619165
https://hashdive.com/Analyze_User?user_address=0xec5c8d5ba82458ae5c02d886f090d71f5985ce46,0.769999,12.986064,49.999931,0.25972163841586104,-3.819405756450309
https://hashdive.com/Analyze_User?user_address=0xdc4bc68529c164cfe402ae1215876badc02a5a92,0.769999,14.935128,49.999931,0.29870297221010167,0.08199808712279058
https://hashdive.com/Analyze_User?user_address=0x2e3cc58aa59a63c2a1e283eec4f331ac50a6d2a5,0.589999,0,49.999913654240004,0,-1.4020394475386735
https://hashdive.com/Analyze_User?user_address=0x13a0ed8e7efb50168934b799a4a38e7a56c7ac6a,0.569999,37.719385,49.999912,0.7543890277246889,-7.095671908481872
https://hashdive.com/Analyze_User?user_address=0xc41ecf60680bbc78d762c9eab6527265ab912dfc,0.978999,1.072573,49.999903,0.021451501615913134,-3.6370712918585015
https://hashdive.com/Analyze_User?user_address=0x47d92bc033fc32a2b5dc5bcca637b9fb59c29ed4,0.82,10.911951,49.709999,0.21951219512195122,-6.6201967693033925
https://hashdive.com/Analyze_User?user_address=0x2b51107e8d030397ea728a794405ffbcf1d2e165,0.79,12.7239,47.8661,0.26582278481012656,0.6133139805952826
https://hashdive.com/Analyze_User?user_address=0x2104d2eb66a362e7aa8fe4eb83620a0b30ffa495,0.844882,-0.399993,47.313392,-0.008454118022229309,0.29709233080604996
https://hashdive.com/Analyze_User?user_address=0x0bfd12bdb2f7a1469ce3ebade4202e872b9d7f88,0.829999,9.683912,47.279942,0.20482072503388435,6.237160869985882
https://hashdive.com/Analyze_User?user_address=0xb558b190f300976764be6e728c58f51a73166d77,0.94,3,47,0.06382978723404255,-5.198085038967344
https://hashdive.com/Analyze_User?user_address=0x845924723e81becd5a49f8fe3794d6310a711b3c,0.82,10.281951,46.839999,0.21951219512195122,0.8198961379471132
https://hashdive.com/Analyze_User?user_address=0x6741cd59eb53b4c7b535228f6da1c30f7a4e9703,0.789999,12.435248,46.779937,0.265824385355628,-1.8853237100444251
https://hashdive.com/Analyze_User?user_address=0xbcaca89a13a7fd936281f8bf70916fb5f5cb5832,0.819999,10.209568,46.509942,0.2195136687119498,-10.958876768064378
https://hashdive.com/Analyze_User?user_address=0x94da4f346c054b71b1c51ef2f44cf9e1211c0800,0.739999,16.225467,46.179937,0.35135316447053616,-2.845538430595116
https://hashdive.com/Analyze_User?user_address=0x73f7a99cd04c2afa9a925d72c5fc7e9cea6b1ff1,0.809999,10.736228,45.76994,0.23456941389916616,4.341308147003833
https://hashdive.com/Analyze_User?user_address=0x21a270a2eaa2eddee64e6864a11f4c2ebfc8866d,0.8,11.25,45,0.25,0.1438806252711901
https://hashdive.com/Analyze_User?user_address=0x0206bed66886c6767dd6ecdbada8e50a16d582b5,0.739999,15.81087,44.999936,0.35135316636894776,-3.4193518963904928
https://hashdive.com/Analyze_User?user_address=0xdd6ed512da4da06db795e19ae80d3be6e8aba704,0.9,4.89852,44.539992,0.10998026223264702,-0.436321972693097
https://hashdive.com/Analyze_User?user_address=0x24533e406ba23faee9aea3a1d9f97c0beb7ea614,0.829999,8.64752,42.219948,0.20482071650111933,8.827850921383453
https://hashdive.com/Analyze_User?user_address=0x3dd4ba9f9aa3b9de1ce743bf8c4ba4c86ac21b50,0.759999,13.263212,41.999943,0.3157911904785204,1.0665909076584192
https://hashdive.com/Analyze_User?user_address=0xb786b8b6335e77dfad19928313e97753039cb18d,0.82,9.161499,41.735721,0.21951217759003133,7.140526754379184
https://hashdive.com/Analyze_User?user_address=0xc91def14d466ea4256d5210039faf55708bab27d,0.83,0,40.6285,0,0.9058624779212908
https://hashdive.com/Analyze_User?user_address=0x2e0d0159f17df1dc3b68ca611381dc4bec781598,0.8,9.95,40,0.24874999999999997,3.5653548229927035
https://hashdive.com/Analyze_User?user_address=0xe8edb0b0198db34fec81f6db40a58fa5c7ed3079,0.78,11.282051,39.999999,0.282051282051282,-2.906533872585383
https://hashdive.com/Analyze_User?user_address=0x29208c26a3a9ecb385e4b7caa79e6c7f993c80be,0.76,12.631578,39.999997,0.3157894736842105,-7.029574847456834
https://hashdive.com/Analyze_User?user_address=0x3b2c7fe2b1ba1f7bd7d57b89249d73174734284c,0.92,3.43413,39.99999,0.08585327146331788,-5.623759867937267
https://hashdive.com/Analyze_User?user_address=0x7bad7320041f953935665187d05c5e1648187f7c,0.821074,6.477374,39.999954,0.16193453622471665,-7.517085707838071
https://hashdive.com/Analyze_User?user_address=0xacd051e2f8422ad181037743232cac1340e0e030,0.780246,11.21333,39.99995,0.2803336004170005,-9.311646744361106
https://hashdive.com/Analyze_User?user_address=0x2eca6267b306e3807486b5ff9d9ca6d08e6080e6,0.789999,10.632961,39.999948,0.26582437057168173,-1.1848110282366473
https://hashdive.com/Analyze_User?user_address=0x9c3e7196369308579eb5e46f5b7eb289b5192235,0.819999,8.780535,39.999947,0.21951366585560728,-28.940884138134606
https://hashdive.com/Analyze_User?user_address=0x889923b7fe554c8c4d62bc9b00c7e38fd79608d6,0.789999,10.632961,39.999947,0.26582437721729985,0.46877844152991843
https://hashdive.com/Analyze_User?user_address=0x29871e53bddd9900c9905d696083441684961148,0.789999,10.632961,39.999947,0.26582437721729985,-7.1300977267951415
https://hashdive.com/Analyze_User?user_address=0x88c15e3eef54efb41055ff8def2cbf451790a7cb,0.819999,8.780535,39.999947,0.21951366585560728,-3.5830884797282136
https://hashdive.com/Analyze_User?user_address=0x188629f05fdaec293f65b243d8e0e3582d706cc5,0.789999,10.632961,39.999947,0.26582437721729985,-8.088470696178787
https://hashdive.com/Analyze_User?user_address=0x31ee7339de5843ce9fc3efe1ab42d225495d8836,0.829999,5.851167,39.809951,0.1469774981637129,-6.49370291564966
https://hashdive.com/Analyze_User?user_address=0x0b979f7329380a1ad53da71bae92ad55b2901306,0.78,11,39,0.28205128205128205,1.5244070233847031
https://hashdive.com/Analyze_User?user_address=0x8f0b503c3f65d679b8517480555cd936a53feb6d,0.78,2.5,39,0.0641025641025641,4.5646000038508125
https://hashdive.com/Analyze_User?user_address=0xca1ffea6b9512c16b3735c9bdb09beae9f01547f,0.96,1.199762,38.4,0.031243802083333334,-0.8475290159091985
https://hashdive.com/Analyze_User?user_address=0x1b615a1b8d706d49e115749e4e429c0457b578e8,0.99,0.31024,38.3922,0.00808080808080808,7.461564378892724
https://hashdive.com/Analyze_User?user_address=0xc0184ef91c0f76c95a3401bb612372a8a20e018a,0.76,9,38,0.23684210526315788,-4.658069154901187
https://hashdive.com/Analyze_User?user_address=0x81eed0ed9e461a974a4abc4535d880d5a830db6b,0.770099,0.246056,37.996642,0.006475730144784899,0.035802522755188956
https://hashdive.com/Analyze_User?user_address=0xf13dc48cd35023bbb664547a6fb42d9c4d72fec3,0.75,12.6,37.8,0.33333333333333337,1.7821367082452841
https://hashdive.com/Analyze_User?user_address=0x519955dec40435961a1b7d3dba40507bdc86382b,0.75,12.45,37.5,0.33199999999999996,0.8588341533777138
https://hashdive.com/Analyze_User?user_address=0x7eeee240799384412b34255e84492a03d85db4b2,0.74,13,37,0.35135135135135137,2.6216888292310268
https://hashdive.com/Analyze_User?user_address=0x2e440e05f928dc38e5f6c438c152792ec32e79c9,0.839999,-1.321155,36.999955,-0.03570693531924566,-5.90840672269208
https://hashdive.com/Analyze_User?user_address=0xae6fb25e7091d3626f52d49ec1e484ed0e9a7399,0.817287,8.038983,36.159964,0.22231722907688733,-14.726645056118546
https://hashdive.com/Analyze_User?user_address=0x47c363c87ad8f13a8379635785852155fb9f853c,0.779999,10.153892,35.999953,0.2820529237913172,-9.687172092748122
https://hashdive.com/Analyze_User?user_address=0xea2ab6a260f8d06bcd23f252214814278a20e237,0.59,0,35.4,0,-1.351134925967602
https://hashdive.com/Analyze_User?user_address=0x4e0a2668bcd0f26eed9d053b5ceb0d809c2ee4e6,0.85,-14.35,34.85,-0.4117647058823529,1.612496997055794
https://hashdive.com/Analyze_User?user_address=0xee62f8ddf9991a83fbfc3dd1e6c3714b772da70d,0.79,9.24,34.76,0.2658227848101266,-2.4076256131751386
https://hashdive.com/Analyze_User?user_address=0x9d5f391fc63c8a887a8cc3a10fa4b065637084bf,0.78,9.328,33.072,0.282051282051282,-3.5264882108015256
https://hashdive.com/Analyze_User?user_address=0x68d300522f8e7a502138ec8de4ea810710acec82,0.89,4.033,32.93,0.12247191011235957,-12.557287818929407
https://hashdive.com/Analyze_User?user_address=0xfad34a87779659539dd0283ca7ef1409b0ea7900,0.759999,10.193726,32.279957,0.3157911889411748,-5.393653731027524
https://hashdive.com/Analyze_User?user_address=0x17334f306b7781750c20cb6517b7af73e89cd96f,0.819999,7.057356,32.14996,0.21951367902168464,-2.820927606438653
https://hashdive.com/Analyze_User?user_address=0x81da55146623c069cb87691345761e8fe5b5421b,0.819999,7.024428,31.999959,0.21951365625187208,8.532762546745893
https://hashdive.com/Analyze_User?user_address=0x2366dfe4a7079538fa20f6d3afb3273e7fbd1078,0.800379,7.940867,31.999951,0.2481524737334754,-0.9087580091491415
https://hashdive.com/Analyze_User?user_address=0x4eee03ccf6ae1aee39ac9c4221d250ce8bff2782,0.789999,8.240545,30.99996,0.2658243752572583,-1.3791586576108643
https://hashdive.com/Analyze_User?user_address=0xa3a547029cda95b7f498baa1fd10c33ceab3877d,0.76,-10.399999,30.4,-0.34210523026315787,3.6232264051328906
https://hashdive.com/Analyze_User?user_address=0x8bacec81329a730c48bf21c4bd2cc45f9c639dda,0.79,8.0262,30.1938,0.26582278481012656,-5.119560923128319
https://hashdive.com/Analyze_User?user_address=0xbed0aabdb4afc2eb0753865ffd2e8297385d824e,0.582783,-0.0999,30.077528537544005,-0.0033214165145018723,-1.1022851032275425
https://hashdive.com/Analyze_User?user_address=0xfdecc3f5fc91742cee219ff7d836788f3b66ed1d,0.849999,5.258245,29.999961,0.17527506119091288,-2.336567782673429
https://hashdive.com/Analyze_User?user_address=0xe50f93a425d95ddf77323e11e635c0653fc8cb4d,0.789999,7.974721,29.999961,0.2658243789050259,5.820709859437068
https://hashdive.com/Analyze_User?user_address=0xb7adebc33cad726a33ec5bb5c5d1fed471750d50,0.859999,4.883754,29.999959,0.16279202248243071,20.86378904465843
https://hashdive.com/Analyze_User?user_address=0xa51b8d56a3ae3311c68111284d00af22f3fb26b1,0.819999,-1.097144,29.999959,-0.036571516647739416,5.647717958768795
https://hashdive.com/Analyze_User?user_address=0x64bb51b5e97c744ce2fa00fea1721fc667dcbde8,0.779999,8.461574,29.999953,0.2820529085495567,-0.7663967646712193
https://hashdive.com/Analyze_User?user_address=0x14d77a49ea6a5bb5364678cedb2ba2646a953f84,0.779999,8.461574,29.999953,0.2820529085495567,7.65798551256562
https://hashdive.com/Analyze_User?user_address=0x994a3c38915e6a1666d390bac79989c274eaf5c2,0.779999,8.461574,29.999953,0.2820529085495567,-1.5025326489295907
https://hashdive.com/Analyze_User?user_address=0x295c9589c64f6f9326700353619118188e43b20a,0.589999,0,29.999948192544004,0,6.792093953705257
https://hashdive.com/Analyze_User?user_address=0x653d204fd5228ae237cff30928689b3cd572e447,0.776636,8.62811,29.999916,0.28760447195918815,4.047776716653113
https://hashdive.com/Analyze_User?user_address=0x191ff6303d1d217e0c9f9972e11e9f24953380da,0.839999,5.687654,29.859964,0.19047759066286885,-6.442429694324883
https://hashdive.com/Analyze_User?user_address=0x4c4075af64a72426d92737a184ecf58f2f515f2c,0.79,7.77,29.23,0.26582278481012656,7.85248566690497
https://hashdive.com/Analyze_User?user_address=0x55a21a7cb27e9746c827539ff0833c27e859825c,0.5,0,29,0,
https://hashdive.com/Analyze_User?user_address=0x64e86fefd50cdb6259eb00ff146d9aac03497819,0.57998,0.7501,28.999000000000002,0.02586640918652367,1.8306191165503667
https://hashdive.com/Analyze_User?user_address=0xbd1d1fd1145c21e82ae29a5178693218908eb57f,0.75,9.10533,28.92,0.3148454356846473,-1.7085633110711202
https://hashdive.com/Analyze_User?user_address=0xde9d4c8161d4799468653b5b7f55e64f674961d5,0.726871,-0.265741,28.725735,-0.009250973038635913,-0.7192741631663214
https://hashdive.com/Analyze_User?user_address=0xe8bfa2f6d21d1f491042051969ce48bdf055d806,0.730093,-0.14728,28.714558,-0.005129105591665384,0.013850871815733051
https://hashdive.com/Analyze_User?user_address=0x9de016cc742f0e4dc0cde7884c130555522cd8b7,0.57,21,28.5,0.7368421052631579,0.49527473848459946
https://hashdive.com/Analyze_User?user_address=0xd64a2ec6bde751e51278536c78a0296b61e22fa2,0.77,2.52,27.72,0.09090909090909091,-0.5727945151815009
https://hashdive.com/Analyze_User?user_address=0xffdff06b43ca0783d3a47b6d51106c0464f00359,0.729999,0.374637,27.349961,0.01369789887451759,-4.8339104947623905
https://hashdive.com/Analyze_User?user_address=0x73001905fcb40a41be59119a0950b5c673c7523f,0.653907,14.470182,27.339917,0.529269419508479,-3.2392218412961626
https://hashdive.com/Analyze_User?user_address=0x082be1c21bddf02dcca57c346957c76c6c155e67,0.784173,7.15159,26.109952,0.2739028398060632,-6.041650612121689
https://hashdive.com/Analyze_User?user_address=0x0314b977280188aff3a696eb7f754ae6b69c9482,0.730348,-0.005209,26.058811,-0.0001998940013034363,-0.6857688363259926
https://hashdive.com/Analyze_User?user_address=0x5740f657ca2436b43524171f2e629f559428c8f2,0.82999,-2.809487,25.920583,-0.10838826426087715,-1.0799529312345384
https://hashdive.com/Analyze_User?user_address=0xd2c4e11acf28d05260ad321ca1d4be244c5f909d,0.57,0,25.65,0,-0.2170937591293352
https://hashdive.com/Analyze_User?user_address=0x5b23e5801335be309bfae53603db87689353e7cc,0.819999,5.621738,25.609967,0.21951367606213626,12.882713893366791
https://hashdive.com/Analyze_User?user_address=0xe9bd1f8c8fcf05d451c6c95906b2d568e4c368be,0.85,4.411764,24.999996,0.1764705882352941,-0.07848745347502184
https://hashdive.com/Analyze_User?user_address=0x0c15aebb52b67b63ce6a7d3af5c6e07da2485038,0.789999,6.612791,24.999967,0.26451198915582563,-7.088902484797204
https://hashdive.com/Analyze_User?user_address=0xf62d9f31bd575d409426be7feec0947c5b37d3a0,0.769999,7.467564,24.999966,0.2987029662360341,-6.870034279488403
https://hashdive.com/Analyze_User?user_address=0xa33700d9f63c42f5eeaa1e01aac889adbbf79e54,0.769999,7.467564,24.999966,0.2987029662360341,-5.554725315511564
https://hashdive.com/Analyze_User?user_address=0x904ec63eb5b1380adc763e28ce022aa0c9ea7ff3,0.729999,9.246609,24.999965,0.36986487781082894,-3.9213261248512983
https://hashdive.com/Analyze_User?user_address=0x99a27b281abc78b12b15511cf6e38e81d6699bbf,0.987982,0.304103,24.999915,0.012164161358148618,-20.238970394646536
https://hashdive.com/Analyze_User?user_address=0x802375ebfa3799f6f7678584ab24ca84476fa1f6,0.749948,0.001705,24.598291,0.00006931375842329859,-0.5878680406680462
https://hashdive.com/Analyze_User?user_address=0x4e922b33fe31cde840f33d71ec1f09b5ed1baea3,0.739999,7.974782,24.089967,0.3310416323941,-0.4266854449914009
https://hashdive.com/Analyze_User?user_address=0xa82ccaaa64f17481d570f8c21f3ea737b6f2bf59,0.729999,2.620832,23.919966,0.10956671092258242,-3.9874135391678296
https://hashdive.com/Analyze_User?user_address=0xd4c52ab9b43b106336dca8738ba7375c6d22f248,0.720119,0.001947,23.915146,0.0000814128418868946,-0.9622112233505302
https://hashdive.com/Analyze_User?user_address=0x01113cde9aed4dbb4c4c12b63c15f6cce352fc13,0.770138,0.305325,23.851035,0.012801331262982928,-0.5387359392486579
https://hashdive.com/Analyze_User?user_address=0x9770d25f707a9c652f17601cd88f04e21a30d03f,0.8,5.945,23.78,0.25,-0.8110108602234529
https://hashdive.com/Analyze_User?user_address=0xf430edc427c0dfbaeca95a1076f6f1137389fa49,0.750233,-0.007373,23.751569,-0.0003104215978321264,0.06753873021327979
https://hashdive.com/Analyze_User?user_address=0xc6fd6d8ad5208e15d9ffdd12b5afea63cc808148,0.800256,-0.303475,23.686953,-0.012811905355661407,-0.07662945138325103
https://hashdive.com/Analyze_User?user_address=0x6be7dbb6919caa7b4d48d5ce0dbb3964f96b98ed,0.739934,0.002108,23.640888,0.00008916754734424528,-0.530581283284295
https://hashdive.com/Analyze_User?user_address=0xe9ea84ff11509024171646bf05bb1374f1c2810a,0.813793,5.400003,23.599997,0.22881371552716723,-0.2775712577659151
https://hashdive.com/Analyze_User?user_address=0xc03e944394c229f72a984adb79bb53a8aa43ab68,0.790046,-0.299571,23.567018,-0.012711451232396052,-0.5349340023945695
https://hashdive.com/Analyze_User?user_address=0x6c813a86467d0ed74af705e33f5439b881f27a78,0.780029,6.607887,23.431924,0.28200360328925617,0.004797702461480542
https://hashdive.com/Analyze_User?user_address=0xfceb76c5610dec4f8ff46d73a01637fdf8df848d,0.760181,-0.005573,23.42105,-0.00023794834134251025,-3.1006012933851075
https://hashdive.com/Analyze_User?user_address=0x66b23ec8cf98212a282ad3ea487dde403b3a767f,0.720117,0.319912,23.310187,0.01372412842505296,-0.3499870436639494
https://hashdive.com/Analyze_User?user_address=0xfce765ccb84e665c7fedfefa3096a9e2e2d6baa8,0.83,4.755903,23.219997,0.20481927710843373,-6.830546765927577
https://hashdive.com/Analyze_User?user_address=0x8aba976ca5b955967c58746e75467896acf75075,0.750232,-0.007175,23.212175,-0.0003091050278571483,-0.8961054239742517
https://hashdive.com/Analyze_User?user_address=0x4f41ea4f91069365f980353359c2fcc720ef7f67,0.759999,7.323187,23.189968,0.315791164524246,1.1556235381237043
https://hashdive.com/Analyze_User?user_address=0xb5a00ac9d7506e59c670a021a244b25b13a75b3d,0.779952,-0.291593,22.860389,-0.01275538224655757,-0.7707332423062743
https://hashdive.com/Analyze_User?user_address=0xaaea9e8e6b1a08ae81a944b9aff8c91928a09b77,0.770172,0.290908,22.797091,0.012760750922124229,-0.11632251248699418
https://hashdive.com/Analyze_User?user_address=0x0686ff3c0f8a72650d1c40efa9871bb5294761e5,0.789958,-0.286392,22.727088,-0.012601350423776244,-0.7662904254100826
https://hashdive.com/Analyze_User?user_address=0x96115ff9d7eea1cde70b17bdb3d11a797153cec5,0.749982,0.000541,22.574454,0.00002396514219125743,-0.8207379078879551
https://hashdive.com/Analyze_User?user_address=0xf2cd55f8aa357804da66c2a556731851e7a27227,0.749953,0.001411,22.536085,0.00006261069746586418,-0.7871768324739674
https://hashdive.com/Analyze_User?user_address=0x8dc211600b26daa43cb3586ad6bfd1f7bcfacce7,0.796996,5.730985,22.499915,0.2547114066875364,4.08508759506028
https://hashdive.com/Analyze_User?user_address=0xc8d7d72aabc5bc16e0dedc5dbff50fc91f356d01,0.75012,-0.003606,22.391079,-0.00016104628097645494,-1.4262135364981554
https://hashdive.com/Analyze_User?user_address=0x5534a097e068eb35f6bf5939c438613414dfb294,0.770113,-0.003278,22.35629,-0.00014662540162075193,-0.026551204542877682
https://hashdive.com/Analyze_User?user_address=0x1490faa85059f8a97e904c3b7ceb0d6975c531ba,0.799956,-1.112774,22.28677,-0.04992980140235664,-1.4253894026460552
https://hashdive.com/Analyze_User?user_address=0xc99b1fab8a5dd2d4c0031f27d85bb0c070a393c9,0.77,0.289,22.253,0.012987012987012986,-0.563571248474419
https://hashdive.com/Analyze_User?user_address=0xf48964ce07cb31f4f459086d76acc302adecd482,0.819999,4.862221,22.149972,0.2195136409201781,7.180095069619457
https://hashdive.com/Analyze_User?user_address=0x58948d89ad100092e407015e874c83ba0fd1c861,0.759948,0.00151,22.084085,0.00006837503115931677,-1.2417455101159622
https://hashdive.com/Analyze_User?user_address=0xcfb32b160727266a8868ff255e7cfd89ba16e68c,0.82,4.8456,22.0744,0.21951219512195122,-3.119372855011913
https://hashdive.com/Analyze_User?user_address=0xa966af9b65515c0dd101aa4072cd77ddcb741715,0.780049,-0.001383,22.067411,-0.00006267160202889228,-1.9414495254983355
https://hashdive.com/Analyze_User?user_address=0x7c48e515ec84a6195cc929555bfd6d8771ec9bcb,0.84,4.190476,21.999999,0.1904761904761905,-0.5632156063334063
https://hashdive.com/Analyze_User?user_address=0x6d248c07b85b8cad2d13592c7aeccaee81e7c2bf,0.859999,3.58142,21.999972,0.16279202537166865,8.95120091099972
https://hashdive.com/Analyze_User?user_address=0x402593c5dc69a3a01effae356645d39b8a878198,0.786333,5.977959,21.999966,0.2717258290308267,-26.452270972392515
https://hashdive.com/Analyze_User?user_address=0xa9f92736700faec9147087b1af55684db53f52ba,0.86,3.57,21.93,0.1627906976744186,13.960428065502043
https://hashdive.com/Analyze_User?user_address=0xdbf3c0efe5982f4ddcb0e48407021f9fe1bc7697,0.770012,-0.282738,21.752795,-0.012997777986690906,-0.7627129008858681
https://hashdive.com/Analyze_User?user_address=0xc650b6a62a8aacc3c516d9812f594448e95b4204,0.759971,0.000825,21.65157,0.000038103472404079706,-0.6844529646824327
https://hashdive.com/Analyze_User?user_address=0x35385cb64e101c27e344b1f640929bb3fbff6371,0.749972,0.000805,21.584191,0.00003729581525663853,-0.15199707799432044
https://hashdive.com/Analyze_User?user_address=0x77e65df7a8815261b93144cbca221cee792054f3,0.739904,0.002803,21.560794,0.00013000448870296706,-0.17563021644131177
https://hashdive.com/Analyze_User?user_address=0xff8795ddb10d97b7f14e834c5059407fad4c9da8,0.749961,-1.434879,21.546377,-0.06659490827622667,-0.13275770737239426
https://hashdive.com/Analyze_User?user_address=0xb51a979d3defc2a78af1d32e3088c3e21af872aa,0.780086,-0.278474,21.538174,-0.012929322606456795,-0.38366924738438113
https://hashdive.com/Analyze_User?user_address=0x1a46548873b1bccdd47f5955b8f265b3f10f0667,0.86,3.5,21.5,0.16279069767441862,8.242536662767208
https://hashdive.com/Analyze_User?user_address=0xb3f3371799dfd2612db5426d5819b1e08702f2ef,0.740227,0.283707,21.49604,0.013198105325445988,-0.39464281565860126
https://hashdive.com/Analyze_User?user_address=0x41abcfea3a7fa121c0f86fbd1cb0b9d94073c974,0.859999,3.496768,21.479973,0.16279201095830054,-7.534345568624298
https://hashdive.com/Analyze_User?user_address=0x0bc59d18f003dedf2db07332deb0acd397901483,0.83,-3.0708,21.2397,-0.14457831325301207,-0.28611663284296585
https://hashdive.com/Analyze_User?user_address=0x87256d0406f876184a66cc158415903bb242eb10,0.75,0.38,21,0.018095238095238095,-1.3654794529131205
https://hashdive.com/Analyze_User?user_address=0x7b12a6f85bc6ea983b0aab009a0084a51eddaba8,0.819999,4.609781,20.999973,0.2195136631842336,-0.5295340782158094
https://hashdive.com/Analyze_User?user_address=0xa3a547029cda95b7f498baa1fd10c33ceab3877d,0.52,-0.8,20.8,-0.038461538461538464,3.6232264051328906
https://hashdive.com/Analyze_User?user_address=0x795d6974d4a2ddbb7ff0c2d465a6c444de0d1c24,0.779939,-0.261892,20.559188,-0.012738440837254858,-0.5503881482684234
https://hashdive.com/Analyze_User?user_address=0x258ed6f60ecdb4511b84f893ef3f64b6cbaa46dd,0.730171,-0.004796,20.495716,-0.00023400011982991956,-0.14429327053191124
https://hashdive.com/Analyze_User?user_address=0x0db83f265a46614a467ff7f36171af2dc46ee500,0.740263,0.269325,20.475675,0.013153412524861817,-0.2765388850432314
https://hashdive.com/Analyze_User?user_address=0xddd757c8798761e39009e227548252c4dc3b1596,0.58,-1.076296,20.29728444,-0.05302660083330832,0.9329780249501763
https://hashdive.com/Analyze_User?user_address=0x5656063cd5ff08825ed25b5a2cad8555d135855f,0.82,4.453902,20.289998,0.21951219512195122,-2.6525948470022964
https://hashdive.com/Analyze_User?user_address=0x8ca91d7ecbdd3e6d3c707ba6588b8058c53de147,0.769973,0.000709,20.250286,0.00003501185119064491,-1.9493278004585726
https://hashdive.com/Analyze_User?user_address=0x4c5a871c7a2da4146f3cbfdd379296e1c43c3b91,0.720306,-0.005033,20.218881,-0.00024892574420908855,-1.5235853070406375
https://hashdive.com/Analyze_User?user_address=0xc4510c8d1b22ba8d9cd0a94a71bf4408ab1a931c,0.77027,-0.007074,20.18872,-0.00035039368518657946,-0.5263859989053709
https://hashdive.com/Analyze_User?user_address=0xfef34ebc06215bf5c990388c2fbe33cd635f88be,0.770092,-0.891597,20.076218,-0.04441060562303119,-3.4151867809015997
https://hashdive.com/Analyze_User?user_address=0x626cb962e3c367c7f701b98bfd2b75ab722e12a6,0.991999,0.161552,20.029979,0.008065510203480493,-57.71077874627319
https://hashdive.com/Analyze_User?user_address=0x8f26a6da312b5df019d72299bcbcffbce0e6bb32,0.720255,0.548712,20.02295,0.027404153733590703,-0.10310073700304657
https://hashdive.com/Analyze_User?user_address=0xe8f90c8c6849d148281e2ba1029869b358539de0,0.609999,6.233932,20.019966,0.311385743612152,-1.1182570361582727
https://hashdive.com/Analyze_User?user_address=0x02c008dd1582556c9de040a500c8574c0de705b5,0.8,4.249083,20,0.21245414999999998,-2.0704026999518588
https://hashdive.com/Analyze_User?user_address=0x56d6327b31e6cd80b6d439699e5cfc6023f8c255,0.851485,3.488375,19.999996,0.17441878488375698,-2.8918389882891726
https://hashdive.com/Analyze_User?user_address=0x41acb110bc1821a21c327251e1be5ec11b0c3e33,0.87,2.988505,19.999995,0.14942528735632185,0.3956628994097439
https://hashdive.com/Analyze_User?user_address=0x5ceb62f88e622a6b5c1ef13684aca6eeb58a82ca,0.99054,0.191006,19.999978,0.009550310505341556,1.0323090709685891
https://hashdive.com/Analyze_User?user_address=0xc0ee205e47db87cd7b0c749e30382c8245b63706,0.899999,2.199802,19.999977,0.10999022648876046,-34.697108583418995
https://hashdive.com/Analyze_User?user_address=0x8099ff16496242661ad4db83a53133de1766af39,0.789999,5.31648,19.999973,0.26582435886288447,-2.8911542018230025
https://hashdive.com/Analyze_User?user_address=0xa191ed0f98bf23b262f88edf9be108af3de97fac,0.779999,5.615185,19.999972,0.2807596430635003,-3.4766182270120094
https://hashdive.com/Analyze_User?user_address=0xe5c302728b5d49f48139f4ed56e0bca3db782390,0.789999,5.31648,19.999972,0.265824372154121,7.021597724956336
https://hashdive.com/Analyze_User?user_address=0xda79c4f9e805d482311ec9a2e70f295e437cdc90,0.789999,5.31648,19.999972,0.265824372154121,4.0653539840575
https://hashdive.com/Analyze_User?user_address=0x1aea57d792238f892fbc13f80215a6a91fb4abf1,0.739999,6.998207,19.999972,0.34991083987517585,-9.280155826677948
https://hashdive.com/Analyze_User?user_address=0x6614d20217d214d4d2fa5f20676d2f4b65a4bfec,0.779999,5.64105,19.999972,0.28205289487405283,-0.17733282430411915
https://hashdive.com/Analyze_User?user_address=0x68e6880fc5e63a18cf15911a73a058d9e4ea8b7c,0.759999,6.315815,19.999972,0.3157911921076689,6.123845503493644
https://hashdive.com/Analyze_User?user_address=0x1aa631b7c47be13072faa8d3789df1f8efab17fa,0.789999,5.31648,19.999972,0.265824372154121,0.17971052974902077
https://hashdive.com/Analyze_User?user_address=0xc7fa60af9a4101a249ac3e09d8d826f6f3dcc337,0.789999,5.31648,19.999972,0.265824372154121,0.9449762179365548
https://hashdive.com/Analyze_User?user_address=0x4e61a95e247e6f9612077d3b00937aa5d66039a4,0.859999,3.255836,19.999971,0.16279203604845227,-2.428272663771555
https://hashdive.com/Analyze_User?user_address=0x794c5d2cbab3b65859263c149b8318bb6ffa628e,0.859999,3.255836,19.999971,0.16279203604845227,4.733374215458566
https://hashdive.com/Analyze_User?user_address=0xde256f30850f59c743fa96535bd6c030abe7a0bf,0.859999,3.255836,19.999971,0.16279203604845227,-8.19050511013395
https://hashdive.com/Analyze_User?user_address=0x250ad8d1680d264ef043cf320ee86d376dd15c65,0.859999,3.255836,19.999971,0.16279203604845227,-3.6406185307549563
https://hashdive.com/Analyze_User?user_address=0x2804f265140df2231d093911fb1b784c55a15817,0.859999,3.255836,19.999971,0.16279203604845227,-0.47415088475938416
https://hashdive.com/Analyze_User?user_address=0x0db59a6d2d6e415c28d7e81ee2f10493c5e1041f,0.779999,5.641049,19.999968,0.28205290128464205,2.5593395237012153
https://hashdive.com/Analyze_User?user_address=0x8ee8bdbce3c261afd89873d06e851b2307e4c6f5,0.909999,1.978042,19.999968,0.09890225824361319,0.6192045193316853
https://hashdive.com/Analyze_User?user_address=0x50d35f93b23fe01caa89677eadd5a41f3f6bf808,0.779999,5.641049,19.999968,0.28205290128464205,-5.021422632213254
https://hashdive.com/Analyze_User?user_address=0x42fb206aaa684e4eeeb701d192b93fb5bb4214c0,0.779999,5.641049,19.999968,0.28205290128464205,1.1289461046556424
https://hashdive.com/Analyze_User?user_address=0xdaaded22aa8939730e6553f944dc0b32be0754f5,0.779999,5.641049,19.999968,0.28205290128464205,5.94404114497773
https://hashdive.com/Analyze_User?user_address=0xbbc593f55d22deec413fafa91bc8cead50f5fc85,0.789999,5.316478,19.999967,0.2658243386101587,-6.530042962219902
https://hashdive.com/Analyze_User?user_address=0xd8e94cddbf4e1b8484a0e15875e1e6d9da10028a,0.769999,5.974049,19.999966,0.29870295779502826,4.6742863824350245
https://hashdive.com/Analyze_User?user_address=0xa2b0577d70144171ecef757746ffd8b3eca669e9,0.599999,10.332333,19.999966,0.516617528249798,-3.0456641737869052
https://hashdive.com/Analyze_User?user_address=0x0609c03861b6c92565053f5f343d86ef5b5cda97,0.769999,5.974049,19.999966,0.29870295779502826,-3.403464818764088
https://hashdive.com/Analyze_User?user_address=0xbfa85301f2081e9d590f61169b1b520b38a5cd1e,0.579999,0,19.999964577243002,0,-3.534005487786879
https://hashdive.com/Analyze_User?user_address=0xb24071f53ff4e49cb6229416c2fb8ef7cd0a12bf,0.539999,17.037073,19.999962,0.8518552685250101,-8.881878840345163
https://hashdive.com/Analyze_User?user_address=0x6163bca1083a96b87b7f64a5a13f915297a98507,0.459999,23.478303,19.999956,1.1739177326190118,-3.1159784069378036
https://hashdive.com/Analyze_User?user_address=0x93d062af7f1906b3f9944a62c22b960feb904998,0.774966,5.807568,19.999948,0.29037915498580297,-2.5540244226172537
https://hashdive.com/Analyze_User?user_address=0x38c1ef72ab071e1ef8c7ba229e446f98ad34a7e9,0.774966,5.807568,19.999948,0.29037915498580297,1.3063491007492234
https://hashdive.com/Analyze_User?user_address=0x5cca83eb6641e7ce6f8f62725f0cf163b33ea4c9,0.774966,5.807568,19.999948,0.29037915498580297,-0.42214349474321544
https://hashdive.com/Analyze_User?user_address=0x292857f50ea9527d153a349bbd9490f942f7e380,0.774966,5.807568,19.999948,0.29037915498580297,1.1595826780082772
https://hashdive.com/Analyze_User?user_address=0xc2cdf0497a38347a61c90bf2fb4370f4494915da,0.789972,5.261519,19.789995,0.2658676265456358,-40.01747064086956
https://hashdive.com/Analyze_User?user_address=0xbfcc020ffaa3caba14ab92c60aa05a165b265ded,0.75014,0.260008,19.78869,0.013139222454846684,-0.8624283534618117
https://hashdive.com/Analyze_User?user_address=0xb9a0a3eb13c5db7d9b6369c5a68b91f6db107f89,0.829974,-2.132383,19.678679,-0.10836006827490809,-0.6924851360535234
https://hashdive.com/Analyze_User?user_address=0x1fd97b86be8211b40a920ee9c458d7f4c6483f16,0.790282,-0.006996,19.614637,-0.0003566724176440278,-0.7490246590490972
https://hashdive.com/Analyze_User?user_address=0x0d0363221decbe60dba03486084514a4e7c4d1dc,0.760124,-0.003188,19.557689,-0.00016300494398903675,-0.7099016715751352
https://hashdive.com/Analyze_User?user_address=0x20f79c3748a8fbdf876c892eeeda32a590cb635e,0.97,0.6,19.4,0.030927835051546393,-0.6706521873121267
https://hashdive.com/Analyze_User?user_address=0x603598b3cbf938362a3c687c4efd11c5b8d99e79,0.839984,-0.892949,19.336423,-0.04617963725762515,-0.6108177445501537
https://hashdive.com/Analyze_User?user_address=0x29ecf8920a5e6259d4d5949af75571766347a7ba,0.740234,-0.266186,19.260701,-0.013820161581865581,-1.092395579405758
https://hashdive.com/Analyze_User?user_address=0x033acfc4bec66e9f8cd09d5c47c2760cfaf6ccfa,0.790008,-0.243894,19.255019,-0.01266651567573109,-0.5243195640638708
https://hashdive.com/Analyze_User?user_address=0x71db4ae0ad5ff21320b605ec2752e0781ac0634d,0.780191,-0.004689,19.153689,-0.00024480923753121396,0.012051374287299006
https://hashdive.com/Analyze_User?user_address=0x383b8af582f8d85187697eaf86731cba51d9c4fe,0.789999,5.050655,18.999972,0.2658243391095524,4.819877510703179
https://hashdive.com/Analyze_User?user_address=0xd95c3ac4e823b1c41eff29872354299cf1d96e58,0.859999,3.060486,18.799977,0.16279200767107324,-2.612084534839772
https://hashdive.com/Analyze_User?user_address=0xb294e49228dd6a7ad8b602f2415115894b0df587,0.770156,-0.003783,18.676283,-0.0002025563652039327,0.0251407043599267
https://hashdive.com/Analyze_User?user_address=0xab591cf9883518b02cdbadf9479ea630523e4c27,0.789893,0.103599,18.578213,0.005576370558352409,-0.9194782549315389
https://hashdive.com/Analyze_User?user_address=0x6c51805f5db7036c3bc7cc213bdc93a17b84d903,0.973999,0.494124,18.509951,0.026695046356416608,-24.324402123864544
https://hashdive.com/Analyze_User?user_address=0x2af49df0bd38b9546969714a2ba41f23151be06c,0.5,2.958915,18.5,0.15994135135135137,1.5994135135135137
https://hashdive.com/Analyze_User?user_address=0x8e6cfcee2e6a39918eda4ebcf21c4f712b676b18,0.780004,-1.060693,18.337869,-0.05784167178858132,-0.2900415910235495
https://hashdive.com/Analyze_User?user_address=0x7d585b5b284fb70d353a45facf5e3a5781b46461,0.789923,0.001777,18.246965,0.0000973860584486242,-2.2728421587641447
https://hashdive.com/Analyze_User?user_address=0xae03b1847887778fa4e95de76e8ab11ac45e58b8,0.819959,0.117284,18.129288,0.006469310874205319,-0.6622747555836459
https://hashdive.com/Analyze_User?user_address=0x589275f27be1fc40d8b6d6cc13cecdd1ce151959,0.770187,-0.004376,18.037612,-0.00024260417620691695,-0.2803834474489746
https://hashdive.com/Analyze_User?user_address=0x74940c39f2a91f5c953e786d02809cbb2e184968,0.759953,-0.235985,18.026081,-0.013091309198044765,-0.08083029370051135
https://hashdive.com/Analyze_User?user_address=0x60f8c0de8ab74230754ab7c13b9fc0da09d832f2,0.72,7,18,0.3888888888888889,1.3842033549277721
https://hashdive.com/Analyze_User?user_address=0xfae53e84eacfbac45b9d96c20ef0bd1e43f3f940,0.45,22,18,1.2222222222222223,-3.0166209196958564
https://hashdive.com/Analyze_User?user_address=0xf507713a6987b49991c8336a66885aa429074505,0.859999,1.67442,17.999975,0.09302346253258685,0.6546637602758988
https://hashdive.com/Analyze_User?user_address=0x5c7a0d2bbf6c8d7b44d46e13c8abd9dfdfc4912d,0.761417,5.640123,17.999967,0.313340741124692,-4.656326193949054
https://hashdive.com/Analyze_User?user_address=0xea70bec1ec6ca2e1ed5ba314ec6318bbc7de3fe6,0.730232,-0.00569,17.919679,-0.0003175280092907914,0.04216474744153642
https://hashdive.com/Analyze_User?user_address=0x75110b7465288adc4f725c32e43df0ee9f0cd954,0.770155,-0.003582,17.813551,-0.00020108287224708876,0.019395355552463366
https://hashdive.com/Analyze_User?user_address=0x4a3dfb52c91fede4148a82d733183d39c106c58b,0.740054,-0.241999,17.8131,-0.013585451156732967,-1.5422487221891144
https://hashdive.com/Analyze_User?user_address=0x489004ddde351900b2442e0ce0703afa21ee7319,0.730225,-0.005481,17.788281,-0.0003081242082919648,-1.015266772671253
https://hashdive.com/Analyze_User?user_address=0x4e41955a83fab2a540491fd704a353ee096ecd15,0.749978,-1.084385,17.751973,-0.06108532274130881,-0.5203668780007864
https://hashdive.com/Analyze_User?user_address=0xe2faa4094c5d61e8700352f4f30ededb2587c0a1,0.790178,4.693667,17.67609,0.26553762738252634,0.0276658297708424
https://hashdive.com/Analyze_User?user_address=0x711a4a4c135af6d38a0e8bb926b93166c69bf96b,0.739949,0.001209,17.558987,0.00006885363033755877,-1.437566261273271
https://hashdive.com/Analyze_User?user_address=0xbbb1abe9e6e3ed7c29d87fbcacbcdb4261adf5fe,0.749982,-0.699779,17.512077,-0.03995979460346137,0.0972593391538034
https://hashdive.com/Analyze_User?user_address=0xbd250cb55a9be4360287b7d8754f1a3e1e11fb54,0.740191,-0.239488,17.401796,-0.013762257642831809,-0.3338996182384662
https://hashdive.com/Analyze_User?user_address=0x85eb35ef7d55a521ca51f6d04c51d3454e18168b,0.789945,0.003805,17.283993,0.00022014588874225998,-1.560323016631995
https://hashdive.com/Analyze_User?user_address=0xdf8f07d9ae88daf5dfc6d8030fb8c5a747644427,0.740271,-0.630878,17.159445,-0.03676564131299118,-0.7999307502049812
https://hashdive.com/Analyze_User?user_address=0x943661967d2fc286c39cedb824a6b322dc650fe1,0.779954,-0.217992,17.088788,-0.01275643421874038,0.07172739714763245
https://hashdive.com/Analyze_User?user_address=0x78103bd33b7eb1f48ca84220f01127acf4071451,0.765588,5.205147,16.999976,0.30618554990901165,1.029969052651734
https://hashdive.com/Analyze_User?user_address=0xdcd25015a5a6ac8f3a43ddec0963ff462ee83055,0.794237,4.404182,16.999971,0.25906997135465704,5.589439077679005
https://hashdive.com/Analyze_User?user_address=0xd42a66c74b8e13c4881a10b624e9c5dd931f0487,0.780286,-0.222794,16.908759,-0.013176247884306588,0.014261013318651126
https://hashdive.com/Analyze_User?user_address=0x6dfeb758eecb8080ed08211b1992c4daf81a36b9,0.759999,5.336864,16.899977,0.3157911990057738,-3.7195052061707443
https://hashdive.com/Analyze_User?user_address=0xa1e152ace0e418131a56b678df3e2fd334ad3df2,0.790004,-0.000087,16.827006,-0.000005170260235243275,-0.8581949174960445
https://hashdive.com/Analyze_User?user_address=0x82876f8e4c3895fddc11c5dfb37c8d4b50bffd2d,0.73996,-0.07204,16.760091,-0.00429830601755086,-1.4558031183228444
https://hashdive.com/Analyze_User?user_address=0x6fc3526b54bd4ae2d049d65e2c4a6627f794813f,0.779971,-0.212781,16.652377,-0.012777815443404865,-0.42767225128365566
https://hashdive.com/Analyze_User?user_address=0x9dbcbac918d706843c41ac8eadb042d6e1ce1f10,0.76015,-0.003278,16.6242,-0.00019718242080821936,-1.8243765212819443
https://hashdive.com/Analyze_User?user_address=0x2af684ab748584229776227350b3148db7cf9e66,0.769976,-0.214982,16.600678,-0.012950193961957459,-0.3491363054671578
https://hashdive.com/Analyze_User?user_address=0xf0cd4c556dbd1cc5875e79ca36bf8d3c52856d22,0.83,3.38,16.6,0.20361445783132529,-6.581919533568794
https://hashdive.com/Analyze_User?user_address=0x38b3d1ebe7cdf2867d6834742ffbb9b4e3c55a22,0.779929,0.001505,16.550089,0.00009093606686948934,-0.6926788152868171
https://hashdive.com/Analyze_User?user_address=0x63070466a42eb969bdc883430808fa8ecd24afe3,0.779943,-0.210294,16.503574,-0.012742330843004067,-1.3537191067942922
https://hashdive.com/Analyze_User?user_address=0x7213298063fba752d6b3b366184baa8b099a5321,0.82,3.6,16.4,0.21951219512195125,-14.431408423613043
https://hashdive.com/Analyze_User?user_address=0x41715b180752172e98313922d0b327536f9d3e37,0.740263,-0.664272,16.256071,-0.04086301050235325,-0.28944745779797604
https://hashdive.com/Analyze_User?user_address=0xb0e9fd89cd34c631e530df41578e01b278c263ed,0.75992,0.0017,16.163495,0.00010517527304583568,0.10475359845335071
https://hashdive.com/Analyze_User?user_address=0xaf53842535a61c2795dbe9c058afa86f62d1b5b9,0.809129,3.805008,16.129968,0.23589681021065878,-3.6001939266199683
https://hashdive.com/Analyze_User?user_address=0x5c75fd81fee1041061ba5a0a0105dac3f31d92cd,0.809995,1.8023,16.098651,0.11195347982883783,-1.4546600959441172
https://hashdive.com/Analyze_User?user_address=0x70138e7151e52af39d114ab355805d0c15d30e61,0.73029,-0.006387,16.095546,-0.0003968178525910212,-1.4244536581213256
https://hashdive.com/Analyze_User?user_address=0x52ed4757cffe2678239871bf82baa6b7161273b3,0.761643,5.007212,15.999985,0.3129510433916032,-13.803259904704452
https://hashdive.com/Analyze_User?user_address=0x229f55a348eb242783995ec02628a95e732a3b70,0.839999,3.047637,15.99998,0.19047755059693824,22.063463295655794
https://hashdive.com/Analyze_User?user_address=0xaf92a041eaf0eac58ae5163c7749ca9be582d080,0.789999,4.253184,15.999977,0.26582438212254933,0.8328397556328111
https://hashdive.com/Analyze_User?user_address=0x4b05bcc800cafb4cbff29590230f4983840d808a,0.786219,4.350556,15.999973,0.27191020884847744,-15.193759491101579
https://hashdive.com/Analyze_User?user_address=0x6a5f34534c92dae70b3c87efa2ac7a661fa4db83,0.799999,1.913586,15.91068,0.1202705352631063,-1.2948831807847891
https://hashdive.com/Analyze_User?user_address=0x3eb1fd2bdf5204de791f8a671136c1453bd124bd,0.8,1.9023,15.9,0.11964150943396226,-1.2292036210915005
https://hashdive.com/Analyze_User?user_address=0x3532c350166a9337775f86ee0ea097354473392d,0.8,1.9023,15.9,0.11964150943396226,-1.660417956567397
https://hashdive.com/Analyze_User?user_address=0x4845e391832d3e427219040e74dc3977bc291b42,0.8,1.9023,15.9,0.11964150943396226,-1.754128122844138
https://hashdive.com/Analyze_User?user_address=0xd37bc129fe8dfb682f808d42ea063fed90615303,0.730055,0.42762,15.652379,0.027319808701284323,-0.28070975655867564
https://hashdive.com/Analyze_User?user_address=0xdae564856c6f8264c4fba68068986add4a1a9f53,0.8,3.8775,15.51,0.25,-2.229739678488472
https://hashdive.com/Analyze_User?user_address=0x93764d99fa26c55bcbc4ef55e599fe24560a1655,0.739999,2.72222,15.499976,0.1756273687133451,-1.2296293780054688
https://hashdive.com/Analyze_User?user_address=0x571d9173c97508c7ac54e5253857e465dffd6d92,0.750185,-0.003796,15.407785,-0.00024636896218372723,-1.2322335036302294
https://hashdive.com/Analyze_User?user_address=0xe854e3b2b84affc96886171df8ec36261741a1bb,0.77,4.6,15.4,0.2987012987012987,0.4483214514436196
https://hashdive.com/Analyze_User?user_address=0xd55c07ded5a2476a449f49ae4042ec9718d734fe,0.76,4.8,15.2,0.3157894736842105,4.665873703655755
https://hashdive.com/Analyze_User?user_address=0x5ddaa82e2c719535c996c441c4ddcd4e84b4a70a,0.76,4.799199,15.197465,0.31578944251557745,-6.963718688259421
https://hashdive.com/Analyze_User?user_address=0xb95d833f6e7349e140236f93cf4a7e3f933ca87a,0.750114,-0.002292,15.092291,-0.00015186561139060996,-0.5932215128447355
https://hashdive.com/Analyze_User?user_address=0x6c6c6d076dc067fa28e4e2d5aeb8ef0c0d8b4a17,0.730024,-0.000493,15.031112,-0.00003279863791847203,-1.735136331103315
https://hashdive.com/Analyze_User?user_address=0x0af81897d46778069b55d19a1c748b2a4abf9454,0.6,10,15,0.6666666666666666,-0.8357548588569536
https://hashdive.com/Analyze_User?user_address=0xf3d2e7fcf9a7732eb4bcc587eed27611b8839fe9,0.75,5,15,0.3333333333333333,-0.5869292317365364
https://hashdive.com/Analyze_User?user_address=0xfb02deace8d117dce7906b6a409ed8befc7aa41c,0.96,0.625,15,0.041666666666666664,0.28945958801542654
https://hashdive.com/Analyze_User?user_address=0xc7e7a8ace17e0cc6d4058892ebc6c82ac5b221ef,0.8,3.75,15,0.25,-3.714772955377792
https://hashdive.com/Analyze_User?user_address=0x41c26e4fc7015d4f00a114d4c6cc097388318acf,0.75,4.999999,14.999997,0.3333333333333333,2.6928802883106306
https://hashdive.com/Analyze_User?user_address=0xde75c0676828cad395baa1135ffcfdb2f46c4c5a,0.795969,3.84495,14.999982,0.2563303075963691,-30.492024848373248
https://hashdive.com/Analyze_User?user_address=0x899203d69ffd289c506ba11c47d70e0fdbea2dcf,0.523943,13.62905,14.99998,0.9086045448060597,-0.502030860021642
https://hashdive.com/Analyze_User?user_address=0x9135b71ab15c148bef553ca13ede8e1e852c7142,0.779999,4.230788,14.99998,0.2820529094038792,-3.4232713550789304
https://hashdive.com/Analyze_User?user_address=0x5f72ffd2d652259d592b76dce9f663d5d4551abf,0.859999,2.441877,14.99998,0.16279201705602273,4.6528678198436655
https://hashdive.com/Analyze_User?user_address=0x93995bdd3d230fe4c52500cf974d1599a2aff92b,0.929999,1.112296,14.99998,0.07415316553755405,-6.048107309937936
https://hashdive.com/Analyze_User?user_address=0x64fa612301d054e9b225e17de19fc2b07e07380f,0.789999,3.987359,14.999978,0.2658243232090074,1.7068580891445975
https://hashdive.com/Analyze_User?user_address=0x5769e96eda3fd3f8bc79e08ab6e2577a88b8a5da,0.819999,3.2927,14.999977,0.21951366992096055,-2.912103196199009
https://hashdive.com/Analyze_User?user_address=0x51f7c3d9fa8cc71818aede2db6e4496968ecae1f,0.62,9.1922,14.9978,0.6129032258064516,-1.8142084357868402
https://hashdive.com/Analyze_User?user_address=0x03bffe0812ada37c5b8c0fbd406818b602e2afc0,0.759908,0.001808,14.947387,0.00012095759613369212,-0.915631211542888
https://hashdive.com/Analyze_User?user_address=0xd1d85f4684e3ae51496798742ef6da1463ce8ae5,0.77017,-0.003283,14.88726,-0.00022052412599766512,-1.7002266002371116
https://hashdive.com/Analyze_User?user_address=0xb541174c11ada820b1cfca8dbb8162a94ec3947f,0.74,5.2,14.8,0.35135135135135137,-8.540108995701152
https://hashdive.com/Analyze_User?user_address=0x1e19dad59ff97c35160b5fd50384ad4583318046,0.851376,2.567905,14.70996,0.17456913547011685,0.14953520047818175
https://hashdive.com/Analyze_User?user_address=0xaf5e2c6308d47441f1e0661ff6fd227e86db37c5,0.749933,0.001313,14.706182,0.00008928218078628429,-0.33132075840934827
https://hashdive.com/Analyze_User?user_address=0x4541fbd6b4210edf4bfb2266051bb34ddcfc6b24,0.8736,2.109554,14.579957,0.14468862974012886,0.20935516808218588
https://hashdive.com/Analyze_User?user_address=0xfb0096d5aead3894bba929aa9bf853c6bdd4b4b8,0.740223,-0.594787,14.574936,-0.0408088927457383,-1.9984017199833295
https://hashdive.com/Analyze_User?user_address=0x8bbad93261d6723f79b814efc924f7356cd3f953,0.770137,-0.00259,14.570858,-0.00017775205825216334,0.08036684324347171
https://hashdive.com/Analyze_User?user_address=0xcbdd2ac5a636bee2a06531cc8806a062e794d564,0.789999,3.867739,14.54998,0.2658243516485933,-0.7536185860941204
https://hashdive.com/Analyze_User?user_address=0x41045cf9353c7048b9ddfe96aac479c924b975f3,0.759984,0.000305,14.530888,0.00002098977020537217,0.013021192553460605
https://hashdive.com/Analyze_User?user_address=0xcc72dd1c25e120000b9912e6ca7fb706e4af9371,0.749919,0.001564,14.495931,0.00010789234579000134,-0.39559748517942894
https://hashdive.com/Analyze_User?user_address=0x5339c9da744ff14e978081f99c2309c4d5529da3,0.76,-3.23,14.44,-0.2236842105263158,-3.846607407327565
https://hashdive.com/Analyze_User?user_address=0xf93b467012d5ecf72054ce761996db029810bb37,0.72,5.6,14.4,0.38888888888888884,-2.246930501080882
https://hashdive.com/Analyze_User?user_address=0x6fc90e071b8fd367e3531018a379001bde395226,0.710018,0.200837,14.292592,0.014051824889425234,-0.1721309006955915
https://hashdive.com/Analyze_User?user_address=0x4d9677a7026c764296caa50153365319c5dac5fc,0.759973,-0.069506,14.25709,-0.00487518841502719,-0.6687557914966975
https://hashdive.com/Analyze_User?user_address=0x169c23444298f08b29d548f7a833f5e95bb9ee49,0.75036,-0.006775,14.136259,-0.00047926399763897925,-1.30028798828761
https://hashdive.com/Analyze_User?user_address=0xbfcf746b3726f908373b8cb932d0731fdcea6c9b,0.5879,0,13.9999907482,0,1.9043212444969713
https://hashdive.com/Analyze_User?user_address=0x7c32232cc73b0f54a9dbaa272c2c50369aa67e7b,0.785682,3.818907,13.999976,0.27277953905063834,10.448521987212287
https://hashdive.com/Analyze_User?user_address=0xc1b550b4a09e02ff722d1f372374ca3c708f2e74,0.58,0.48,13.919999999999998,0.03448275862068966,1.2970841461187699
https://hashdive.com/Analyze_User?user_address=0xa8bb84bfd071e3fdecdcd96ae40801d755f4ce21,0.730254,-0.193081,13.757847,-0.014034245329229204,-0.6029067384944371
https://hashdive.com/Analyze_User?user_address=0xbe9a78300555fc2a54b43631e6437739cf1a8691,0.759989,0.000197,13.664597,0.000014416817415105618,-0.22986812763701392
https://hashdive.com/Analyze_User?user_address=0x4e610001142dc32ad518ddad349d9f8429097f6e,0.739943,0.003092,13.629745,0.00022685677538354535,-0.7840802347160833
https://hashdive.com/Analyze_User?user_address=0xb2ad649e03bc1f8db73cb98511698df14f71e931,0.740065,0.182804,13.624381,0.013417416908702127,0.01835353594244854
https://hashdive.com/Analyze_User?user_address=0x6042afa2ace68bf0aee8b3745c13ca98e23157e0,0.809892,-1.510185,13.61428,-0.11092654183695355,0.019538092126347217
https://hashdive.com/Analyze_User?user_address=0xf3bd734d314177f8573bf8ee4ce41ecd37cf7f73,0.749928,0.001303,13.588692,0.00009588855204018163,-0.598300412444933
https://hashdive.com/Analyze_User?user_address=0x69f968639d50758255f0b652f773ccb9a34fb638,0.730236,-0.004379,13.560437,-0.0003229246963058786,-0.42783344596850065
https://hashdive.com/Analyze_User?user_address=0x51a8f728f052e536912ebec05b5da10625203ac9,0.759927,0.001389,13.549495,0.00010251304568915668,-2.151941800099794
https://hashdive.com/Analyze_User?user_address=0xac60c56e8c1f6ee6143c93cc1fc53024b8e3c6f9,0.779969,-0.172762,13.524656,-0.012773855394177863,-0.024458239259771437
https://hashdive.com/Analyze_User?user_address=0x3a1ca303e11f86770bb11b3a9a5a9d0c8989aeb8,0.750072,-0.001288,13.418788,-0.00009598482366663816,-2.374483339595302
https://hashdive.com/Analyze_User?user_address=0x0ddff65c63c37673fc6fe01a7960ea8f3f10a337,0.790438,0.16131,13.342363,0.012090062307553768,0.07080467492223125
https://hashdive.com/Analyze_User?user_address=0x919c9b8bedf6fc18db9ae4bdf989d73beb4f55f5,0.76995,0.000857,13.204636,0.00006490144824893318,-0.2624743947194231
https://hashdive.com/Analyze_User?user_address=0xb696266bf9eaf7c14b292f2da4dd3e2f86181fa7,0.780094,3.718588,13.191312,0.2818967514376129,-0.6601807641527803
https://hashdive.com/Analyze_User?user_address=0x6aa94b8432a9122f8f1dc8ba6d68057159aefdb5,0.79,3.506202,13.189998,0.2658227848101266,-48.26495795629421
https://hashdive.com/Analyze_User?user_address=0x71b627065120b8963b6a6db8a3c14eedb12a4dd3,0.789999,3.455712,12.999983,0.26582434761645457,-0.5133714532804181
https://hashdive.com/Analyze_User?user_address=0xea64e99f297777b4bdf9ab4cc0a27da7fd695177,0.789999,3.455711,12.999981,0.26582431158937847,0.003698179713915843
https://hashdive.com/Analyze_User?user_address=0x917ee07b63345224465f11aa5d28c0fddd6bc113,0.773557,3.805478,12.99998,0.2927295272761958,1.8271196121065094
https://hashdive.com/Analyze_User?user_address=0x3db5eb3c73031dbdff179ecffe11cd0ca936d06f,0.747565,4.389782,12.999971,0.33767629173942004,0.6672901711226098
https://hashdive.com/Analyze_User?user_address=0xe208612dde6c01b20a4f01e829c8cf88afa3d6ba,0.558653,10.221269,12.937989,0.790019917314816,-0.7965941990239276
https://hashdive.com/Analyze_User?user_address=0x0c1b3e26e24e4f5d09929a69b6e40c399eb5bad6,0.740275,4.519148,12.880595,0.3508493202371475,0.022381860154329573
https://hashdive.com/Analyze_User?user_address=0x77109d3202624a241aa493cd281a6dbcf23f4478,0.789965,0.003028,12.868312,0.00023530669756841456,-1.224573389627833
https://hashdive.com/Analyze_User?user_address=0x42fc3a111c019368af2733c400dd203779db2f1e,0.740305,-0.178482,12.829349,-0.01391200753834041,-0.8127677098009396
https://hashdive.com/Analyze_User?user_address=0xcf5d3f3772e78f29e6298861f822e75418380d29,0.8,3.2,12.8,0.25,-0.033198490181828466
https://hashdive.com/Analyze_User?user_address=0xf27c8e4751232513d0f79a11fb6bea5375a668d6,0.759945,0.000922,12.759473,0.00007226003769904917,0.010933923357251157
https://hashdive.com/Analyze_User?user_address=0x2077c5f309002834656a46f2c2a41e422ff13e32,0.829996,-0.152838,12.698933,-0.01203549936045808,-1.5997001824482984
https://hashdive.com/Analyze_User?user_address=0x28c9a03c952eb99595e73afb1ca5eb370a2654db,0.760151,-0.002492,12.565035,-0.00019832813836173158,0.043024719559243335
https://hashdive.com/Analyze_User?user_address=0xd92aa68ef3057d6794fd4550fdfe134cc7b41445,0.76,-0.3302,12.5476,-0.026315789473684213,-3.426976151969063
https://hashdive.com/Analyze_User?user_address=0x8e7930a957982095bd829de5f53f6f1ebf48b1ad,0.759993,0.000115,12.509481,0.000009193027272674223,-0.7931497880148265
https://hashdive.com/Analyze_User?user_address=0xf2cb2c24e1a8963bbf775d02fde60f46aa40c3c8,0.539999,10.64817,12.499976,0.8518552355620523,-1.6608624030759855
https://hashdive.com/Analyze_User?user_address=0x30f19e472427c073fb5af18044aeb831daa7c78b,0.819999,2.735136,12.45998,0.21951367498182178,-2.2765233649997545
https://hashdive.com/Analyze_User?user_address=0x2e14b8bcdf3ccb78927986e6c42ab3218edc0c35,0.770205,0.157208,12.36179,0.01271725211316484,0.03530576099023138
https://hashdive.com/Analyze_User?user_address=0x745273efa7adab9645fcf325cab1005fcfce93b8,0.851168,2.159471,12.349983,0.17485619210973813,0.45532404379455294
https://hashdive.com/Analyze_User?user_address=0xaaee4197eac196a77cd2b66d7d53e88ecd98d5a1,0.749955,0.000739,12.329256,0.00005993873434049872,-0.3042767237326149
https://hashdive.com/Analyze_User?user_address=0xab12ad8c30cf34c48b2cf24d461d45b775280f90,0.759884,0.001864,12.218928,0.00015255020735043204,0.0002725619145001358
https://hashdive.com/Analyze_User?user_address=0xa4c074fff007c180f833db3d630dd064e83d95af,0.58,0,12.175856479999998,0,7.241379310344827
https://hashdive.com/Analyze_User?user_address=0x1fe4c28f1cd59829f08c512f036adc8a88e18b30,0.789946,0.000829,12.149362,0.00006823403566376572,-1.7605499453464848
https://hashdive.com/Analyze_User?user_address=0xf0db0d9691b123963d4e4307f2b863ac1b463f55,0.759939,0.000968,12.075236,0.0000801640647023379,0.026681672174511877
https://hashdive.com/Analyze_User?user_address=0x52fb34775db766612893237f3f54f9b1a7202dcd,0.759964,0.000571,12.068222,0.000047314343405350015,-0.19963829224629076
https://hashdive.com/Analyze_User?user_address=0x94bcedd1d00746cf954f5b91be5cb8e295c98b58,0.70007,0.337215,11.851271,0.02845391013335194,-0.7871015617265991
https://hashdive.com/Analyze_User?user_address=0x98cc93edf74a688a066708fd44b198027d015fd4,0.79,3.15,11.85,0.26582278481012656,-2.1900489153605482
https://hashdive.com/Analyze_User?user_address=0x00fae413d00e9bfe600abf8c576dce8bc1909af5,0.59,0,11.799999999999999,0,1.8937540589057411
https://hashdive.com/Analyze_User?user_address=0x15743d5164bd53dc14e7100876c71e6da468b476,0.759974,-0.772598,11.756794,-0.06571502401079751,-1.580677372498116
https://hashdive.com/Analyze_User?user_address=0xea633fd48d37cfe6bae49606c12a17dc181866fe,0.777333,3.325005,11.659995,0.2851635013565615,-1.6381459399459921
https://hashdive.com/Analyze_User?user_address=0x74ef5ab2910ba225cc2fd3c437e5f3b272f43cec,0.869609,1.740822,11.609968,0.14994201534405607,0.4315096279772367
https://hashdive.com/Analyze_User?user_address=0xa7666a318077e2e50f11d0e65f7cb5d30a8e9e61,0.58,-0.5,11.6,-0.04310344827586207,1.006801608798432
https://hashdive.com/Analyze_User?user_address=0x626f513eb73f58c96d6db8cecbdcdcfe8aa0f588,0.58,0,11.6,0,-0.03214791929847987
https://hashdive.com/Analyze_User?user_address=0x9d4bcae28e160cc12b371c931cb84b091f3f0063,0.790341,0.141213,11.562395,0.012213127124613888,-0.9638499836617145
https://hashdive.com/Analyze_User?user_address=0xfc3429e98ae194bad1dd5ecaeaf1932a8b6595b1,0.790314,3.067676,11.562181,0.26531983887814936,-1.7354328862854917
https://hashdive.com/Analyze_User?user_address=0x3f477761d10e83d678918eb47cae4f78123f28ac,0.730407,0.464608,11.46739,0.040515583755327066,-0.510804390586461
https://hashdive.com/Analyze_User?user_address=0x2ada299aaaf27c806424ec6dcb0c169d1a9c2f28,0.76,3.6,11.4,0.3157894736842105,-0.03464303619477871
https://hashdive.com/Analyze_User?user_address=0x19f8f18d18c6c090778c3133d4e4bfd8eb0d98f9,0.849999,1.978733,11.289981,0.1752645110740222,0.614670080643261
https://hashdive.com/Analyze_User?user_address=0xefebb9230a0ed255d59ccc0d299dcf982fd73b05,0.8,2.82,11.28,0.25,-5.694141010803705
https://hashdive.com/Analyze_User?user_address=0x1e7db3b7bd6989a876af023c2d938fd05f2ae271,0.759941,0.000865,11.155928,0.0000775372519435407,-0.6577506262318978
https://hashdive.com/Analyze_User?user_address=0x286ff414cb768b40433d83a79eadae6be750cf36,0.700247,-0.003895,11.049606,-0.0003525012566058916,-0.7788983788947059
https://hashdive.com/Analyze_User?user_address=0x0849e3fa783d669d6ec502a58089aecb28dc7181,0.789971,0.000403,11.004291,0.000036622077696782096,0.008109090566414213
https://hashdive.com/Analyze_User?user_address=0xdbc9d931576bf29f89ed7f76a897acf373836d87,0.789999,2.924063,10.999982,0.2658243440761994,2.3193199644026863
https://hashdive.com/Analyze_User?user_address=0xb3edbe77bbd370af85c5af6cb90ca18abfe7894e,0.790352,0.134202,10.993796,0.01220706660374633,0.054797734353646
https://hashdive.com/Analyze_User?user_address=0xc55f16e76db962af4256624af8bf8b0f076a48d7,0.759961,-0.143936,10.989028,-0.013098155724054941,-0.03188630392647648
https://hashdive.com/Analyze_User?user_address=0x0bd3c9e49c96ae0a3b61bfe6198a156f8a5f7146,0.790294,-0.004083,10.984876,-0.0003716928620769137,0.01604578622061736
https://hashdive.com/Analyze_User?user_address=0x5eba137e9642ee6babbb061be7fc72f447f1e526,0.781263,3.046163,10.879984,0.27997862864504214,0.08321595236075369
https://hashdive.com/Analyze_User?user_address=0x23f31384f8de7f1ec1f9fd792023e9b608170008,0.789963,0.000506,10.822134,0.000046756027970084274,-0.9661123868224486
https://hashdive.com/Analyze_User?user_address=0x0414c7da1889c2103127447df0bba9e31ca341c4,0.78986,0.001899,10.726295,0.00017704156001676255,-2.0116606574091382
https://hashdive.com/Analyze_User?user_address=0x814e5c63fd34fdd29f1c8a74197fd4477096a82b,0.759892,0.000781,10.722063,0.00007284045990030091,-0.5893759962966989
https://hashdive.com/Analyze_User?user_address=0xe0261b393b2e115570a8e82ffb0846d46a114278,0.740442,0.138208,10.714119,0.012899614051327972,-0.5194116688385955
https://hashdive.com/Analyze_User?user_address=0xa2325a8fa63b245bd3cce516d9fa5d758cba29fb,0.779934,-0.134605,10.5759,-0.012727522007583278,0.013103480159110338
https://hashdive.com/Analyze_User?user_address=0xe0c61663b89d2ef4f8b160f93731030149dff7d1,0.770385,-0.141962,10.538828,-0.013470378300129768,-2.1792843723462942
https://hashdive.com/Analyze_User?user_address=0xf419556a9758214628edff29dce8f39a8aa13ce7,0.773684,3.07143,10.499994,0.29251731000989145,-0.38055490498311484
https://hashdive.com/Analyze_User?user_address=0x71ef188b0cb994669176410483ded90b3bf5e680,0.760007,0.137401,10.450096,0.013148300264418622,0.07630767157825513
https://hashdive.com/Analyze_User?user_address=0xaffa15e215482b76359830704a1ec312c726ba72,0.84143,1.958023,10.389982,0.188452973258279,0.1855587566073831
https://hashdive.com/Analyze_User?user_address=0xd830d39b827517d5c69f4ff6ed6de3c70671d07e,0.829996,-0.12445,10.341741,-0.012033757178796104,-0.629822260591318
https://hashdive.com/Analyze_User?user_address=0xd8961c31989779da51085e49894ec09f991c5721,0.730501,-0.007084,10.336589,-0.0006853324631558824,-0.25144182833954953
https://hashdive.com/Analyze_User?user_address=0xb21ea73c620527e02255305d5fc12d1d50515b53,0.829981,0.000235,10.316656,0.000022778698834195886,-0.492859995151029
https://hashdive.com/Analyze_User?user_address=0x13ce34d4d311e51eca200029f2f33c7c6b3c11a6,0.859374,1.672374,10.219979,0.16363771393268028,0.35619384641427776
https://hashdive.com/Analyze_User?user_address=0x1259d2b9ae3faaac5a565caf0e06e8d055a58cae,0.759992,0.000107,10.206689,0.000010483321280779691,-0.34103288203222015
https://hashdive.com/Analyze_User?user_address=0x722700c836b0d04b4b7968f220fb172eece95285,0.51,0,10.2,0,11.49293489488583
https://hashdive.com/Analyze_User?user_address=0x571f42f62517a14ce3b75dadba94da25704c92d2,0.789965,0.000451,10.198443,0.000044222436699405984,0.06539619455351926
https://hashdive.com/Analyze_User?user_address=0xe691e905e67338e5173798b5833cd27f32fd2b7a,0.789946,0.000695,10.182397,0.0000682550483938114,0.021844373117039455
https://hashdive.com/Analyze_User?user_address=0x638703a632da7da2b8f1856a2361108e0d5dbbd2,0.740254,-0.107496,10.163194,-0.010576989871491185,-0.424354431133211
https://hashdive.com/Analyze_User?user_address=0x1643524272c8991ee3f4ce8e501ff73031a5f1b3,0.799932,-0.738939,10.151129,-0.07279377495843074,-0.5943549009858833
https://hashdive.com/Analyze_User?user_address=0xbf815bdd5c4d990f94756cae6dbce2103082add1,0.719919,0.00114,10.143655,0.00011238552573012389,-1.6583977673742647
https://hashdive.com/Analyze_User?user_address=0xd1d6d816182034cc45dcd9297f1f7b1a505889d6,0.740256,-0.00349,10.1044,-0.00034539408574482406,-0.7006879365459042
https://hashdive.com/Analyze_User?user_address=0x77927f20d2dfc9b6a30d056f3f7a2feabf8fd9e5,0.759931,0.000913,10.069044,0.0000906739507742741,0.015687690366818177
https://hashdive.com/Analyze_User?user_address=0x4b036be4c5ee1a8444cf20d91155715a67f2d964,0.77,2.99,10.01,0.29870129870129875,-4.044605924456009
https://hashdive.com/Analyze_User?user_address=0xdfe7999eb0560b7d08107cb660aa6e931bc0382c,0.8,2.5,10,0.25,0.09231266467719582
https://hashdive.com/Analyze_User?user_address=0x00f706c07f83da03544109f371f7de12386fb872,0.8,2.5,10,0.25,4.015327534493142
https://hashdive.com/Analyze_User?user_address=0xf15e5864e5274f356918f3f120531ab0a2874d7f,0.8,2.5,10,0.25,-1.3059551665087636
https://hashdive.com/Analyze_User?user_address=0xbee42fa1ef0488f0151012703e1c16b51f17caa5,0.8,2.5,10,0.25,-0.6663353816180329
https://hashdive.com/Analyze_User?user_address=0xa969315a22f1ad988c4465025c726922e2741452,0.8,2.5,10,0.25,0.33576072606108776
https://hashdive.com/Analyze_User?user_address=0x0b61ef5e23512203bc634e407cac1a41b175f675,0.8,2.5,10,0.25,0.13985865345878123
https://hashdive.com/Analyze_User?user_address=0xa42fa90bf7e988f422f0254bd51209d4070fe76c,0.8,2.5,10,0.25,-7.6191977456473445
https://hashdive.com/Analyze_User?user_address=0x9b06bcb8a22dac4977d0a93e3d480b8d7ada60df,0.75,3.333333,9.999999,0.3333333333333333,1.6178055483371776
https://hashdive.com/Analyze_User?user_address=0xca83602a5cd36fedd3cd1de80bd8b7a380d6748f,0.6,6.666666,9.999999,0.6666666666666666,-3.0173607468126455
https://hashdive.com/Analyze_User?user_address=0x550aa437455a00881d5a372e5b5b564ffad4f85e,0.798634,2.521379,9.999996,0.2521380008552004,-1.4896541439376665
https://hashdive.com/Analyze_User?user_address=0x13120b20e24f2343e85027d76a42a83202422fb0,0.567164,0,9.999995170463999,0,-1.2762507464357893
https://hashdive.com/Analyze_User?user_address=0x68029a711e14152b73b0997136c51760bacb3f97,0.86,1.627906,9.999994,0.16279069767441862,-1.3969339858540142
https://hashdive.com/Analyze_User?user_address=0x724fe1cecfaf7cbb261508b798efec0542268a87,0.828915,2.06396,9.999989,0.20639622703584973,-0.8035304756046346
https://hashdive.com/Analyze_User?user_address=0x5bf8428fb06889247d9a8bcf3e440618c8b756a9,0.969999,0.309288,9.999988,0.03092883711460454,0.24593347348261466
https://hashdive.com/Analyze_User?user_address=0x839ca0c1831cfea834439d7205ce7d375d204c02,0.979999,0,9.999988,0,8.412377363803147
https://hashdive.com/Analyze_User?user_address=0xb68172b0d7fc210bebdb108042c9613193144942,0.949999,0,9.999988,0,6.899839378509617
https://hashdive.com/Analyze_User?user_address=0xd7b679bada2e77f1e0262825401f796a7734c7aa,0.779999,2.820525,9.999986,0.28205289487405283,0.9623646438223415
https://hashdive.com/Analyze_User?user_address=0x349811fad7ac1912355705b2dd6504bdf296b4a1,0.759999,3.157907,9.999986,0.31579114210759895,-4.977157913689412
https://hashdive.com/Analyze_User?user_address=0x137550043b4bcaefe1a2515050f5135e7b0a480a,0.699999,4.285728,9.999985,0.42857344286016424,-1.4475876847958893
https://hashdive.com/Analyze_User?user_address=0xc3dd271d0182fa78dec23d49a00cb799bb9d2f01,0.739999,3.513526,9.999985,0.3513531270296905,-4.94170431698326
https://hashdive.com/Analyze_User?user_address=0x92feb3c40b07dcae67c6c6d9a394ee9b1cf4c4a4,0.779999,2.820524,9.999984,0.28205285128456203,2.3825154122498957
https://hashdive.com/Analyze_User?user_address=0x7bac1e872d35268b2268c91c737f85ab97463cad,0.779999,2.820524,9.999984,0.28205285128456203,-1.272150756745332
https://hashdive.com/Analyze_User?user_address=0x267216bc878ce37c0fb29bb7b92b2c955f73009c,0.779999,2.820524,9.999984,0.28205285128456203,-3.771189735152457
https://hashdive.com/Analyze_User?user_address=0x2729b7e05e63dab1161e639a3b9ed0d4dc7ebd72,0.789999,0,9.999984,0,6.0944825677788375
https://hashdive.com/Analyze_User?user_address=0x35518515042ff739b4c1de12ecaba374e75a1ec8,0.789999,0,9.999984,0,6.65633772460269
https://hashdive.com/Analyze_User?user_address=0xbf9ba87aafac58ec0a3a86291a800849fb22ec93,0.934972,0,9.999984,0,6.735494177311888
https://hashdive.com/Analyze_User?user_address=0xdfc100f857167793f4f196829ff6cb56981a9a26,0.779999,2.820524,9.999984,0.28205285128456203,-0.1994444183178936
https://hashdive.com/Analyze_User?user_address=0x39b4883036ebebfcecc116c23f8586eb61bf95fa,0.779999,2.820524,9.999984,0.28205285128456203,-0.5984263529819778
https://hashdive.com/Analyze_User?user_address=0xd26f3616b6eab4d781fbf11ee2cfb6daae233e79,0.779999,2.820524,9.999984,0.28205285128456203,-2.375490163657968
https://hashdive.com/Analyze_User?user_address=0xef9d0dff33504d9514b41065098189097afc2926,0.779999,2.820524,9.999984,0.28205285128456203,4.644159930245677
https://hashdive.com/Analyze_User?user_address=0x5e7d657635d29dd088e4f7af2e8336317eba1c91,0.789999,2.658239,9.999984,0.26582432531892053,-0.31860081182181443
https://hashdive.com/Analyze_User?user_address=0x00f12806266a119c147cd9c1528ff5759665fd01,0.779999,2.820524,9.999984,0.28205285128456203,-3.1178677967670527
https://hashdive.com/Analyze_User?user_address=0x5b03ecff9551235f5f34f3721235c1b2c67f992b,0.779999,2.820524,9.999984,0.28205285128456203,6.3675809753155725
https://hashdive.com/Analyze_User?user_address=0xa969315a22f1ad988c4465025c726922e2741452,0.779999,-0.384587,9.999984,-0.038458761534018455,0.33576072606108776
https://hashdive.com/Analyze_User?user_address=0x1d4218bb78df1325f54c1afdc56ac7552a52f046,0.779999,2.820524,9.999984,0.28205285128456203,4.372910536602671
https://hashdive.com/Analyze_User?user_address=0xa5896031a651ef722f0cd9397e1b2ce830b34ded,0.789999,2.658239,9.999984,0.26582432531892053,0.22223350223371885
https://hashdive.com/Analyze_User?user_address=0x0626f34466f06a951f523cfdeda7ee0726a8fdd0,0.759999,3.157906,9.999984,0.3157911052657684,-25.26848526317769
https://hashdive.com/Analyze_User?user_address=0xe3c5c33ede9d9d8d3aef686298fc604ad4b5fc5e,0.789999,2.658239,9.999984,0.26582432531892053,-6.062562626021622
https://hashdive.com/Analyze_User?user_address=0x9bb64391de24181d127d86acc66dbfc20f0f5154,0.789999,2.658239,9.999984,0.26582432531892053,2.567109254312867
https://hashdive.com/Analyze_User?user_address=0x7cebd5d925bcc0ee9b3bd4ee678de2b75316b7d4,0.789999,2.658239,9.999984,0.26582432531892053,-0.5838441095918863
https://hashdive.com/Analyze_User?user_address=0xea2990c9313d233ba6d1bd9eb23ac0d1df7b3dda,0.779999,2.820524,9.999984,0.28205285128456203,4.495904321957901
https://hashdive.com/Analyze_User?user_address=0xe86a281a661fdfb976561c24e9bf317c5efa594a,0.779999,2.820524,9.999984,0.28205285128456203,-1.804442412731893
https://hashdive.com/Analyze_User?user_address=0x144fd08c215ec793669cdfd2162e327ab8a09820,0.789999,2.658239,9.999984,0.26582432531892053,-10.414769748199287
https://hashdive.com/Analyze_User?user_address=0x0ea30ceeec92c0980eabe20937d58d679cdeb3b5,0.779999,2.820524,9.999984,0.28205285128456203,1.798265490757768
https://hashdive.com/Analyze_User?user_address=0xb98ff042e095217f8eb422a315323cce6b2ea40a,0.619999,6.129047,9.999983,0.6129057419397612,-0.9421813761137625
https://hashdive.com/Analyze_User?user_address=0xaf5023ce40bc6dfeb1c0880e5b18753133ae7770,0.769999,2.987024,9.999983,0.29870290779494324,7.129657022009946
https://hashdive.com/Analyze_User?user_address=0x78601a69b3a3e870131cbfadb6912a4e68fa84e5,0.769999,2.987024,9.999983,0.29870290779494324,-0.42523567503286125
https://hashdive.com/Analyze_User?user_address=0xa3d9141b0ace984d17a84907aa3738c58580494a,0.769999,2.987024,9.999983,0.29870290779494324,-0.1388403320424658
https://hashdive.com/Analyze_User?user_address=0x0cee32e6966c6e029e40b25bcbfcf3ee81db1832,0.769999,2.987024,9.999983,0.29870290779494324,-1.5487735230841784
https://hashdive.com/Analyze_User?user_address=0x711de8c19bb5ddfaeb60e1197b5987d5a6bfd704,0.579999,6.896017,9.999982,0.6896029412852943,-6.430608003529529
https://hashdive.com/Analyze_User?user_address=0x4ab6798375b953b5ece7915b4a671e032b2e7625,0.969999,0.309288,9.999978,0.030928868043509694,-7.428786457723458
https://hashdive.com/Analyze_User?user_address=0xcbc8b30f50343b5866d6c1283fe833c955dc5af6,0.978999,0.214514,9.999962,0.02145148151562976,0.32956608364219797
https://hashdive.com/Analyze_User?user_address=0xeffe3f9cebbce08fe635c6ad464b7987cbf0d1b9,0.749989,0.000146,9.997347,0.000014603874407880411,-3.266443796035763
https://hashdive.com/Analyze_User?user_address=0x19212430cba88dba575bffa73a9f5274898d3305,0.864995,1.552953,9.949977,0.1560760391707438,0.15807336056607507
https://hashdive.com/Analyze_User?user_address=0xc4af9a8d4f59a149862694bc82032115947a8afb,0.789999,2.626341,9.879987,0.2658243376231163,-1.6772353949121388
https://hashdive.com/Analyze_User?user_address=0x0d3211e90c67558d0b4eaf2624aba5ff52bcb521,0.98,0.2,9.8,0.02040816326530612,-5.587564112792283
https://hashdive.com/Analyze_User?user_address=0x790a9620fb78b98af5865a203a564889e010c709,0.78,2.75,9.75,0.28205128205128205,-0.7468701562805174
https://hashdive.com/Analyze_User?user_address=0xf1f767ca6cf98f91a281394876bd0c33e1906672,0.779999,2.74437,9.729984,0.282052879018095,2.4492371248670217
https://hashdive.com/Analyze_User?user_address=0xbf6b276af3f4ae49848cdb448034f2e7512789a2,0.759928,-0.126681,9.704256,-0.013054169222246401,-0.8694527319763785
https://hashdive.com/Analyze_User?user_address=0x1517e5a105fed2e841074bda118a2befc373c9ca,0.779999,2.727447,9.669984,0.2820528968817322,-0.10779919482644047
https://hashdive.com/Analyze_User?user_address=0x6d8d1c24173874d763c2d776af06f084999beaad,0.78,2.716153,9.629997,0.28205128205128205,-1.037322269435051
https://hashdive.com/Analyze_User?user_address=0x9987780f81bde469d8a70e46ce436f754c5afa72,0.789978,0.000266,9.582433,0.000027759129649015027,-1.4531481761645328
https://hashdive.com/Analyze_User?user_address=0xea3953143fa6b01f75d93fd187cdc54a945b2d8a,0.58693,0,9.55999448862,0,-1.9765662301229954
https://hashdive.com/Analyze_User?user_address=0x48872909a15957931d6c841dd3a274d0e77794b7,0.779999,2.696422,9.559987,0.2820528940049814,0.7669303435199136
https://hashdive.com/Analyze_User?user_address=0x037511271e2622975db41fec8283a2420d207be4,0.839933,-1.24554,9.524554,-0.1307714775935965,0.005864191875885364
https://hashdive.com/Analyze_User?user_address=0xf595a2c39bb1b11d1b033ac1209cd2b69370cde7,0.779999,2.68514,9.519987,0.28205290616468276,-0.8440618782963045
https://hashdive.com/Analyze_User?user_address=0xdf5042e3a0a360c71224dc3a8cf6da118427b758,0.869999,1.419549,9.49998,0.1494265251084739,0.22937420640086487
https://hashdive.com/Analyze_User?user_address=0x60cd268519d4ed548a837ebf875006e2c6e2ce56,0.779999,2.662575,9.439987,0.2820528248608817,-0.06302312158613377
https://hashdive.com/Analyze_User?user_address=0x3a5326e339a3429a06d6cb9b2fda2b7c808fa4e7,0.749928,0.124993,9.314102,0.013419758555360463,-1.1268565210987311
https://hashdive.com/Analyze_User?user_address=0x92c822fa8b43846d31cbff9745cc2b39aaed0c5b,0.93,0.7,9.3,0.07526881720430106,1.7714193154524682
https://hashdive.com/Analyze_User?user_address=0x1c90ea80536ce24807fb38c07f8e3290e3c82d86,0.759939,0.000744,9.278849,0.00008018235882489304,0.02487700391706462
https://hashdive.com/Analyze_User?user_address=0x037b338d74c078dcec494423587c6543154659e3,0.750025,-0.492695,9.255295,-0.05323385154119885,-1.2983550739119885
https://hashdive.com/Analyze_User?user_address=0x4eb7e32ab4aaefd54d4606181e6a56fdfdf7c9e3,0.78,2.606153,9.239997,0.28205128205128205,-0.620656930407019
https://hashdive.com/Analyze_User?user_address=0xb727097cf5052ec04aecbd15a29348bb3f51d3c5,0.779999,2.603344,9.229986,0.2820528655189726,-0.08212626806806325
https://hashdive.com/Analyze_User?user_address=0xb8bfed047d63d329c51733522f9f0fe6ee8b4409,0.789999,2.450897,9.219987,0.26582434443779585,0.4743479385223446
https://hashdive.com/Analyze_User?user_address=0xa69a170e625f1c665777ac191d09610ff4fdb2ab,0.759992,0.000096,9.218697,0.000010413619191519149,0.08656643901130587
https://hashdive.com/Analyze_User?user_address=0xe7fbec4b1502085ef7b5bc9c4a58de69245489ea,0.779999,2.597703,9.209986,0.2820528717416074,0.23092606864216436
https://hashdive.com/Analyze_User?user_address=0xb39a21fdc1f67aa3b3c95392c28e43590cec3f40,0.779999,2.586421,9.169987,0.2820528535100431,0.4153978247626719
https://hashdive.com/Analyze_User?user_address=0xef9144aaadf29e27495609c130f9c7bfac3f71ae,0.789945,0.000637,9.163356,0.00006951601574794212,-2.546590453451305
https://hashdive.com/Analyze_User?user_address=0xb8190f14de10da8560f11c0292d0633d3bc7ed8c,0.789999,2.426973,9.129988,0.26582433624228197,0.4910284530426237
https://hashdive.com/Analyze_User?user_address=0xb7e41022a7c2600b6db6e2f4faabfc2ce2b50eb2,0.779999,2.575139,9.129987,0.2820528660117479,2.321139982148834
https://hashdive.com/Analyze_User?user_address=0x3bba6afad29699c51c610d9635c65ddf240f439a,0.779999,2.572318,9.119985,0.28205287618345865,-0.09549416242772947
https://hashdive.com/Analyze_User?user_address=0x8d284f1944d912319300f374749265e7269dccfb,0.779999,2.555395,9.059986,0.2820528640993485,2.449134436533797
https://hashdive.com/Analyze_User?user_address=0xdbfbabd754b2c856629e55617b40cf09267721f6,0.75,3,9,0.3333333333333333,11.442223126919053
https://hashdive.com/Analyze_User?user_address=0x16517931441d5cc0f2489ca0b43cc03d33d15b99,0.8,2.25,9,0.25,-15.432239100266933
https://hashdive.com/Analyze_User?user_address=0x54946a55539cb4b9518376996716236e7ea359de,0.779934,2.539435,8.999992,0.28215969525306245,-17.941197718516076
https://hashdive.com/Analyze_User?user_address=0x2efa8c29e8f3505e2a421f3c7acc92e6e6726a09,0.789999,2.392416,8.999988,0.26582435443247254,17.713310977899678
https://hashdive.com/Analyze_User?user_address=0xcf3fe9dd72fb0bd75dc2cbfba2cc96bdb13a56de,0.789999,2.392416,8.999988,0.26582435443247254,-1.1925299344690912
https://hashdive.com/Analyze_User?user_address=0x81212420bdd96dcd2cea09bc8c46b6d3d34007ca,0.739999,3.162174,8.999987,0.3513531741768071,4.198817766973588
https://hashdive.com/Analyze_User?user_address=0x3f25138cf904b04f99d207eaba67e892b0c27753,0.849999,1.588245,8.999987,0.17647192157055336,2.771976198708046
https://hashdive.com/Analyze_User?user_address=0x0691d9078536bfcf5b6201a2f0deb26aae164c34,0.779999,2.538472,8.999986,0.28205288319337385,-4.96798639967418
https://hashdive.com/Analyze_User?user_address=0xdbe4b9b4b9dd3b381517d2c9a5aedebf89e7bc8c,0.839999,1.714295,8.999985,0.19047753968478834,-0.2693376183174568
https://hashdive.com/Analyze_User?user_address=0x7c1df1c417676c1554863072023944e286ed6a3f,0.779999,2.535652,8.989988,0.2820528792696942,-1.3056656970994869
https://hashdive.com/Analyze_User?user_address=0x744e9f4b2330d0c221915b99cf47accb5551ebe7,0.99,0.09,8.91,0.0101010101010101,-0.19316415560658592
https://hashdive.com/Analyze_User?user_address=0x1a8729e401c35509c4f69907f249cf20865d5280,0.779999,2.504626,8.879987,0.28205289039274495,-0.8791156954962397
https://hashdive.com/Analyze_User?user_address=0x57dd182b4b9a4f15126684e4a8923d66808550ef,0.779999,2.504626,8.879987,0.28205289039274495,0.47300628574882536
https://hashdive.com/Analyze_User?user_address=0x5223095c197041f219bf306edc31aeb27221d46a,0.873759,1.274314,8.819982,0.14448034020931108,0.24316476925500025
https://hashdive.com/Analyze_User?user_address=0x3456e436d694938947e45fe865300408ea64cf9d,0.876094,1.247409,8.819978,0.14142994460983915,0.746012706890492
https://hashdive.com/Analyze_User?user_address=0x998bceea21b35e3230d3f2ec6ca9d417fdbee85c,0.779999,2.479241,8.789986,0.2820528951923245,-0.7599990253525692
https://hashdive.com/Analyze_User?user_address=0x68f9c3f330ebc25932a842049fb4b8cfa580872e,0.789999,2.325959,8.749987,0.26582428065321695,0.3566072843250775
https://hashdive.com/Analyze_User?user_address=0xbe242f65dba50ac3a107022b5f7bd7e68146d696,0.789986,-0.110245,8.729341,-0.012629246583447709,-2.2878566967371
https://hashdive.com/Analyze_User?user_address=0x3ba562c9393f65315f6b7871788493e67a440528,0.779999,2.459498,8.719988,0.2820529110819877,2.3030833609832895
https://hashdive.com/Analyze_User?user_address=0x8e42cfcd333e8f7666ad9a6e97d818d8527240bd,0.789999,2.307351,8.679986,0.26582427667510067,0.36815089305260396
https://hashdive.com/Analyze_User?user_address=0xe424b5e3ce3f27609e5a162c2ad61018316c0d1a,0.958999,0.371103,8.67997,0.04275394961042492,-17.709777326281827
https://hashdive.com/Analyze_User?user_address=0x2fa4672c9082b58a697435b6b9e7254a4a37d4c8,0.759931,0.000787,8.678405,0.00009068486663159879,-0.859288946652075
https://hashdive.com/Analyze_User?user_address=0x589dd81d074307858961b7b8b78686410bc30f79,0.789999,2.302035,8.659987,0.26582430204571905,0.43367545243480793
https://hashdive.com/Analyze_User?user_address=0x500731bb3aaa099da5736ee532a53ce996a98269,0.819994,-0.632336,8.65093,-0.07309456902321484,0.024810095606717382
https://hashdive.com/Analyze_User?user_address=0x4e38e5a0b544123b21a49077ec915badf39c9863,0.779999,2.436933,8.639988,0.2820528222955865,2.3301727637190304
https://hashdive.com/Analyze_User?user_address=0x80f2806d289be90a7235aed40a5131136f8a3d1a,0.779999,2.431292,8.619988,0.2820528288438453,-0.09078253282526204
https://hashdive.com/Analyze_User?user_address=0xc3fca524eb174574d0a56241416c417d415fb954,0.779999,2.428472,8.609987,0.28205292296027856,-0.07691422584623937
https://hashdive.com/Analyze_User?user_address=0xbc3b840e16bb4cb88a5dec3bfce3a472866cbdc3,0.86,1.4,8.6,0.1627906976744186,1.2385337451432485
https://hashdive.com/Analyze_User?user_address=0x312da601891936eacf93a52af9b983e0ca3da3b1,0.839999,1.638105,8.599988,0.19047759136408096,4.221346670882004
https://hashdive.com/Analyze_User?user_address=0x0e879b63788e5086d4af2dc8e660b9ced534075f,0.76995,0.000557,8.592636,0.00006482294839441587,0.07258185186927782
https://hashdive.com/Analyze_User?user_address=0xb0da07b680f6c208b9981703b21ace199b95d49e,0.779999,2.403086,8.519985,0.28205284398974884,0.4347468570258518
https://hashdive.com/Analyze_User?user_address=0x927f1a568ea0147a41892e5f03269ce7400d813f,0.779999,2.403086,8.519985,0.28205284398974884,2.3228055851290357
https://hashdive.com/Analyze_User?user_address=0x059f0231f05974fe467cc293bb02bcc833b040f0,0.779999,2.380522,8.439986,0.2820528375284035,2.3906090757848877
https://hashdive.com/Analyze_User?user_address=0x3d64c3761d86ebfa99eceb4285d427caf3d98501,0.998,0.00843,8.419627,0.0010012320023202927,-11.057579605492824
https://hashdive.com/Analyze_User?user_address=0xe6c624b9101b261579c79a9545b41facd76e6356,0.789945,0.000581,8.357613,0.00006951745671880236,-0.3071745142340915
https://hashdive.com/Analyze_User?user_address=0xb919c48a7f91f18666bd2d9b824f5f61ecdc19a4,0.79,2.214303,8.329997,0.26582278481012656,-20.06676831938252
https://hashdive.com/Analyze_User?user_address=0x639d5a8ad7a37a23b8986ac009d6dd6b1441dbbc,0.730098,-0.341913,8.301144,-0.041188660261766326,-1.562191160916081
https://hashdive.com/Analyze_User?user_address=0x9bf7ef0c1a7afd1028a220333abc12ce1cd5cdb7,0.83,0.5,8.3,0.06024096385542168,0.2306740283788852
https://hashdive.com/Analyze_User?user_address=0x88c882e3122cef8bacf4abca89b54ac059a00e38,0.852912,1.429639,8.28998,0.1724538539296838,-0.7022639671876729
https://hashdive.com/Analyze_User?user_address=0xf14b63f5d4830522899cf714e20a20448cd3d07e,0.759964,0.00039,8.245604,0.00004729792990301256,-0.28823873184037574
https://hashdive.com/Analyze_User?user_address=0x6e72e46d8781383571f9524185b4680a47dc57d4,0.82,1.8,8.2,0.21951219512195125,2.0632725180429476
https://hashdive.com/Analyze_User?user_address=0x26665615244f940847013be1dd818b7be2ef984d,0.749905,0.001029,8.136384,0.0001264689572173585,0.004899231113967006
https://hashdive.com/Analyze_User?user_address=0xf39729043d020f3b56c51ff64f85709aee1cfff6,0.739866,0.001471,8.131122,0.00018090984245470676,-0.6485842635401722
https://hashdive.com/Analyze_User?user_address=0x1ee350c25dbbea88ca73f14939cda565c31ab055,0.78,-0.1026,8.0028,-0.012820512820512818,-3.7881803252675548
https://hashdive.com/Analyze_User?user_address=0x81b07263e80b45bfd2bfc1a1f14fb7b8a4b0a2a3,0.8,2,8,0.25,-1.2068251057527855
https://hashdive.com/Analyze_User?user_address=0x98af73334e3655804a6e3498957047f58cfbec89,0.8,2,8,0.25,-1.8875433169522333
https://hashdive.com/Analyze_User?user_address=0xd87ed5e1b58841a88449259e6fd884ab3a6960b3,0.8,2,8,0.25,-2.3535928155497965
https://hashdive.com/Analyze_User?user_address=0x75c0bcb1f712eaa224eb6138e14e032599f7241a,0.8,2,8,0.25,-2.0665796801828105
https://hashdive.com/Analyze_User?user_address=0x296b908b9c1c793cc98776b4072916b7bf623c3f,0.8,2,8,0.25,-0.31757941342934914
https://hashdive.com/Analyze_User?user_address=0x9e3503f230aa0a3181d9b224738198aeef76158a,0.8,2,8,0.25,-1.4633553053133586
https://hashdive.com/Analyze_User?user_address=0xcd132518f83bb64509121d04fc7ef51255d4e2d5,0.8,2,8,0.25,-0.8642276829654699
https://hashdive.com/Analyze_User?user_address=0x930d5a47815cca781872a18f00a1a7df937efda2,0.8,2,8,0.25,-1.1779067910155274
https://hashdive.com/Analyze_User?user_address=0xa6b5bb42424730d255e97a9cb945910fbb2e4481,0.8,2,8,0.25,-1.0867309149835283
https://hashdive.com/Analyze_User?user_address=0x8860d022f173b108b0dcb966e0d44bec830b8aec,0.8,2,8,0.25,-1.871363489488681
https://hashdive.com/Analyze_User?user_address=0x5e3de04c4798de13aaec055c3669d1282b17fe4d,0.8,2,8,0.25,-1.3147616747808357
https://hashdive.com/Analyze_User?user_address=0xf0c4dbf162f1d36b97da0a5b13c2c0a1d760faac,0.8,2,8,0.25,-1.1952428116660998
https://hashdive.com/Analyze_User?user_address=0x7d06d0238b05b4c3f02db8c98aa9584763666a81,0.8,2,8,0.25,-1.2556830121484275
https://hashdive.com/Analyze_User?user_address=0x872a0509ccab9f943a72297cb1283af5a48aee03,0.8,2,8,0.25,-1.7251816206860036
https://hashdive.com/Analyze_User?user_address=0x3522aac7a05f257d0594b3e0697c28c26f1aa00e,0.8,2,8,0.25,-1.5357975705063254
https://hashdive.com/Analyze_User?user_address=0x073864bbb1fc3bd1ad319f1f42258be84960782f,0.8,2,8,0.25,-1.3245375228783243
https://hashdive.com/Analyze_User?user_address=0xc069b0de55fda32c7ae33c256a9c3d5b12c80ffe,0.8,2,8,0.25,1.5945107261885032
https://hashdive.com/Analyze_User?user_address=0x1a8a16179e5edd4e44404ec1e708877065204020,0.8,2,8,0.25,-2.4609309301691056
https://hashdive.com/Analyze_User?user_address=0x236d672627250ac77a82595c3af067b23d3d8fec,0.8,2,8,0.25,-1.2372888937089386
https://hashdive.com/Analyze_User?user_address=0x609562adb5277cb0f3123744c017caeaca0fbef9,0.8,2,8,0.25,-1.8340681717180156
https://hashdive.com/Analyze_User?user_address=0x73f4207a7c23015bbcf23afc6fe543900ef5351b,0.8,2,8,0.25,-1.9551333603922787
https://hashdive.com/Analyze_User?user_address=0x51577265b5124071a38e3855357da71af663a2f1,0.8,2,8,0.25,-1.1931831924986354
https://hashdive.com/Analyze_User?user_address=0xbfb05d1341faaaff897b6c922adccc5b52f1d227,0.8,2,8,0.25,-1.9387912793016426
https://hashdive.com/Analyze_User?user_address=0xfed357a1e12eee009940977b94c09ce4a35a19ae,0.8,2,8,0.25,-2.4922023190734692
https://hashdive.com/Analyze_User?user_address=0x58a18294cc2421c7d70e2ce8dbef17bbd4d89798,0.8,2,8,0.25,-2.1297588600276036
https://hashdive.com/Analyze_User?user_address=0x2d7b3013cdd73a61be6812d15c6c2011f51647e5,0.8,2,8,0.25,-1.998271257719062
https://hashdive.com/Analyze_User?user_address=0xd0dfac896ff91e96c25eb6b5c7f9a04ce5834206,0.8,2,8,0.25,-2.294742348323584
https://hashdive.com/Analyze_User?user_address=0x8de1d059e44860604356502a654035a6ae7378ce,0.8,2,8,0.25,-2.235011970711223
https://hashdive.com/Analyze_User?user_address=0xd5698448e55a2e0d89807811d91f0999aa05c2ea,0.8,2,8,0.25,2.1649505239127618
https://hashdive.com/Analyze_User?user_address=0x95d1c682a6ed3b71aff0ae927a8a61094914ad83,0.8,2,8,0.25,-2.4814520257026116
https://hashdive.com/Analyze_User?user_address=0xd4a51f28029fca6e27e9e0f44b28f6d0b2fd30a9,0.8,2,8,0.25,-1.4874674363474092
https://hashdive.com/Analyze_User?user_address=0xb012e9712cd6e1851bbca30f6948097f8f1265ae,0.8,2,8,0.25,-1.5822649110754228
https://hashdive.com/Analyze_User?user_address=0xa9c0b92065a4057a4f5921465a2695bb3bf03d37,0.8,2,8,0.25,-2.0383957896154614
https://hashdive.com/Analyze_User?user_address=0x9fb1bacff3a001c97690e302c502236bfb8dfab7,0.8,2,8,0.25,-1.4148644310229588
https://hashdive.com/Analyze_User?user_address=0x98e1c3999b3a5fc9ea8352c165f7f3f944b0c531,0.8,2,8,0.25,-1.037839179756896
https://hashdive.com/Analyze_User?user_address=0x9c2e8d034beb4af0a56a299029c2089d7e3839cc,0.8,2,8,0.25,1.531024980334025
https://hashdive.com/Analyze_User?user_address=0x11d92a849b823c2b7c2bf0405e62549fa39716cc,0.8,2,8,0.25,-1.7113122629287603
https://hashdive.com/Analyze_User?user_address=0xfc87c9e71a4a3a7c9486cf3f6632dce4e6cae5af,0.8,2,8,0.25,-1.9382276671308598
https://hashdive.com/Analyze_User?user_address=0x04e883f3f230a319530665226ff3160b2fcfb98d,0.8,2,8,0.25,-1.9134379850390233
https://hashdive.com/Analyze_User?user_address=0xaabbb851bf0cca2c4f2adfa96a95bcde35d6e95c,0.8,2,8,0.25,1.1573327749791114
https://hashdive.com/Analyze_User?user_address=0xab51534794ff29c3058bff5664c7fc95529767ad,0.8,2,8,0.25,-2.0790193770192364
https://hashdive.com/Analyze_User?user_address=0xbd45fa2745ea5361065ce9913cfc0eefb470e787,0.8,2,8,0.25,2.825856083390137
https://hashdive.com/Analyze_User?user_address=0x7fad111d58d1b07fbe055d8b99094a1ab89724f6,0.8,2,8,0.25,-2.434620689811198
https://hashdive.com/Analyze_User?user_address=0xec922ec8f47db0cd37f2d1c021d5b45ada91879e,0.8,2,8,0.25,-2.127102532014158
https://hashdive.com/Analyze_User?user_address=0x6ffa67dd322f1f2a590b6b5f5eb4cee4cf67c284,0.8,2,8,0.25,-1.5892018605050797
https://hashdive.com/Analyze_User?user_address=0x2a3027975c7d58ca08851d35507ac0f6c1edbcac,0.8,2,8,0.25,-1.4933865550129672
https://hashdive.com/Analyze_User?user_address=0x6adcbfe0a32e0b69906b325eb62946c4d89fe26b,0.8,2,8,0.25,-0.7224185986805369
https://hashdive.com/Analyze_User?user_address=0x8181b08ae7948f8e1c500925281366401ddda8c3,0.8,2,8,0.25,-0.971081350825813
https://hashdive.com/Analyze_User?user_address=0xae41c57980ec2d830e96220ec1eef4e40ddd4d04,0.8,2,8,0.25,-1.5105045882542152
https://hashdive.com/Analyze_User?user_address=0x96942e2d8bcead417d836b4905818de316b1db65,0.8,2,8,0.25,-1.323481509571964
https://hashdive.com/Analyze_User?user_address=0xe9cfbf38823ede36f2f11fb9651adf5937c7aff5,0.8,2,8,0.25,-0.9082330825494461
https://hashdive.com/Analyze_User?user_address=0x43e125dd89f699aecba19e376bf85eccde78cfd1,0.8,2,8,0.25,-2.3489191017477555
https://hashdive.com/Analyze_User?user_address=0x3ac8f181d5171c09356bfc9fce8b1c2ff8f4f421,0.8,2,8,0.25,1.2140131478590293
https://hashdive.com/Analyze_User?user_address=0x6b065a741f2801b41481e08713cc5fdc827daaa9,0.8,2,8,0.25,-2.26903026093737
https://hashdive.com/Analyze_User?user_address=0x8cae235034503d88ad50c669e001c6d73528cee2,0.75,2.666666,7.999998,0.33333333333333337,-15.187755178468693
https://hashdive.com/Analyze_User?user_address=0x1324fa3bf1c1608539abb2ce5020655af40453ed,0.779953,2.257025,7.99999,0.28212847766059707,0.1581188828430112
https://hashdive.com/Analyze_User?user_address=0xedd9f016795db1d1d0952766c8480f8d82610cc6,0.789999,2.126591,7.999988,0.2658242737364106,-2.1630716872472835
https://hashdive.com/Analyze_User?user_address=0xaf348ed5bfec782777e6fc04d1efe718a6b686b5,0.759999,2.526325,7.999988,0.315791098686648,0.20660968250815948
https://hashdive.com/Analyze_User?user_address=0x9a8d5e11b4d7f0016faf9ebbc7029d54e3d53645,0.789999,2.126591,7.999988,0.2658242737364106,0.33505924796746567
https://hashdive.com/Analyze_User?user_address=0x9f70b8328ad13a011e830ca7dbc5be83f6472559,0.789999,2.126591,7.999988,0.2658242737364106,0.3013280590257904
https://hashdive.com/Analyze_User?user_address=0x0c493abe2346a42fc3fdc3870d44982a07c6b217,0.759999,2.526325,7.999988,0.315791098686648,4.998222187288716
https://hashdive.com/Analyze_User?user_address=0xd2a6032435cd5a0dff50d5c62a0e0873cb6bce40,0.789999,2.126591,7.999988,0.2658242737364106,2.9068340953453253
https://hashdive.com/Analyze_User?user_address=0x3ee429ae248377ae766456bcb5899865d8bcd6d3,0.759999,2.526325,7.999987,0.3157911381605995,-4.264332999899882
https://hashdive.com/Analyze_User?user_address=0x69eeb053e16cf5e937a4e9107dc3c52f56d8de92,0.859999,1.302334,7.999987,0.16279201453702363,-0.20332214937022464
https://hashdive.com/Analyze_User?user_address=0x0af1c915cbfc0977278a725ea77f18757ba867df,0.819999,1.756106,7.999987,0.2195136067096109,-0.03703484908030601
https://hashdive.com/Analyze_User?user_address=0x05bd2b832004f5c4af06b97ca164d66b760d300c,0.739999,2.81082,7.999986,0.35135311486795107,-4.942198140607286
https://hashdive.com/Analyze_User?user_address=0xfb587d0c90de3f4be6848972197412e88ad17ef3,0.79,2.1,7.9,0.26582278481012656,11.899602183174835
https://hashdive.com/Analyze_User?user_address=0xdd18004d8f97e0af611acf1aef25ac1d8a0e8e04,0.79,2.1,7.9,0.26582278481012656,-1.5055630901745343
https://hashdive.com/Analyze_User?user_address=0xd5e0a58409df4da243f3056be28ebc2c81222ad4,0.79,2.1,7.9,0.26582278481012656,-2.947817708662961
https://hashdive.com/Analyze_User?user_address=0x354b3ae4402d8f61bec8562025cba2bfc901e5d4,0.79,2.1,7.9,0.26582278481012656,-1.2202605367901629
https://hashdive.com/Analyze_User?user_address=0x1487c2fbd3ed0dbd38056be3a8f6aad0a16f9e86,0.79,2.1,7.9,0.26582278481012656,-2.0761118016848967
https://hashdive.com/Analyze_User?user_address=0x5ffe66fb8e9ee55482da692727ba7193be895315,0.79,2.1,7.9,0.26582278481012656,-2.539277296211479
https://hashdive.com/Analyze_User?user_address=0x22c8a83f5ffc171b91d9e7daf79864502a688d31,0.79,2.1,7.9,0.26582278481012656,-1.304361399137013
https://hashdive.com/Analyze_User?user_address=0x7bbd7d75873e74d4c8df2c1d7b228c06469189e5,0.79,2.1,7.9,0.26582278481012656,-1.6904525268594965
https://hashdive.com/Analyze_User?user_address=0x14dc2dfa86731f8340af1246b2a926e7eaa950ec,0.79,2.1,7.9,0.26582278481012656,-1.1067691599880372
https://hashdive.com/Analyze_User?user_address=0xb79aec12f6462f708673860c955a0d5a34a07ffc,0.79,2.1,7.9,0.26582278481012656,-2.620399168041327
https://hashdive.com/Analyze_User?user_address=0xb4f25ef226efe6428ab33538dedf1dad6cca842f,0.79,2.1,7.9,0.26582278481012656,-1.983357708257375
https://hashdive.com/Analyze_User?user_address=0x3a759741f3616ee1fa69ed7887b0bd73c1534c81,0.79,2.1,7.9,0.26582278481012656,-1.9549181288179018
https://hashdive.com/Analyze_User?user_address=0xe63b034a3076475f9a38a25154a68cbf9b9a31d6,0.79,2.1,7.9,0.26582278481012656,-1.8272388862908715
https://hashdive.com/Analyze_User?user_address=0x14a2b03bd09084f9b7eda56fdf3e68696b3e7d0a,0.79,2.1,7.9,0.26582278481012656,-1.4840065250716672
https://hashdive.com/Analyze_User?user_address=0x0230c5500febc10ecd2d540a9208df2a9e3904ab,0.79,2.1,7.9,0.26582278481012656,-1.5864064471253996
https://hashdive.com/Analyze_User?user_address=0xd49dda45a59d47f750d65b2c10d5ec1e717ee14e,0.79,2.1,7.9,0.26582278481012656,-1.5585651958304738
https://hashdive.com/Analyze_User?user_address=0x0ca5679e59f54fe3380d0520065592f821f19394,0.79,2.1,7.9,0.26582278481012656,-1.5687482903157557
https://hashdive.com/Analyze_User?user_address=0x4d939e76a8c6cf37577332632c116e390814acc8,0.79,-2.9,7.9,-0.36708860759493667,-1.6122756176502873
https://hashdive.com/Analyze_User?user_address=0x4b3de443140b65774daa15a41c69b5d630a9b28d,0.79,2.1,7.9,0.26582278481012656,-1.5578195320048134
https://hashdive.com/Analyze_User?user_address=0x297777ac2c032a8833e80c8a58346452e58df9f1,0.79,2.1,7.9,0.26582278481012656,-1.2401403442720458
https://hashdive.com/Analyze_User?user_address=0x8f8a1e2a7f5bb869f605230c6e1988223fa200b7,0.79,2.1,7.9,0.26582278481012656,-1.1546540647246113
https://hashdive.com/Analyze_User?user_address=0x59e6e4bb72e9adaff87cf89f9276aea99d81dbd6,0.79,2.1,7.9,0.26582278481012656,-1.3776519567467909
https://hashdive.com/Analyze_User?user_address=0x61aae67f50778a335bfedab3d8acb7d2ab0347d5,0.79,2.1,7.9,0.26582278481012656,-1.469606370103473
https://hashdive.com/Analyze_User?user_address=0x669fd7bcd04ede68783a5331f1a0bbe1e80108ed,0.79,2.1,7.9,0.26582278481012656,-1.4883990496440331
https://hashdive.com/Analyze_User?user_address=0xc860e26a365d1548524d8c80fdd1ceaaf3cbc96a,0.79,2.1,7.9,0.26582278481012656,-1.346460032225797
https://hashdive.com/Analyze_User?user_address=0xb32fbaf14e300682ac61d98f627a71888f37d423,0.79,2.1,7.9,0.26582278481012656,-2.058537544116394
https://hashdive.com/Analyze_User?user_address=0x7590770f4abebb2722912dd30abcaf2d8e0389aa,0.79,2.1,7.9,0.26582278481012656,-1.4532063787889713
https://hashdive.com/Analyze_User?user_address=0x2b31995ed0e41afc3cc6adfc2848ca296f724524,0.79,2.1,7.9,0.26582278481012656,-2.0020021076785466
https://hashdive.com/Analyze_User?user_address=0xa08abe94e5d2829c7a2fad0077d70e552c5abd6f,0.79,2.1,7.9,0.26582278481012656,-14.519521295797189
https://hashdive.com/Analyze_User?user_address=0xc59379cd93e029658f689f4ca33cc5e7efdaa020,0.79,2.1,7.9,0.26582278481012656,-0.6842188580250576
https://hashdive.com/Analyze_User?user_address=0xa0da1e8d63a41eb3136148ae99126c66e185be69,0.79,2.1,7.9,0.26582278481012656,-1.6116969633777036
https://hashdive.com/Analyze_User?user_address=0x322b9823f07711eb8d8af5ef580d2c0f1256dd7e,0.79,2.1,7.9,0.26582278481012656,-1.3725530764448433
https://hashdive.com/Analyze_User?user_address=0x8ce13f80e4600340cd99b19037987a6b20470112,0.79,-2.9,7.9,-0.36708860759493667,-1.8776708427651922
https://hashdive.com/Analyze_User?user_address=0xb30c41b71caa88ccf4fe4ed906165d8c8f08f2d0,0.779931,-0.100104,7.869181,-0.012721018870960015,0.04023804487258101
https://hashdive.com/Analyze_User?user_address=0x3d3c49be1dad2e65e9c2bece933e53c634cc711c,0.81,-0.5784,7.8084,-0.07407407407407408,-5.890779568021847
https://hashdive.com/Analyze_User?user_address=0x4e549ccdcb5b44213e1dd6ced72ae7a43d8dec43,0.78,2.2,7.8,0.2820512820512821,-2.2468149868649663
https://hashdive.com/Analyze_User?user_address=0xe5db5974a0ccf536843096335f8a899eb076a7ad,0.78,2.2,7.8,0.2820512820512821,-2.3751791001779887
https://hashdive.com/Analyze_User?user_address=0xb5d6ee9a3115e0cb12ab622c1992e6c76d068d00,0.78,2.2,7.8,0.2820512820512821,4.362800538652422
https://hashdive.com/Analyze_User?user_address=0xa387693d20965230bde993d915956b8532c7db56,0.78,2.2,7.8,0.2820512820512821,-3.572157590787354
https://hashdive.com/Analyze_User?user_address=0x483e9319e3500e86894997082422c4d3dfca2d6b,0.78,2.2,7.8,0.2820512820512821,-10.227764039355353
https://hashdive.com/Analyze_User?user_address=0x66eb636efe419ccbe4f7601c7570e5ec30f88dab,0.78,2.2,7.8,0.2820512820512821,12.037368692640975
https://hashdive.com/Analyze_User?user_address=0xddf97333f72f7a769eb10e8174b7f4a716eb3845,0.839999,0,7.799989,0,1.2069724443659542
https://hashdive.com/Analyze_User?user_address=0xe77a56d2f6a17b94394c81b6c693eec8197fbcec,0.789999,2.073426,7.799987,0.26582428919432816,-0.038052218193273674
https://hashdive.com/Analyze_User?user_address=0x63a8b21d69dcd77eb5ecd5d96c655ea2617675e1,0.829956,-0.745189,7.743484,-0.09623433069662184,-0.09699585005877237
https://hashdive.com/Analyze_User?user_address=0xdf7eb85eb7eec9a598a15a1bf995cf9a23097adf,0.759989,2.43851,7.721484,0.31580846376162924,-0.25120917129572506
https://hashdive.com/Analyze_User?user_address=0x405f24839c09eb07154beb0253da441c21653897,0.77,2.3,7.7,0.2987012987012987,-3.4698250381048905
https://hashdive.com/Analyze_User?user_address=0x02eca34b8b5df6090f9f5600b1ca7b0622685412,0.77,2.3,7.7,0.2987012987012987,3.5570503190010716
https://hashdive.com/Analyze_User?user_address=0xfc6550ca157ae47e64ae40eb04c9219046685ade,0.589999,0,7.699986089154001,0,-2.8928299195629963
https://hashdive.com/Analyze_User?user_address=0xe045ca2d9be5538a49b69eb3c8327057f352a905,0.750289,-0.102849,7.637591,-0.013466157064446106,-0.7074953497181382
https://hashdive.com/Analyze_User?user_address=0x6cd0ab996d0bde9bfa8ba8949cd9ebbb738ecbaa,0.78,2.1538,7.6362,0.28205128205128205,0.09227408907006598
https://hashdive.com/Analyze_User?user_address=0x4478f45db43d542b11205b38870ff023ab92bcf2,0.749905,0.000962,7.604033,0.00012651181287614085,0.07703845261419735
https://hashdive.com/Analyze_User?user_address=0x2474bd39bcc923da610427e98e417ac00b854957,0.76,2.4,7.6,0.3157894736842105,0.7580972259878803
https://hashdive.com/Analyze_User?user_address=0x03658f42cc371bf60bbc11cd9f1bb3cbfbfe118e,0.789999,2.017603,7.589986,0.26582433748889656,-2.0703931950101073
https://hashdive.com/Analyze_User?user_address=0xae4076db4999dbabd8a792ed3ed37f174d8c001b,0.8,1.8775,7.51,0.25,-1.3305044510366606
https://hashdive.com/Analyze_User?user_address=0x03d2ffb2eab94be75d38127f2e124a36932050c7,0.749933,0.000669,7.499325,0.00008920802872258504,-0.2479403218991863
https://hashdive.com/Analyze_User?user_address=0x03e1cc4c6d956960960bfafed38deb8ff49b974e,0.74,2.598999,7.397152,0.3513513038531586,-2.4140552138633318
https://hashdive.com/Analyze_User?user_address=0x675900500d470a7131192684cadf65d1e08924f2,0.78993,0.000648,7.330543,0.00008839727152545181,-1.1172043605537914
https://hashdive.com/Analyze_User?user_address=0x07805b2364f3a26d2e16fe59d53e7648407f3ee5,0.750009,0.000492,7.140077,0.00006890681991244633,-0.5089019254087919
https://hashdive.com/Analyze_User?user_address=0x4d423381d6da3db54dde6d2fe46f6a032b8a787f,0.7,2.9,7,0.41428571428571426,-1.5605088508867309
https://hashdive.com/Analyze_User?user_address=0x5094a147a65cb652f18df422d461688a76773dad,0.76,2.210526,6.999999,0.31578947368421056,9.226133474139036
https://hashdive.com/Analyze_User?user_address=0x60ab395327176e2a3c6e0db137fd55f40b82d681,0.76,2.210526,6.999999,0.31578947368421056,-1.2489921169030196
https://hashdive.com/Analyze_User?user_address=0xf23809faaf7749629cd1349d71e6720e5c689421,0.75,2.333333,6.999999,0.33333333333333337,-12.612150695934437
https://hashdive.com/Analyze_User?user_address=0xab8a3326279933c93f9da65bc9d5c0b3ad7f057c,0.76,2.210526,6.999999,0.31578947368421056,-0.634071114108128
https://hashdive.com/Analyze_User?user_address=0x56f4ed9485b57c733ab7d8b7fc5ccf37ddd49dcd,0.992999,0.049352,6.999992,0.0070502937717643105,0.11863639600287079
https://hashdive.com/Analyze_User?user_address=0xe704d82073b904b41fc9394fd1b81fdf46c3f499,0.899999,0.777785,6.999991,0.11111228571579591,1.4232075099754404
https://hashdive.com/Analyze_User?user_address=0x42e6a98a34006e879dbac855f52e93bff06108e0,0.869999,1.045984,6.999991,0.14942647783404295,1.3285827795155631
https://hashdive.com/Analyze_User?user_address=0x9aef0aa161bf41d4a6de2b3a3886f03500e761db,0.789999,1.860768,6.99999,0.26582437974911394,-11.408557780993274
https://hashdive.com/Analyze_User?user_address=0x06938d328f535206a5fcf7812012405e8ef66dab,0.839999,1.333341,6.99999,0.1904775578250826,13.326442146816257
https://hashdive.com/Analyze_User?user_address=0xb7fc4c32aa414a1c937126895bf137c9b2299cbd,0.769999,2.090917,6.99999,0.2987028552897933,-7.894280052750449
https://hashdive.com/Analyze_User?user_address=0x31799b1705b5d3cb3388f2fd79d6ff50c4f45e46,0.819999,1.536593,6.99999,0.21951359930514186,2.3669460940098714
https://hashdive.com/Analyze_User?user_address=0xb688718d7e2e7d9c73d9cb87d98f8a3c71c7c581,0.789999,1.860767,6.999989,0.26582427486671767,0.8596051684909439
https://hashdive.com/Analyze_User?user_address=0x0a4cb3a74f8928c3ae01e93a7d9c1c2de59fbe91,0.802365,1.724206,6.999988,0.24631556511239733,6.58990823562506
https://hashdive.com/Analyze_User?user_address=0x64454fcf5902e83d13ec73a78870968541595e2e,0.779999,1.974366,6.999987,0.2820528095266463,1.5388642159204573
https://hashdive.com/Analyze_User?user_address=0x24b9b58ab054a12c27c9805caa87aea0dddcbcb1,0.439999,3.502575,6.999983,0.5003690723248899,-1.5434782619314713
https://hashdive.com/Analyze_User?user_address=0x5c2ab8fa8c3fabb0d8c2872cc71ac9c005b327b2,0.75,-0.0928,6.96,-0.013333333333333332,-1.001654616729849
https://hashdive.com/Analyze_User?user_address=0x02e46b97dbd693d397273e242bd5e158ebcc0202,0.779931,-0.088187,6.93358,-0.012718826349447184,-0.4040608379788369
https://hashdive.com/Analyze_User?user_address=0x5a2d4a4d92c0de907f941f0d3395e04c8f4f1ec0,0.872273,1.013295,6.919996,0.146429997936415,0.33748303631152504
https://hashdive.com/Analyze_User?user_address=0x312d268ab4d1823684d6838f24a3c96da7d66814,0.51,6.6248,6.8952,0.9607843137254901,9.07990473284774
https://hashdive.com/Analyze_User?user_address=0xf3fe9350e0e333fb38ad996c62d210cd5966e250,0.759961,-0.08915,6.809247,-0.013092490256264753,-0.3235244663120027
https://hashdive.com/Analyze_User?user_address=0x25bb2723f3011acc427805aa75ccdfa47e5f0191,0.769999,2.031176,6.799988,0.298702880063906,-0.903638655166209
https://hashdive.com/Analyze_User?user_address=0xe5996a1564269a2b95e459245ddaadc0f3b78e25,0.789999,1.79697,6.759991,0.26582431840515763,-1.8057075981397497
https://hashdive.com/Analyze_User?user_address=0xa4f3085a9aa2026e496c9d4469cf4c4ed380d845,0.749859,0.090761,6.718731,0.013508652154700046,0.07391868342637607
https://hashdive.com/Analyze_User?user_address=0xb5be1d6612021593b1f473d6a586fbc11a685d9f,0.789999,1.778362,6.68999,0.2658243136387349,0.78009852350793
https://hashdive.com/Analyze_User?user_address=0x3978a99e028eb590c98d8e9ddbe513298fa92f24,0.548214,2.823497,6.673909,0.4230649533878871,14.025964459929618
https://hashdive.com/Analyze_User?user_address=0x3aef56ea5f9e212a8a5b624e919dba5dca94882c,0.789963,0.000311,6.659381,0.00004670103722853521,-1.6011847950873865
https://hashdive.com/Analyze_User?user_address=0xc697c7547458539ebe9f73aa0b73376ce2970434,0.719932,-0.090877,6.594573,-0.013780573814256056,-1.8406399892259004
https://hashdive.com/Analyze_User?user_address=0xad703ba9fa7af1447bfcfe22522d052df64f4ccf,0.789999,1.727856,6.499991,0.26582436806450965,-0.5518632244491833
https://hashdive.com/Analyze_User?user_address=0x1267733364103feb87180904ce9bba0a3e256a31,0.779999,0.416008,6.489989,0.06409995456078585,-10.367025385826896
https://hashdive.com/Analyze_User?user_address=0x83cafe31ef7509567260a0ede8b386c8801ca14e,0.869999,0.965294,6.45999,0.1494265470999181,-3.2692756722366463
https://hashdive.com/Analyze_User?user_address=0x6adfbbc14cc9a020dfbcfdb17fad722fda0ce537,0.869999,0.957823,6.409992,0.1494265515463982,-11.671744915447892
https://hashdive.com/Analyze_User?user_address=0x8660d2a2020b4a0f09b97b6b631d93651f951544,0.789986,-0.080886,6.40678,-0.012625062824070749,-3.5222420421584184
https://hashdive.com/Analyze_User?user_address=0xf8c860fb134ec5514e29366bd117d2483ab97c4c,0.58,0,6.38,0,-0.962524802649414
https://hashdive.com/Analyze_User?user_address=0x77bfc70f6d59b7fcae85abf5af748b0f2645f661,0.759945,0.000458,6.337936,0.00007226327309079802,-0.9190551435559325
https://hashdive.com/Analyze_User?user_address=0xf9a059f2e5e80b5b949ac03e3602ef5eb5fe25b9,0.759963,-0.331293,6.307687,-0.052522105171039724,-1.621123684486386
https://hashdive.com/Analyze_User?user_address=0x6998d6e78ea4d820915a39328498e7d4a1461c1f,0.85,1.111764,6.299996,0.1764705882352941,5.075345585832017
https://hashdive.com/Analyze_User?user_address=0xf93ec09ee13083f95a68eddaf7abbee899a1af9c,0.77,1.12,6.16,0.18181818181818182,-0.3011250705464035
https://hashdive.com/Analyze_User?user_address=0xdfeabf72f20438620d473cdb9a48239ea010fed6,0.869999,0.917478,6.139991,0.14942660339404407,-13.822284914446758
https://hashdive.com/Analyze_User?user_address=0xe08ccce532d0a359fe5f2fcea5c5d4edd091d145,0.8,1.5325,6.13,0.25,-0.03440748302257235
https://hashdive.com/Analyze_User?user_address=0x62975cf78cf47057652870e5251a86b3c26f2569,0.8,1.5325,6.13,0.25,-0.03264030346952536
https://hashdive.com/Analyze_User?user_address=0xb779436770333f8d584dd8a61fba3910c324ab22,0.61,3.9,6.1,0.639344262295082,-1.1153318919391189
https://hashdive.com/Analyze_User?user_address=0x7bdfdc5fc4f56d39837808fa0cb927e27658943e,0.6,0,6,0,2.053983285815564
https://hashdive.com/Analyze_User?user_address=0x6d2340cbef79b5f7369cbd8379e27bc113a56a17,0.75,2,6,0.3333333333333333,2.944845248249517
https://hashdive.com/Analyze_User?user_address=0x266c2087d1dd8b194240d18bda85152f2b759129,0.75,2,6,0.3333333333333333,2.897392061210847
https://hashdive.com/Analyze_User?user_address=0x3f6eb5d98ff524aebd66479f9117b0054beaf3de,0.779999,1.692315,5.999991,0.2820529230793846,-2.9859462366676928
https://hashdive.com/Analyze_User?user_address=0xad63f55a5a6d5bf8a1a712398b87de1dedf021c4,0.779999,1.692314,5.999989,0.2820528504302258,3.724301923942373
https://hashdive.com/Analyze_User?user_address=0xad9341d05074c20ac0a1f624a1170220d4bdc030,0.829999,1.228922,5.999989,0.20482070883796621,-0.8020200017368262
https://hashdive.com/Analyze_User?user_address=0x59d904b9efb90b77cf52c26a4e34de8664cbb5bd,0.789999,1.594943,5.999989,0.2658243206779212,1.222590737692348
https://hashdive.com/Analyze_User?user_address=0x6d528dc46a0460b6d555606b2635365c9de0b63b,0.769999,1.792214,5.999989,0.29870288095528175,-14.280675401814833
https://hashdive.com/Analyze_User?user_address=0x1db9942f89f57f59967d22b7b866b9f6a74ea4f1,0.789999,0,5.999989,0,6.892405870325344
https://hashdive.com/Analyze_User?user_address=0x4259d94329bfcc0e09d7af04a8d7282b1705aad0,0.779999,0,5.999989,0,9.823749354731746
https://hashdive.com/Analyze_User?user_address=0x2333a62d24bbde16c904659e26d17fc60ecdc1f2,0.779999,1.692314,5.999989,0.2820528504302258,-2.9545446761039917
https://hashdive.com/Analyze_User?user_address=0xf4d645ba932586aaaee4832bf33725d993186a51,0.759999,1.894743,5.999989,0.3157910789503114,-6.5198020342700245
https://hashdive.com/Analyze_User?user_address=0xae0e16642873000cbc60b1938db98b36fb3441fc,0.789999,1.594943,5.999989,0.2658243206779212,3.4970844298238584
https://hashdive.com/Analyze_User?user_address=0xcaa09999784f8a09d33b49f65a84ae2150a24a87,0.779999,1.692314,5.999989,0.2820528504302258,-22.747064187816797
https://hashdive.com/Analyze_User?user_address=0x8b2cad7aca1c863e5c28fe6123f95a0a79a19b6d,0.789999,1.594943,5.999989,0.2658243206779212,-26.113680153687618
https://hashdive.com/Analyze_User?user_address=0xff1effb8cf40cf92c37135cc2272b12081751746,0.589999,0,5.999988930510001,0,-0.18373519619335046
https://hashdive.com/Analyze_User?user_address=0x3f7e69b9fb78bf98a5ae9676be360072b9b9e359,0.589999,0,5.999988930510001,0,0.39897775697637755
https://hashdive.com/Analyze_User?user_address=0x563c7fc8d805874cfae9f5a302e1e1f025e597e3,0.579999,0,5.999988735174,0,-0.9428742392794485
https://hashdive.com/Analyze_User?user_address=0xee29019344e35194bdd30daab8c69240b4278cd9,0.739943,0.000459,5.978576,0.00007677413484415018,0.006332735431615401
https://hashdive.com/Analyze_User?user_address=0x12afafc53456a43e721c0952c43fe38b86626124,0.579999,0,5.929988075865,0,-2.1855461896795223
https://hashdive.com/Analyze_User?user_address=0x718c8aa65dab2a46966eeb2a9fae6c848347f792,0.59,1.4,5.9,0.23728813559322032,0.19586007509482126
https://hashdive.com/Analyze_User?user_address=0xf3d072deec0ff79aeb92ee42b680a53c31d75518,0.789999,1.547095,5.81999,0.2658243399043641,-0.0358722153699121
https://hashdive.com/Analyze_User?user_address=0x22577dde7b50c2864c34924e12788d623b9cc069,0.76,-0.153,5.814,-0.02631578947368421,-0.47636275426252483
https://hashdive.com/Analyze_User?user_address=0x2dc3ddcda432fa7aadc6944019d73c20cea875b6,0.8,1.4525,5.81,0.25,-24.31897116831337
https://hashdive.com/Analyze_User?user_address=0xee741e8eb0207e62689750f998eb488f7516ea31,0.8,1.4525,5.81,0.25,-19.284657811702
https://hashdive.com/Analyze_User?user_address=0x20c428a14be129bcdcb7947fe04664ae05e735b2,0.58,0,5.8,0,-3.039339213141135
https://hashdive.com/Analyze_User?user_address=0xaebdc269257d4807c4bfe18a567a64a00c692c5d,0.869999,0.860695,5.759988,0.14942652658304148,0.09010056715423675
https://hashdive.com/Analyze_User?user_address=0x9badf7b0979910f0154124b10c848e3772754cd2,0.819999,1.255615,5.719989,0.21951353402952348,-0.289373814459178
https://hashdive.com/Analyze_User?user_address=0x19ed2a365da7c5356c066a5e0be99f1862dfab24,0.759964,0.000268,5.684526,0.00004714553157114595,-0.4995127536089069
https://hashdive.com/Analyze_User?user_address=0x622a3bfc493908041e9d626756167b8aa1453e3e,0.86,0.924651,5.679999,0.16279069767441862,0.20918191503944278
https://hashdive.com/Analyze_User?user_address=0xa1e31785d2f8a06acb7ab98ad8e3fc726702dd09,0.829925,0.00051,5.660081,0.00009010471758266358,-1.3707990499057172
https://hashdive.com/Analyze_User?user_address=0x7eb32da277405571e66318fac251551fcb2b2799,0.859999,0.914889,5.619989,0.16279195564261778,0.3867120996131467
https://hashdive.com/Analyze_User?user_address=0x71a338a30e5d298bd5b5f2dbbb51aab20da86392,0.56,0.1,5.6000000000000005,0.017857142857142856,0.8857263305353452
https://hashdive.com/Analyze_User?user_address=0x9aaa3708818b78a8175d361f4b2a51ce33eb0a97,0.759999,1.768428,5.599992,0.3157911654159506,-6.583270225668264
https://hashdive.com/Analyze_User?user_address=0xdde3c05391991051cb03941e502f58b74c73867d,0.879999,0.759551,5.56999,0.13636487677715758,0.10835864115274581
https://hashdive.com/Analyze_User?user_address=0x7168f732752b07f3c66ae24e029d5bbd818ed6d9,0.79,-0.07,5.53,-0.012658227848101266,0.005210913044382489
https://hashdive.com/Analyze_User?user_address=0x99213eaf395e5715d6206a8b6b9cb57973865440,0.79,-0.07,5.53,-0.012658227848101266,0.0035063384861029213
https://hashdive.com/Analyze_User?user_address=0x3d20bce6935b663da42bfed3a84e7a91f496ab65,0.869999,0.821845,5.499993,0.14942655381561396,-1.621035035336934
https://hashdive.com/Analyze_User?user_address=0x8612b60abc8c64a853aafa34e811d18575af7ce0,0.99,0.055555,5.499945,0.0101010101010101,0.027390295027242897
https://hashdive.com/Analyze_User?user_address=0xc7ac6bc7385f2e4b1114b937ea87e0da73107aef,0.72,-0.0759,5.4648,-0.013888888888888886,0.004499399558503828
https://hashdive.com/Analyze_User?user_address=0x44ca9e16db728e9289f4d926dad4cdcb768cfbbc,0.78,1.54,5.46,0.28205128205128205,-6.491184272431393
https://hashdive.com/Analyze_User?user_address=0x8c991dfb643e6d612cdd940c81ff789cc6b6a641,0.859999,0.885587,5.439991,0.16279199726617194,0.35099935273071253
https://hashdive.com/Analyze_User?user_address=0x38c67a5c5d7698677c66a434f20874e87102e124,0.789971,0.000198,5.410933,0.00003659258024447909,-0.4749316975179424
https://hashdive.com/Analyze_User?user_address=0x31a9f19c8b6c0eda98968a94f6a6cb0c5b355f54,0.769999,1.61598,5.409992,0.29870284466224717,0.2476287376382697
https://hashdive.com/Analyze_User?user_address=0x1fe5401d8603d5f7eb7c63c7152087c9e00ada52,0.54,0,5.4,0,-0.15978459405043385
https://hashdive.com/Analyze_User?user_address=0xb6a9a1eb67bda696129a0f1c8af07480067ccfe0,0.779943,-0.068706,5.397201,-0.012729931681254785,-0.13859226523725002
https://hashdive.com/Analyze_User?user_address=0xde2ffcdca65caf99813db86e8afb4f8df5d97434,0.77,-0.07,5.39,-0.01298701298701299,0.002871480296321077
https://hashdive.com/Analyze_User?user_address=0x3980230e31f9475a5671a502854e2684fbba2062,0.77,-0.07,5.39,-0.01298701298701299,0.00018224220051828567
https://hashdive.com/Analyze_User?user_address=0xa46d16fe7c631da3989e6aeb81a34544f463bffb,0.77,-0.07,5.39,-0.01298701298701299,0.0018486664260269426
https://hashdive.com/Analyze_User?user_address=0x34d7323ece10873681efedf474f922c5c636b4f5,0.829957,-0.064322,5.369816,-0.011978436505086953,-0.1916391364099524
https://hashdive.com/Analyze_User?user_address=0xbf38abc4ef590f9f0fe6025de7aaaa9eaf215193,0.849999,0.9353,5.299993,0.1764719311893431,13.636708423563988
https://hashdive.com/Analyze_User?user_address=0x467777c65eb8a96a9f70ffd7c5252710caef7c6f,0.849999,0.9353,5.299993,0.1764719311893431,-0.07509236516897769
https://hashdive.com/Analyze_User?user_address=0x24a606a0aef829d69c91d9a470ab175df3f65907,0.759928,-0.068701,5.266296,-0.013045411803666182,-0.08768963166052883
https://hashdive.com/Analyze_User?user_address=0xead43573be7cc68e3b6b88a5ee4e067464031040,0.75,-0.07,5.25,-0.013333333333333334,0.002689120253163802
https://hashdive.com/Analyze_User?user_address=0x11529bd13e1bc66eca6a57c69c239ed17ea00bca,0.75,1.743,5.25,0.332,-5.739523155656713
https://hashdive.com/Analyze_User?user_address=0x3f80fc50d64ce248c529b1950a8e0e88b673862f,0.819994,-0.573261,5.231554,-0.10957757484678549,0.06387575234505193
https://hashdive.com/Analyze_User?user_address=0x0c55f6880136677509b3b4b69b489ceddd185a12,0.869999,0.769545,5.149992,0.14942644571098362,-14.376533153767234
https://hashdive.com/Analyze_User?user_address=0x3d9393752902d6b1e63abd836035c5564adb17cb,0.869999,0.769545,5.149992,0.14942644571098362,0.20047177460769616
https://hashdive.com/Analyze_User?user_address=0x375f167956a8daa62477571d16e3a5e3bbe3d727,0.710198,0.142881,5.106283,0.027981410352696863,-1.1918986692676057
https://hashdive.com/Analyze_User?user_address=0x82ff556dd5b0894771845966d42da322f485c12a,0.72,-0.07,5.04,-0.01388888888888889,0.0021568141940354504
https://hashdive.com/Analyze_User?user_address=0x000379ab83f766f5336380fed2ba9beba12b6d2d,0.78993,0.000445,5.039591,0.00008830081647498775,-0.5302336245545014
https://hashdive.com/Analyze_User?user_address=0x8c40f5454e783cfc7e85f386cc8523ce980e7c1e,0.819999,1.104152,5.029992,0.21951366920663096,-3.682590277368422
https://hashdive.com/Analyze_User?user_address=0x8ff49b1c516a79e1e503ecac3962aa907fadeb67,0.8,1.25,5,0.25,-9.951719287819785
https://hashdive.com/Analyze_User?user_address=0x52a379738eda2307a9dae0dc4fc617eb19b7af2f,0.8,1.25,5,0.25,-6.522766626377797
https://hashdive.com/Analyze_User?user_address=0x57f6b91acc8364ba1ecb208450ca0b7c5dcd265f,0.8,1.25,5,0.25,-1.2435278012170952
https://hashdive.com/Analyze_User?user_address=0x4a7672a5e9ad98b68e5efff2e90786467be1f226,0.8,1.25,5,0.25,-0.5242936140834888
https://hashdive.com/Analyze_User?user_address=0x6d528dc46a0460b6d555606b2635365c9de0b63b,0.8,1.25,5,0.25,-14.280675401814833
https://hashdive.com/Analyze_User?user_address=0x4575a14b4cc96a7e8588d187f5fd6df005379099,0.8,1.25,5,0.25,5.0164777018863935
https://hashdive.com/Analyze_User?user_address=0x006732b2108185a003c84f5dfd02ed0068dcc9c7,0.8,1.25,5,0.25,-11.27188447484518
https://hashdive.com/Analyze_User?user_address=0x5a0b4f076539d1301f68c8940d08e2d1fdb5f974,0.75,1.666666,4.999998,0.33333333333333337,-18.37089289518086
https://hashdive.com/Analyze_User?user_address=0x9c96211f29c72ac187cf9dd3797afd0ba80f57d1,0.779969,1.41051,4.999996,0.2821022256817805,-0.5929855050463287
https://hashdive.com/Analyze_User?user_address=0x2347df15194431f420d9ac1dfda98e33a90690b1,0.99,0.050505,4.999995,0.0101010101010101,17.312354272331362
https://hashdive.com/Analyze_User?user_address=0x370fbab3e0922649d3feebe4dcd8ac314cc0fcaa,0.99,0,4.999995,0,0.8094914126758244
https://hashdive.com/Analyze_User?user_address=0x2d5071039df01c943d6952a7932fc18f23b65c2d,0.969999,0,4.999994,0,1.1010170806202277
https://hashdive.com/Analyze_User?user_address=0x76b29fa440b59c9d15fe6d8e1e41b729e6373fe3,0.978999,0.107257,4.999994,0.02145142574171089,0.13598593346471474
https://hashdive.com/Analyze_User?user_address=0x5d257444cde4d48a2269f3067da03750b1d8daa1,0.991999,0,4.999993,0,-6.240107186049213
https://hashdive.com/Analyze_User?user_address=0x429965d2d3cef70bdf04ea5dccf6445edfa57dd1,0.929999,0,4.999993,0,5.271713784336852
https://hashdive.com/Analyze_User?user_address=0x75945e7803c2cae43b88624185fc4c49425a583d,0.909999,0,4.999993,0,5.461225673592905
https://hashdive.com/Analyze_User?user_address=0x7db944f01b35ca3b10228a155d55c5723ebfa6a5,0.929999,0,4.999993,0,2.0774381180876347
https://hashdive.com/Analyze_User?user_address=0x355089f78198fcd3a2734e1aa3b3e75a2e3d54e2,0.779999,1.410262,4.999992,0.28205285128456203,-14.738489914652712
https://hashdive.com/Analyze_User?user_address=0x9963413fb0f25d9b6896ca4556aa011e834d14ac,0.779999,1.410262,4.999992,0.28205285128456203,-3.1723767679153854
https://hashdive.com/Analyze_User?user_address=0xd166aebcea295f6978b281b8f499b449b767202e,0.779999,0,4.999992,0,1.828984399736266
https://hashdive.com/Analyze_User?user_address=0xc2e6155f2ae196acfcf73a01687946e7fecf5a80,0.779999,0,4.999992,0,4.164323272770471
https://hashdive.com/Analyze_User?user_address=0x160d3d1274cb40d310fcc33d67f2986ea48c77c0,0.789999,0,4.999992,0,6.093593421648123
https://hashdive.com/Analyze_User?user_address=0xb99a098832da2dde8ab373238ac8074df37b9d79,0.779999,1.410262,4.999992,0.28205285128456203,0.7298052501446249
https://hashdive.com/Analyze_User?user_address=0x7a066acd5e9cafe1fb80294d03f4fdd0815b6e7e,0.779999,0,4.999992,0,6.190568495507643
https://hashdive.com/Analyze_User?user_address=0x50d85250018cd4fc779d2499575beda24dd969a2,0.779999,0,4.999992,0,3.4597197467584673
https://hashdive.com/Analyze_User?user_address=0xe6e4593fbcee868179bf26ba409dc5ed36b6c6b6,0.729999,1.849321,4.999992,0.3698647917836669,-1.8177881051640403
https://hashdive.com/Analyze_User?user_address=0x41a2b4622e0f77647b4d63795f62f734b467bdcd,0.779999,1.410262,4.999992,0.28205285128456203,-0.09036234183289624
https://hashdive.com/Analyze_User?user_address=0x24cb818fd6dd69770aff3558ac8c362ea37fa1f1,0.785022,1.369246,4.999992,0.27384963815942104,-37.4447869473724
https://hashdive.com/Analyze_User?user_address=0x2e485c329b11c794ed4b44cca1f8a4393bcf3146,0.779999,1.410262,4.999992,0.28205285128456203,-1.0801038119020714
https://hashdive.com/Analyze_User?user_address=0x7096a7c6ba4c3edae559c397a071d0ba27ace019,0.729999,1.162806,4.999992,0.23256157209851536,-4.338483080930961
https://hashdive.com/Analyze_User?user_address=0x8723b0e7b7fedac58c77909ee7cac9c66cc48ef5,0.749999,1.666672,4.999992,0.3333349333358933,-5.913897567846627
https://hashdive.com/Analyze_User?user_address=0xc351949d0d63dbafa04b5fb3f1a3eb654a7aa82e,0.759999,1.578953,4.999992,0.3157911052657684,-2.1729916550615105
https://hashdive.com/Analyze_User?user_address=0x8755513f6a48bca95bfc3a906678563fff9a9d5c,0.779999,1.410262,4.999992,0.28205285128456203,-2.47490675905143
https://hashdive.com/Analyze_User?user_address=0x0f1eb62e57c5cc4c428d86bbdf0148131a6464b3,0.749999,1.658346,4.999992,0.33166973067156913,-0.41269034643056457
https://hashdive.com/Analyze_User?user_address=0x98b7c5a4ef214a00c134bcbe6a8ad6e92c4a23ce,0.759999,1.578953,4.999992,0.3157911052657684,2.48835195201143
https://hashdive.com/Analyze_User?user_address=0xfeb3d1844b219c4e08ef1620996b8b7b07eab1c8,0.779999,1.410262,4.999992,0.28205285128456203,6.739214831442842
https://hashdive.com/Analyze_User?user_address=0x80d1a0d1a5a66ea002b8e1dbd381d90f61e2f6c4,0.96,0.208333,4.999992,0.041666666666666664,-13.705137157099713
https://hashdive.com/Analyze_User?user_address=0x1044c82d81ed7b2d62f4117aa27fe0c666130cbb,0.769999,1.486216,4.999992,0.29724367558988096,3.725192459875059
https://hashdive.com/Analyze_User?user_address=0x8a1bb964bd5e51dbd55fa4a190d5b9a52eaa0d57,0.779999,1.410262,4.999992,0.28205285128456203,-1.2864302677031478
https://hashdive.com/Analyze_User?user_address=0x7504ae564c4236f565b9024882e7f0c2e0e4ca92,0.779999,1.410262,4.999992,0.28205285128456203,-0.3713382690908395
https://hashdive.com/Analyze_User?user_address=0x24d279efdf1141cd442c3a05f499bb7dc3502d63,0.779999,1.410262,4.999992,0.28205285128456203,-5.2505852253292575
https://hashdive.com/Analyze_User?user_address=0xcac7693961e6b9f9abf25feae64882c0489f810c,0.779999,1.410262,4.999992,0.28205285128456203,-0.14366630308753703
https://hashdive.com/Analyze_User?user_address=0xfff2af2aa6713b0ac45d7c89ca38576f2d296117,0.789999,1.329119,4.999992,0.2658242253187605,6.98185295633753
https://hashdive.com/Analyze_User?user_address=0xd3dc5ab222257c9d714a3ba9a6d3449649b3e441,0.599999,0,4.999990866668,0,4.344880516991353
https://hashdive.com/Analyze_User?user_address=0x7eba00dd2ee90397dac8638f9fd2a29c53ed73f2,0.599999,0,4.999990866668,0,0.2905871032008111
https://hashdive.com/Analyze_User?user_address=0x2bfa9775e3996fbbba1b763a5cac450d4bf3cd7f,0.599999,0,4.999990866668,0,-3.8777292578741807
https://hashdive.com/Analyze_User?user_address=0x68253a01c2fa2c3b8006366198cdc4660c779edc,0.589999,0,4.999990775425,0,1.0092975595150997
https://hashdive.com/Analyze_User?user_address=0x0dc4a0e5fca0dcf68f6efd36fcfe7cf74cd6bb0a,0.589999,0,4.999990775425,0,-0.7762497141820648
https://hashdive.com/Analyze_User?user_address=0xf3db03704c01054aa9b3e06861bb997858fea3c7,0.589999,0,4.999990775425,0,0.19161747902621842
https://hashdive.com/Analyze_User?user_address=0xe57226f9f085c6308de3328351a60c13828be55f,0.589999,0,4.999990775425,0,-2.043720748211139
https://hashdive.com/Analyze_User?user_address=0x8c94ac1a9abd1dbe55adaca8fc4e6093dbb8daa9,0.589999,0,4.999990775425,0,-4.4606113444177815
https://hashdive.com/Analyze_User?user_address=0x99f9e5aafbf62f21ae561b5ce14b362da764bc62,0.589999,0,4.999990775425,0,-0.29987783411617186
https://hashdive.com/Analyze_User?user_address=0xb3d205ba9bff8bd37e7e49b723fc260f599241af,0.789999,1.329119,4.99999,0.26582433164866326,-2.2930433931124297
https://hashdive.com/Analyze_User?user_address=0x4ede885d1f4ec383a7b0bb10bef060bc372eafac,0.789999,0,4.99999,0,5.7796492450503
https://hashdive.com/Analyze_User?user_address=0xeaab3e55f0221dfe0d8018e17656a9015688e0d2,0.789999,0,4.99999,0,5.188327525974521
https://hashdive.com/Analyze_User?user_address=0xeec401be668d3965ded76bb438a9e5163ad6ae94,0.789999,1.329119,4.99999,0.26582433164866326,-0.5081865325540307
https://hashdive.com/Analyze_User?user_address=0xa9dedd015d48ffcfbc432ba6e24ddef2ee8102ac,0.789999,1.329119,4.99999,0.26582433164866326,4.781002948864541
https://hashdive.com/Analyze_User?user_address=0xf2a778863c7797c281934fc206cf704d7ecea52f,0.789999,1.329119,4.99999,0.26582433164866326,2.0783436060342506
https://hashdive.com/Analyze_User?user_address=0x2347df15194431f420d9ac1dfda98e33a90690b1,0.789999,1.329119,4.99999,0.26582433164866326,17.312354272331362
https://hashdive.com/Analyze_User?user_address=0x20bc9eefb04db380fd236291ae1768a3bc3d7d76,0.789999,0,4.99999,0,-0.697297557799404
https://hashdive.com/Analyze_User?user_address=0x966b1f427dfefd5c54961a0d92af05e21c2a9d9e,0.789999,0,4.99999,0,4.62304240908061
https://hashdive.com/Analyze_User?user_address=0x77890093a80e15f6867d1119dccd83dfccca6f26,0.789999,1.329119,4.99999,0.26582433164866326,-3.7376113125572874
https://hashdive.com/Analyze_User?user_address=0xb989aff20aaf9358517f48a6fb293d60bb2c1404,0.789999,1.329119,4.99999,0.26582433164866326,5.277386644709232
https://hashdive.com/Analyze_User?user_address=0x8a13e2b88ec45a0713d3a27e837ed3863dd399a8,0.789999,1.329119,4.99999,0.26582433164866326,-0.878619513827119
https://hashdive.com/Analyze_User?user_address=0x2fc186d9f5f8858229a47b9b20607b5c2c1a422b,0.789999,1.329119,4.99999,0.26582433164866326,4.718219081291285
https://hashdive.com/Analyze_User?user_address=0x04ff64788533b058da9f6103ac0f950172b5fdd7,0.789999,1.329119,4.99999,0.26582433164866326,7.709955732698257
https://hashdive.com/Analyze_User?user_address=0xef16146a5612d4d2f3c618f0a99bb71f3b51e83a,0.789999,0,4.99999,0,8.016920799809732
https://hashdive.com/Analyze_User?user_address=0x0abe026bf217c98bc0729933eb5a87fe96b1aac6,0.789999,0,4.99999,0,2.8018385793389715
https://hashdive.com/Analyze_User?user_address=0xa1ac031ae9488f76a2f84c1c035578abca9d3e2f,0.789999,0,4.99999,0,0.5556092345203003
https://hashdive.com/Analyze_User?user_address=0x59e527ccae6cd3be19ae8ab0112759f08908a641,0.789999,1.329119,4.99999,0.26582433164866326,1.4736070316064827
https://hashdive.com/Analyze_User?user_address=0xe66a95b9e4c6df2e687bad3d0ecdfb8e5bf3e24b,0.789999,1.329119,4.99999,0.26582433164866326,-1.290001321738132
https://hashdive.com/Analyze_User?user_address=0x4ce892831b76054ce9cd8b20e273225a8ef3f5b0,0.789999,1.329119,4.99999,0.26582433164866326,-0.43897614785992045
https://hashdive.com/Analyze_User?user_address=0xbf51d516b76692a9ec425c57128222359bccaf8d,0.789999,1.329119,4.99999,0.26582433164866326,-1.0380162152215957
https://hashdive.com/Analyze_User?user_address=0x6e8f7d404a1c983e0d9b49ac6b556f9485abdbb8,0.789999,1.329119,4.99999,0.26582433164866326,4.488007727150499
https://hashdive.com/Analyze_User?user_address=0x9eaee7498051522c453161ae41a21c1441f41326,0.789999,1.329119,4.99999,0.26582433164866326,-1.4734025641523785
https://hashdive.com/Analyze_User?user_address=0x259ea8671d62f936c49992c30c47b665ecda5649,0.789999,1.329119,4.99999,0.26582433164866326,0.048609953986309615
https://hashdive.com/Analyze_User?user_address=0x7e78c33e5c01caaf4d93de3cc3d2c6c9a5959e4f,0.789999,1.329119,4.99999,0.26582433164866326,1.31951390652497
https://hashdive.com/Analyze_User?user_address=0xe44eabfa643c01c4c75fd648bcfa2a3bdc5b0983,0.569999,0,4.999989618073,0,-6.892046818831865
https://hashdive.com/Analyze_User?user_address=0x48c6709b7681775677eb4e0a9e0f3bce67a17b3d,0.569999,0,4.999989618073,0,7.253833770867269
https://hashdive.com/Analyze_User?user_address=0x6fc7bce79c474088a57ca9c361b337853f8f8ef2,0.819999,1.097565,4.999989,0.2195134829296624,-5.020339022036282
https://hashdive.com/Analyze_User?user_address=0x795e7088c05dd2b2ab6d88a8fbf40df9e61dadd3,0.819999,1.097565,4.999989,0.2195134829296624,-5.682269029402459
https://hashdive.com/Analyze_User?user_address=0x60e5f37f683b761110cb0c9d3b488cc5cc60b313,0.849999,0.882357,4.999988,0.17647182353237648,5.5560045159906934
https://hashdive.com/Analyze_User?user_address=0xc174d86436152cc50b6a86d7f1b727d024c366f2,0.958999,0.213769,4.999987,0.042753911160169016,-7.624260019405799
https://hashdive.com/Analyze_User?user_address=0x7cbe5bec37f1cf87e3ad72dd370b23caee0b796b,0.978999,0,4.999981,0,0.5076149267939454
https://hashdive.com/Analyze_User?user_address=0x1a5b24750e45aa6d54b4a2b73e4349050aead8e6,0.98,0.10204,4.99996,0.020408163265306124,0.11283044962902715
https://hashdive.com/Analyze_User?user_address=0x9f78c8998ea49e4ebf309624cd0d5176e05f5021,0.8,1.2325,4.93,0.25,0.10044803813620112
https://hashdive.com/Analyze_User?user_address=0xb9aa97d341b98a635c51a1c1754f60673679a7c5,0.8,1.23,4.92,0.25,0.018944344248080114
https://hashdive.com/Analyze_User?user_address=0x1515a80939d97e227af57386fd23534edd8c64c1,0.789999,1.305195,4.909992,0.2658242620354575,-0.08642012845596878
https://hashdive.com/Analyze_User?user_address=0x06db284324d3e2d9df39a94600114909205cdc01,0.8,1.225,4.9,0.25,0.11267741003631554
https://hashdive.com/Analyze_User?user_address=0x45cc81a74696b0d7d5aa6bf350846b9aa55c4b16,0.819999,1.075614,4.89999,0.2195135092112433,-0.4122977884184279
https://hashdive.com/Analyze_User?user_address=0xa72f30bea3c394100e3d67744bd44291bb128a80,0.8,1.2225,4.89,0.25,-0.003440642219398755
https://hashdive.com/Analyze_User?user_address=0x6ff39b17f9af9937f0683f9527fe501ffce608aa,0.849999,0.861181,4.879991,0.17647184185380668,0.23070883368274975
https://hashdive.com/Analyze_User?user_address=0xc28811f5ba74d81cc972c11ff79071761804b345,0.8,1.21,4.84,0.25,-10.207804399817388
https://hashdive.com/Analyze_User?user_address=0x97aa5dd9b1bfe3e6e9aed7890341edcb23ab24b8,0.8,1.205,4.82,0.25,-0.08927788467947059
https://hashdive.com/Analyze_User?user_address=0x7c78e1a1478f5a36d5e6f3ce5e1cb3f212799e4f,0.789893,-0.059951,4.794643,-0.01250374636860346,-0.5318742626104164
https://hashdive.com/Analyze_User?user_address=0x377dd54057572b35146d20e9362b910d01677147,0.789999,1.270637,4.77999,0.2658241962849295,-0.5560833369046762
https://hashdive.com/Analyze_User?user_address=0xc9d3d8b36625e6eee5185b52634127711eac2c90,0.8,1.1925,4.77,0.25,-0.10203821012550907
https://hashdive.com/Analyze_User?user_address=0x85e911a024512a0928d6b05dca5f1e14ce5305ec,0.8,1.185,4.74,0.25,0.08112422851803375
https://hashdive.com/Analyze_User?user_address=0x572f089922957d12632de461e841fac38ce937b2,0.789999,1.254689,4.719993,0.2658243349089713,-0.06953569197212353
https://hashdive.com/Analyze_User?user_address=0x81b8f1f8d66f4caf0f6a0ff804ef12752dc9362f,0.78993,0.000415,4.684285,0.00008859409707137802,-0.6404596571597431
https://hashdive.com/Analyze_User?user_address=0xcf9491f85ff6b0e51110d31cd6fbaff585dd4477,0.75,1.56,4.68,0.33333333333333337,0.894241932880026
https://hashdive.com/Analyze_User?user_address=0xcff5c9d9b7184de9bda5eb656a6cf5450477cd6c,0.789999,1.244056,4.679993,0.26582432922442406,-0.04784718554005283
https://hashdive.com/Analyze_User?user_address=0x0ee89812df622e40fca5636602186f469c69e045,0.8,1.1625,4.65,0.25,0.09976524263753604
https://hashdive.com/Analyze_User?user_address=0xf3a1191d7c101f4db56131b81ae3decff99f8811,0.8,1.1575,4.63,0.25,0.018948169083482534
https://hashdive.com/Analyze_User?user_address=0xc9a69fbad3ea4e4f632c246f825dba11bfd62236,0.46,5.4,4.6,1.173913043478261,-0.7962311501992716
https://hashdive.com/Analyze_User?user_address=0x938cbd13df080935c8a68a442a5d8aed60c293ca,0.8,1.145,4.58,0.25,-0.1017530736467493
https://hashdive.com/Analyze_User?user_address=0x7d9ad4f27a7181f588c40ea6103a4462e0e5b472,0.789999,1.212157,4.559993,0.2658243115724081,-0.04914793410026149
https://hashdive.com/Analyze_User?user_address=0x95ce2ba985fdd2b1b19228ff2a187238bb61395d,0.749923,-0.181034,4.54453,-0.03983558255749219,-0.18002707681752772
https://hashdive.com/Analyze_User?user_address=0xe1433fe1604431cd3a9635fe5926110c25726a12,0.869999,0.678395,4.539989,0.14942657350050847,0.3364855600513801
https://hashdive.com/Analyze_User?user_address=0xe105bf55d11bf8b10c066bc65aef638ec4ce0720,0.789999,1.204182,4.529993,0.2658242518255547,0.049055005485622485
https://hashdive.com/Analyze_User?user_address=0xc29d4bbf91836fcc8facc5dbea91328a885340e9,0.789999,1.204182,4.529993,0.2658242518255547,-0.10169120409730699
https://hashdive.com/Analyze_User?user_address=0xf42363a93e40fb35c3837039fc1ec525d83cd1ec,0.829925,0.000406,4.506487,0.00009009234909587003,0.018466970513905955
https://hashdive.com/Analyze_User?user_address=0x11799f360083cda046e7cd998ce556664703710b,0.728571,1.676471,4.499994,0.37254960784392155,-2.343396695240999
https://hashdive.com/Analyze_User?user_address=0x990b8d215e478b4f0115ab239bf8b1fbef78a6ad,0.8,1.1225,4.49,0.25,-0.003562496562703628
https://hashdive.com/Analyze_User?user_address=0x98414460caec44078c39aa092a2e8f15a8f667a3,0.8,1.115,4.46,0.25,-0.10007178183976605
https://hashdive.com/Analyze_User?user_address=0x3a8ebbb248fc7b75d3c82a1c625d25cf05ae50fa,0.868318,0.676365,4.459992,0.15165161731231805,0.4038356826817843
https://hashdive.com/Analyze_User?user_address=0x891d9287fe181a13b87c23bdfbef1741863c0739,0.8,1.11,4.44,0.25,-0.06979302882293553
https://hashdive.com/Analyze_User?user_address=0x45aee20251d0b2c248adc0b51ee8ed7fb04af47f,0.759999,1.40211,4.439993,0.31579103840929473,0.014690210547845752
https://hashdive.com/Analyze_User?user_address=0xb2b1a5e0e349712219562d5b949e09d600bdc0be,0.739934,-0.059305,4.4248,-0.0134028656662448,-0.14825872229686293
https://hashdive.com/Analyze_User?user_address=0xcc9036a3d121e4026d552aac3bfc6a198bd1cbab,0.85,0.78,4.42,0.17647058823529413,-0.127516762028792
https://hashdive.com/Analyze_User?user_address=0x9ddbbf72a50804f7a2ef37c81cf27391f4321fe0,0.8,1.105,4.42,0.25,-0.09702814047563935
https://hashdive.com/Analyze_User?user_address=0x0601a27e5f9619dee6f4d4bf97b29c35d209871a,0.749911,0.000521,4.401972,0.00011835604588125504,-0.04322870641911624
https://hashdive.com/Analyze_User?user_address=0xcce97675b22c09e1814052410d530e769948caa8,0.759944,0.000323,4.39247,0.00007353493592443431,0.11103285652561726
https://hashdive.com/Analyze_User?user_address=0xc288dbd651dbcf41e7aac3b523b7e6edc5023480,0.73,1.62,4.38,0.36986301369863017,0.06167719249336603
https://hashdive.com/Analyze_User?user_address=0x4e4d805f17e6c88fab0c9cd0f134f9e8fe94eed7,0.839933,-0.571651,4.376042,-0.1306319729106805,-0.5437044675511518
https://hashdive.com/Analyze_User?user_address=0xcdd754c2c102283ba08f298c56d7d1c9c6612d75,0.719932,0.000412,4.369984,0.000094279521389552,-1.772865348616898
https://hashdive.com/Analyze_User?user_address=0xb9beb6e3509f06692294197a2f43ffeb5a1bf9cc,0.829925,0.00039,4.331777,0.00009003233545955852,-0.8837724932371555
https://hashdive.com/Analyze_User?user_address=0xddf0619e33904f0ecdbc42b750a319b9079dfed6,0.8,1.0775,4.31,0.25,-0.022874099450021345
https://hashdive.com/Analyze_User?user_address=0x281f4ba84c9186b5f777e2603e9f52e47c0a7393,0.8,1.0775,4.31,0.25,-0.04733584044503757
https://hashdive.com/Analyze_User?user_address=0xd307ee63d7f08580a4105a3f1e076d411f552d75,0.8,1.0775,4.31,0.25,-0.048054674290808674
https://hashdive.com/Analyze_User?user_address=0x24a22bc4fc83b37e6e224af63f120f97bb261487,0.759941,0.000333,4.308758,0.00007728445180722613,-2.6396257009480517
https://hashdive.com/Analyze_User?user_address=0x899b8ff530735dfb38cb707be992ab4717ffca0e,0.749919,0.000464,4.30453,0.00010779341763212245,0.018910177565860834
https://hashdive.com/Analyze_User?user_address=0xf53987a0c5cb05ad491c8d324a18381bf6cd8901,0.869999,0.642532,4.29999,0.1494263940148698,0.3498321907200541
https://hashdive.com/Analyze_User?user_address=0xaeda9fb8692816d5133217208aecea6509902d03,0.8,1.0625,4.25,0.25,-0.025813885167127334
https://hashdive.com/Analyze_User?user_address=0x030f9fcf90ea6d1df234b832739d85e7b6cc5acd,0.8,1.055,4.22,0.25,-0.08224247558275605
https://hashdive.com/Analyze_User?user_address=0x28bf7db6c2690027ae34fc1052587119e98be7fe,0.869999,0.62759,4.199993,0.14942643952025633,0.6146617937361061
https://hashdive.com/Analyze_User?user_address=0xb1121865c7374b1d8254c1e822352a14487e7db2,0.8,1.0475,4.19,0.25,0.030983093504983454
https://hashdive.com/Analyze_User?user_address=0x235ca1f440b8517324422320f7916eac384d8c1a,0.839999,0.794289,4.169991,0.19047738951954576,0.1277568321495082
https://hashdive.com/Analyze_User?user_address=0xb613d074c8bc6e0a7f5c1eae5a99d08b32c48bf5,0.789999,1.08722,4.089994,0.2658243508425685,-0.0626937380948305
https://hashdive.com/Analyze_User?user_address=0x1eadb7f3bdf655616509aef4aef5db2c988a02e8,0.789999,1.081903,4.069993,0.2658242901154867,0.05888751016922045
https://hashdive.com/Analyze_User?user_address=0x7e1d6afc6d4f9034e1b7f7eb02e4955c9318e754,0.789999,1.081903,4.069993,0.2658242901154867,0.014152087947677873
https://hashdive.com/Analyze_User?user_address=0x566fd7f2e05e2f0a895c1c219a42ca8ed5ff450b,0.8,1.015,4.06,0.25,-0.02974096432246244
https://hashdive.com/Analyze_User?user_address=0xbc58f7d24bdb9d05ad592e1ac6d678502876516c,0.759918,0.000434,4.035159,0.00010755462176335553,-0.4188834271120772
https://hashdive.com/Analyze_User?user_address=0xa3b469eec6ba2d3db54aa68541141a70f78cf0b7,0.8,1.005,4.02,0.25,-0.01810696894054358
https://hashdive.com/Analyze_User?user_address=0x4379d35de3099a7e47decc3a2e2616913ecfb299,0.778496,1.143801,4.019994,0.2845280366090099,0.1831570726966424
https://hashdive.com/Analyze_User?user_address=0xe1799236d7bfa6a4a103fdf8840b97d5029eae68,0.6,0,3.999999,0,3.6442478572134385
https://hashdive.com/Analyze_User?user_address=0x113b62be9a152fec78a29dc84c1436b4ed9a84c9,0.77,1.194804,3.999996,0.2987012987012987,-0.004395306042536239
https://hashdive.com/Analyze_User?user_address=0xaf839b903448617b2d8f916573dc00b334a1caf7,0.91,0.395604,3.999996,0.09890109890109891,-0.46425964086928007
https://hashdive.com/Analyze_User?user_address=0xfdc615e3c9ee2ddbc19eb7c24523d138d1c52dfc,0.929999,0,3.999995,0,-30.582956896065422
https://hashdive.com/Analyze_User?user_address=0x97f5dcef3262378b2e6b3ff8e933e494a1944eb4,0.803478,0.978355,3.999995,0.24458905573631964,5.785813407143649
https://hashdive.com/Analyze_User?user_address=0xfa2704b689e7f3d591c7fcb743540e40f6b35f95,0.95,0,3.999994,0,-7.02794828383594
https://hashdive.com/Analyze_User?user_address=0x7601bc7d9f156006cc0ae6891b1f17a88949dfb2,0.789999,0,3.999994,0,0.48049861394245597
https://hashdive.com/Analyze_User?user_address=0xa7571d59cd2272e9cefdd5df9cb01c53d8af37e9,0.759999,1.263162,3.999993,0.3157910526343421,3.724355823917657
https://hashdive.com/Analyze_User?user_address=0x8d5ee815550927cfa8ad82ce94c553ea77482fe2,0.759999,1.263162,3.999992,0.31579113158226313,-5.068232274461327
https://hashdive.com/Analyze_User?user_address=0x4290a47dcb7ce94769552aeac614326013537eb0,0.671824,1.946697,3.999992,0.48667522335044666,-0.5117743341898705
https://hashdive.com/Analyze_User?user_address=0x8f4885a8eb32569a2e8445aeb238db204c79fdcf,0.819999,0,3.999991,0,-10.636791361888392
https://hashdive.com/Analyze_User?user_address=0x0cd70d429063353fcec11d8a8f2007be430ecf6d,0.789999,1.057979,3.979994,0.26582427008683934,-0.034987883865840334
https://hashdive.com/Analyze_User?user_address=0x1652402f24f916610787c8e74e6a76e03322933c,0.819959,0.000198,3.976355,0.00004979434683271488,-0.40586570297620606
https://hashdive.com/Analyze_User?user_address=0xa9e5bd9f075d88de0734c6a85e495ecc3fe0e1c4,0.8,0.9875,3.95,0.25,-0.03713792289323872
https://hashdive.com/Analyze_User?user_address=0xf5fc2a145c78a9b913bcd6b1f403fa3bf7dbdcb4,0.8,0.9825,3.93,0.25,-0.04277192219555155
https://hashdive.com/Analyze_User?user_address=0x0bfbbe395d46a4019727f6b73d5db7769a635988,0.78,1.1,3.9,0.2820512820512821,-0.11828347377713042
https://hashdive.com/Analyze_User?user_address=0x2ed433527c123c828104f882e9d72a957bdadb8d,0.789999,1.02608,3.859994,0.2658242473952032,0.0369198129587137
https://hashdive.com/Analyze_User?user_address=0xd7c2281125eaaf0c94e39ff8156b84c73c237188,0.8,0.9525,3.81,0.25,-0.03309455194835302
https://hashdive.com/Analyze_User?user_address=0xbb3dcd4ba3c8f35678517cdc22318a433bc79b08,0.749989,0.000055,3.80244,0.000014464396545376128,0.07039806052978317
https://hashdive.com/Analyze_User?user_address=0xdff90f700886252d82dc7a0a563df51c8f551a41,0.76,1.2,3.8,0.3157894736842105,-2.42872251497613
https://hashdive.com/Analyze_User?user_address=0x07e587fab3f2b9df5656d9741415d0363cd7369e,0.789999,1.010131,3.799994,0.2658243670911059,-0.05309288563352523
https://hashdive.com/Analyze_User?user_address=0x5126c48dd31c257537d697b1834232e3b65bd34b,0.8,0.945,3.78,0.25,-0.049030876102451666
https://hashdive.com/Analyze_User?user_address=0xa4a3ba3f6c56ceff2e3b9d8a83dd801f25fb7351,0.8,0.9425,3.77,0.25,-0.08811661221897553
https://hashdive.com/Analyze_User?user_address=0x8a5a192afaa29f2373ab69cd907784f237ccabbe,0.789999,1.002156,3.769994,0.2658242957415847,0.010230347317159785
https://hashdive.com/Analyze_User?user_address=0x6071958b29f4da235c984d6f9d6aa35a2c18c93b,0.8,0.9375,3.75,0.25,0.08361198735862216
https://hashdive.com/Analyze_User?user_address=0xf97029eb141e01dd0a0a8bf44b46cb3863501085,0.75,1.25,3.75,0.3333333333333333,0.762551000965141
https://hashdive.com/Analyze_User?user_address=0x8495c2a0d6b76145f0a8514f0629f2ef4cb0df87,0.75,0.25,3.75,0.06666666666666667,-11.798388439334122
https://hashdive.com/Analyze_User?user_address=0x9bcc6e51c29fee702190175f22af48a755b9588a,0.8,0.9375,3.75,0.25,-0.03054443204861792
https://hashdive.com/Analyze_User?user_address=0x74b5f8aa92a3313dc84917418c69c33fee59f04e,0.779911,-0.047473,3.743567,-0.012681220878376158,-1.0499316947415906
https://hashdive.com/Analyze_User?user_address=0x94aee61044e7ed39bfd156edc87b210caa38d7a1,0.75,1.246666,3.739998,0.33333333333333337,-0.761463141373836
https://hashdive.com/Analyze_User?user_address=0x1c4c8befbba6a47f802b7d15505680ac343ab814,0.83,-0.417803,3.7018,-0.11286482251877465,-1.2452432065981989
https://hashdive.com/Analyze_User?user_address=0x617af91f3de153a22e5e74988ced9f7d27d3aa05,0.8,0.925,3.7,0.25,-0.03873790950338052
https://hashdive.com/Analyze_User?user_address=0x405f24839c09eb07154beb0253da441c21653897,0.74,1.3,3.7,0.35135135135135137,-3.4698250381048905
https://hashdive.com/Analyze_User?user_address=0xd1f559a59dc2c5e035c509ed541fff9d4213facf,0.74,1.299799,3.699429,0.35135124907114046,3.946866583485295
https://hashdive.com/Analyze_User?user_address=0xf40edc104b1f3c0bac5bd4891f1c39617c93d742,0.8,0.9225,3.69,0.25,-0.009656659295035478
https://hashdive.com/Analyze_User?user_address=0x827a3ecf5834ad17d074fa166e5d76a2ab3fd6ef,0.8,0.915,3.66,0.25,-0.03124903086384412
https://hashdive.com/Analyze_User?user_address=0xefe3d3b9c8d8324b3e9eaf54d13b770c4bd997c2,0.73,1.35,3.65,0.36986301369863017,3.937258306880209
https://hashdive.com/Analyze_User?user_address=0x081de0b5794cce23bca72decb6dd325e7266d971,0.8,0.9025,3.61,0.25,-0.019528281746371508
https://hashdive.com/Analyze_User?user_address=0x0c3da82e4fb92f3857eac3c6bfccb29f4cd85e31,0.72,1.4,3.6,0.38888888888888884,-1.0304372958469752
https://hashdive.com/Analyze_User?user_address=0x9024c19377e4c20aa0d643e075c506d0cba639ec,0.789999,0.948991,3.569994,0.26582425628726547,-0.01563044396058154
https://hashdive.com/Analyze_User?user_address=0x3bf1492ac580848f6fc879771cdf359dc5c440fc,0.8,0.89,3.56,0.25,-0.12653947052974623
https://hashdive.com/Analyze_User?user_address=0xec96b3a7467075761694d8b9731113289fc3fd7b,0.8,0.8875,3.55,0.25,-0.05936561001079539
https://hashdive.com/Analyze_User?user_address=0x8ebf6b74026d1b17768b70bdf92e5bdfd150866e,0.71,1.45,3.55,0.4084507042253521,0.8833900128906544
https://hashdive.com/Analyze_User?user_address=0x7cf99b5c614f93cdce058c2e5af4c14a357cd822,0.749933,0.000316,3.547178,0.00008908490072953767,0.06152031103914915
https://hashdive.com/Analyze_User?user_address=0x6a19abc14763860dec664e578c484f5f3362acde,0.789999,0.938358,3.529994,0.2658242478599114,-0.04119729537477251
https://hashdive.com/Analyze_User?user_address=0x0a12e324309f113097d6fd27f87961daf83807b1,0.8,0.88,3.52,0.25,-0.034074838463248006
https://hashdive.com/Analyze_User?user_address=0x674fd0efb62632fad2cdaaff83530117864618ac,0.789999,0.933042,3.509994,0.2658243860245915,-0.04685426906261762
https://hashdive.com/Analyze_User?user_address=0x74c6ea750edaebaa164aa2e69f37e1c093ffb7c0,0.769999,0,3.499993,0,-30.958207068306727
https://hashdive.com/Analyze_User?user_address=0x17475eb719b7adb74d56b6ee75b3415656da4d64,0.99,0.035353,3.499947,0.010101010101010102,1.3485653024919366
https://hashdive.com/Analyze_User?user_address=0x358da84f347ca89101621843c97f8d0bf10ec73c,0.789978,0.000097,3.491696,0.000027780196214103405,-1.1627101813451017
https://hashdive.com/Analyze_User?user_address=0x353ab59d20f2db8d5b61b9c453bee67f59b13a0b,0.769976,-0.044792,3.464887,-0.012927405713375357,-0.10243956960522
https://hashdive.com/Analyze_User?user_address=0xff8ba495292c593d7ad101048df11324971e56a8,0.86,0.563255,3.459995,0.1627906976744186,0.6279505572398804
https://hashdive.com/Analyze_User?user_address=0xc58a56d40bc1554ec5903089ce781302be6f2780,0.8,0.8625,3.45,0.25,0.014668262742975509
https://hashdive.com/Analyze_User?user_address=0xbd826ec50c82ca68491281fae9be0da9c585061f,0.8,0.86,3.44,0.25,0.05395685456560308
https://hashdive.com/Analyze_User?user_address=0x6da662aa74eee804c7404a5c56a7b2d5ea87b3b6,0.8,0.845,3.38,0.25,-0.06508107197417512
https://hashdive.com/Analyze_User?user_address=0xf091e20ce1198c1bb45247801d0e203c073c92ca,0.789999,0.898485,3.379995,0.26582435772833984,0.3927577570094254
https://hashdive.com/Analyze_User?user_address=0x9173118cb8a80f35bab76b4f8af510473c9d166e,0.8,0.84,3.36,0.25,-0.055756757494494276
https://hashdive.com/Analyze_User?user_address=0xde90be8e8660ef985d193482f91126e5ad765d6e,0.8,0.8375,3.35,0.25,-0.059939151399524555
https://hashdive.com/Analyze_User?user_address=0xb3005e73923bcfbbed13b1fa78a06071e8481b28,0.789999,0.887852,3.339995,0.26582435003645216,-1.8317041366921512
https://hashdive.com/Analyze_User?user_address=0xd4047f944594210b88d860eba6f7ee74f1c835d1,0.749955,0.000198,3.307298,0.00005986760189133244,0.03224889472291657
https://hashdive.com/Analyze_User?user_address=0xfb64ab5c295023a5d5fe0eb42c4d45b2f52f625a,0.759903,0.000419,3.290328,0.00012734292751360958,-1.4947519280871906
https://hashdive.com/Analyze_User?user_address=0x52540fccea2fe646ae0d12a320ccb49de395a27f,0.749859,0.044316,3.284378,0.013492965791391857,0.07821615524398237
https://hashdive.com/Analyze_User?user_address=0x68b95f01adb8f1b1bda27609c356c67996d2159b,0.759999,1.035793,3.279994,0.31579112644718255,-0.37368401161741055
https://hashdive.com/Analyze_User?user_address=0xf3e1c528eac6d174ee761ee5e550155eeb102008,0.789999,0.871902,3.279993,0.26582434779586417,-0.00473311120954175
https://hashdive.com/Analyze_User?user_address=0xb109bdf00cab884e0a417da141b01dc25c388034,0.759984,0.000068,3.275526,0.000020760024496828907,-0.6456033595689553
https://hashdive.com/Analyze_User?user_address=0xe09179e948a6fc7fb56e63969cd789966c2decbb,0.739999,-0.043995,3.259994,-0.0134954236112091,-0.0027152165115023096
https://hashdive.com/Analyze_User?user_address=0x172aa4c39375e540fc58d4c3147922e3d0b3da47,0.749905,0.00041,3.247084,0.00012626713691422828,0.03125939001117682
https://hashdive.com/Analyze_User?user_address=0xbd585ea3f56cd070ff91d8f42c1dc2f2e4db499a,0.789999,0.861269,3.239994,0.26582425769924267,0.010631650194443676
https://hashdive.com/Analyze_User?user_address=0xfdeb34233e3c556730de49c19ab4bcd8eb04f05d,0.8,0.805,3.22,0.25,0.08896779159377322
https://hashdive.com/Analyze_User?user_address=0xab895805ba08a3b8a4204f9f717064d177a73b4b,0.8,0.8,3.2,0.25,-0.058139291548122404
https://hashdive.com/Analyze_User?user_address=0x7579cb3b76d761badbf96817896657f6b71bc7db,0.869999,0.478163,3.199989,0.14942645115342584,0.3599661946121637
https://hashdive.com/Analyze_User?user_address=0x276fda55a76e6303145a2dab3a5c8d4788c8f6d8,0.789999,0.84532,3.179995,0.26582431733383227,-0.08103588751718181
https://hashdive.com/Analyze_User?user_address=0xa07581fe45982c2474b30a0cf93a41da59807d2b,0.789999,0.845319,3.179994,0.2658240864605405,-2.6717900389918343
https://hashdive.com/Analyze_User?user_address=0x14340404b44afd7308b10d48c38564678f3d0188,0.8,0.7925,3.17,0.25,-0.07284713571318328
https://hashdive.com/Analyze_User?user_address=0xe0ed4c35342771d4e17570341b50d22d57f65ce8,0.8,0.7925,3.17,0.25,0.00023537889317251504
https://hashdive.com/Analyze_User?user_address=0x013820f3a9b72e1596815cbac539b0211b0e762e,0.759918,0.000341,3.168854,0.000107609880417337,-0.409480270161004
https://hashdive.com/Analyze_User?user_address=0x1638095947833f43a732e0da2ca9c3548887339b,0.73,1.1664,3.1536,0.36986301369863017,7.7635678528543215
https://hashdive.com/Analyze_User?user_address=0x02eaf6454e8db46435ddb8bb1a15d4b6470af793,0.8,0.7825,3.13,0.25,0.06263273028971435
https://hashdive.com/Analyze_User?user_address=0x6724d4f56370a50357e886668fdd14a1a0ce60e0,0.8,0.78,3.12,0.25,-0.02764980689325488
https://hashdive.com/Analyze_User?user_address=0xb111a7945df9d4d36f729bdd1459d1649ca45a2e,0.8,0.78,3.12,0.25,-0.06115318178312506
https://hashdive.com/Analyze_User?user_address=0x970fd81fb7f60149b3fbaa194388ee9c20f06700,0.8,0.78,3.12,0.25,-0.04038353230463622
https://hashdive.com/Analyze_User?user_address=0x03f1df76cf6edfd7a31babc3c175eca20968c691,0.8,0.7775,3.11,0.25,-0.004875853183345547
https://hashdive.com/Analyze_User?user_address=0x9fabcc196cca7a258395cb5b3e646a9d47983332,0.759999,0.97895,3.099994,0.3157909337889041,-0.15643160784574675
https://hashdive.com/Analyze_User?user_address=0x328633f394ee59ab013281fec94c161c825b35b7,0.789999,0.824053,3.099993,0.26582414863517434,-0.08220107841468689
https://hashdive.com/Analyze_User?user_address=0xf90458a6813e56fe7bd956cf2e5a2bd300751453,0.8,0.7725,3.09,0.25,0.004457440011647825
https://hashdive.com/Analyze_User?user_address=0x47b8710b635a00433dea28114fb10919bd718093,0.789999,0.821396,3.089995,0.2658243783565993,-0.03942593935880352
https://hashdive.com/Analyze_User?user_address=0x021edb22e2b8a3950f76eb66f3f04c46188e7087,0.8,0.7675,3.07,0.25,-0.0110266995336449
https://hashdive.com/Analyze_User?user_address=0x0f036a614808d303493a6d1fa8b624add808ff24,0.8,0.7625,3.05,0.25,-0.057021391409449174
https://hashdive.com/Analyze_User?user_address=0x378d42655cb06b4288204de33027c21dcceff0ff,0.869999,0.454255,3.039991,0.14942642922298124,-0.17807625881892314
https://hashdive.com/Analyze_User?user_address=0x672360d71da7f7b1063009f022a728202ad0a540,0.6,0,3.03,0,-3.3193773688767667
https://hashdive.com/Analyze_User?user_address=0xaf1d6ebe62519419f93f58473dbdcb895c9987b1,0.789999,0.80013,3.009995,0.2658243618344881,-0.04842577693227776
https://hashdive.com/Analyze_User?user_address=0xd24312889d8117122481063b2ca15152d8232dcf,0.8,0.75,3,0.25,-0.5280564131922436
https://hashdive.com/Analyze_User?user_address=0xbbf2d14e4aafbd92511b2cd1b2b1216674375f07,0.75,1,3,0.3333333333333333,-0.034594371622360454
https://hashdive.com/Analyze_User?user_address=0x4d6199f33f075dbd3a73918b83cfba89fbedb2c2,0.77,-0.4279,2.999997,-0.1426334759668093,0.7008991420189574
https://hashdive.com/Analyze_User?user_address=0x563c7fc8d805874cfae9f5a302e1e1f025e597e3,0.78,0.846153,2.999997,0.28205128205128205,-0.9428742392794485
https://hashdive.com/Analyze_User?user_address=0x65b613869e730f454f2e8f795bcd2cca92402a76,0.78,0.846153,2.999997,0.28205128205128205,-0.08976417947561685
https://hashdive.com/Analyze_User?user_address=0x85b7462a6de70f9a7a2234c62aacd50c3ce89f03,0.78,0.846153,2.999997,0.28205128205128205,-0.09897047392847447
https://hashdive.com/Analyze_User?user_address=0x06180166a846f40ba39643848b42921a153195e4,0.78,-0.8064,2.999997,-0.2688002688002688,-0.4161487419102327
https://hashdive.com/Analyze_User?user_address=0xe9adfb51c10ce6dd1d4dc39e592e306dd402e353,0.859999,0.488375,2.999996,0.16279188372251163,0.621137734069095
https://hashdive.com/Analyze_User?user_address=0x06d54e04903b161ec76c9db62307eae777a1e90f,0.560655,0,2.9999953837800004,0,7.198366704432216
https://hashdive.com/Analyze_User?user_address=0xadae6cefd8724ad0637685aa3e0dfe9223f834d7,0.789999,0.797471,2.999995,0.2658241097068495,0.01841389242361361
https://hashdive.com/Analyze_User?user_address=0x253cf1b0ce7d4d56a936f0b971d791a9cb39aa25,0.789999,0.797471,2.999995,0.2658241097068495,-17.031521323733006
https://hashdive.com/Analyze_User?user_address=0xdd5f5d66da0b5fc13658de434dcf9ead1948c4da,0.759999,0.947371,2.999994,0.31579096491526315,-0.12829027485864053
https://hashdive.com/Analyze_User?user_address=0x358c9fbb368a2a02a4348d396e6e69c97cd34d45,0.529999,2.660382,2.999994,0.8867957735915472,-0.47174626214350646
https://hashdive.com/Analyze_User?user_address=0xd297a1f8253f63650833ab260306d7a3e1cb80fc,0.789999,0,2.999994,0,-11.479912254225361
https://hashdive.com/Analyze_User?user_address=0xa9b19a4168fb184937333285e152ec246a546e0d,0.819999,0.658539,2.999993,0.21951351219819512,-0.04919368917765788
https://hashdive.com/Analyze_User?user_address=0x7ad580b16de2f0fc85b875fb12ea23dda0f169e3,0.819999,0.658539,2.999993,0.21951351219819512,-4.646753414709007
https://hashdive.com/Analyze_User?user_address=0x8fdc6ae9f95ffc6b786219662f574dc342f04958,0.819999,0.658539,2.999993,0.21951351219819512,-1.970703845235121
https://hashdive.com/Analyze_User?user_address=0xebc22e2292d84ac3243f724a82844af33535cb4c,0.819999,0.658539,2.999993,0.21951351219819512,8.899484845622522
https://hashdive.com/Analyze_User?user_address=0x07b6ac44676a0f9d1e607317df8ba2b02c55ab15,0.829999,0.61446,2.999992,0.20482054618812315,-4.991474437992787
https://hashdive.com/Analyze_User?user_address=0x54304d52e582265d40fc52b863c6609958ed7e53,0.829999,0.61446,2.999992,0.20482054618812315,-0.26648615549067506
https://hashdive.com/Analyze_User?user_address=0x0dfecfbe86f5a583f3530c5d8502c0b0c440f85c,0.8,0.745,2.98,0.25,-0.02959302399169429
https://hashdive.com/Analyze_User?user_address=0x8bb450b98878d53a50f29130a0a6a52b4f953929,0.8,0.74,2.96,0.25,-0.024327582685270757
https://hashdive.com/Analyze_User?user_address=0x0c98ab5b7e365f205486cd63ed28dbdbe2e4b921,0.8,0.74,2.96,0.25,0.010205443559821822
https://hashdive.com/Analyze_User?user_address=0x03621672a9a6748a83950415b9e48a500c3c2af9,0.59,-0.05,2.9499999999999997,-0.016949152542372885,-4.293291391844277
https://hashdive.com/Analyze_User?user_address=0x84fe733ef0b2d2ffe60ba5ccabb6b2b835d52358,0.839984,-0.345944,2.914737,-0.11868789534012844,-0.22152908840138194
https://hashdive.com/Analyze_User?user_address=0x9b398c181578fe99c4d7f04435e6a2ca54eb3d41,0.8,0.7275,2.91,0.25,0.07617523159642646
https://hashdive.com/Analyze_User?user_address=0xa05f2b050f80090d552e5ee0a64a527fcdb20d47,0.789986,-0.036648,2.907143,-0.0126061910267228,-0.614775600169068
https://hashdive.com/Analyze_User?user_address=0x46b6ced7c006b039c5b3359a546c1dec66addbcf,0.739866,0.000523,2.900269,0.00018032810060032362,-0.5449291095256907
https://hashdive.com/Analyze_User?user_address=0x25c4f02455a050d4fc2ae4b5b5b87a444cdba29c,0.769893,-0.224201,2.899996,-0.07731079629075352,-2.139581555069819
https://hashdive.com/Analyze_User?user_address=0x5c57496c97dd151f54b2d727646aa796ced55b16,0.78,-1.0388,2.8938,-0.3589743589743589,0.8011633385578816
https://hashdive.com/Analyze_User?user_address=0xa6ade903410786cd4d866df6fa7f2fcd89a0137b,0.8,0.72,2.88,0.25,-0.05954668667981448
https://hashdive.com/Analyze_User?user_address=0x2f494fbbead9bcb0fe0d58f0e4ea60f5fcf5e870,0.8,0.72,2.88,0.25,0.007935461352356007
https://hashdive.com/Analyze_User?user_address=0x449fd0906b80d0b69ebff4dd1785b89e5a84d146,0.8,0.71,2.84,0.25,-0.06752372465870304
https://hashdive.com/Analyze_User?user_address=0x82dbbce7f77d3a5d8234d66873077c3de877e563,0.789999,0.749623,2.819995,0.2658242301848053,-0.03959722138250174
https://hashdive.com/Analyze_User?user_address=0x6a4c83de1282312651a9db4d291a1afa78a744a3,0.739866,0.000502,2.781886,0.00018045311705799588,-1.8873190241077582
https://hashdive.com/Analyze_User?user_address=0x0a539d2c7028ae1b573270009e1fecca82c07714,0.8,0.6925,2.77,0.25,-0.09522798797336662
https://hashdive.com/Analyze_User?user_address=0x4cabc363b5726d1152bbe172cec4633ec4e87335,0.789999,0.733673,2.759993,0.2658242249165125,-0.0005567301948053756
https://hashdive.com/Analyze_User?user_address=0x57b824315b4503439e837acfe5f9c9ed61a8aba7,0.8,0.6875,2.75,0.25,-0.06096702824321776
https://hashdive.com/Analyze_User?user_address=0x16294daca87fb6b3fd9fd4c4beab035412dc822d,0.789999,0.717724,2.699995,0.2658241959707333,-0.024771575378365763
https://hashdive.com/Analyze_User?user_address=0x6bc0038955e14afb865feee8429aa5f9d6b21fd4,0.769999,0.797535,2.669995,0.29870280655956283,-0.34875566012015585
https://hashdive.com/Analyze_User?user_address=0xdb06f12b2e6f6a1049fb9db8453fbb6a2182866f,0.8,0.665,2.66,0.25,-0.05067560751850528
https://hashdive.com/Analyze_User?user_address=0xb02bd639fb3a319287276a7f6f2ab33370e5faf8,0.8,0.665,2.66,0.25,-0.011453466971564848
https://hashdive.com/Analyze_User?user_address=0xcccd73093336da69cc33a3cef3c1c0c05fa66c1f,0.8,0.66,2.64,0.25,0.022230377085562386
https://hashdive.com/Analyze_User?user_address=0x4fe82b2a09726f1c35118901418129c63b9decc0,0.8,0.6575,2.63,0.25,-0.06065130551854619
https://hashdive.com/Analyze_User?user_address=0x991f9d1f66ef44201b63b2b624b6e42a64b9418e,0.8,0.6525,2.61,0.25,-0.06909300728817952
https://hashdive.com/Analyze_User?user_address=0x70792d733ec3bc9817c46bff075f4de6373fffb1,0.76,0.821052,2.599998,0.31578947368421056,-0.1762676350548124
https://hashdive.com/Analyze_User?user_address=0x8b373b6577bd5bb80ffa395071497d4391ab61b2,0.8,0.6425,2.57,0.25,0.00022119471499596984
https://hashdive.com/Analyze_User?user_address=0xf1f2d4ffd41e4de61f0d58a8a186072a00af3298,0.76,0.811578,2.569997,0.31578947368421056,-0.11670243006863831
https://hashdive.com/Analyze_User?user_address=0xaf3456875e49f8a5d5bec38ec447777f8c3e42d6,0.789999,0.683167,2.569996,0.2658241491426446,-0.0033248375608167227
https://hashdive.com/Analyze_User?user_address=0x60b76759a5f16bde65b72282cee442b31c24c8e8,0.799932,-0.159782,2.567776,-0.06222583278292188,-0.48331768292541466
https://hashdive.com/Analyze_User?user_address=0xb62ed6e484f1e34a5ca85b913ccddb02c731f58c,0.8,0.64,2.56,0.25,-0.03518976447277852
https://hashdive.com/Analyze_User?user_address=0xec1ba603df6e19256b753fb58dcff40d4321fb48,0.83,-0.307,2.5481,-0.12048192771084339,-1.8692512954549936
https://hashdive.com/Analyze_User?user_address=0x9fac36aea9505793acc53ebe1554764c826a4cfb,0.8,0.625,2.5,0.25,-0.005142300996757768
https://hashdive.com/Analyze_User?user_address=0x2f6940f85a8e11215b128e0dad413522f7f54746,0.5,2.1,2.5,0.8400000000000001,-1.601266281604494
https://hashdive.com/Analyze_User?user_address=0x9cfdede5dd4784854c7d3fb3bbac03ba7efcc05f,0.789999,0.664559,2.499995,0.2658241316482633,-0.29032836605095647
https://hashdive.com/Analyze_User?user_address=0xdf4fc964a46e0266947ff5a89f92fdfdde2f5071,0.789999,0.661901,2.489995,0.26582422856270793,-0.05162499650663518
https://hashdive.com/Analyze_User?user_address=0xae1954a8a715917b3a5d5e3c57bf9e85efb23e60,0.8,0.62,2.48,0.25,0.009408599195447027
https://hashdive.com/Analyze_User?user_address=0xab0f1125426b5373b8f6ea7b85e57b2063562cfd,0.8,0.62,2.48,0.25,-0.024693611515735656
https://hashdive.com/Analyze_User?user_address=0x97c2574de98d0b4b5284054619919e98e076eee2,0.788882,0.661012,2.469997,0.26761651937229075,0.5938037487880901
https://hashdive.com/Analyze_User?user_address=0xc5c4db8078e02760edd0cc01534b2f07e4395c69,0.8,0.615,2.46,0.25,-0.10366017521557332
https://hashdive.com/Analyze_User?user_address=0x76b608fd8fc0c839fcceb44193a4194615c0bd36,0.799932,-0.151293,2.431785,-0.062214792837360214,-0.34485230459338456
https://hashdive.com/Analyze_User?user_address=0xba149b47c5e80a2413aa4420fcf0ce679a68d914,0.8,0.6075,2.43,0.25,-0.09782425374557943
https://hashdive.com/Analyze_User?user_address=0x9c689295f2117c6ccd3596c44318f9b9ec5aa45b,0.8,0.6075,2.43,0.25,-0.08871657967731542
https://hashdive.com/Analyze_User?user_address=0x22218c00caf1d5a512441ee0b1d641c738a43fb6,0.8,0.6025,2.41,0.25,0.053740718798396245
https://hashdive.com/Analyze_User?user_address=0xc5d057e256850df146627dae24433203aee8a140,0.789923,0.030432,2.393459,0.01271465272645155,0.17032285397445207
https://hashdive.com/Analyze_User?user_address=0xd75eef2a65a6fed3ecbc05a73344456d9faef1de,0.759903,0.000301,2.370894,0.0001269563295533246,-0.7117304738710418
https://hashdive.com/Analyze_User?user_address=0x19fe6d31d917e11da32cecef0dee1cab7521f46c,0.8,0.5925,2.37,0.25,0.02160720869041568
https://hashdive.com/Analyze_User?user_address=0x922a6d47be01353c2805391b07b663e0625d0387,0.759999,0.742108,2.349996,0.31579117581476734,0.042716337858763435
https://hashdive.com/Analyze_User?user_address=0xfb4daa849c5dee18c1c802c70b1bb3ed3314c75a,0.759999,0.726317,2.299994,0.31579082380214907,-0.11583814762530606
https://hashdive.com/Analyze_User?user_address=0xeae06bbe236e206fc2ab90053cefe9675a1ff4d7,0.8,0.5725,2.29,0.25,0.003656064382339853
https://hashdive.com/Analyze_User?user_address=0xf61cc3ba5ece859ef923d9934ae5fdb2750c6f40,0.8,0.57,2.28,0.25,-0.06133925415157228
https://hashdive.com/Analyze_User?user_address=0xc4dea131f22937090d771927009c5ec6543156a4,0.8,0.5625,2.25,0.25,-0.004264930586973025
https://hashdive.com/Analyze_User?user_address=0xde17ac5344fef3896d2196268e5b79da5cac22c2,0.759884,0.000342,2.249124,0.00015205920171586804,-2.2426387373168377
https://hashdive.com/Analyze_User?user_address=0x42e7773eefbc021e978bc780a12661942d0963cc,0.789999,0.592787,2.229996,0.26582424363093027,-0.040254545739906646
https://hashdive.com/Analyze_User?user_address=0xba1b607c4fce89d65a7844a01a99548b00b10aea,0.8,0.5525,2.21,0.25,0.02115025837908128
https://hashdive.com/Analyze_User?user_address=0x866fe78f9a7e8e2f3ca25a469826e74cd1cf6a7b,0.75,-0.0293,2.199999,-0.013318187871903578,-1.3075000651730955
https://hashdive.com/Analyze_User?user_address=0x0e912f2d54245030561e1d9c02db4fa1ee08363d,0.789999,0.584812,2.199996,0.2658241196802176,-0.24165261931391843
https://hashdive.com/Analyze_User?user_address=0x327d221ea323f4a008bb7a0b10e2b0da4d0c68e6,0.749928,0.029208,2.182263,0.013384271281692447,-1.8198348444560666
https://hashdive.com/Analyze_User?user_address=0x46091be8bd2a96934951053fcafd943084b26237,0.8,0.5425,2.17,0.25,-0.07826706105161167
https://hashdive.com/Analyze_User?user_address=0x0199f6146dc31ca8e952e0a21c7f477130b19684,0.8,0.54,2.16,0.25,-0.006716013745638258
https://hashdive.com/Analyze_User?user_address=0xb9581511fef62905aeca55d7d4bed7a304940e87,0.8,0.5325,2.13,0.25,-0.08339082885793882
https://hashdive.com/Analyze_User?user_address=0xc7c812292b1181ad972e286654ada40afde76548,0.769999,-0.055197,2.129994,-0.02591415750466903,2.0298789831791124
https://hashdive.com/Analyze_User?user_address=0x418c636bb7922103099f9e8bc5931acb2defaf41,0.8,0.53,2.12,0.25,-0.019023444206856154
https://hashdive.com/Analyze_User?user_address=0x7cb29d7778c2fbf782a42ac4d21073f8071a60fe,0.75,-0.0278,2.089998,-0.013301448135357066,0.33589599734618947
https://hashdive.com/Analyze_User?user_address=0xf778fa54a87409963fdc14e52e4b29cac21d8207,0.789893,-0.025622,2.053433,-0.012477641101511469,-0.31650731665833776
https://hashdive.com/Analyze_User?user_address=0x7657209beb1b32b98bbc0ef67d52737a2571bbde,0.94,0.12644,2.049999,0.06167807886735554,-20.85320208982102
https://hashdive.com/Analyze_User?user_address=0x9d7fdf26265e84dd0e30949041e6984e2ffd4ac4,0.789999,0.544938,2.049994,0.2658241926561737,0.8108488428863503
https://hashdive.com/Analyze_User?user_address=0xead370233116194c1107266d731aec33fb7ade66,0.8,0.5025,2.01,0.25,-0.05587538102165061
https://hashdive.com/Analyze_User?user_address=0x5231233092940c5f6cffa9220a484f65ea58582a,0.8,0.5,2,0.25,-0.005178065022954051
https://hashdive.com/Analyze_User?user_address=0x5f5f81e4a9989d768b617e834276dc733e08946d,0.8,0.5,2,0.25,-1.1165678317552268
https://hashdive.com/Analyze_User?user_address=0x01401366b5419522d2b9b9d81a12d2af5abfee1f,0.8,0.5,2,0.25,-0.04417985638164513
https://hashdive.com/Analyze_User?user_address=0x86cb47667209814f0eccecf0923b58a1c837991e,0.8,0.5,2,0.25,-0.7322931911980735
https://hashdive.com/Analyze_User?user_address=0x2b7757092f1eb0082172bdc317a1a63a6b3fc05a,0.85,0.352941,1.999999,0.1764705882352941,-0.009078883991175379
https://hashdive.com/Analyze_User?user_address=0x3034b5a37eef3aa86c7a713185829e93510add88,0.85,0.352941,1.999999,0.1764705882352941,-5.462272927000809
https://hashdive.com/Analyze_User?user_address=0x172e8feee62fe06393cb47987d6624a8c7971c44,0.77,0.597402,1.999998,0.2987012987012987,-1.4297765892072487
https://hashdive.com/Analyze_User?user_address=0xf2e12a66455595eb9d30cc1a049627f43f8dac45,0.78,0.564102,1.999998,0.28205128205128205,-0.1674901776076607
https://hashdive.com/Analyze_User?user_address=0xabddb536cf316a13d9bb4cf5a1d7c8b4056aa6d0,0.77,0.597402,1.999998,0.2987012987012987,0.08456502869314331
https://hashdive.com/Analyze_User?user_address=0x48ec1eb7c8b296f8302bc5fc892e7f94c8099865,0.77,0.597402,1.999998,0.2987012987012987,0.7855819955156547
https://hashdive.com/Analyze_User?user_address=0x3939c67481932a1b3cfa0bf2e74c75df30ad5255,0.77,0.597402,1.999998,0.2987012987012987,-0.9378480138551059
https://hashdive.com/Analyze_User?user_address=0x0589d5360b6e5483b50e292054819675eb19447b,0.78,0.564102,1.999998,0.28205128205128205,1.0762199992985835
https://hashdive.com/Analyze_User?user_address=0x57b26761431a1493194f7676ab33c40e7dfa21d2,0.77,0.597402,1.999998,0.2987012987012987,1.6642742046527284
https://hashdive.com/Analyze_User?user_address=0xb35ddc088dabfbad09082155582ffa903102c613,0.78,0.564102,1.999998,0.28205128205128205,13.453983190439565
https://hashdive.com/Analyze_User?user_address=0x9d26592b689d7fe38340c2be4d7a578522af9fc1,0.78,0.564102,1.999998,0.28205128205128205,-0.12300745842954859
https://hashdive.com/Analyze_User?user_address=0x0e6247d6b89d347b5a85876a7493f5d52db8927a,0.999,0.002002,1.999998,0.001001001001001001,0.6388746722814433
https://hashdive.com/Analyze_User?user_address=0x1d5305164d1316a79fd7fb6a9be7b818327276c3,0.77,0.597402,1.999998,0.2987012987012987,-0.7010590508122537
https://hashdive.com/Analyze_User?user_address=0xc5a6785c2ea181165cdf0e93d63fff93ad5e533e,0.78,0.564102,1.999998,0.28205128205128205,-0.13631849315400893
https://hashdive.com/Analyze_User?user_address=0x0d1d0fb844edfa7f712c766dfc683f6a23411f61,0.78,0.564102,1.999998,0.28205128205128205,-0.4135044996807492
https://hashdive.com/Analyze_User?user_address=0x38aacf8d603cb229a569970a522df34747e1664d,0.77,0.597402,1.999998,0.2987012987012987,-1.459024849298784
https://hashdive.com/Analyze_User?user_address=0x9fdc247ce9ff2e4b6f7a4c8f0d85da8517f6770f,0.78,0.564102,1.999998,0.28205128205128205,-0.04822549979475206
https://hashdive.com/Analyze_User?user_address=0x1e5b7a02c53d193bcfd04ad31b26c80f58dc6b4e,0.77,0.597402,1.999998,0.2987012987012987,-0.9283807692603229
https://hashdive.com/Analyze_User?user_address=0x99c4128fc2696105312c8bd4772651c5e8744256,0.77,0.597402,1.999998,0.2987012987012987,-9.526249889779255
https://hashdive.com/Analyze_User?user_address=0x094855ace6ef48449d80817e489fae81a9a11ebb,0.78,0.564102,1.999998,0.28205128205128205,-0.18188982319192004
https://hashdive.com/Analyze_User?user_address=0xca1827973f803ec08a7f54080c4138e6948b1921,0.78,0.564102,1.999998,0.28205128205128205,-0.03818638340355527
https://hashdive.com/Analyze_User?user_address=0x0976d4ed45df01658557e56e23aca5dcabf19dcd,0.77,0.597402,1.999998,0.2987012987012987,-0.9487019767314248
https://hashdive.com/Analyze_User?user_address=0x68e15bb7dd0874553c8186daf8a44deed179d8e3,0.76,0.631578,1.999997,0.3157894736842105,1.2391318887307567
https://hashdive.com/Analyze_User?user_address=0xdba03024417ae93a33458b48870780fc244788f5,0.75981,0.632236,1.999997,0.3161184741777113,-0.020080908495814787
https://hashdive.com/Analyze_User?user_address=0x48fa17a0eb7c0d237a754bcf75771456698e5ad0,0.839999,0.380954,1.999996,0.1904773809547619,4.2337475865900105
https://hashdive.com/Analyze_User?user_address=0x7f4214a52d042914171fdaf344bee470e465c66b,0.819999,0.439026,1.999996,0.21951343902687806,-4.604076092192522
https://hashdive.com/Analyze_User?user_address=0xe285f688ce83aa598480b0053d6df04d59bc8015,0.759999,0.631581,1.999996,0.31579113158226313,-0.02195404450405643
https://hashdive.com/Analyze_User?user_address=0x8c0e529097c3fde3b1d29821332702d16af68c33,0.759999,0.631581,1.999996,0.31579113158226313,-0.5578802922191128
https://hashdive.com/Analyze_User?user_address=0x80618c66176214d30d1abbc36d7ead457e36d09c,0.819999,0.439026,1.999996,0.21951343902687806,-0.7214540625113829
https://hashdive.com/Analyze_User?user_address=0xefbea31ba0ece7c4fb954bd9f657b2c0b36af376,0.829999,0.40964,1.999996,0.20482040964081927,3.0247159720677796
https://hashdive.com/Analyze_User?user_address=0x8b12b879b88c5ec014e6e8b1e6794774592a1385,0.779999,0.564104,1.999996,0.28205256410512825,-0.045458303430497796
https://hashdive.com/Analyze_User?user_address=0xe516316fe7367e2e11989f364381bc094d211d81,0.819999,0.439026,1.999996,0.21951343902687806,-3.91591833617218
https://hashdive.com/Analyze_User?user_address=0x7db8cfe928918e6f7f80a31d98757d97e743ed19,0.809999,0.469137,1.999996,0.2345689691379383,-1.417057547397813
https://hashdive.com/Analyze_User?user_address=0x99177f7409b4ffea5a9d9a08a518de6e9bc9569c,0.819999,0.439026,1.999996,0.21951343902687806,-0.051282840909185896
https://hashdive.com/Analyze_User?user_address=0x1927c23f6b4f1bf1f04d53e779f7a82c07c40309,0.819999,0.439026,1.999996,0.21951343902687806,-0.08917432278251482
https://hashdive.com/Analyze_User?user_address=0x63ab77042a57b22b3b561ed8b9e16dc7cbfa77a1,0.992999,0.0141,1.999996,0.0070500141000281995,0.026142590772120257
https://hashdive.com/Analyze_User?user_address=0xd703eb3849e96e4f7d9d77b2bb39bb34104bedda,0.599999,0,1.9999958666679998,0,-0.29205543385415556
https://hashdive.com/Analyze_User?user_address=0x6b604862b9758e194f7f6fa77764c77f7d5e4007,0.589999,0,1.9999957201710004,0,-12.127593673357204
https://hashdive.com/Analyze_User?user_address=0x55e3ca7e008b6d6a1baf02e608564a5ef902b990,0.559999,0,1.999995548573,0,1.405037482188372
https://hashdive.com/Analyze_User?user_address=0xc7cfa73344294dd9236a778667759f72eb763efb,0.789999,0.531647,1.999995,0.2658241645604114,-0.09296966255840541
https://hashdive.com/Analyze_User?user_address=0xc4ac1827142a535ede00655cad7d943cb79bf260,0.789999,0.531647,1.999995,0.2658241645604114,-0.29281051812609304
https://hashdive.com/Analyze_User?user_address=0xb043f0651b8e5e0aabcef24240dfa3e50bc520b6,0.789999,0.531647,1.999995,0.2658241645604114,-5.6956932128175985
https://hashdive.com/Analyze_User?user_address=0x0e996afcc2943a0b538da324a5b0aad42475611d,0.789999,0.531647,1.999995,0.2658241645604114,-0.07438685193183278
https://hashdive.com/Analyze_User?user_address=0x806ccda47d8211ae4343e2eebaa10cd3a17b66d8,0.789999,0.531647,1.999995,0.2658241645604114,-4.171589201447594
https://hashdive.com/Analyze_User?user_address=0x59838915798438ee86e6fcbce106fcfda55f97ae,0.789999,0.531647,1.999995,0.2658241645604114,6.396475417990821
https://hashdive.com/Analyze_User?user_address=0x23ca5e01b9c45a4a0e8d4110e36f8ccca7dc4937,0.789999,0.531647,1.999995,0.2658241645604114,-0.3541908856077136
https://hashdive.com/Analyze_User?user_address=0xb0b47940e557b0df0c4dc1749a7a8221c41515f3,0.789999,0.531647,1.999995,0.2658241645604114,-0.7473092632985617
https://hashdive.com/Analyze_User?user_address=0x5095a51ba7510d14bdbab4dd50bb07f8558be1da,0.789999,0.531647,1.999995,0.2658241645604114,-0.26443523519671186
https://hashdive.com/Analyze_User?user_address=0x33b2f6d011c04e395181c709cfbec0f30afecb96,0.789999,0.531647,1.999995,0.2658241645604114,-0.2836057688338666
https://hashdive.com/Analyze_User?user_address=0xeda9fc673549ce8280385b9b38d5f19868bea43f,0.789999,0.531647,1.999995,0.2658241645604114,-1.651436491700213
https://hashdive.com/Analyze_User?user_address=0x39622aa4bfda51dc8e7e2748da47fb892008a181,0.789999,0.531647,1.999995,0.2658241645604114,-0.22736788154066864
https://hashdive.com/Analyze_User?user_address=0x2970f9c3533d95a4494e2848edffca824da8248f,0.789999,0.531647,1.999995,0.2658241645604114,-0.16535728551300682
https://hashdive.com/Analyze_User?user_address=0x19d90cdc708a91185d3793d1db74ef33521f4764,0.789999,0.531647,1.999995,0.2658241645604114,0.7573772511598034
https://hashdive.com/Analyze_User?user_address=0x73300f40afc069261c51d29b2dda84790a8d82fe,0.789999,0.531647,1.999995,0.2658241645604114,-1.164160604041386
https://hashdive.com/Analyze_User?user_address=0x177dd9bc3274f32db7108972ef3975cb50221641,0.789999,0.531647,1.999995,0.2658241645604114,-0.7106804914581127
https://hashdive.com/Analyze_User?user_address=0x7bdf9a21d93aa3cd9c45f1c6901ded344929c804,0.789999,0.531647,1.999995,0.2658241645604114,-0.294882838198749
https://hashdive.com/Analyze_User?user_address=0x7f67fc4841a5e81659524693fcdd721bb39d8ab8,0.789999,0.531647,1.999995,0.2658241645604114,-0.38209290831059817
https://hashdive.com/Analyze_User?user_address=0x6b8aca0a132befde16abd0f9c76ffab72bb20d66,0.859999,0.325583,1.999995,0.16279190697976745,-2.1698094268462746
https://hashdive.com/Analyze_User?user_address=0xbdba2a779543e8f540e4a2ed64885a92e7c9fbb8,0.789999,0.531647,1.999995,0.2658241645604114,-21.98266554738064
https://hashdive.com/Analyze_User?user_address=0x03b3012000e55e3ab147ef62bcbbe70596092135,0.789999,0.531647,1.999995,0.2658241645604114,0.13805943647277533
https://hashdive.com/Analyze_User?user_address=0x3cbf0e82655ed5cb44ba807efc66b9e6aae19665,0.789999,0.531647,1.999995,0.2658241645604114,-0.22139744553803076
https://hashdive.com/Analyze_User?user_address=0x56ad8eb0ea6881492ee7ed528b51b2e6dad86d26,0.789999,0.531647,1.999995,0.2658241645604114,-0.22682101697089796
https://hashdive.com/Analyze_User?user_address=0x5bd83df13d5b179272fc5fb968e1796ba811da96,0.789999,0.531647,1.999995,0.2658241645604114,-0.29513940983930115
https://hashdive.com/Analyze_User?user_address=0x2bcf5567fa8609f4f519cf26ed0b38987653290b,0.789999,0.531647,1.999995,0.2658241645604114,-0.7030235626498061
https://hashdive.com/Analyze_User?user_address=0x78efecdca0cf2196bd14208f9d7b690a0e51c646,0.569999,0,1.9999948212310001,0,8.213561890660303
https://hashdive.com/Analyze_User?user_address=0x5042e6dc8a612c493881a3e67519cc09f5f4fcb0,0.824968,0.424334,1.999993,0.21216774258709906,6.341521472117804
https://hashdive.com/Analyze_User?user_address=0x36934118a72b86ddd2e214d7221fff146f0a276c,0.98,0.040816,1.999984,0.02040816326530612,1.117810101436605
https://hashdive.com/Analyze_User?user_address=0xc1f96377b2eb7f5e368f795c6d40a0d560378891,0.8,0.4975,1.99,0.25,-0.015305476684633623
https://hashdive.com/Analyze_User?user_address=0x6b748e7c66f9c3136df1605b71568d2e19097193,0.8,0.49,1.96,0.25,-0.06795360572458643
https://hashdive.com/Analyze_User?user_address=0x178abd9266a3ed14113a0976c7d3e20dea8fa4d5,0.759999,0.606317,1.919996,0.3157907620640876,-6.538183029971244
https://hashdive.com/Analyze_User?user_address=0x1d8014cbf882074a70410ccd260371cd487a51a9,0.8,0.4775,1.91,0.25,-0.06741772677697269
https://hashdive.com/Analyze_User?user_address=0x24a20f59f7bfff9851201aabf97c152df03b1281,0.789999,0.507723,1.909996,0.26582411690914537,-0.03792305384919097
https://hashdive.com/Analyze_User?user_address=0xd6aee7af78e99c350eb5d6088a09dff84feb5351,0.8,0.475,1.9,0.25,-0.0683206292868308
https://hashdive.com/Analyze_User?user_address=0x81c456fa65680e3cef1df161300e16c03556f70a,0.789999,0.505065,1.899996,0.26582424384051334,-8.015683202958026
https://hashdive.com/Analyze_User?user_address=0x2922bd7a80178cb16a38e8ffe0060bc55991df6f,0.8,0.46,1.84,0.25,-0.0027977757672952
https://hashdive.com/Analyze_User?user_address=0x7a24727d429fdb01845b386179493dff5568c077,0.789978,0.00005,1.832744,0.000027281497033955645,0.09052341850022613
https://hashdive.com/Analyze_User?user_address=0xd56fdf167e4b726c7eb607b436dbbce1a129a448,0.8,0.4575,1.83,0.25,-0.08896190074630084
https://hashdive.com/Analyze_User?user_address=0xa8aeb5d76d0185a0eee2451df45ab09cd7db5ad9,0.749999,-0.024197,1.819996,-0.013295084165020144,-0.23934014689950267
https://hashdive.com/Analyze_User?user_address=0x509537f34d9f5b57326f7c74e9be75171b4d0929,0.789999,0.481141,1.809997,0.26582419749866987,0.001571260120257498
https://hashdive.com/Analyze_User?user_address=0x6e15bf07c087eae51e0374c9aeb8cf08cf83bbd4,0.75,0,1.7925,0,-1.4359265158313994
https://hashdive.com/Analyze_User?user_address=0x82cd30827d698ad32b09570b9312c368d20a676c,0.600553,-0.314398,1.7911204959559999,-0.17553146240571155,-1.912810873785467
https://hashdive.com/Analyze_User?user_address=0x453a1dc076191ca6ca7d7b864e0a424352cd2c8d,0.789999,0.470508,1.769997,0.26582417936301583,-0.013867955482848424
https://hashdive.com/Analyze_User?user_address=0xd0ce50c550f816019053d9b468303d9e61728c43,0.749859,0.023628,1.754665,0.013465818261605492,-2.4797101314165055
https://hashdive.com/Analyze_User?user_address=0x60b752e4064cbf3b59368ded09b83192237bc62a,0.8,0.435,1.74,0.25,-0.023074150978743387
https://hashdive.com/Analyze_User?user_address=0x0309df3b0e7e2b0945e0beb6bb1c144ae85ff0d6,0.789999,0.462533,1.739996,0.2658241743084467,0.0011908266810284154
https://hashdive.com/Analyze_User?user_address=0x108f1c84c44ccf11f3c1ceab5e17f8ad765573e3,0.759999,0.549475,1.739995,0.31579113733085445,-3.568488183811623
https://hashdive.com/Analyze_User?user_address=0x86e441a671ed419e25752c613d798e25a0bc69ed,0.8,0.425,1.7,0.25,-0.03758664832828292
https://hashdive.com/Analyze_User?user_address=0xbacac0490e99767cc24775b63594247cbcb9b1d5,0.769999,-0.043997,1.699997,-0.025880633907001013,1.556653280238721
https://hashdive.com/Analyze_User?user_address=0x7ea189269c5ec4add020a59e26690cc1aecd597f,0.8,0.4225,1.69,0.25,0.01219804938554541
https://hashdive.com/Analyze_User?user_address=0xdfd904c4ff41a11c04d1ffb47700177321d30f1d,0.8,0.4025,1.61,0.25,0.005902852095566943
https://hashdive.com/Analyze_User?user_address=0xa07a3c1e331a56e770d72750fd6c0efea1781fc3,0.789999,0.425318,1.599997,0.2658242484204658,0.004529650743527507
https://hashdive.com/Analyze_User?user_address=0x0c667afcb29f0ec2dc454ad62965dd0ade697b16,0.769999,0.477923,1.599997,0.2987024350670658,6.09266022107263
https://hashdive.com/Analyze_User?user_address=0x4b3834685a12237a89169e391dee2b5b6503b05d,0.8,0.3925,1.57,0.25,0.0035708099281987287
https://hashdive.com/Analyze_User?user_address=0x315cb26c6869a366736ad0410944941feae70022,0.8,0.3875,1.55,0.25,0.011063668800757352
https://hashdive.com/Analyze_User?user_address=0xad703ba9fa7af1447bfcfe22522d052df64f4ccf,0.819999,0.338049,1.539994,0.2195131929085438,-0.5518632244491833
https://hashdive.com/Analyze_User?user_address=0xe244a709553eb846c51a9dd3795cc4e73f321e9e,0.8,0.3825,1.53,0.25,-0.04263191605796402
https://hashdive.com/Analyze_User?user_address=0x1f7b6b9e7562cde1565d6c02f216e87a96d21ebe,0.8,0.38,1.52,0.25,-0.03549911158086348
https://hashdive.com/Analyze_User?user_address=0x57935687e53644271ab9b39386c6d67c2051e4d5,0.8,0.38,1.52,0.25,0.02381709060473497
https://hashdive.com/Analyze_User?user_address=0x416fa0e722620ae99c8b5a916e127e9e6a56137d,0.789999,0.404052,1.519997,0.2658242088635701,-0.03978671191680216
https://hashdive.com/Analyze_User?user_address=0x3d1b9878ffbbf6cd285d139fdbbfd0d113de384c,0.96,0.0625,1.5,0.041666666666666664,4.76708312953929
https://hashdive.com/Analyze_User?user_address=0xe1f32127b41dc04b1ebe1e696211ecc0abcdd05f,0.8,0.2992,1.5,0.19946666666666668,-4.907865846160424
https://hashdive.com/Analyze_User?user_address=0xbfc85d6aa9931a09393e683cd769d1c4fdc752f7,0.789999,0.398735,1.499997,0.2658238649810633,-0.010663922815356445
https://hashdive.com/Analyze_User?user_address=0xc728f62e8aa654ec05b6d8acccd8eab2e51442ef,0.819999,0.329269,1.499996,0.21951325203533872,4.643359530262676
https://hashdive.com/Analyze_User?user_address=0x40b8bd378533d3ce28be8939902e15d3ed7f0eb0,0.819999,0.329269,1.499996,0.21951325203533872,-0.059391182636182836
https://hashdive.com/Analyze_User?user_address=0x869ac624d57f3320de06136f54afc2dde8e6a67e,0.76,0.470526,1.489999,0.3157894736842105,-0.22395449934149653
https://hashdive.com/Analyze_User?user_address=0x4d78c72ab19d6939bbbc2e8dec68b91e83b22386,0.8,0.3625,1.45,0.25,-0.023472349558202082
https://hashdive.com/Analyze_User?user_address=0x2086441bb5246184d93b25e67f5eb6ee72be1896,0.8,0.36,1.44,0.25,-0.03818841589478949
https://hashdive.com/Analyze_User?user_address=0x4665229177a8e82f99e8ae39c040dcd8ab45764c,0.779969,-0.017944,1.411738,-0.01271057377502058,0.03125517437343261
https://hashdive.com/Analyze_User?user_address=0x07175a81f6bd02efb3a66efbdb671fae9bd02670,0.789999,0.374811,1.409997,0.2658239698382337,0.007553215148390489
https://hashdive.com/Analyze_User?user_address=0xd34b11a86dcb1ab6da869bb77099f1cc7b4939fd,0.75,0.466666,1.399998,0.3333333333333333,-0.1521442573665658
https://hashdive.com/Analyze_User?user_address=0x0d9642a6d1cc2877586590fe11fc0cbb7c49e963,0.759999,0.442106,1.399997,0.3157906766943072,-0.25794171121646525
https://hashdive.com/Analyze_User?user_address=0xf9a9c4b62e5e1a8c93c756523a71b476a2a04cc9,0.689999,0.545402,1.399996,0.3895739702113435,-5.3752961380204
https://hashdive.com/Analyze_User?user_address=0x9febc4fd98fe7f218851746011f8c22b9c4db3bb,0.759984,0.000028,1.375566,0.00002035525739949955,-0.03219520915034289
https://hashdive.com/Analyze_User?user_address=0x5699f2943eb8ff476ccfc30696a3e6b6daa38d40,0.8,0.34,1.36,0.25,-0.02065278910424148
https://hashdive.com/Analyze_User?user_address=0x49578b6024ef30249c4ff4fd202190530c0b17a8,0.779999,0.377949,1.339995,0.2820525449721827,-0.017880120819949188
https://hashdive.com/Analyze_User?user_address=0xcbe4edb4a627787dc7881da228093c933a32a98f,0.75,-0.033201,1.329999,-0.024963176664042606,-0.5022385470243905
https://hashdive.com/Analyze_User?user_address=0xbadb865c1cb6e3b34065e47577e8a93ed779dbe2,0.789999,0.353545,1.329997,0.2658239078734764,-0.07600190139967525
https://hashdive.com/Analyze_User?user_address=0xc2d6ff1db045ecb670dff2ecede5dc60e228d907,0.789999,0.348228,1.309995,0.26582391535845556,-0.03223441231665039
https://hashdive.com/Analyze_User?user_address=0xf6d85d4213afe7456c480bcc2011c62a3d96dea6,0.769999,0.391299,1.309995,0.29870266680407176,-2.0188006545149024
https://hashdive.com/Analyze_User?user_address=0x588079f64346cb6066ac5595fc7247a77f3279fe,0.779999,0.366667,1.299995,0.2820526232793203,-0.15884435108108527
https://hashdive.com/Analyze_User?user_address=0xb267af88330625b540958eb283d488e21fb66995,0.8,0.3225,1.29,0.25,-0.03737460532089967
https://hashdive.com/Analyze_User?user_address=0x30e8dff269859a72b878da58f97b2a87e830079c,0.8,0.3175,1.27,0.25,0.01101853402151763
https://hashdive.com/Analyze_User?user_address=0x13924a745398205ac2216cd37c2c428e098d5444,0.8,0.3075,1.23,0.25,-0.02130780622982496
https://hashdive.com/Analyze_User?user_address=0x59d8f45b0cef82a939ff63b535efc64181d38e9b,0.789999,0.326963,1.229998,0.2658240094699341,-0.03159781020391955
https://hashdive.com/Analyze_User?user_address=0xbc200b59dbb02823b339e143e27db1c9a2a46d48,0.789999,0.326963,1.229998,0.2658240094699341,-0.011410758780316225
https://hashdive.com/Analyze_User?user_address=0x76a6193c3488d1de2f223cc5ddc20c333a71e706,0.8,0.305,1.22,0.25,-0.030666379873525898
https://hashdive.com/Analyze_User?user_address=0x367c49f92127c6aff7234fd969c9f0dee87f39cc,0.8,0.3025,1.21,0.25,0.012174867089543205
https://hashdive.com/Analyze_User?user_address=0xa04b18436fcc9be551c5aa634d932f3e2d4de616,0.5,1.2,1.2,1,-1.2083366049004847
https://hashdive.com/Analyze_User?user_address=0xaa507eea9c44ca6578ac8713644b29cf76290ebd,0.989999,0.012122,1.199998,0.010101683502805839,-0.44886285566637785
https://hashdive.com/Analyze_User?user_address=0xe3bc6d5cf97c56eae5555ecb61e3dccd5f980622,0.829999,0.245784,1.199998,0.20482034136723562,-0.20989641599899814
https://hashdive.com/Analyze_User?user_address=0xb7ad19913b21e06d81dcc1ed021e64d479f13a9c,0.789999,0.318988,1.199997,0.26582399789332806,-1.2321027502681177
https://hashdive.com/Analyze_User?user_address=0x773c7d3b8d40f6df92f86f99f19f76363740effb,0.819999,0.263415,1.199996,0.21951323171077236,-8.761357693836672
https://hashdive.com/Analyze_User?user_address=0x9576cbd79a5cab4e7bed52c8c2d2ee23556eddc0,0.779999,0.338462,1.199996,0.28205260684202277,-0.08880169718894237
https://hashdive.com/Analyze_User?user_address=0x9ecfca346e4cab2f69fcf29c9537d912a6218db7,0.8,0.2975,1.19,0.25,-0.036759834145940196
https://hashdive.com/Analyze_User?user_address=0x4582fee8eb041b0745c9b575545c44fcc19e3d71,0.8,0.2875,1.15,0.25,-0.011124676986725049
https://hashdive.com/Analyze_User?user_address=0x9c683310851dedcfd1cf83543ae398b3763cb89c,0.8,0.285,1.14,0.25,0.003645016890408889
https://hashdive.com/Analyze_User?user_address=0xf6bbb276c693b69b21013202ec385ccc530fc96d,0.8,0.28,1.12,0.25,0.003941882105783213
https://hashdive.com/Analyze_User?user_address=0x56885f7ee97726c864fcfef07c397e9ef0a0925b,0.789999,0.295064,1.109998,0.2658239023854097,-0.03269583188288989
https://hashdive.com/Analyze_User?user_address=0x7c92bac9e99ea2a30ee2d81f3f080d325ca9b031,0.8,0.275,1.1,0.25,-0.0438458226014344
https://hashdive.com/Analyze_User?user_address=0x66e5c206984dd4a2784f83520185e70e59aa29a6,0.8,0.275,1.1,0.25,-0.042730869957663925
https://hashdive.com/Analyze_User?user_address=0x6434867cb847ef4718745e348d38e70134c8b919,0.779999,0.310257,1.099997,0.2820525874161475,-0.0017294757784484989
https://hashdive.com/Analyze_User?user_address=0x34ed218eaeb18197936d4b161905b42e03a3e903,0.991999,0.008872,1.099997,0.008065476542208752,-0.05067957473790134
https://hashdive.com/Analyze_User?user_address=0x4d4ee55e2ec3d8b59ceed2ea97f2521c16739b6b,0.8,0.2725,1.09,0.25,-0.02083773349590437
https://hashdive.com/Analyze_User?user_address=0x5f6dcabe6cce0aa1319b85f046142f2a217365c0,0.8,0.2725,1.09,0.25,-0.02464757114465986
https://hashdive.com/Analyze_User?user_address=0x3153c045674ec42721916b24d13c643ca5d488b3,0.789999,0.284431,1.069998,0.26582386135301184,-0.0038380761165009497
https://hashdive.com/Analyze_User?user_address=0xc9a0eb0805a216a4bef433d096f56057a618d6b2,0.8,0.265,1.06,0.25,0.6125920518371968
https://hashdive.com/Analyze_User?user_address=0xd4345a95ceb33253e1760a7f1d3d1239e4f693bb,0.8,0.2625,1.05,0.25,-0.10557206962050977
https://hashdive.com/Analyze_User?user_address=0x06f912eb79a6cf6ea0954db57622608936652eb6,0.8,0.2625,1.05,0.25,-0.09639373276579252
https://hashdive.com/Analyze_User?user_address=0xb2e1f0cdfcf8ef0098b51b0fd776f5ee7d1285a9,0.8,0.2575,1.03,0.25,0.006183811846029615
https://hashdive.com/Analyze_User?user_address=0x16e4090debb0634fac0622de1d567dc09142ee5e,0.8,0.2575,1.03,0.25,-0.0014053301734600406
https://hashdive.com/Analyze_User?user_address=0xfd3d3f5345a8f7d6159eaedace27ee80004d3f7a,0.75,-0.0272,1.02,-0.026666666666666665,-0.27695906620383604
https://hashdive.com/Analyze_User?user_address=0xfa87545573868cdfedb669cf640340fa1f31f81b,0.75,-0.0272,1.02,-0.026666666666666665,-0.35195053104551177
https://hashdive.com/Analyze_User?user_address=0xc7432b4b7f531f7795e3082fa2662ac056821703,0.789999,0.27114,1.019998,0.2658240506353934,0.0029234516440638384
https://hashdive.com/Analyze_User?user_address=0x8d7b571da6ca429cf146092dfc97305e1763567c,0.8,0.25,1,0.25,-27.53791759014383
https://hashdive.com/Analyze_User?user_address=0xbea9ceefa98201f11acbcc6fcc82a7588d80436b,0.8,0.25,1,0.25,-0.4227411917498395
https://hashdive.com/Analyze_User?user_address=0xd830b5b735ebf082ec38b7e4aedd50cd2e65b40a,0.8,0.25,1,0.25,-0.3822321308948956
https://hashdive.com/Analyze_User?user_address=0x56adafc4669c14028331d5896eac0ad9fdc6172b,0.8,0.25,1,0.25,-19.962657978823117
https://hashdive.com/Analyze_User?user_address=0xba52240cc115d0adb835228cabc4875c5af4ef74,0.78,0.282051,0.999999,0.28205128205128205,-9.471319152889132
https://hashdive.com/Analyze_User?user_address=0x48d97ebb624050a24619aa694e8551dc2d9312ca,0.77,0.298701,0.999999,0.2987012987012987,-6.900036173485686
https://hashdive.com/Analyze_User?user_address=0x98d6fe89f716afd4865187273fc1d964e5abbf57,0.77,0.298701,0.999999,0.2987012987012987,-1.9998778132497987
https://hashdive.com/Analyze_User?user_address=0x38fad162a94c5fe83c9af7746dad1cfc79a06ebd,0.77,0.298701,0.999999,0.2987012987012987,-0.034097483716782256
https://hashdive.com/Analyze_User?user_address=0xa4db7191a0e61fa317c1cdbd4db654ea4a312efd,0.75,0.333333,0.999999,0.3333333333333333,-0.07845876548123353
https://hashdive.com/Analyze_User?user_address=0x8ad8263cbac8da91179318ac9ff5f4e01fa03616,0.78,0.282051,0.999999,0.28205128205128205,-0.07376695825690494
https://hashdive.com/Analyze_User?user_address=0x90ba236b9197db3dcb17692c6b54099c5f2108bd,0.99,0.010101,0.999999,0.010101010101010102,-2.473275139408629
https://hashdive.com/Analyze_User?user_address=0x5a5b62f3f73309ef3c1d1ca39f940064e57c7f91,0.78,0.282051,0.999999,0.28205128205128205,-18.51301463821481
https://hashdive.com/Analyze_User?user_address=0xf2a778863c7797c281934fc206cf704d7ecea52f,0.6,0.666666,0.999999,0.6666666666666666,2.0783436060342506
https://hashdive.com/Analyze_User?user_address=0xefae99e413d3afa023034efc2e0ee6a1b2641400,0.78,0.282051,0.999999,0.28205128205128205,-24.325716071788417
https://hashdive.com/Analyze_User?user_address=0xf1bdd035f0c935f102ed74c6698a852871109f62,0.78,0.282051,0.999999,0.28205128205128205,-18.806325772313826
https://hashdive.com/Analyze_User?user_address=0xed669c13d2a7011d3a406e1ba6f77d835f634d20,0.78,0.282051,0.999999,0.28205128205128205,0.17708327626019305
https://hashdive.com/Analyze_User?user_address=0x52e413db3aa60d773afd1792a79f123d8ca044c5,0.77,0.298701,0.999999,0.2987012987012987,-0.04495344507841033
https://hashdive.com/Analyze_User?user_address=0x0522741c31415db2eea752454fd5e820d451ee8e,0.999,0.001001,0.999999,0.001001001001001001,0.013723303696575519
https://hashdive.com/Analyze_User?user_address=0x5c42600fc0f40db9a3f2056643c02b988f6ec4ca,0.77,0.298701,0.999999,0.2987012987012987,-2.6851538396472794
https://hashdive.com/Analyze_User?user_address=0x98d6fe89f716afd4865187273fc1d964e5abbf57,0.78,0.282051,0.999999,0.28205128205128205,-1.9998778132497987
https://hashdive.com/Analyze_User?user_address=0xf98eb301cd0fdf0cc6a24df8beb6963b9f9b2ee1,0.78,0.282051,0.999999,0.28205128205128205,-0.047030891068004455
https://hashdive.com/Analyze_User?user_address=0xd0760353931cd617fda3cce520fd8b767825941f,0.77,0.298701,0.999999,0.2987012987012987,-4.024773420720402
https://hashdive.com/Analyze_User?user_address=0xd0aeedb083c40a61e75187c8070fdfb5c64c9e65,0.77,0.298701,0.999999,0.2987012987012987,-5.124821254400644
https://hashdive.com/Analyze_User?user_address=0x0b857a283158aa450e6084dda92898cc4a593089,0.77,0.298701,0.999999,0.2987012987012987,-7.49336498853739
https://hashdive.com/Analyze_User?user_address=0x02fd41a09a07671e44b0014c1e29bddcdd37308a,0.77,0.298701,0.999999,0.2987012987012987,0.001856020556455258
https://hashdive.com/Analyze_User?user_address=0x4ef3b15ef4c934797935e7be40d4f49c3be1a816,0.78,0.282051,0.999999,0.28205128205128205,-0.06561996799523867
https://hashdive.com/Analyze_User?user_address=0x747b9f04afd8c7ddfabac6d26499393477b348ab,0.78,0.282051,0.999999,0.28205128205128205,-16.092728236266133
https://hashdive.com/Analyze_User?user_address=0xb0372fb994949dda05ee4277e3853317d24adee2,0.78,0.282051,0.999999,0.28205128205128205,-0.03441213062845069
https://hashdive.com/Analyze_User?user_address=0x4d58ddf2a558c0da65dc1230c0627968538fa321,0.78,0.282051,0.999999,0.28205128205128205,-1.4527968744173543
https://hashdive.com/Analyze_User?user_address=0x69a75ea387fec854aa427b7e289ec48bfce4a819,0.77,0.298701,0.999999,0.2987012987012987,-5.340103441040754
https://hashdive.com/Analyze_User?user_address=0x1f5b51c5d028e37004b775695a674d077bcc51f2,0.74,0,0.999999,0,3.9874548480382916
https://hashdive.com/Analyze_User?user_address=0x6e905cb4e634b7a4c3a7a27f8239e649ae56f315,0.77,0,0.999999,0,4.984838110108189
https://hashdive.com/Analyze_User?user_address=0xa9f507e3e9f432fbfafe7041b8fc4f0adb3900e0,0.77,0,0.999999,0,3.6050464251792045
https://hashdive.com/Analyze_User?user_address=0x7b52eb6bcb27d23f82b61d3c38dc41072b2d4853,0.6,0,0.999999,0,4.814243166066234
https://hashdive.com/Analyze_User?user_address=0x2b4c08bd0acb66ec8dc11f07bf8684950775dc3e,0.6,0,0.999999,0,-0.3812597981904594
https://hashdive.com/Analyze_User?user_address=0x03658f42cc371bf60bbc11cd9f1bb3cbfbfe118e,0.6,0.666666,0.999999,0.6666666666666666,-2.0703931950101073
https://hashdive.com/Analyze_User?user_address=0x965a607fec1861ab865b4b6c88aaddf59e2314bb,0.6,0.666666,0.999999,0.6666666666666666,-0.9352991882391779
https://hashdive.com/Analyze_User?user_address=0x59e527ccae6cd3be19ae8ab0112759f08908a641,0.6,0.666666,0.999999,0.6666666666666666,1.4736070316064827
https://hashdive.com/Analyze_User?user_address=0x4ce892831b76054ce9cd8b20e273225a8ef3f5b0,0.6,0.666666,0.999999,0.6666666666666666,-0.43897614785992045
https://hashdive.com/Analyze_User?user_address=0xa4c49c3793a2f2f7c3a7dacae9ce94b7179df8ba,0.6,0.666666,0.999999,0.6666666666666666,-0.72515676119651
https://hashdive.com/Analyze_User?user_address=0x8a13e2b88ec45a0713d3a27e837ed3863dd399a8,0.6,0.666666,0.999999,0.6666666666666666,-0.878619513827119
https://hashdive.com/Analyze_User?user_address=0xbf51d516b76692a9ec425c57128222359bccaf8d,0.6,0.666666,0.999999,0.6666666666666666,-1.0380162152215957
https://hashdive.com/Analyze_User?user_address=0x4fe99c75c666c724050efa9c9d09e17a8c83b6e1,0.77,0.298701,0.999999,0.2987012987012987,-7.873354922175913
https://hashdive.com/Analyze_User?user_address=0xd0da3c845e7c6f8ef135c9a839545c6097dcbfc4,0.78,0.282051,0.999999,0.28205128205128205,-0.17756865956987594
https://hashdive.com/Analyze_User?user_address=0x79cfbb0c918b7598cdc342a4bd95efca04007b3d,0.84,0.190476,0.999999,0.1904761904761905,-3.577418610210236
https://hashdive.com/Analyze_User?user_address=0xaa93b894d56113416a70c9ad636fb96da980b792,0.78,0.282051,0.999999,0.28205128205128205,-0.028073099250025334
https://hashdive.com/Analyze_User?user_address=0x546ebc5ffff92977cbb3b423fed42e215310c8c7,0.77,0.298701,0.999999,0.2987012987012987,-5.987592007725773
https://hashdive.com/Analyze_User?user_address=0x2a5ee039034464fd6168459fac33244a03171a2f,0.78,0.282051,0.999999,0.28205128205128205,-0.5666297047805895
https://hashdive.com/Analyze_User?user_address=0x661d5226a37cbadd5ebd661cf991218a03a0bc76,0.75,0.333333,0.999999,0.3333333333333333,-0.05121171784825768
https://hashdive.com/Analyze_User?user_address=0xaeb3b7e96b3847ac6712df8c7726dd0b54f545be,0.75,0.333333,0.999999,0.3333333333333333,-0.017812637126312918
https://hashdive.com/Analyze_User?user_address=0x91df2e9e64c236bfc0b1792c45af83e8ded0c5cf,0.78,0.282051,0.999999,0.28205128205128205,-1.5301247610797795
https://hashdive.com/Analyze_User?user_address=0x44f31d0a17a7278ed3a5539224b48bbf939f10fe,0.84,0.190476,0.999999,0.1904761904761905,-0.3257650237198252
https://hashdive.com/Analyze_User?user_address=0x4bcbcb77ddce69b35848b8e74029f480b0be6bc2,0.91,0.098901,0.999999,0.09890109890109891,-4.664973858878968
https://hashdive.com/Analyze_User?user_address=0x18d89be12e9652a6e66768c9baa6fe97968987e4,0.84,0.190476,0.999999,0.1904761904761905,-0.021587827118068052
https://hashdive.com/Analyze_User?user_address=0xa89c6af9ed9898652b64b3c0f1bc6e25b67f4840,0.84,0.190476,0.999999,0.1904761904761905,-9.59050367226206
https://hashdive.com/Analyze_User?user_address=0x8c16c07c9cd9da06e5f0c22c84ccb1f9c1a231a4,0.78,0.282051,0.999999,0.28205128205128205,3.188436750423789
https://hashdive.com/Analyze_User?user_address=0xd918348eecb31337b8ae0cb12b208457f14cc38c,0.77,0.298701,0.999999,0.2987012987012987,-1.728961942830892
https://hashdive.com/Analyze_User?user_address=0xb86116b9e770b79d3799dadb8e740c2dc6227ff9,0.77,0.298701,0.999999,0.2987012987012987,-0.1223234798200076
https://hashdive.com/Analyze_User?user_address=0x467af0251b4dbe17834928519824c964024ad768,0.99,0.010101,0.999999,0.010101010101010102,-0.15724987431165904
https://hashdive.com/Analyze_User?user_address=0x429f1b55cb5aa85e01f67115dcdeccab25014f4e,0.78,0.282051,0.999999,0.28205128205128205,6.619087160134596
https://hashdive.com/Analyze_User?user_address=0x29551d10a6b511e5b69dd18b709f7b4eadcca83a,0.77,0.298701,0.999999,0.2987012987012987,-2.772727981595255
https://hashdive.com/Analyze_User?user_address=0xc1679bfc67c9c385f80e54fe5af992a7c9874056,0.7,0.42458,0.999999,0.4245804245804246,-1.0447046687608506
https://hashdive.com/Analyze_User?user_address=0x534efb86e95c41f69267eb63ba7e27a98e30553a,0.78,0.282051,0.999999,0.28205128205128205,4.848930199330067
https://hashdive.com/Analyze_User?user_address=0x4e92afe9a230b4d6c90779167f3f065f64127e2f,0.78,0.282051,0.999999,0.28205128205128205,0.2503390295966542
https://hashdive.com/Analyze_User?user_address=0x8463d64aefe0bb88401aa0677703690aab539f41,0.78,0.282051,0.999999,0.28205128205128205,0.05984998615746484
https://hashdive.com/Analyze_User?user_address=0x0d1332ea4c95643d774d080f346b9ad54b24f0de,0.75,0.333333,0.999999,0.3333333333333333,-0.04959541173258546
https://hashdive.com/Analyze_User?user_address=0x601e3e0948f97cbacf219524fc91d9e8c935384a,0.78,0.282051,0.999999,0.28205128205128205,-4.929970549345227
https://hashdive.com/Analyze_User?user_address=0x0ddb4863365acb73a46a73483dad06a3cc3945b8,0.78,0.282051,0.999999,0.28205128205128205,-1.3063615250677272
https://hashdive.com/Analyze_User?user_address=0xac5fcdd39a9a3385ef301bf9482a7664e134b684,0.78,0.282051,0.999999,0.28205128205128205,-14.706113145000133
https://hashdive.com/Analyze_User?user_address=0xecee8aafb80010c1c328c1374e058f2dec050f63,0.77,0.298701,0.999999,0.2987012987012987,-0.6958782239753536
https://hashdive.com/Analyze_User?user_address=0xab9f7c185f79904b9cbdfe6f4540df827be0b6c2,0.84,0.190476,0.999999,0.1904761904761905,-13.748481682709288
https://hashdive.com/Analyze_User?user_address=0xe861c33579e672deab94dcdb57df737d21a1a779,0.78,-0.0128,0.999999,-0.0128000128000128,-0.05901825287059863
https://hashdive.com/Analyze_User?user_address=0x28cdf55661c4a30744e84d69239407ce8a61c001,0.77,0.298701,0.999999,0.2987012987012987,-0.4839699193405147
https://hashdive.com/Analyze_User?user_address=0x760656627cf8bf2649722dc007de8671f5c35a75,0.78,0.282051,0.999999,0.28205128205128205,-0.014025559050501691
https://hashdive.com/Analyze_User?user_address=0xfbe586d2ee8b6a786f2b1cc744a1ec805dafee69,0.75,0.333333,0.999999,0.3333333333333333,-0.057398446338265574
https://hashdive.com/Analyze_User?user_address=0xb74e3eaaf6463d6284c5771681b7833612884976,0.77,0.298701,0.999999,0.2987012987012987,0.0963511551389673
https://hashdive.com/Analyze_User?user_address=0xfc8e2d16e3d20bdfe1f6e8fa9ef68464de7b3464,0.75,0.333333,0.999999,0.3333333333333333,-0.1425524966006251
https://hashdive.com/Analyze_User?user_address=0xb7fc4c32aa414a1c937126895bf137c9b2299cbd,0.78,0.282051,0.999999,0.28205128205128205,-7.894280052750449
https://hashdive.com/Analyze_User?user_address=0xf419556a9758214628edff29dce8f39a8aa13ce7,0.589999,0.100916,0.999998,0.10091620183240367,-0.38055490498311484
https://hashdive.com/Analyze_User?user_address=0x505cac3be6df2f499886534e2f12a2cfbb2c919e,0.819999,0.219513,0.999998,0.21951343902687806,2.3956806317380903
https://hashdive.com/Analyze_User?user_address=0x9dc153c6196d3ed972ab558cddb882ab9c0fb6de,0.759999,0.31579,0.999998,0.31579063158126314,1.0154752589217035
https://hashdive.com/Analyze_User?user_address=0x999ce76623be738495c87b95577847d288979484,0.759999,0.31579,0.999998,0.31579063158126314,-0.030029391295981513
https://hashdive.com/Analyze_User?user_address=0x08ea1fcac6e6d40b6268ebdac2ddeb5680e43e72,0.759999,0.31579,0.999998,0.31579063158126314,-0.04462933188692099
https://hashdive.com/Analyze_User?user_address=0x8f162d4488d9dc60768a52ce3191f657f88f479b,0.992999,0.00705,0.999998,0.0070500141000281995,0.8650511121864601
https://hashdive.com/Analyze_User?user_address=0x14178c5b758b46c980a1ef95307424f6bb7b6c1c,0.779953,0.282127,0.999998,0.2821275642551285,-2.8168559554132244
https://hashdive.com/Analyze_User?user_address=0x570f061cb4879baa96dc69f0fe60d19b7056e9bc,0.769845,0.298962,0.999998,0.29896259792519586,0.038921299685367824
https://hashdive.com/Analyze_User?user_address=0x160b1c0ea696d6b77d0038e18d3c9a3aecb4270a,0.819999,0.219513,0.999998,0.21951343902687806,-0.45582357412675956
https://hashdive.com/Analyze_User?user_address=0xa1d6e6f1cb710b1cc3d33945f3e8cf023672423f,0.819999,0.219513,0.999998,0.21951343902687806,-5.53465634066288
https://hashdive.com/Analyze_User?user_address=0x9c9ab7d13be747737092400558ca37022afbce53,0.819999,-0.044487,0.999998,-0.04448708897417795,-1.097334673453724
https://hashdive.com/Analyze_User?user_address=0x75adddefa692a8bef12ac98e4932ecfc3406097a,0.819999,0.216591,0.999998,0.21659143318286636,-1.2551670783929958
https://hashdive.com/Analyze_User?user_address=0x740262ebf63801651e54f4a1ef5e4855ec0833e3,0.978999,0.021451,0.999998,0.021451042902085805,0.9356398615068211
https://hashdive.com/Analyze_User?user_address=0x44224b6ec33daaffcff26878d64f08238644cde0,0.769922,0.298832,0.999998,0.2988325976651953,-0.21897924812686442
https://hashdive.com/Analyze_User?user_address=0xa39e516a3481142b97ba238b832e8f631d22ac8d,0.679999,0.470589,0.999998,0.4705899411798823,-4.564108772140187
https://hashdive.com/Analyze_User?user_address=0x79ed391a5aff5ae6119337a654a6974a30fad8b1,0.729999,0.231201,0.999998,0.23120146240292477,-4.887293298405368
https://hashdive.com/Analyze_User?user_address=0xb8c09c324db99e7f861422868b2b5791bca21480,0.819999,0.219513,0.999998,0.21951343902687806,-1.3788722212883298
https://hashdive.com/Analyze_User?user_address=0xd14fefa3beae3b0ecf223ca78464173b4396ea2f,0.589999,0,0.9999975650860001,0,-1.8326158557620502
https://hashdive.com/Analyze_User?user_address=0xef1f1e4601280c02e3212c80bc1ca24d6c1a12b7,0.589999,0,0.9999975650860001,0,6.6264702715200166
https://hashdive.com/Analyze_User?user_address=0x037986f8b5029396976c7c338dd7d1444aa23c3c,0.559999,0,0.9999974942870001,0,3.4276946611138137
https://hashdive.com/Analyze_User?user_address=0x461ab6289e3a5ed396eaececf1d37be025786c70,0.559999,0,0.9999974942870001,0,0.35482162512839843
https://hashdive.com/Analyze_User?user_address=0x44752934267723f582f15dd5a4a8194ef5927e95,0.559999,0,0.9999974942870001,0,-0.16403043651903176
https://hashdive.com/Analyze_User?user_address=0xfd0a320b1e00dad0c0481c190a4fc14f01cab390,0.559999,0,0.9999974942870001,0,9.73693307792022
https://hashdive.com/Analyze_User?user_address=0xf17e889cc8c0947341e23b7ba3d8d0c7c3f2721d,0.559999,0,0.9999974942870001,0,-3.03600512117233
https://hashdive.com/Analyze_User?user_address=0xb2502dda9f23b5063ca2f60850e58089f8d5e011,0.579999,0,0.9999971558640001,0,-0.13317024329005456
https://hashdive.com/Analyze_User?user_address=0xd4a1bd3844552fc7164c7bd8690265684bb21653,0.789999,0.265823,0.999997,0.2658237974713924,0.7168152368487485
https://hashdive.com/Analyze_User?user_address=0xeca2ffa267d2cc87b611cdfd7949aa56f7ab33c2,0.789999,0.265823,0.999997,0.2658237974713924,5.217707292231465
https://hashdive.com/Analyze_User?user_address=0xf0a1d3c1e273eb097a76a6369a5883a6d4e09e50,0.759999,0.31579,0.999997,0.31579094737284213,-0.04056889841406424
https://hashdive.com/Analyze_User?user_address=0xf1cdd6f7e3e4677e51b54757e672ae57a8e5ae83,0.789999,0.265823,0.999997,0.2658237974713924,-4.1905877398216465
https://hashdive.com/Analyze_User?user_address=0x9f5864e7b9b1e9658904f70b6c9e59f7121ed589,0.789999,0.265823,0.999997,0.2658237974713924,-0.798898415903785
https://hashdive.com/Analyze_User?user_address=0x0b8526818f5d93642f02a482214556e0a91bd796,0.759999,0.31579,0.999997,0.31579094737284213,-3.5782220907493683
https://hashdive.com/Analyze_User?user_address=0xc883c72e951511e9db2cee9542767e77db8035ff,0.759999,0.31579,0.999997,0.31579094737284213,-11.22983839471781
https://hashdive.com/Analyze_User?user_address=0x67c4da2f8359fc32abf38746f6d9df53e1a9a351,0.969999,0.030928,0.999997,0.03092809278427835,0.1903177338262408
https://hashdive.com/Analyze_User?user_address=0x7619a573b307b039d05f18a749ffc73e7c7b4edd,0.759999,0.31579,0.999997,0.31579094737284213,-1.4120956502972701
https://hashdive.com/Analyze_User?user_address=0x10385bae24709a8c40803272b3bfcaf247940d90,0.759999,0.31579,0.999997,0.31579094737284213,-0.12014479007740328
https://hashdive.com/Analyze_User?user_address=0x24be9604d976cb4cf215d4cf54e82fd9dc219e6f,0.929999,0.075269,0.999997,0.07526922580767742,-2.9371414441124246
https://hashdive.com/Analyze_User?user_address=0x5473735f62c81d4aa8211a65d6d762dc0eca9a5a,0.779969,0.282101,0.999997,0.2821018463055389,-22.02287728159463
https://hashdive.com/Analyze_User?user_address=0xd904b4a0b7c71d346e29275061d682f8cb14c63b,0.779921,0.28218,0.999997,0.2821808465425396,-0.09669406710050954
https://hashdive.com/Analyze_User?user_address=0x6829c6083a2c10386650726b791f4706000c79e2,0.759999,0.31579,0.999997,0.31579094737284213,-0.07892978823349905
https://hashdive.com/Analyze_User?user_address=0x055dc656e180394c7ecac627fe0b9e20f8f79aa4,0.789999,0.265823,0.999997,0.2658237974713924,6.431349460777987
https://hashdive.com/Analyze_User?user_address=0xe0079105048dca97d6873a4714bde0717cff65f4,0.809999,0.234568,0.999997,0.2345687037061111,-4.8353925701371
https://hashdive.com/Analyze_User?user_address=0xcd381389394196e80cef23366d37b582f5f207b1,0.779969,0.282101,0.999997,0.2821018463055389,-0.3111796693592348
https://hashdive.com/Analyze_User?user_address=0x44f31d0a17a7278ed3a5539224b48bbf939f10fe,0.759999,0.31579,0.999997,0.31579094737284213,-0.3257650237198252
https://hashdive.com/Analyze_User?user_address=0x5077fe256afde5722d8f9a602e54d51b3ad4721f,0.779969,0.282101,0.999997,0.2821018463055389,-0.035542925235908455
https://hashdive.com/Analyze_User?user_address=0xfa47059f21b698445fb2a378cfc63b0f23c671ad,0.789999,0.265823,0.999997,0.2658237974713924,-0.052903760561547226
https://hashdive.com/Analyze_User?user_address=0xe40e588d2d94deee4e8b2710f82c0c8c744486cc,0.808625,0.236666,0.999997,0.23666671000012998,-0.05470407878556109
https://hashdive.com/Analyze_User?user_address=0xf38f4dc9ab9a1a651178ae84c29b7f58aad0a267,0.789999,0.265823,0.999997,0.2658237974713924,-0.07870393400026351
https://hashdive.com/Analyze_User?user_address=0x8af8a14a7ea0d7762e1742f0754038aa1e1629e6,0.759999,0.31579,0.999997,0.31579094737284213,-0.04292204141041336
https://hashdive.com/Analyze_User?user_address=0x772c804aa4101a7d150d5b5852147f5fed1794f6,0.759999,0.31579,0.999997,0.31579094737284213,-0.043834890764068636
https://hashdive.com/Analyze_User?user_address=0x89585edbeeab0c6008b019b6f22559ea2d9b8522,0.559999,0.676401,0.999997,0.6764030292090877,4.4449480332204505
https://hashdive.com/Analyze_User?user_address=0x2a211203c51831ba66e2a9480fbe8250b5dddd0e,0.569999,0,0.9999965556170001,0,1.9551026660244306
https://hashdive.com/Analyze_User?user_address=0xd561fc19337abdc59e27254b5304a5fe1d06218c,0.569999,0,0.9999965556170001,0,1.02070176640117
https://hashdive.com/Analyze_User?user_address=0x69387a010146037352ab73a9dc120fea0e742504,0.789999,0.265823,0.999996,0.2658240632962532,-0.05551705358349531
https://hashdive.com/Analyze_User?user_address=0x8f69e897a004e41d332b8395f9baf8d8238af07e,0.789999,0.265823,0.999996,0.2658240632962532,-0.45604826051750436
https://hashdive.com/Analyze_User?user_address=0xd53aab8a12716829fce3574d6dc27ee3a0dc1dde,0.789999,0.265823,0.999996,0.2658240632962532,10.041771816706792
https://hashdive.com/Analyze_User?user_address=0x7d20695cc564bf25279f99e4cffa01dfe0f1b2a2,0.789999,-0.012598,0.999996,-0.01259805039220157,-0.19814171083373788
https://hashdive.com/Analyze_User?user_address=0x1fce6ef633b60bc22120e380ac9c5f6b17624426,0.789999,0.265823,0.999996,0.2658240632962532,-2.3434091276724227
https://hashdive.com/Analyze_User?user_address=0x5442b40e91027a8b38bbd33ec55db0def6047765,0.789999,0.265823,0.999996,0.2658240632962532,-0.03598143389272019
https://hashdive.com/Analyze_User?user_address=0x6ceaa474b1f46f5be2e27a161e1f020b9b0f3e5a,0.789999,0.265823,0.999996,0.2658240632962532,-0.08967509047508687
https://hashdive.com/Analyze_User?user_address=0x71f8d0ffae77422339d6629aebf6c14bfbff01df,0.998,0.002004,0.999996,0.0020040080160320644,0.7904604674757255
https://hashdive.com/Analyze_User?user_address=0xbf719230eb584097e2152ab58cbecdcb8edc708d,0.789999,0.265823,0.999996,0.2658240632962532,0.02076450426472541
https://hashdive.com/Analyze_User?user_address=0xe79281defd7621f87327daac590adee71d2ff426,0.789999,0.265823,0.999996,0.2658240632962532,-9.170410977321085
https://hashdive.com/Analyze_User?user_address=0xb7d86a37321a5b53929eb6b668e0a99cb2ca1a7b,0.789999,0.265823,0.999996,0.2658240632962532,-0.8962985134779409
https://hashdive.com/Analyze_User?user_address=0x94d41a1a949b58dae09d242d940e60c81224cd0a,0.789999,0.265823,0.999996,0.2658240632962532,-7.5730812777512835
https://hashdive.com/Analyze_User?user_address=0xbe8b4f8b620e57c03ee2362f9fd93a8388b4af10,0.789999,0.265823,0.999996,0.2658240632962532,-0.01123360201527944
https://hashdive.com/Analyze_User?user_address=0xe8f8a6b70f991f3f96e184f0b32b93149675805e,0.789999,0.265823,0.999996,0.2658240632962532,2.749994024023369
https://hashdive.com/Analyze_User?user_address=0x25b6052bb8145cf258338b9ad4eb3665d824e4e7,0.789999,0.265823,0.999996,0.2658240632962532,-0.07474904911902601
https://hashdive.com/Analyze_User?user_address=0x4a07a99d0764d355141f476bbf5ce5160e4f54d0,0.789999,0.265823,0.999996,0.2658240632962532,-0.06678708688680526
https://hashdive.com/Analyze_User?user_address=0xe84851fb29f0ed5d61eb1467a1f15e8dbfa32b67,0.808948,0.236172,0.999996,0.23617294469177877,-0.24852029047475088
https://hashdive.com/Analyze_User?user_address=0xefc5d37f9f8c49360195b378c1cc6ddd0977bd87,0.789999,0.265823,0.999996,0.2658240632962532,-0.459869934334336
https://hashdive.com/Analyze_User?user_address=0x20b2a17bc384055e30389f550b51154edd071166,0.789999,0.265823,0.999996,0.2658240632962532,-0.05717057604099269
https://hashdive.com/Analyze_User?user_address=0xc92cacd659e2fc4a662a52c23030deadf6a76a20,0.789999,0.265823,0.999996,0.2658240632962532,-0.10549493720428677
https://hashdive.com/Analyze_User?user_address=0xfd563cae4d7e85bb682780fb59d66b5decde157c,0.789999,0.265823,0.999996,0.2658240632962532,-0.0008032579078838091
https://hashdive.com/Analyze_User?user_address=0x3cff901fbe166ee6422d7994cde0e8f17bf5fcd0,0.789999,0.265823,0.999996,0.2658240632962532,-2.0859200643060207
https://hashdive.com/Analyze_User?user_address=0x55586af4459d226731fe447cbd5c63022312f10e,0.789999,0.265823,0.999996,0.2658240632962532,-0.3403533721644775
https://hashdive.com/Analyze_User?user_address=0x82b5b09971ab33546b3cc6d4e3c1f83a351692c7,0.849999,0.176471,0.999995,0.1764718823594118,-0.29720835290455266
https://hashdive.com/Analyze_User?user_address=0xb668aff299edaf39e11645988d364d011f63349a,0.849999,0.176471,0.999995,0.1764718823594118,-22.522289937954195
https://hashdive.com/Analyze_User?user_address=0xf04b16b1d622b97cecc750407231098973a175e5,0.92,0.086956,0.999994,0.08695652173913043,-3.574999422294292
https://hashdive.com/Analyze_User?user_address=0x1fb4d61e922516904f7b4f830fb017dc38957e8d,0.859999,0.162791,0.999994,0.1627919767518605,-1.3713752362925398
https://hashdive.com/Analyze_User?user_address=0xff7bdb896be3c9bfc921261569db260dec044117,0.859999,0.162791,0.999994,0.1627919767518605,-1.8145952230518525
https://hashdive.com/Analyze_User?user_address=0xa32aa8bcf7f4f7c509e31d6aa78b7fb82e391d9e,0.879999,0.136364,0.999994,0.13636481818890914,0.12032544129505245
https://hashdive.com/Analyze_User?user_address=0x121d6590af7413a188ea4d95c94463ab8c6b8e43,0.929999,0.075269,0.999988,0.07526990323883886,-6.238607594137599
https://hashdive.com/Analyze_User?user_address=0x9e8daae2605b957d2e949929df1daa3f1fbb12de,0.939999,0.06383,0.999986,0.06383089363251085,0.012381364032651217
https://hashdive.com/Analyze_User?user_address=0xdf0dac23ecb7b4fcb745fb27f62af890a6f7e1a5,0.96,0.041666,0.999984,0.04166666666666667,-5.639171272774926
https://hashdive.com/Analyze_User?user_address=0x3978a99e028eb590c98d8e9ddbe513298fa92f24,0.74,0.209999,0.597691,0.3513504469700899,14.025964459929618
https://hashdive.com/Analyze_User?user_address=0x0ebe4fbaa332507f2c54e8279137c5288b063ea2,0.839999,0.078095,0.409998,0.1904765389099459,0.18999823697463863
https://hashdive.com/Analyze_User?user_address=0x0c2a8b4939ed2df26f804f3e20af46c2f2949bc6,0.76803,0.117792,0.389999,0.3020315436706248,0.5773780175039862
https://hashdive.com/Analyze_User?user_address=0xa07fadb8abf6f84ddd5e38b1c5a77976b83e0fa9,0.759998,0.123158,0.389998,0.31579136303263095,-4.684871235247437
https://hashdive.com/Analyze_User?user_address=0xf2b1207c36eb522d221bde194e1c4a189594cba1,0.769486,0.08987,0.299999,0.2995676652255507,-0.10649621456881204
https://hashdive.com/Analyze_User?user_address=0xfc7ec12f6b5c333b26b05e9a803efc1a8dd7e187,0.768462,0.060259,0.199997,0.3012995194927924,-0.33949680320201503
https://hashdive.com/Analyze_User?user_address=0xdadbee39ba3bdaf2c8bb2a86c614c5fa43d48607,0.76,0.050526,0.159999,0.3157894736842105,-3.2945608258091506
https://hashdive.com/Analyze_User?user_address=0x747de92f5d32a8b16dcc6f455e5fc223882c8879,0.769999,-0.004799,0.129999,-0.03691566858206602,-0.913679022687983
https://hashdive.com/Analyze_User?user_address=0xba6c8192976d745cb2c3501ed0d8303763535076,0.763887,0.030909,0.099999,0.3090930909309093,-1.1105510889802632
https://hashdive.com/Analyze_User?user_address=0x07af173c3e29c72d5294c6bc918aa767bf47ee5f,0.829999,0.020481,0.099995,0.2048202410120506,0.1882375239104237
