url,avg_price,realizedPnl,total_invested_usd,ROI,Score
https://hashdive.com/Analyze_User?user_address=0xe60a9b0be459d9849bc2339dac20517639ae6a47,0.693135,-386.949323,61483.84437281652,-0.006293512172948631,-2.5501943347798797
https://hashdive.com/Analyze_User?user_address=0x148487d3f19011b864bbcae6c83766888b0fcafe,0.998573,78.572774,54982.937225,0.0014290392249956777,-2.8677456614758503
https://hashdive.com/Analyze_User?user_address=0x2ff0e36eb9632a47c3eb75224bba1f141a6346e3,0.665087,27372.477689,54390.827104,0.503255404383931,4.131586848757501
https://hashdive.com/Analyze_User?user_address=0x3078755a25620dfa7684f9a8b9513017d4473e11,0.964939,-1204.498453,50321.88064,-0.023935879138081432,1.3799679673433203
https://hashdive.com/Analyze_User?user_address=0x5b8e1ac396de463145b390a2dde1eddfc7e95c3c,0.668731,-11881.234961,47088.85824062805,-0.2523152058664469,2.1300592936991687
https://hashdive.com/Analyze_User?user_address=0x40e3d20ac91108af67d4a9ddb144cbd63f740787,0.702345,6648.343693,33727.168728,0.1971213103186039,0.3627447142691107
https://hashdive.com/Analyze_User?user_address=0xc3c3b3ef304ddbea39fa2246e683a71da5d0eec8,0.7,0,28000,0,-2.8843269369304085
https://hashdive.com/Analyze_User?user_address=0xb13d096b2e90411d0e5f42891d2e73ef4cea2e90,0.93,-1130.495122,24699.942679,-0.045769139495256884,1.7518885701468132
https://hashdive.com/Analyze_User?user_address=0x29bfd318d0cdffbbb9943e7ea3c5fac570c225b0,0.9,2253.998142,22500,0.1001776952,-8.498018152538421
https://hashdive.com/Analyze_User?user_address=0x1872882c6791aa2f511694d890a1bf258917ae0f,0.902944,2291.263107,21316.376892,0.10748839348303639,-9.826125917563681
https://hashdive.com/Analyze_User?user_address=0xe4053a10837fe8a9780955122fc232c881a7bf91,0.66,0,20459.98524306,0,0.8411589925102696
https://hashdive.com/Analyze_User?user_address=0x3eebc6525e6f9e3d87cdedaf3bbdc0a2ea04c387,0.5,5585.639174,19100,0.29244184157068065,-0.5853532481025643
https://hashdive.com/Analyze_User?user_address=0x3078755a25620dfa7684f9a8b9513017d4473e11,0.967301,-1031.158576,18375.607339,-0.05611561876441988,1.3799679673433203
https://hashdive.com/Analyze_User?user_address=0x8e8cf968a888c72a45627be3660d1c815d4c6657,0.883454,2420.626054,18349.790142,0.13191573501756507,2.2564710506009202
https://hashdive.com/Analyze_User?user_address=0xd72753dae1cb01011c1e69af78ee1f9494bbecce,0.906679,1728.261228,16791.270586,0.10292617340351638,0.2151939384284983
https://hashdive.com/Analyze_User?user_address=0x0ddaeddc576d81dc44a87f717255fbc428b54cf6,0.989999,696.639576,15734.757006,0.04427393290753435,1.084992909762951
https://hashdive.com/Analyze_User?user_address=0xacb4db8bab300ba7bb0145b0f223bf5d32f47595,0.741096,5325.867581,15244.952419,0.349352850348178,-7.797010471085076
https://hashdive.com/Analyze_User?user_address=0xd72753dae1cb01011c1e69af78ee1f9494bbecce,0.822998,3215.073982,14948.980562,0.21506978142527333,0.2151939384284983
https://hashdive.com/Analyze_User?user_address=0xfc4a95410dd7ddf940cb8597e478e55decfa87d4,0.66,0,13200,0,1.9492312737862827
https://hashdive.com/Analyze_User?user_address=0x0ddaeddc576d81dc44a87f717255fbc428b54cf6,0.969801,62.749336,12818.693846,0.004895142730909403,1.084992909762951
https://hashdive.com/Analyze_User?user_address=0xe38ef5d1b91f3450283f0817d33d75d19aa8c29d,0.678009,5396.821367,11993.91376,0.4499633293177856,-0.399351067241456
https://hashdive.com/Analyze_User?user_address=0xdf2e12c6a53671d0b08f29d0391728097029ddec,0.510505,-11563.238879,11647.171575,-0.9927937271757757,1.8243991590124247
https://hashdive.com/Analyze_User?user_address=0xa2f1fecf1cc7db65a46588f764b6691533052d22,0.990585,96.35175,11342.19825,0.008494980238949712,2.9644622837326757
https://hashdive.com/Analyze_User?user_address=0x2aa22a2d9379e9adb7cb0d1d760763f697ab4d22,0.54284,9251.046752,10984.859172,0.8421634367039111,-7.032570655911958
https://hashdive.com/Analyze_User?user_address=0x8fba2c29715c41dd87e781c23373aa1e0549d08a,0.53,-10599.983643,10599.983643,-1,-0.8874313017804145
https://hashdive.com/Analyze_User?user_address=0xdd528c7be0e1b3569ac228e5442fcae5f1130001,0.699728,0,10362.391903572128,0,-29.77805408718133
https://hashdive.com/Analyze_User?user_address=0xfcadf113c9826a6f90eeed9b733948d20c9e0dac,0.889999,1225.20176,10003.838752,0.12247316159059977,-7.282019276560914
https://hashdive.com/Analyze_User?user_address=0x2ff0e36eb9632a47c3eb75224bba1f141a6346e3,0.555474,7776.828627,9717.825515,0.800264278772657,4.131586848757501
https://hashdive.com/Analyze_User?user_address=0xd04d631183d7568356f598a3c77181ec4ab6d0e5,0.69,-2358.564222,9295.601404169998,-0.25372906167662806,1.2139612180918693
https://hashdive.com/Analyze_User?user_address=0xa6a856a8c8a7f14fd9be6ae11c367c7cbb755009,0.73,-1586.295721,8569.625499,-0.1851067728904964,3.5826443194321547
https://hashdive.com/Analyze_User?user_address=0x5314305babb27b745f0d401076b97fbb2dae910c,0.721127,429.621971,8156.117498,0.052674813856635784,1.1802439048805042
https://hashdive.com/Analyze_User?user_address=0x83678d1893136fdd79f995c2f2f0b7f3e09d2a2a,0.719998,2682.873102,8152.214387,0.3290974666071426,-4.906486170163954
https://hashdive.com/Analyze_User?user_address=0xe20a1538293903b746ffe6c4ce2d5c3c0300e469,0.682532,0,7476.97425232,0,5.555614746221805
https://hashdive.com/Analyze_User?user_address=0xead152b855effa6b5b5837f53b24c0756830c76a,0.7,-238.858601,7313.803,-0.032658604695806,-4.74539280956915
https://hashdive.com/Analyze_User?user_address=0x38507eb687f0a07e4d8a23a3c96a01916f0fc4b4,0.69,0,6958.81002963,0,7.813785440436121
https://hashdive.com/Analyze_User?user_address=0x194faaf291d5f8a78b814a2ff67de9ab46bf3d95,0.68,99.99958,6800.000000000001,0.014705820588235292,0.5323228908366441
https://hashdive.com/Analyze_User?user_address=0xfefb4ab20c207f11278c222e5276546727f74b5d,0.64,0,6694.58062144,0,2.131263351602594
https://hashdive.com/Analyze_User?user_address=0x5314305babb27b745f0d401076b97fbb2dae910c,0.483416,6966.662496,6667.25176,1.044907669123327,1.1802439048805042
https://hashdive.com/Analyze_User?user_address=0x4cc3522b689a6bf1fb4a2444c523e7776db47552,0.438638,342.220706,6373.90095,0.053690935689861954,1.179469921871815
https://hashdive.com/Analyze_User?user_address=0xca3f77cb090cf7cbcf48bcf865e8f27364418078,0.69,-893.66779,6078.10156374,-0.14703074317338408,0.2184274343735956
https://hashdive.com/Analyze_User?user_address=0x5e943af7f6a5494fe8d49e401ed8328c63c03f94,0.637844,3413.783751,6029.14895,0.5662132050992039,-6.497034435579918
https://hashdive.com/Analyze_User?user_address=0x164229b9d0587e50b94098f5840164282b565988,0.626481,1074.404501,5838.201498,0.18403004784402527,0.5682485275022097
https://hashdive.com/Analyze_User?user_address=0x574e3aa34743c81f8f9e65c38599e4da95e83ef1,0.717396,2261.489218,5740.836362,0.3939302699811042,-0.9706120871159386
https://hashdive.com/Analyze_User?user_address=0xd3776b51ddf90d37734b5ba58b47c63c6600a0a5,0.987978,69.100514,5678.737986,0.012168287068421896,-17.76844600518694
https://hashdive.com/Analyze_User?user_address=0x7a930e196ae18296adcf84b8c6d86dfc089cecf9,0.699999,889.123559,5504.556042,0.16152502621754578,-0.6516140818166394
https://hashdive.com/Analyze_User?user_address=0x9615a81a49fa2f1f234ae138eac87e3828a260dd,0.68,0,5440,0,0.6220124548223649
https://hashdive.com/Analyze_User?user_address=0xa1127b784804efae017554b952fef11853c3d215,0.931527,649.314924,5197.61201,0.1249256240655793,-3.7482476496183317
https://hashdive.com/Analyze_User?user_address=0xe626f259c4a8917ed8a2937a79ff990d64ba2fe6,0.485485,5156.959363,4865.993055,1.059795874081863,-3.309171971331758
https://hashdive.com/Analyze_User?user_address=0x207acb1301a7858ff475f1c0d6b7dba6a2a26fec,0.967489,149.159839,4579.688864,0.032569863025524524,-3.0641766519472173
https://hashdive.com/Analyze_User?user_address=0x94832c4423d52d58a2a052b2f92d7135195a39b2,0.526498,3890.755742,4326.222734,0.8993424474940591,-2.366354743860522
https://hashdive.com/Analyze_User?user_address=0x008aab39521901ea08a8c55474740547a11921a8,0.518877,-4211.865956,4211.865957,-0.9999999997625755,-1.9188050683945335
https://hashdive.com/Analyze_User?user_address=0x30ae3992180b30b791df5e6e5480629449594318,0.735645,1399.008126,3893.148734,0.35935131729801517,0.59620237575699
https://hashdive.com/Analyze_User?user_address=0xf0e9fa1fcf375d831cead62d10bbbc672d96987e,0.689999,0,3824.994454541742,0,2.2902145956335964
https://hashdive.com/Analyze_User?user_address=0x3de2e890c758a13eb23afa4faee3bd49e68c0c64,0.964584,139.822368,3808.177632,0.03671634611397245,1.62830569579992
https://hashdive.com/Analyze_User?user_address=0xbb367cb2a0b847d805947443342629ffcd909545,0.69,-955.675829,3761.1441253499997,-0.2540917862090882,1.1692506043827833
https://hashdive.com/Analyze_User?user_address=0xb13d096b2e90411d0e5f42891d2e73ef4cea2e90,0.370396,745.462857,3638.466956,0.20488377825465676,1.7518885701468132
https://hashdive.com/Analyze_User?user_address=0x06e64174adde7055e56c4dbb75596098e4c787e6,0.7,-151.6,3572.7999999999997,-0.04243170622480968,-18.909821084978155
https://hashdive.com/Analyze_User?user_address=0x90b6a428d636ee98b22973f3c74b250993391d6b,0.846785,-22.371255,3540.7435,-0.006318236551165031,-1.0531975185852578
https://hashdive.com/Analyze_User?user_address=0x10b30364936b03d26b3fd01a63d1f991454b40d4,0.7,0,3500,0,2.539634780376888
https://hashdive.com/Analyze_User?user_address=0xb76c18a799e0e1c45727ef9573b939d85e26a285,0.68,0,3477.6016,0,1.3328906312153734
https://hashdive.com/Analyze_User?user_address=0xa27b368a6eecd3a498f0409fe099dc7dbcb35d5c,0.989,121.018366,3417.23236,0.03541414608399646,-3.832710931461796
https://hashdive.com/Analyze_User?user_address=0x90ba2e712cdb5d167f22ef2053333ff1437463f3,0.399373,4805.016,3194.984,1.5039249022843306,-1.4115837268640694
https://hashdive.com/Analyze_User?user_address=0x19fdff7b217f7cc5e602ecab13c1947527f05838,0.69,-844.36,3066.3599999999997,-0.27536231884057977,-6.793759749986915
https://hashdive.com/Analyze_User?user_address=0x40e3d20ac91108af67d4a9ddb144cbd63f740787,0.501623,3023.900122,3043.595212,0.9935290048024954,0.3627447142691107
https://hashdive.com/Analyze_User?user_address=0xd3776b51ddf90d37734b5ba58b47c63c6600a0a5,0.994999,24.217849,3029.937125,0.00799285529728608,-17.76844600518694
https://hashdive.com/Analyze_User?user_address=0x6ee4cc481bb553f9411cf2e0b1f165f67a1980f2,0.858536,480.028696,2934.006845,0.16360858081092855,-6.318989721643062
https://hashdive.com/Analyze_User?user_address=0xbff195d5895037589c81421751ba1874c3f7d32b,0.679999,0,2824.775845031766,0,7.263562476246431
https://hashdive.com/Analyze_User?user_address=0x6e82b93eb57b01a63027bd0c6d2f3f04934a752c,0.38,4532.2992,2777.8608,1.6315789473684212,0.7191121986757582
https://hashdive.com/Analyze_User?user_address=0x8d2dfa5467067189df7af810feb880466edc569c,0.771743,-893.094954,2740.297327,-0.32591169768345357,-64.13964553395707
https://hashdive.com/Analyze_User?user_address=0x5c953deea65497471e74af41462a6b29bda30a3a,0.54,-2723.76,2723.76,-1,-1.1915822340966495
https://hashdive.com/Analyze_User?user_address=0x51393c00184b39182f09a8a62b8549642e69a8db,0.69,0,2688.93,0,5.890574614908779
https://hashdive.com/Analyze_User?user_address=0xba264376d6fef08f23a44db4153d12d47f5f23c9,0.69,-554.823951,2678.24773533,-0.20715930930550658,0.4852034706965283
https://hashdive.com/Analyze_User?user_address=0xa6a856a8c8a7f14fd9be6ae11c367c7cbb755009,0.696319,1093.452366,2507.208743,0.43612338583808136,3.5826443194321547
https://hashdive.com/Analyze_User?user_address=0x48183e17a92b51605fe8e96c60b9a491f06afde0,0.699999,-35.710628,2499.996426871431,-0.014284271615815598,1.7453492679919074
https://hashdive.com/Analyze_User?user_address=0x55307e57ee66d15af36bc0894bbaca65604dd38d,0.524961,2218.232613,2451.347386,0.9049034117598542,-2.5631418446567156
https://hashdive.com/Analyze_User?user_address=0x873c6211bb7bfa8087ef4c085ea1c7f6c780ac48,0.440909,3075.094805,2425.073871,1.268041704532472,-0.2515586871155835
https://hashdive.com/Analyze_User?user_address=0xe27b91bb3b8f991f49e5e1e8d90524e73e9f858f,0.48,490.471728,2318.760808,0.21152320942626524,0.23072365646085857
https://hashdive.com/Analyze_User?user_address=0xee613b3fc183ee44f9da9c05f53e2da107e3debf,0.69,-617.12,2248.5858,-0.2744480553065843,1.1503623469565472
https://hashdive.com/Analyze_User?user_address=0x6ee4cc481bb553f9411cf2e0b1f165f67a1980f2,0.859999,362.269966,2241.367393,0.16162899805333253,-6.318989721643062
https://hashdive.com/Analyze_User?user_address=0x3dd4ba9f9aa3b9de1ce743bf8c4ba4c86ac21b50,0.67,0,2223.06,0,1.0665909076584192
https://hashdive.com/Analyze_User?user_address=0x5fe0c26ab86beee51a32e726559b8fadace5d994,0.419548,211.434836,2198.309851,0.09618063436499608,4.3729597816345915
https://hashdive.com/Analyze_User?user_address=0x439b4cac193239c5769ac26e1d0b167e22182c9a,0.7,0,2174.2,0,-7.557396375684521
https://hashdive.com/Analyze_User?user_address=0xf33258bd83a36c466a6234814b62f94e75ac1601,0.8379,560.249503,2158.414459,0.25956530297687375,0.5997025122635316
https://hashdive.com/Analyze_User?user_address=0xbd88ce95f23f674a41dcc6735052942115321ca6,0.920802,182.725266,2151.645236,0.08492351013203926,-28.321961832223188
https://hashdive.com/Analyze_User?user_address=0x242e686a8aa56a505a58c70cf750aa7a33f3ee63,0.529999,1903.947446,2146.995948,0.886796012714226,-7.8220686245926245
https://hashdive.com/Analyze_User?user_address=0x5341e0e5ee719c9f3681c6f715070c4131612b42,0.699999,0,2119.996969628574,0,10.926685466279933
https://hashdive.com/Analyze_User?user_address=0xd44c16f2f64a0f50ffc417a78141b43c2921ab91,0.547761,1639.296098,1985.548505,0.8256137253116362,-5.548339917309376
https://hashdive.com/Analyze_User?user_address=0xa52b785a5510117ac3ae03d75d029f89a36c9480,0.98,40,1960,0.02040816326530612,1.2364567643707782
https://hashdive.com/Analyze_User?user_address=0x325f64edd42ac179213e12bc2a8c4f00764dd8ac,0.545947,382.473368,1925.762529,0.19860879118808525,5.712819393128548
https://hashdive.com/Analyze_User?user_address=0x90ba2e712cdb5d167f22ef2053333ff1437463f3,0.39,2998.860078,1917.303985,1.5641025635275045,-1.4115837268640694
https://hashdive.com/Analyze_User?user_address=0xe1aff568c9ce89fbd38e89071515f1d75aefd23b,0.912112,178.613024,1853.666975,0.09635658746091648,-7.426094359483432
https://hashdive.com/Analyze_User?user_address=0x997b2c7e56c333c3623dec8886e621008601801e,0.366,3170,1830,1.7322404371584699,0.5131796223108288
https://hashdive.com/Analyze_User?user_address=0xe18f632c4d528d1f2fe327cc50959df38d4f86ad,0.540035,-1822.07809,1822.07809,-1,-16.739966665127795
https://hashdive.com/Analyze_User?user_address=0x93bc1f104bc72c9141fc41c2acb2265f54a28ca3,0.434998,-4.999,1739.992,-0.0028730017149504136,-0.6045469830601413
https://hashdive.com/Analyze_User?user_address=0x433f62d1f91768a0877171eee70e172f0bf7a0dc,0.499778,-1737.483214,1737.483215,-0.9999999994244549,-0.4209386445151741
https://hashdive.com/Analyze_User?user_address=0x7bb4a115463a341e620d6f4061dd84986bd3acb6,0.98,33.506888,1728.249992,0.019387755333488813,-8.55527792345187
https://hashdive.com/Analyze_User?user_address=0x5f4e0f486af461f14503c7091ff8c14ae9b431cb,0.69,0,1712.7249,0,2.499055865622957
https://hashdive.com/Analyze_User?user_address=0xc41ecf60680bbc78d762c9eab6527265ab912dfc,0.96168,68.021881,1707.079399,0.03984693450102375,-3.6370712918585015
https://hashdive.com/Analyze_User?user_address=0x1ae767d26bbc68d66a960e40cc55f4b06bb04602,0.568104,1288.654813,1698.99933,0.7584787058156168,14.152048708023681
https://hashdive.com/Analyze_User?user_address=0xd1ed12197b7dc22dede923727e9b714024dbd7cb,0.64,0,1684.48,0,-2.9251325423106165
https://hashdive.com/Analyze_User?user_address=0x6b7de5ac233f80f6b8e8aeb75b94960d574af776,0.974493,40.994329,1630.099012,0.025148367490698167,-21.347494768982138
https://hashdive.com/Analyze_User?user_address=0xa1127b784804efae017554b952fef11853c3d215,0.815,349.998474,1630,0.21472299018404908,-3.7482476496183317
https://hashdive.com/Analyze_User?user_address=0x7be6b073394f2ac9cc32bbcf7927bfb3cc51a8bc,0.987597,19.714577,1622.378077,0.012151653969865618,-42.08069074616609
https://hashdive.com/Analyze_User?user_address=0xe27b91bb3b8f991f49e5e1e8d90524e73e9f858f,0.430957,658.201335,1619.927861,0.4063152136871606,0.23072365646085857
https://hashdive.com/Analyze_User?user_address=0x88db9737318d7b502304b68b6078db6123243843,0.399017,2406.74417,1597.935114,1.5061588852474517,-0.06887533588232188
https://hashdive.com/Analyze_User?user_address=0xa09b93bd004915b57be83dc5b5ff5586d98da0ff,0.568216,-182.833946,1593.367381,-0.11474688648719111,0.6267975617041445
https://hashdive.com/Analyze_User?user_address=0x4fc19a907012ef58717ee7ceb1f89057f71aec92,0.69,-433.997284,1586.9999999999998,-0.2734702482671708,0.5887318071566944
https://hashdive.com/Analyze_User?user_address=0x6b7de5ac233f80f6b8e8aeb75b94960d574af776,0.99,16.008686,1584.859914,0.010101010101010102,-21.347494768982138
https://hashdive.com/Analyze_User?user_address=0xf699a6477fa8e385987f8ae6a3657b2e106107e1,0.99,15.901,1574.199,0.0101010101010101,9.78559964410914
https://hashdive.com/Analyze_User?user_address=0xc58df0b98437f613e20916c242403e0a6c009373,0.45,1891.66499,1547.725901,1.2222222221504322,-4.239958580637938
https://hashdive.com/Analyze_User?user_address=0x2ce7d1fb37ee9d5779e3c4759944180f2bdefd4a,0.876888,216.758373,1543.901626,0.14039649246408656,-13.740318781475178
https://hashdive.com/Analyze_User?user_address=0x6094e34888bc7682fd73e4f9aea4e0b350323bd9,0.449111,1727.447673,1515.7568,1.1396601836125688,7.702293806280065
https://hashdive.com/Analyze_User?user_address=0x7ba5b5b21c2d4bab224ca5ad446cc31c776faaf1,0.52711,-1512.08883,1512.0888303999998,-0.9999999997354654,-5.437745676198627
https://hashdive.com/Analyze_User?user_address=0xf0b0ef1d6320c6be896b4c9c54dd74407e7f8cab,0.729977,-48.113956,1505.608724,-0.03195648061348508,0.7139732428280593
https://hashdive.com/Analyze_User?user_address=0xbde579ead903b9cf5c3fc4be5a0c515464769c38,0.891962,-36.467601,1504.520176,-0.024238691897741624,1.1552893571556284
https://hashdive.com/Analyze_User?user_address=0x26d4e933fcb1f31e9b7d8e37bdbbf57e1e776f09,0.525818,1324.215845,1499.998825,0.8828112548688163,-0.5778063202027027
https://hashdive.com/Analyze_User?user_address=0xe6630b407cb62360485d6266245984c52f596462,0.55944,699.026006,1499.9985,0.46601780335113674,-8.801557656227699
https://hashdive.com/Analyze_User?user_address=0x8d639092625aa71e195db5a28614e20f1bbea454,0.89099,74.892318,1492.37261,0.05018339086242008,0.7384679616737543
https://hashdive.com/Analyze_User?user_address=0xf6f65e5c26abcb1a30f6b7f2eeac5d07b461e0a1,0.71,555.826384,1409.426385,0.3943635438611432,0.1278306068110719
https://hashdive.com/Analyze_User?user_address=0xa8baef5d55d4e76909b1d0710cc4bc7d244fd429,0.59971,915.687764,1375.309436,0.6658049018141108,-0.783146570693129
https://hashdive.com/Analyze_User?user_address=0xfcca95f33142ba2880d661bd0f00b51393fcc460,0.68,-20.757756,1360,-0.015263055882352942,2.3913815783712753
https://hashdive.com/Analyze_User?user_address=0x15207ad0777777e91ecb04d3b73a7cc7a937378f,0.66,-349.994359,1319.9804079,-0.26515117717301384,1.33596013789812
https://hashdive.com/Analyze_User?user_address=0xb10047d6a254b2ebb306d7a7d13bf59171ab6461,0.375031,1207.781935,1311.075813,0.9212144126405297,2.8376549742393014
https://hashdive.com/Analyze_User?user_address=0x41b07ec8c8539bf070ae21124338b72175b45be0,0.461061,1524.492849,1304.199914,1.1689104044826673,-1.4486863884428094
https://hashdive.com/Analyze_User?user_address=0x7662ec80b37fe6dbda60371f574fd08fc5a7356b,0.37,14.688356,1282.865576,0.011449645445938758,1.0274630429058602
https://hashdive.com/Analyze_User?user_address=0xe40172522c7c64afa2d052ddae6c92cd0f417b88,0.551,242.925095,1247.492817,0.19473065631286918,3.3078395897966573
https://hashdive.com/Analyze_User?user_address=0x51373c6b56e4a38bf97c301efbff840fc8451556,0.664615,-229.188506,1221.9412005499998,-0.1875609938488378,-0.4011409018438797
https://hashdive.com/Analyze_User?user_address=0xf0b0ef1d6320c6be896b4c9c54dd74407e7f8cab,0.959998,-22.97333,1221.195305,-0.01881216698585326,0.7139732428280593
https://hashdive.com/Analyze_User?user_address=0xb4c4ad0fc2c8ad8a12a2a865815e1ccedf478441,0.62,315.048,1220.811,0.25806451612903225,1.380127729692187
https://hashdive.com/Analyze_User?user_address=0x552337556e70f851bff6e0e97a2e00df7d5751e9,0.94999,104.685348,1183.068033,0.08848632967838799,0.6112593808279038
https://hashdive.com/Analyze_User?user_address=0x4924c71c054637d76d0a96d6d097a0d95f77f328,0.539999,652.415201,1165.347841,0.559845891540979,-10.191644752422844
https://hashdive.com/Analyze_User?user_address=0xa09b93bd004915b57be83dc5b5ff5586d98da0ff,0.742237,401.408688,1155.869465,0.34727856402020274,0.6267975617041445
https://hashdive.com/Analyze_User?user_address=0xfba6af103a629a538664136a418300146d2a375c,0.429901,-1121.644579,1121.64458,-0.999999999108452,-2.54956353675007
https://hashdive.com/Analyze_User?user_address=0x799ca0ce033e26bab3f8761481c608e236a5bcef,0.525648,990.555329,1099.997264,0.9005070843521661,-10.401936894568848
https://hashdive.com/Analyze_User?user_address=0x4132070d75f124a5f2a4d13ec0a4497dee6ba5a5,0.899995,442.790733,1074.461467,0.41210480468537825,-3.2184390371972063
https://hashdive.com/Analyze_User?user_address=0x55307e57ee66d15af36bc0894bbaca65604dd38d,0.652041,464.112143,1071.331857,0.43321043798663034,-2.5631418446567156
https://hashdive.com/Analyze_User?user_address=0x41089eef56a28358b10dc0de33bd55494869a80d,0.68998,-232.283032,1049.44626545594,-0.22133866177424802,0.4952949631830921
https://hashdive.com/Analyze_User?user_address=0x89b3d5d341ba3af3a98d8900feb88d10efb76ed8,0.511504,990.773546,1037.438653,0.9550189238996863,-2.383907754677675
https://hashdive.com/Analyze_User?user_address=0x3c364075fca0b63cc753b3058c2ff198486252b9,0.909994,88.393357,1036.21625,0.08530396719796664,-0.8668356954477562
https://hashdive.com/Analyze_User?user_address=0xb7b3ed1c02a77a200b600ac407747be2f3b79573,0.69,0,1035,0,3.3402642895203365
https://hashdive.com/Analyze_User?user_address=0xd48a81db62f742c4e42d86dfc23a7ee345366e90,0.69,0,1034.9930979299997,0,-2.4698064627904817
https://hashdive.com/Analyze_User?user_address=0x29c0a89b23af58739b6a4ab5f9c8b459af4aefaa,0.688607,-260.70915,1020.5155739999999,-0.2554680757865632,0.892108976742309
https://hashdive.com/Analyze_User?user_address=0x817bd11dac76d41df5459a985e9e9c8a9e2e3c25,0.509291,892.966547,1020.189188,0.875295050666622,1.933938817051129
https://hashdive.com/Analyze_User?user_address=0xfcadf113c9826a6f90eeed9b733948d20c9e0dac,0.592912,682.435436,1018.978563,0.6697250175615324,-7.282019276560914
https://hashdive.com/Analyze_User?user_address=0x799ca0ce033e26bab3f8761481c608e236a5bcef,0.920108,85.741403,999.999796,0.08574142049124979,-10.401936894568848
https://hashdive.com/Analyze_User?user_address=0xe957a621e0db8ce6ce94d64c492a3272a58785c4,0.70926,409.919981,999.99947,0.4099201982577051,-1.238402250481354
https://hashdive.com/Analyze_User?user_address=0xab85b70cd2395c8cea5d4d9b82ec486021e374c6,0.699999,0,999.998569628574,0,4.285734693906705
https://hashdive.com/Analyze_User?user_address=0xbf58a71c68bbaf3c133f084c39e6db747aefd161,0.679999,0,999.998528531766,0,3.8182009428274934
https://hashdive.com/Analyze_User?user_address=0x236d963567d037971e66e7b77acaff94ec075e45,0.669999,0,999.998506502688,0,7.360072326248007
https://hashdive.com/Analyze_User?user_address=0x3603cb6998593af0fd9247a4514729443702ac36,0.409999,1439.026828,999.99756,1.4390303392340278,15.8122095567477
https://hashdive.com/Analyze_User?user_address=0x1b4d055f449dafeae75906b15c92033a06d3a259,0.389999,1564.105127,999.997435,1.5641091389399415,2.277711099419527
https://hashdive.com/Analyze_User?user_address=0x071287da91a2ecc8710187e52039d7828a5af71b,0.45,1222.095497,999.896316,1.2222222218888543,1.8353935319211732
https://hashdive.com/Analyze_User?user_address=0x3f58cfc3e038a7d90cc80cb482d994e903589c6a,0.889999,122.392862,999.348872,0.12247260734387459,0.11469514182698497
https://hashdive.com/Analyze_User?user_address=0x0f66ba7e5aeedbc9d2ecffb3e691ac3620f68938,0.54,814.0365,976.8438,0.8333333333333334,-0.098308017319369
https://hashdive.com/Analyze_User?user_address=0x8f13db915cca106e6330e8a39996c0a875d8daae,0.546413,-159.860705,973.947172,-0.16413693637173987,0.026231235738829687
https://hashdive.com/Analyze_User?user_address=0x4924c71c054637d76d0a96d6d097a0d95f77f328,0.553029,-965.979506,965.979506,-1,-10.191644752422844
https://hashdive.com/Analyze_User?user_address=0x248c1b0b97e63cee4aa85c140f1f509d3de4d914,0.542805,-955.977309,955.97731,-0.9999999989539501,4.9280413467073085
https://hashdive.com/Analyze_User?user_address=0x2ada299aaaf27c806424ec6dcb0c169d1a9c2f28,0.974086,-13.61595,941.58075,-0.014460735311336813,-0.03464303619477871
https://hashdive.com/Analyze_User?user_address=0xd0ad0b98abc075afdcf1b635bbf57a937f2f5176,0.42,1295.705394,938.269424,1.3809523798358372,5.513012548034607
https://hashdive.com/Analyze_User?user_address=0x41b7ebfa4948c4201d3a852c8533cf68bc17f6ba,0.46,342.700499,927.82,0.36936097411135776,-1.722698752649214
https://hashdive.com/Analyze_User?user_address=0x898b9e9e1b449df0560c82c0784ca205229e8d76,0.546544,13.26634,908.081185,0.014609200387738459,-2.2582623140757834
https://hashdive.com/Analyze_User?user_address=0xa27b368a6eecd3a498f0409fe099dc7dbcb35d5c,0.989996,90.107005,905.648341,0.09949447365023109,-3.832710931461796
https://hashdive.com/Analyze_User?user_address=0xc3b01cab78ca8e3808b16ddc2db6d896889c28f6,0.7,0,904.33,0,-5.008760673228566
https://hashdive.com/Analyze_User?user_address=0x80a5961f05f457828f9636b6c4d7ac7b9579f9ba,0.805296,-329.260606,899.999403,-0.3658453604552002,-3.235811724781066
https://hashdive.com/Analyze_User?user_address=0xb1bce3f8cdb4eabfc669a73c59e5b4994cffbd81,0.699999,0,899.9987123857171,0,-3.1742843616681435
https://hashdive.com/Analyze_User?user_address=0x71c1ed9c3aee435e8530ba50365efe1f9e08e358,0.539998,455.394064,895.353825,0.5086191082056303,-1.8360407599884945
https://hashdive.com/Analyze_User?user_address=0x4c86cdfff0fcff0f6b56a9ddb9f805b4b28f6993,0.97978,-270.768142,887.673159,-0.3050313499453237,5.1951889161465115
https://hashdive.com/Analyze_User?user_address=0xb5d2f38cdb5b71816dc4fdf5eb676a3b230d317b,0.409114,1205.540267,834.684526,1.4443064768161284,8.96537996140798
https://hashdive.com/Analyze_User?user_address=0x5327941d21333e2d09a8275fc2b8537b2a333b80,0.49958,0,833.569213,0,-9.063949826290452
https://hashdive.com/Analyze_User?user_address=0xb5747001ccf9dd221752b47528e78f33f94c93dc,0.469999,906.210453,805.138286,1.1255339222559342,9.9
https://hashdive.com/Analyze_User?user_address=0x9db7b3e5b7149db3282a44934164c4e79f9edca2,0.5,-787.5,787.5,-1,5.240852542510208
https://hashdive.com/Analyze_User?user_address=0xf8df7d5a6a1c533c5e06051625e555776c312521,0.39,1219.985695,779.990855,1.5641025624588893,13.672587701279287
https://hashdive.com/Analyze_User?user_address=0x29819b7d9087a501769e6f0e223d6c10b42cd5be,0.469999,869.009936,770.628359,1.1276641014452986,8.23010056359361
https://hashdive.com/Analyze_User?user_address=0xc87bacc405526d5df115f62b038a9fd1c25b51d4,0.659999,0,756.2288533369709,0,8.327501974335549
https://hashdive.com/Analyze_User?user_address=0xeddb3c96f2cb9b4c326690f86ba68e2e0a27fa4f,0.669999,0,749.9988798770161,0,2.4561786194210673
https://hashdive.com/Analyze_User?user_address=0xca8f0374e3fc79b485499cc0b038d4f7e783d963,0.669994,-2.500636,738.808434515814,-0.0033846879423335475,2.683598039217994
https://hashdive.com/Analyze_User?user_address=0x552337556e70f851bff6e0e97a2e00df7d5751e9,0.499999,43.703556,732.023536,0.05970239186407798,0.6112593808279038
https://hashdive.com/Analyze_User?user_address=0x2d80ff44e692dbf91f6ce9d8f6ae677733e95fd8,0.398888,1082.0016,717.9984,1.506969374862117,1.2983236071205904
https://hashdive.com/Analyze_User?user_address=0x9d1ab1abbc2688b33264c5deda695b255a7741d5,0.699999,0,711.9989820571441,0,4.90941205519187
https://hashdive.com/Analyze_User?user_address=0x2ec0ca747510709abb6a5e9342fd6632e05bf7aa,0.7,0,702.0509999999999,0,-3.315747613484656
https://hashdive.com/Analyze_User?user_address=0xbe9100371cf7b34a1f3bbb6b7fb82e4e851d7b3d,0.7,0,700,0,1.125329415801771
https://hashdive.com/Analyze_User?user_address=0x4d4815122c826e1ca6bc5d63f36e3b3a0c5c66ab,0.7,0,700,0,7.646330308194717
https://hashdive.com/Analyze_User?user_address=0x43aeaf01ef445ab44ec64b2b6f9372c404085141,0.469999,787.19808,698.078514,1.1276641011185742,-1.6878557581819975
https://hashdive.com/Analyze_User?user_address=0x51323310a5713378c9e9f148e66a31a7738961a7,0.695726,0,696.6999162154559,0,3.295931865639007
https://hashdive.com/Analyze_User?user_address=0x019e20a59d71d71ba94d0ed52e718ffe0b1eaf1d,0.69,0,689.31,0,-9.7383108898568
https://hashdive.com/Analyze_User?user_address=0x3890b8b8eae026e5dcb8eab47d952cd3292739e3,0.46,808.92,689.08,1.1739130434782608,1.1830490662519442
https://hashdive.com/Analyze_User?user_address=0x27f2499f59b59a22bc0dd5f518cf5ea0b35c702c,0.5,1.72299,682.695,0.002523806384988904,-13.451114670208666
https://hashdive.com/Analyze_User?user_address=0x90b6a428d636ee98b22973f3c74b250993391d6b,0.676658,21.844812,678.499324,0.03219577562909996,-1.0531975185852578
https://hashdive.com/Analyze_User?user_address=0x4673ada08165c01e90c8f6f8d3f6dcd26f20d99b,0.45,824.988997,674.990998,1.222222221399166,1.3449854835087556
https://hashdive.com/Analyze_User?user_address=0xbd4a22e051c822786bd0c9d557e032d333482553,0.88,91.32,669.68,0.13636363636363635,-0.7744362845831425
https://hashdive.com/Analyze_User?user_address=0xff5b4e45d22c326ca41360ebe1b0a6ba3205c583,0.66,-160,660,-0.24242424242424243,0.4995028942083418
https://hashdive.com/Analyze_User?user_address=0x7ff2be7d38d7096719c295b1136a84cc2ab4449f,0.66,0,659.98873842,0,4.989065015134079
https://hashdive.com/Analyze_User?user_address=0xeff7e8e447a2c5f99c716cf0eeebec0fe65c4bb3,0.65,0,650,0,0.2663890808454306
https://hashdive.com/Analyze_User?user_address=0xd0ad0b98abc075afdcf1b635bbf57a937f2f5176,0.36,1128.32,634.68,1.777777777777778,5.513012548034607
https://hashdive.com/Analyze_User?user_address=0x1250846658e2a118930edb02e31f7a7e82258f99,0.952167,30.985181,629.969945,0.049185173429186366,-6.160414348952999
https://hashdive.com/Analyze_User?user_address=0x16dac303d32dcc54171f3dc47c56bebf0e56ef29,0.699999,0,619.999112385717,0,7.065580238472391
https://hashdive.com/Analyze_User?user_address=0xef75262a7aa508735c9461c6ce3370376d585d78,0.664231,-152.475195,616.68474,-0.24724982654832678,8.35733590050844
https://hashdive.com/Analyze_User?user_address=0xb9c1b8646966a98363270300442bd18fb5029d6e,0.75,0,600,0,2.613288252903457
https://hashdive.com/Analyze_User?user_address=0xce8b1d47df80aaf3a81d7b564a3045471fae11bd,0.75,0,600,0,1.3596829374166155
https://hashdive.com/Analyze_User?user_address=0xf0e8813cb1c60b7cb125faf5d6117209de650135,0.75,0,600,0,-8.336128409248191
https://hashdive.com/Analyze_User?user_address=0x361361da1313e396077d39ec8031d25568bf79e1,0.4,507.9996,600,0.846666,-0.7001903372948115
https://hashdive.com/Analyze_User?user_address=0x7556d8e878fba3b1038893720668ea0234cf22a0,0.75,0,600,0,-4.854278301004638
https://hashdive.com/Analyze_User?user_address=0x5d8278306474af9ceca17c2d639aa74207b892fe,0.75,0,600,0,2.0811410080598955
https://hashdive.com/Analyze_User?user_address=0x03055121dd236c4aec635e9ecc566ef363cb0fbd,0.75,0,600,0,-6.774435553371118
https://hashdive.com/Analyze_User?user_address=0xe6630b407cb62360485d6266245984c52f596462,0.577114,383.174429,599.999554,0.6386245230442288,-8.801557656227699
https://hashdive.com/Analyze_User?user_address=0x5c57496c97dd151f54b2d727646aa796ced55b16,0.44,529.482962,595.783571,0.8887169565808655,0.8011633385578816
https://hashdive.com/Analyze_User?user_address=0x008aab39521901ea08a8c55474740547a11921a8,0.443879,-81.095504,594.780105,-0.13634535405315884,-1.9188050683945335
https://hashdive.com/Analyze_User?user_address=0xf1f147eb8e0e23a748ec3552dff14ddc8fed75bd,0.75,0,592.5,0,5.848819163368044
https://hashdive.com/Analyze_User?user_address=0xb87732c15d110a016694babec8eeb4eea1c71deb,0.75,0,592.5,0,7.118722833648291
https://hashdive.com/Analyze_User?user_address=0xf8c053fe14d4cdab9124e812fe956f6ba65bb672,0.75,0,592.5,0,2.1486782931314687
https://hashdive.com/Analyze_User?user_address=0x07edda8a1a2ce72db01bf812d686d5862f9a4a17,0.75,0,592.5,0,-0.7261918573026138
https://hashdive.com/Analyze_User?user_address=0x142eec7ec4bdc0568239cb05a1fd3b6b3f9763e4,0.75,0,592.5,0,0.020311682519533816
https://hashdive.com/Analyze_User?user_address=0x152441c8a7376df4d9b01a4abae1b714122c4be0,0.75,0,592.5,0,-4.737799742264915
https://hashdive.com/Analyze_User?user_address=0x023defe3c17e92de1197a258786baf0e4c0c008b,0.75,0,592.5,0,1.4304322772858606
https://hashdive.com/Analyze_User?user_address=0x6a847e980e01360d370452e22950842d62b129b9,0.75,0,592.5,0,10.721713925609182
https://hashdive.com/Analyze_User?user_address=0x50290f3016e4851330c29a3f0fd7ba627820f360,0.75,0,592.5,0,-6.126027134349517
https://hashdive.com/Analyze_User?user_address=0x2006034c6a29a82d274dcb3732d68299f0c60949,0.75,0,592.5,0,-11.161623477818164
https://hashdive.com/Analyze_User?user_address=0xf2714f63aa210e9c41b249274e5e05281e069ab1,0.75,0,592.5,0,4.944556488005869
https://hashdive.com/Analyze_User?user_address=0x805c83d746e7fe43f1a14c1eb5b2e0cda57a3cba,0.74,0,592,0,-7.182295719960418
https://hashdive.com/Analyze_User?user_address=0x9240bf0c11dc04e81bf7d60052a4d609d673a50d,0.74,0,592,0,14.99063199445196
https://hashdive.com/Analyze_User?user_address=0x36ca4f2b2f90238c22a2803bb5e1f5caeeb591a2,0.74,0,592,0,-1.6563952255710888
https://hashdive.com/Analyze_User?user_address=0x2eb14e67781c9c74fc31bfb5ac27480dbf479049,0.74,0,592,0,-3.903953742514779
https://hashdive.com/Analyze_User?user_address=0xcc72073492d3ddb03e5f29047a04e22e3000cb0f,0.74,0,592,0,7.200761838802341
https://hashdive.com/Analyze_User?user_address=0xf26b41843cc167a3100cfaa9e645ea89ef6a991d,0.74,0,592,0,-6.872759838986129
https://hashdive.com/Analyze_User?user_address=0x5f8fceff76dd299083e88f457ac08613cb291ee2,0.74,0,592,0,-1.9713948586059395
https://hashdive.com/Analyze_User?user_address=0xcf95a6c6ce0882c6b4f20c84afcbd77df58efecd,0.74,0,592,0,-6.067304644695327
https://hashdive.com/Analyze_User?user_address=0xe61b9d1ed0577f79d1c6b87425bff01339db088e,0.74,0,592,0,-8.275804803616655
https://hashdive.com/Analyze_User?user_address=0xc9b41579b3dfd20f552b08f38b1dbfbafa719298,0.74,0,592,0,-2.351626697105352
https://hashdive.com/Analyze_User?user_address=0x0d76f8c59f363e4e07da177f1b71dfb3a946920a,0.74,0,592,0,12.87475773014986
https://hashdive.com/Analyze_User?user_address=0x81fe4508f15ce9e8f7d67973b0f1822436f7730f,0.74,0,592,0,-3.0186555171831495
https://hashdive.com/Analyze_User?user_address=0x4824f7229e67aa90d29e70167a117e76b4ee36b1,0.74,0,592,0,-6.02397890797233
https://hashdive.com/Analyze_User?user_address=0x953910c65584a311ab457c4c37c200ecae96e380,0.74,0,592,0,2.4709465382410998
https://hashdive.com/Analyze_User?user_address=0xeb05c781cd4da10c1e4a9eba5aeb08003957b4d8,0.74,0,592,0,10.758439932522265
https://hashdive.com/Analyze_User?user_address=0x6bf3838d8ea0ef6ea621b4aaf7db284d69eb326b,0.93,44.1,585.9,0.07526881720430108,0.061323314640119794
https://hashdive.com/Analyze_User?user_address=0x1db55754a714528a7ec3071a328dd4ca1bfdcf47,0.75,0,585,0,1.4066387877214765
https://hashdive.com/Analyze_User?user_address=0x1263342c1e539e681561a47e27256ca0d0b3d76a,0.75,0,585,0,2.4791366238956707
https://hashdive.com/Analyze_User?user_address=0xd82596b3d508686a856589491314a3077e2aa68e,0.75,0,585,0,9.35683981206365
https://hashdive.com/Analyze_User?user_address=0xe10a04f6dcb7fc1b220473ba8e8e26c1a18030e8,0.75,0,585,0,-15.668140808292833
https://hashdive.com/Analyze_User?user_address=0xefadc8d96bf70121c4112dd0b922cd7d66332a7c,0.74,0,584.6,0,6.574943865290816
https://hashdive.com/Analyze_User?user_address=0x32db43a360a99178940839fa9e5883c99ff8b59f,0.74,0,584.6,0,-0.3261195393456494
https://hashdive.com/Analyze_User?user_address=0x2a3eb50bf6847591f6442774cfa09e7e599eac1a,0.74,0,584.6,0,5.076320344283562
https://hashdive.com/Analyze_User?user_address=0x08e41ca477ccfb30abc7c7d7be4842c590999adc,0.74,0,584.6,0,6.728931971938361
https://hashdive.com/Analyze_User?user_address=0x2ae4f0fc3e993baf5518eed6ccaac616fb77ce04,0.74,0,584.6,0,-6.449747794420055
https://hashdive.com/Analyze_User?user_address=0xcf5c3ee8c0c15f2ef8974255a208f1341724fdbd,0.74,0,584.6,0,19.654632754967224
https://hashdive.com/Analyze_User?user_address=0xb8658e47a070542c051618806136f15ea95b892c,0.74,0,584.6,0,4.488983921601379
https://hashdive.com/Analyze_User?user_address=0xdd66478b85a658b34b7cfd9fe90701f367c41ad3,0.74,0,584.6,0,0.2085415262376948
https://hashdive.com/Analyze_User?user_address=0xfeaec6274b4479fb47d9c802fbb935eb36948aae,0.74,0,584.6,0,7.525703735511319
https://hashdive.com/Analyze_User?user_address=0x520020060817b39517094675da6b136b9601060e,0.74,0,584.6,0,0.9752340719547332
https://hashdive.com/Analyze_User?user_address=0xaea87bfbda2284fde9dbbafecbf2e1d540bcf207,0.74,0,584.6,0,-2.2846109528574026
https://hashdive.com/Analyze_User?user_address=0x763cf8accbdf09c760cc410f23d02431cc783549,0.74,0,584.6,0,5.411981073754504
https://hashdive.com/Analyze_User?user_address=0xa3c62b87fe33852e4084f8936127a66d43053307,0.74,0,584.6,0,1.1752279903599914
https://hashdive.com/Analyze_User?user_address=0x86866b56055cc37f817f7909da966499975e9ca3,0.74,0,584.6,0,1.9336346459237432
https://hashdive.com/Analyze_User?user_address=0x0eafa8c01f37eaa8eb81c69e011071fa5fb3a725,0.74,0,584.6,0,4.605878514091687
https://hashdive.com/Analyze_User?user_address=0x7c850742f4cc3495a0d3b27d389778f6e7c777c6,0.53,344.333218,583,0.5906230154373928,-1.8053755222587098
https://hashdive.com/Analyze_User?user_address=0x2edfce1ccccfb954b956c43e39821e07bfe38475,0.386376,923.873077,581.728199,1.5881524715290618,3.5037705515137536
https://hashdive.com/Analyze_User?user_address=0x4eebef56ea5c8d0c6d99970c29f4fc7c7873b62c,0.75,0,577.5,0,-2.1303975083524493
https://hashdive.com/Analyze_User?user_address=0x932b64f5ccea93229df2b81c0c6ed46b798e8c6f,0.75,0,577.5,0,4.391277857302479
https://hashdive.com/Analyze_User?user_address=0x3bc89ac373b7eb44467947adeebf22b6322de527,0.75,0,577.5,0,0.4226155115801389
https://hashdive.com/Analyze_User?user_address=0x6920e551874082947e024057e12a5180f5bf5d00,0.75,0,577.5,0,0.0645877199093449
https://hashdive.com/Analyze_User?user_address=0x508d8c76b896a626a5b6358e3989bd2a03e67b38,0.75,0,577.5,0,3.474394762351194
https://hashdive.com/Analyze_User?user_address=0x3f5c057d56f83792e231f3093e27ff03f36f8de2,0.74,0,577.2,0,2.172872259653648
https://hashdive.com/Analyze_User?user_address=0x0cb454d2c3d672f34a8a6cb516fa88b4c0a16a53,0.74,0,577.2,0,11.681096145836943
https://hashdive.com/Analyze_User?user_address=0xa9a4b86b56ab20b08e2f216b5076ef308bbc16a3,0.74,0,577.2,0,6.046295676728621
https://hashdive.com/Analyze_User?user_address=0x2c5c5804ef12b68fe6868e6aa9a3df757befd5bf,0.74,0,577.2,0,5.072783442616879
https://hashdive.com/Analyze_User?user_address=0xf4d272d41d076ad82e72bd7e53aebd062f417d88,0.74,0,577.2,0,0.743847188214342
https://hashdive.com/Analyze_User?user_address=0x33561fb27a7f6de88f5512aa9805a09b423a6628,0.74,0,577.2,0,-0.9201021036318248
https://hashdive.com/Analyze_User?user_address=0xaa955d6fbeb32d61382e8e33513fb972778008ea,0.74,0,577.2,0,11.573551208981382
https://hashdive.com/Analyze_User?user_address=0xe512546f3afbd97d077f0e60a92ae092ac0aaa72,0.74,0,577.2,0,9.971330396836565
https://hashdive.com/Analyze_User?user_address=0xd58f00914a7d7d85a95e8d1ba3c2fab67640862e,0.74,0,577.2,0,-1.1462639725345412
https://hashdive.com/Analyze_User?user_address=0xd4abde5c83d514f602fa4bb1348c1b1429b81d00,0.74,0,577.2,0,8.397588322748591
https://hashdive.com/Analyze_User?user_address=0xb10047d6a254b2ebb306d7a7d13bf59171ab6461,0.580224,-79.108886,572.158886,-0.1382638423271818,2.8376549742393014
https://hashdive.com/Analyze_User?user_address=0x28f57b30ac8b0aa40af4b810b2e28c481d05c72b,0.75,0,570,0,-2.4444061650470577
https://hashdive.com/Analyze_User?user_address=0x1414a2722117a49dee77ced70ed7d17ad8854725,0.75,0,570,0,-0.7248520238458644
https://hashdive.com/Analyze_User?user_address=0x017972cb275d258d11fd1c3ae1cca4cf643618da,0.75,0,570,0,-2.4929580709140615
https://hashdive.com/Analyze_User?user_address=0xc1ab32dd08e5b78ea20cdefcb4436b12f74df3d8,0.74,0,569.8,0,10.09519070997884
https://hashdive.com/Analyze_User?user_address=0x3383a1ac913bae324dd7cdbbcbc0a57778c7d002,0.74,0,569.8,0,2.4177943633223205
https://hashdive.com/Analyze_User?user_address=0x1e1de864369325f28c909dfc05b3cc7f94a43e02,0.74,0,569.8,0,-3.5651378438725043
https://hashdive.com/Analyze_User?user_address=0x477dc63bfbb0e43d0b3cbc4222071dee429bcc95,0.74,0,569.8,0,-3.6522602086066103
https://hashdive.com/Analyze_User?user_address=0xb674da6f204268ba1f2c5fe0a76e64540bca5dca,0.74,0,569.8,0,12.429899466539979
https://hashdive.com/Analyze_User?user_address=0xc97f40e2d10447fe186f5957853dc4ef777f2323,0.74,0,569.8,0,1.0360047464122468
https://hashdive.com/Analyze_User?user_address=0x7db9f00030594047fd157a5776e6e9f065851633,0.74,0,569.8,0,-0.4957998816808169
https://hashdive.com/Analyze_User?user_address=0x5a49538dbaf439deb707b6b334d9d9c6122caf90,0.74,0,569.8,0,-2.0697815593152717
https://hashdive.com/Analyze_User?user_address=0x77891025218bad65d84538b01a5271fbcb0afd7e,0.74,0,569.8,0,4.380469264405736
https://hashdive.com/Analyze_User?user_address=0x85fb90d2c11047ea20435302a8fd061f289cbfcd,0.74,0,569.8,0,-12.011156573386142
https://hashdive.com/Analyze_User?user_address=0x47034f18302b5e5239f2025d080ee8c739a3a4a4,0.74,0,569.8,0,-1.589408154941335
https://hashdive.com/Analyze_User?user_address=0x975ab44b6a63d90e6aab351d923f597f69777978,0.74,0,569.8,0,-1.0249254725358588
https://hashdive.com/Analyze_User?user_address=0x7669e1a5789e430ba8b334f3a9acbed800a55b53,0.74,0,569.8,0,-0.27691483843848214
https://hashdive.com/Analyze_User?user_address=0x5154db4f4e067e90bc31a74cb1c691bd626523ca,0.74,0,569.8,0,-1.335304213124837
https://hashdive.com/Analyze_User?user_address=0xbcc7de85013ec155910ce1852aae78b11cce79b1,0.855205,32.696638,567.617174,0.05760332755541326,-1.8832189853506187
https://hashdive.com/Analyze_User?user_address=0xc166c9f2a505ebfcd89cae29285823f74d6cd825,0.75,0,562.5,0,-7.565561165989614
https://hashdive.com/Analyze_User?user_address=0xec92dbb07bc2d80029f417f882891e438d1ef434,0.75,0,562.5,0,5.8603980076211935
https://hashdive.com/Analyze_User?user_address=0x83236f1fbfb8efbad6cbb68aa77e4c9d28761f6e,0.75,0,562.5,0,-0.11005866255427836
https://hashdive.com/Analyze_User?user_address=0x062357ab77871e980a5252d972bdc8568ee1daf9,0.75,0,562.5,0,3.7100831869392104
https://hashdive.com/Analyze_User?user_address=0xe44895690e16bfc0e0f8dd5e6673f7f647d9a54f,0.75,0,562.5,0,-0.8966872153274151
https://hashdive.com/Analyze_User?user_address=0x0a745cda1b82ff81f5d506ad19b164c92e02bd17,0.75,0,562.5,0,-0.005835260475910698
https://hashdive.com/Analyze_User?user_address=0xd18295e0aabfea1cd4aa3a9715a36b5c4159d828,0.75,0,562.5,0,-4.546700222185159
https://hashdive.com/Analyze_User?user_address=0xe971b5367edf2866561bd65833453426a8297f59,0.75,0,562.5,0,9.222027423113012
https://hashdive.com/Analyze_User?user_address=0xe38482c977c87417f19d83fe51c747387ea0d6e8,0.74,0,562.4,0,-2.0028823694768554
https://hashdive.com/Analyze_User?user_address=0x3fda95ecfea1282f69d1c023bbfe10943b2c0d7e,0.74,0,562.4,0,3.7188435063522474
https://hashdive.com/Analyze_User?user_address=0xc9a9d4772940952ee89cdc33c5cd8c24b50abb81,0.74,0,562.4,0,-4.727343447881961
https://hashdive.com/Analyze_User?user_address=0xac12e75ce9447d46cd978829830d8c4c6b61fe11,0.74,0,562.4,0,0.24487579118645147
https://hashdive.com/Analyze_User?user_address=0xfe26ddb8b95eae0215cae2af7e4818090d573694,0.74,0,562.4,0,-6.0026252353906395
https://hashdive.com/Analyze_User?user_address=0x3279ce120f34353754dc8c2bffc35edb829a1749,0.74,0,562.4,0,-0.035946508246109454
https://hashdive.com/Analyze_User?user_address=0x6b73a77a1a39cd7eaa45e444a8fd1b8b16b00fb8,0.74,0,562.4,0,-0.5206597547716878
https://hashdive.com/Analyze_User?user_address=0x032d172ce1901ec0e90948c8674003861d14584a,0.74,0,562.4,0,7.782420494317387
https://hashdive.com/Analyze_User?user_address=0xa23ade019068ec531799f4db67472bdc602c957b,0.74,0,562.4,0,0.14601758038044976
https://hashdive.com/Analyze_User?user_address=0xb7b619b8ca94279d3630c7f6a21e441143754e9e,0.74,0,562.4,0,-7.836319359927117
https://hashdive.com/Analyze_User?user_address=0x2d80ff44e692dbf91f6ce9d8f6ae677733e95fd8,0.4,840,560,1.5,1.2983236071205904
https://hashdive.com/Analyze_User?user_address=0x9f96d243aad9bb7d05d402093839e690df499562,0.75,0,555,0,1.9862923092424045
https://hashdive.com/Analyze_User?user_address=0xecd90df7a1d73b8f3da609d095cc5d78aebb9861,0.74,0,555,0,-7.98532993161245
https://hashdive.com/Analyze_User?user_address=0xdf3a1184ad144150df2edc619a8290e6835e79ce,0.74,0,555,0,5.909786073779984
https://hashdive.com/Analyze_User?user_address=0x34779875296cfa8958fe5d27b545bbc2b80e5e82,0.74,0,555,0,-12.03127584981335
https://hashdive.com/Analyze_User?user_address=0xf6bbb44c156493b58741ccc0bacaf68b6058b82c,0.75,0,555,0,6.788734846788682
https://hashdive.com/Analyze_User?user_address=0x6cbedeae2432efdf53343450e711a5b93fb35f49,0.74,0,555,0,-4.5040766546325335
https://hashdive.com/Analyze_User?user_address=0x892444ac9edde242c94f7b72ec235628860dbec5,0.74,0,555,0,2.956480348514509
https://hashdive.com/Analyze_User?user_address=0xc74c5d85806a9a22f4694172f39577d83cdae11f,0.74,0,555,0,12.618760406686928
https://hashdive.com/Analyze_User?user_address=0x49731a4b283987f9ad9cd4f5dc6e43210d81364b,0.74,0,555,0,2.886256193575657
https://hashdive.com/Analyze_User?user_address=0x9cd18c7a97474e4559e4fe2445c7f207c4b5acf6,0.75,0,555,0,-4.206798701666548
https://hashdive.com/Analyze_User?user_address=0x4a120ca1363ef7e753841bd91ba1f31ffc0a6046,0.75,0,555,0,9.872360583307389
https://hashdive.com/Analyze_User?user_address=0x84ff20b58c35382f9de8209da0f8f0f5946e3789,0.74,0,555,0,5.7855311467999115
https://hashdive.com/Analyze_User?user_address=0x6b81ec7a98c74b557a911d844b0983ccdcb061d9,0.75,0,555,0,9.572976157361833
https://hashdive.com/Analyze_User?user_address=0x26709d3954dd060525daf386d3170b4d763b5839,0.74,0,555,0,1.3726019300143355
https://hashdive.com/Analyze_User?user_address=0x58e7c3906e964e1b9095b524fefe699ae6525197,0.75,0,555,0,5.8589755715050025
https://hashdive.com/Analyze_User?user_address=0x0b1207bf77122b4270b946708f9e25681583873c,0.74,0,555,0,8.739583280450331
https://hashdive.com/Analyze_User?user_address=0xeb2c1f390d35c6ebb27cd83b97578d2d731c105e,0.74,0,555,0,-13.308849946023653
https://hashdive.com/Analyze_User?user_address=0xc82f96340dd2cac527a3b89dac4d60ce1cab9d20,0.75,0,555,0,-12.038467382787221
https://hashdive.com/Analyze_User?user_address=0x7ccf359f2c7344e3db5820fdb71ddafd5faf2fed,0.565714,426.060774,554.999574,0.767677659514744,-7.650598486775149
https://hashdive.com/Analyze_User?user_address=0xe2855da400418bf29f9f710d23e65adbbb8a2aba,0.74,0,547.6,0,-5.587502561230849
https://hashdive.com/Analyze_User?user_address=0x9d16b7ca3fda3e0ac64db0f5a900314c97a890bc,0.74,0,547.6,0,3.25129966752439
https://hashdive.com/Analyze_User?user_address=0x47144fc1304b25a884bacb313897ed697feba768,0.74,0,547.6,0,1.7333889394582234
https://hashdive.com/Analyze_User?user_address=0xe3875d41dae35570d3bc2f74ca494aa69f26bfd9,0.74,0,547.6,0,0.09534764606379628
https://hashdive.com/Analyze_User?user_address=0xd062b7bdd0395834f811933280b63262e81689d1,0.74,0,547.6,0,7.400959608337932
https://hashdive.com/Analyze_User?user_address=0x58d0855205f9a70cd39facff0b72fbab8b2a92cf,0.74,0,547.6,0,-1.3093049455509318
https://hashdive.com/Analyze_User?user_address=0x2457c65797e140da50430ca8dd9d0610b59a401b,0.74,0,547.6,0,10.624646600160634
https://hashdive.com/Analyze_User?user_address=0x9961675791f75153a7a521179f8bb130e04af227,0.74,0,547.6,0,-8.646032771317898
https://hashdive.com/Analyze_User?user_address=0x913253d8333801aca88dcf0a1de29c3083592bed,0.74,0,547.6,0,13.605727918445904
https://hashdive.com/Analyze_User?user_address=0x684e602e5e7e9ff605053f255b975acc9b377426,0.74,0,547.6,0,-1.136224264046779
https://hashdive.com/Analyze_User?user_address=0x097a729e1d6b07c849481e89bbbd13a258d9775c,0.74,0,547.6,0,-9.923216296252123
https://hashdive.com/Analyze_User?user_address=0xac14d4558dd7924ef1585bdcf0e933f4de624c8c,0.75,0,547.5,0,9.917572114683765
https://hashdive.com/Analyze_User?user_address=0x1e34a4d44c027f005224d5ec29e834af3b52c506,0.75,0,547.5,0,-0.4798410349716119
https://hashdive.com/Analyze_User?user_address=0x7bc5fe3c7d2f90d23348bec1a1f8a53ad192f1f8,0.75,0,547.5,0,-4.236873278643991
https://hashdive.com/Analyze_User?user_address=0xbd6be1a19f62aa5722eafbcf3e4e620ca8cd1c8d,0.75,0,547.5,0,-0.28724684823401364
https://hashdive.com/Analyze_User?user_address=0x31af63cf88794d29839ddaffbeb5e15039180244,0.75,0,547.5,0,0.4834317097778524
https://hashdive.com/Analyze_User?user_address=0x191450f01cca3b12d39b246ae339efcccb3ea8d9,0.75,0,547.5,0,8.297937317237924
https://hashdive.com/Analyze_User?user_address=0xd04d631183d7568356f598a3c77181ec4ab6d0e5,0.39,89.344258,546.235358,0.16356366663470362,1.2139612180918693
https://hashdive.com/Analyze_User?user_address=0x97317409bfd9e992611596acee93e8b938019b35,0.69,0,540.5459999999999,0,1.5169054149893055
https://hashdive.com/Analyze_User?user_address=0xdcc117f359f6193b5017e7234c39cdc9dc402188,0.74,0,540.2,0,-2.56526733898479
https://hashdive.com/Analyze_User?user_address=0x14a415cdfdf6cc5450b23a9383696b8cd5cf6e07,0.74,0,540.2,0,12.059518639781858
https://hashdive.com/Analyze_User?user_address=0x11b69d093a5fe035f29f119ae30ff6b694e343a5,0.74,0,540.2,0,-5.852842163280394
https://hashdive.com/Analyze_User?user_address=0x188b7502f9ed0bf14bbe65edc207e5307a054fb2,0.74,0,540.2,0,2.063603855690825
https://hashdive.com/Analyze_User?user_address=0x00dd83e9ea5b7fbbcdff7df27285bc7325920de0,0.74,0,540.2,0,-1.1212069966777385
https://hashdive.com/Analyze_User?user_address=0x89c6fec734805237d7fd9163722055dcab1e3045,0.74,0,540.2,0,-2.7462555902619297
https://hashdive.com/Analyze_User?user_address=0x437a073b695a148db8fab91b549d6f8b1ab393cd,0.74,0,540.2,0,2.6543678949682183
https://hashdive.com/Analyze_User?user_address=0xc57315c9c8162b0de6882c2739b0c53e210d85de,0.74,0,540.2,0,3.2411666877759604
https://hashdive.com/Analyze_User?user_address=0x311dd9b6d3b9dad5d746f783beb9f1d1a57dfd1e,0.74,0,540.2,0,11.346996859947254
https://hashdive.com/Analyze_User?user_address=0x89d723590a0ee34d1a241e38c2a2269806260561,0.74,0,540.2,0,-5.7189683388422665
https://hashdive.com/Analyze_User?user_address=0x6d8dde365b58e4bc5c14d1b1bdf2589150c61df6,0.74,0,540.2,0,-9.027760918636229
https://hashdive.com/Analyze_User?user_address=0xac5fae95ad6d915a68168182beb933c77e30db4b,0.74,0,540.2,0,-0.6078813401416732
https://hashdive.com/Analyze_User?user_address=0x723453f6a707d8ee5a25e727d4b97fc9941bfe7b,0.75,0,540,0,9.650992828013308
https://hashdive.com/Analyze_User?user_address=0xe9d2b1abbdb4802d05f1139781afe445d58f63c9,0.75,0,540,0,9.38361512963503
https://hashdive.com/Analyze_User?user_address=0xd4e635ef5c04ecfe7309363da94b890abeebcdec,0.75,0,540,0,-3.7629940681733536
https://hashdive.com/Analyze_User?user_address=0x42339f348e734c2435fd0e2bd16c6374025660f3,0.75,0,540,0,-5.864141700150509
https://hashdive.com/Analyze_User?user_address=0x3e20a2f48c5268e7dba2e93c9a3363de0cb38eaf,0.75,0,540,0,-1.2929074349130876
https://hashdive.com/Analyze_User?user_address=0x9097a81eb3b06260827e3bbfb102339f2acf7ac0,0.75,0,540,0,4.836855939225343
https://hashdive.com/Analyze_User?user_address=0x14d9135d44d7f5b0d19fe8d49c868ede9cfde5d3,0.74,0,532.8,0,-1.7075409428445658
https://hashdive.com/Analyze_User?user_address=0x6ff699a08e44997201d92b65c453bc7a599e7b6b,0.74,0,532.8,0,-4.522598912137271
https://hashdive.com/Analyze_User?user_address=0x2016b63ed617c8b0cc231d82b35f4dd726f1dcba,0.74,0,532.8,0,3.661163274367935
https://hashdive.com/Analyze_User?user_address=0x29236ff8ae970b848a454c81d459412004b789c0,0.74,0,532.8,0,5.16188956002975
https://hashdive.com/Analyze_User?user_address=0xb86e4f0942e9fe5bed27f07573f52a8f291beb89,0.74,0,532.8,0,-1.7604071841195847
https://hashdive.com/Analyze_User?user_address=0x91047d68e5abd02c4fb9b56b91929a7a45ee6d47,0.74,0,532.8,0,14.074633663081835
https://hashdive.com/Analyze_User?user_address=0xb94ca04c0f029819bbe062d6c24b6cb2a4d7a483,0.74,0,532.8,0,1.4873900553923705
https://hashdive.com/Analyze_User?user_address=0x6a317895ac0cf6cf689c284b323e29f855ca3b51,0.74,0,532.8,0,6.170544619857962
https://hashdive.com/Analyze_User?user_address=0x51edf7c66bf24aad95278f9e3a8e4e486c06088f,0.75,0,532.5,0,-6.412040114425878
https://hashdive.com/Analyze_User?user_address=0xc688152a35c4dcfd5327bcc04e4a2055a258c9f3,0.75,0,532.5,0,2.743398945596773
https://hashdive.com/Analyze_User?user_address=0x3cfeef882d4ee0610acb865ad4522e938ec7b3f6,0.75,0,532.5,0,0.9648765901626468
https://hashdive.com/Analyze_User?user_address=0xf7ed7e36628f69c4ec7dc8b6611f7963d7c12eed,0.75,0,532.5,0,8.529753223510735
https://hashdive.com/Analyze_User?user_address=0x994e3e768b592cd326a3dd6be283e95a833e9cf5,0.3925,540,529.875,1.019108280254777,1.882302614959488
https://hashdive.com/Analyze_User?user_address=0x96df69e2d757f37cc1ba1cffff0a873f9a124caa,0.4,504.8028,529.404,0.9535303851123149,4.653956329346376
https://hashdive.com/Analyze_User?user_address=0x73d12f7cd95ce43c8f0c1c87b9f056ab6adb5b68,0.66,0,528,0,4.4286522111346995
https://hashdive.com/Analyze_User?user_address=0xc8d75ce7d83e519c0df0c827200256b6d9160209,0.74,0,525.4,0,-0.9763754394299216
https://hashdive.com/Analyze_User?user_address=0x496a19253dddf1d19b2164f2a44c079fd7d3eb2d,0.74,0,525.4,0,-8.120276884038867
https://hashdive.com/Analyze_User?user_address=0xbae3bb7f8ba09ffedc16eb567c50224f77d62b5a,0.74,0,525.4,0,3.501479704580528
https://hashdive.com/Analyze_User?user_address=0x781ecc54ace074452bf7ce2b1551b576a37be377,0.74,0,525.4,0,2.7150486409506334
https://hashdive.com/Analyze_User?user_address=0x26e3056fc47a0f8f534516a02670cd398f8d3f40,0.74,0,525.4,0,3.7911239184422425
https://hashdive.com/Analyze_User?user_address=0xce0ed392092a47a7064426ff3e214b198b1c6b46,0.74,0,525.4,0,-6.419431973549166
https://hashdive.com/Analyze_User?user_address=0x9c24fd858b3e01ec8afee7a2ddadedcd767118ba,0.75,0,525,0,-4.126817318916919
https://hashdive.com/Analyze_User?user_address=0x4061cc7c8845bba5024f87382c19c21e01e5f943,0.75,0,525,0,1.387617060943864
https://hashdive.com/Analyze_User?user_address=0x43e9b8eef19693841a6c9203968b70edb5902022,0.75,0,525,0,-4.959107040764272
https://hashdive.com/Analyze_User?user_address=0x4f859b98d091fb78985aed9499ddbb320466bd8c,0.65,0,520,0,5.134690595504706
https://hashdive.com/Analyze_User?user_address=0x3759987b0c1f008e4208860f5dfb75392b304009,0.65,0,520,0,0.9671959271190891
https://hashdive.com/Analyze_User?user_address=0x0e61b8420e0d6ab8b1b80fb4ae9f145742a92534,0.74,0,518,0,-1.6136803849028838
https://hashdive.com/Analyze_User?user_address=0x876a2585415675e5cdfb2b740503d2f3adece132,0.74,0,518,0,-0.004491480186893416
https://hashdive.com/Analyze_User?user_address=0x399fa7b87d95e8ccf330593c18bb44fce4287621,0.74,0,518,0,4.815876320476905
https://hashdive.com/Analyze_User?user_address=0x0e0a854f10897a7b00ba593d4e525b347c0bdd66,0.74,0,518,0,15.646538529042143
https://hashdive.com/Analyze_User?user_address=0x24e77474e95e2d14f35dac4f54b83356cdba12ca,0.74,0,518,0,-0.9835419685966046
https://hashdive.com/Analyze_User?user_address=0x56b31bdbe7e08b40578b10157a2e7fe2b7acc9b1,0.74,0,518,0,15.458731611259156
https://hashdive.com/Analyze_User?user_address=0xe68e63f26dec3ecfdfab9a29ec1a9b2087585af5,0.75,0,517.5,0,-2.9022422499067213
https://hashdive.com/Analyze_User?user_address=0xb00ebc88f67ab188ae8a01ee572db434588df6c2,0.75,0,517.5,0,-8.737048634576713
https://hashdive.com/Analyze_User?user_address=0x160594434f5280add249153f6f583f5562d63607,0.75,0,517.5,0,4.2331366428234
https://hashdive.com/Analyze_User?user_address=0x694ee466560724f541cc4741b71279c3fc51e569,0.75,0,517.5,0,-12.956333612231985
https://hashdive.com/Analyze_User?user_address=0xa9d32192852b1c7ae53e9051935dbd28f7c59d4b,0.4,399.087999,516.938666,0.7720219539545916,2.3643104810738915
https://hashdive.com/Analyze_User?user_address=0xa540a7eeec78802e68fd02b86252ecb4f725bcb4,0.74,0,510.59999999999997,0,-1.2497676909306152
https://hashdive.com/Analyze_User?user_address=0x59b4388f58514f0afbf5dec4419710948685ea1a,0.74,0,510.59999999999997,0,-12.742860006416306
https://hashdive.com/Analyze_User?user_address=0xf1bc2fbf5a64c0d1942ab6a7ab38024f5eea2109,0.74,0,510.59999999999997,0,6.363520548397476
https://hashdive.com/Analyze_User?user_address=0x5fdc70238186db27c763858a7e91045a83ec2397,0.74,0,510.59999999999997,0,-8.818506103875443
https://hashdive.com/Analyze_User?user_address=0x5355d19c07e033a62b0bdbfccb71d75e5c1c7a4b,0.74,0,510.59999999999997,0,-5.605226198426408
https://hashdive.com/Analyze_User?user_address=0xddfd49f91b8056e43214b03cc884e0d87f51d14e,0.74,0,510.59999999999997,0,-4.936610650354901
https://hashdive.com/Analyze_User?user_address=0x7f0df79e39d4fcd667fd256d33d873b26d04ffc1,0.75,0,510,0,-7.484094071070988
https://hashdive.com/Analyze_User?user_address=0x996d6666b111aff91d4535528e90f8341417293f,0.75,0,510,0,17.12949301505536
https://hashdive.com/Analyze_User?user_address=0x381a634abe4c55a1d214a0c6e24fa5456c9b8df0,0.75,0,510,0,-7.951005970258454
https://hashdive.com/Analyze_User?user_address=0x960cd88b20b1ee8f497e1d961857c145b6afd6f4,0.75,0,510,0,2.8485490483991094
https://hashdive.com/Analyze_User?user_address=0x8e421772a97faf3e7a3683b9422dcfde2dbbf712,0.75,0,510,0,-1.468434103582115
https://hashdive.com/Analyze_User?user_address=0x74e0d7a78ec359d7289c8eeb17afcf63f76483bf,0.75,0,510,0,-3.718863068382778
https://hashdive.com/Analyze_User?user_address=0x17013578f3c68d0f3c3c4a7055be16f45257a419,0.819992,14.996732,505.956431,0.029640362452473697,2.197017868603292
https://hashdive.com/Analyze_User?user_address=0xb786b8b6335e77dfad19928313e97753039cb18d,0.427975,111.441729,504.930083,0.2207072478983194,7.140526754379184
https://hashdive.com/Analyze_User?user_address=0x5a45565906b8478fe456a0d313ce8839b3e7f628,0.69,0,503.69933138999994,0,-0.8476899604648913
https://hashdive.com/Analyze_User?user_address=0x2e9e23a9d8eba72f6451e35311578f1118b07bd8,0.698997,216.808977,503.479449,0.43062130426697914,-13.532420083137017
https://hashdive.com/Analyze_User?user_address=0xfc1a86f01fe739e60b424dcb9f3210359d7d97ab,0.74,0,503.2,0,15.071387804412929
https://hashdive.com/Analyze_User?user_address=0x0827ad8e0829dd63ca682507448c7719df235143,0.74,0,503.2,0,9.788192127015805
https://hashdive.com/Analyze_User?user_address=0x604d6089dc5f9d58eb8b7a5e6e026f9cd01381fd,0.74,0,503.2,0,12.731613499923366
https://hashdive.com/Analyze_User?user_address=0xcef9c2b1906231d0adc8c6b8b6848e6d357f4612,0.74,0,503.2,0,2.4410401221891638
https://hashdive.com/Analyze_User?user_address=0x4fc63a51dfd19596f01a2d024727e2990c7ea8aa,0.74,0,503.2,0,8.185530830962925
https://hashdive.com/Analyze_User?user_address=0x6e1bad1b6a1294874f6e5d7ed73ca8649fba4e1c,0.74,0,503.2,0,-5.544669827011729
https://hashdive.com/Analyze_User?user_address=0x7d4b791e303e67c8e8303cf368f67ce539da1688,0.74,0,503.2,0,2.4695452020962843
https://hashdive.com/Analyze_User?user_address=0x8881752b17e8701fc23f0ea9c32584ee2f0cc9a7,0.74,0,503.2,0,-2.4406005875399712
https://hashdive.com/Analyze_User?user_address=0x7946a7f8683364f943a6dba90bea3669876373f9,0.74,0,503.2,0,-9.857788360545047
https://hashdive.com/Analyze_User?user_address=0xac48d81dc2653067eaa0749bfd41ab08f270a796,0.75,0,502.5,0,1.9872969257762771
https://hashdive.com/Analyze_User?user_address=0x91b658860c0069111859385f7b21e6d8f99b53d3,0.75,0,502.5,0,1.4902810486495752
https://hashdive.com/Analyze_User?user_address=0x74b761b8a5ef30b4d1689ce2264881d9add35712,0.75,0,502.5,0,7.885275036719675
https://hashdive.com/Analyze_User?user_address=0xad1758dcbd9a80062751164ac23b04c1056a8aa2,0.75,0,502.5,0,4.174763979237306
https://hashdive.com/Analyze_User?user_address=0x70cffd2e2165936d12e726b51581be9717b3a33b,0.75,0,502.5,0,-0.8210870803885301
https://hashdive.com/Analyze_User?user_address=0xa1e1f3a1564966d924e855c5e58501e650ea921e,0.845811,90.629676,500.39892,0.18111485132701727,-13.665959240701993
https://hashdive.com/Analyze_User?user_address=0xa97215d23ce1deffbc04c77cd4c7cf6bfdb89817,0.5,0,500,0,-1.5508862814788524
https://hashdive.com/Analyze_User?user_address=0x5c8df725b4f4beec6b51b73dea22a1c50481d880,0.75,166.666666,499.999998,0.3333333333333333,-8.504409789177283
https://hashdive.com/Analyze_User?user_address=0xb3906ec9b5b935ced0d96a706bebcfc4ddc4642b,0.669999,0,499.999252581345,0,9.16978171125451
https://hashdive.com/Analyze_User?user_address=0xf2b2981f275127d3748d3c3a081a3bd124c166d8,0.850082,88.178369,499.998963,0.1763571037646332,-10.860682087041205
https://hashdive.com/Analyze_User?user_address=0x898b9e9e1b449df0560c82c0784ca205229e8d76,0.469999,237.50859,499.84332,0.4751660780422153,-2.2582623140757834
https://hashdive.com/Analyze_User?user_address=0x9f9ca096780cebb9dcbb8ea734d4a383bd1eb6f1,0.482102,535.676904,499.618371,1.0721721519723701,7.458617112806375
https://hashdive.com/Analyze_User?user_address=0x4d51ed1e35d651a7cbf1c20016558af84256a3cb,0.389999,775.796142,495.998728,1.5641091361831072,-10.71589765804304
https://hashdive.com/Analyze_User?user_address=0xeb3f2947cd3129b7063e295fc5412e2a15bc6a95,0.74,0,495.8,0,2.856222794173572
https://hashdive.com/Analyze_User?user_address=0x3966e8ddfcef68b0b1972ad1ed46e62f989b6c3b,0.74,0,495.8,0,4.055971866638851
https://hashdive.com/Analyze_User?user_address=0xf5d11552bc67bef43d6e9874afa05dc3bbfc0e60,0.74,0,495.8,0,-16.140436185201597
https://hashdive.com/Analyze_User?user_address=0xddd6898eb4a4bc3ee3dcaee835208969099284a9,0.74,0,495.8,0,5.385408294683037
https://hashdive.com/Analyze_User?user_address=0x5e223ef6d81b6e43911a364584efc11ca3d41bad,0.74,0,495.8,0,3.703030651042734
https://hashdive.com/Analyze_User?user_address=0x07ad2303a1f60258b1676e6fa46aeb5d90ee8032,0.74,0,495.8,0,-1.3321889285057789
https://hashdive.com/Analyze_User?user_address=0xb83ee36cb56b55bf04ef7dc77f6f275b6e11ed28,0.74,0,495.8,0,-4.903990779347978
https://hashdive.com/Analyze_User?user_address=0x7e584cdcf0e66c65d126c9d1bf96ad93f5cb27e2,0.74,0,495.8,0,-7.811911545206511
https://hashdive.com/Analyze_User?user_address=0xc0b5789cd9d2e8e36689fc1388ae0df8233bbca3,0.74,0,495.8,0,1.607739329797577
https://hashdive.com/Analyze_User?user_address=0xa3dd67634f15c6a816e89fdc9a9ef9bc48a310ab,0.74,0,495.8,0,6.99518779182653
https://hashdive.com/Analyze_User?user_address=0xe8680ce028a367ebfb1e8b42530a13ae186b12d8,0.75,0,495,0,2.1139892161317535
https://hashdive.com/Analyze_User?user_address=0x1dfcd55c29cc17e69292afa209230c9ddd711724,0.75,0,495,0,-0.03809439579642926
https://hashdive.com/Analyze_User?user_address=0x84a26d04b447a98cc9d72fafa5c99b54cd539b5a,0.74,0,488.4,0,1.7118710632260659
https://hashdive.com/Analyze_User?user_address=0x4c992ee1e881bb25b3111304cdcc70f8a14a4e15,0.74,0,488.4,0,1.8473295210872456
https://hashdive.com/Analyze_User?user_address=0x04ac0fa59f744194f477f226bdb10b70b1e955e7,0.74,0,488.4,0,3.752950707733201
https://hashdive.com/Analyze_User?user_address=0xd82d94a0f1df25f7fcd357ff5064bc359d918c12,0.74,0,488.4,0,27.18909834577091
https://hashdive.com/Analyze_User?user_address=0x364d87c10b1b843e6b01ada6fe0422d83ebe1878,0.74,0,488.4,0,-4.932160623524532
https://hashdive.com/Analyze_User?user_address=0x0121dc25ffeeac6d7817e8946fb0ec6c9534a460,0.74,0,488.4,0,8.211277919320928
https://hashdive.com/Analyze_User?user_address=0x534fbea16b6b76e3446c37a7a7949be7764c1805,0.74,0,488.4,0,-7.837694507926734
https://hashdive.com/Analyze_User?user_address=0xb67dccba4d81e889b7c3bb637b1a533ab854c7f0,0.74,0,488.4,0,5.471344211372625
https://hashdive.com/Analyze_User?user_address=0x180537a4435a00abba2fa0b11d758121a0a702c1,0.74,0,488.4,0,-7.315350703741651
https://hashdive.com/Analyze_User?user_address=0x4ef7419a792105df9366984331ecc3873b7a9336,0.74,0,488.4,0,11.200034390842626
https://hashdive.com/Analyze_User?user_address=0x0ab8c77b3998a03e644d1cfe313f52b2c1ea0cb7,0.74,0,488.4,0,6.170909844683726
https://hashdive.com/Analyze_User?user_address=0xe7d35fffd4abfebce56f0c37164bb04f3594e572,0.74,0,488.4,0,-2.496990497786742
https://hashdive.com/Analyze_User?user_address=0x4a98470cf8e22e186aca37011b9ddfdb640664f9,0.74,0,488.4,0,-11.617545259766125
https://hashdive.com/Analyze_User?user_address=0x8b9a6d2635df22390f566f98b15cf9e5b20d5443,0.74,0,488.4,0,9.219797530420744
https://hashdive.com/Analyze_User?user_address=0x37a702929611d3f97bd4b230a0ef86e3f53741f1,0.74,0,488.4,0,-2.1633090062466507
https://hashdive.com/Analyze_User?user_address=0x8ebfffcb6a170747b569ce9d2b6c1033aa566925,0.46,572.4,487.6,1.1739130434782608,-4.505392175094513
https://hashdive.com/Analyze_User?user_address=0xbfe1e399fc7b37e8da6bc62da6f1222a07926f0e,0.75,0,487.5,0,-1.2255330178622004
https://hashdive.com/Analyze_User?user_address=0x0f018c66015036a7c2036ceea59a67505d0df63e,0.75,0,487.5,0,-3.6426131416862084
https://hashdive.com/Analyze_User?user_address=0x1f195e694d894a4491c827f1161b25fba9fdaec2,0.971,-25.5,485.5,-0.05252317198764161,-5.49357945725307
https://hashdive.com/Analyze_User?user_address=0x7d34a44cb1d3c4ae050265ce1cd3083c3fb46a48,0.5,481.08166,481.081661,0.9999999979213509,0
https://hashdive.com/Analyze_User?user_address=0x4693b809b7e860882644cef1b532ab834b4b8a82,0.74,0,481,0,-1.1116258425421086
https://hashdive.com/Analyze_User?user_address=0xd1fd077a928ab97770e929aa8d12d2f34384b98c,0.74,0,481,0,4.780013170372768
https://hashdive.com/Analyze_User?user_address=0xd7154ef0c90e0400cc2487d477e2b6c4017b0ecc,0.74,0,481,0,10.073008895426014
https://hashdive.com/Analyze_User?user_address=0x1735d067087f9c96e23e8903d1a592e149d3b39b,0.74,0,481,0,-1.6042331545688293
https://hashdive.com/Analyze_User?user_address=0x3a6c42389c0cc71dbffdde35c9cbf42cf9eec393,0.74,0,481,0,-6.925464075173578
https://hashdive.com/Analyze_User?user_address=0xf46f2791c4998b8404cdc9f5868ab47bd03c83aa,0.74,0,481,0,8.943002650265873
https://hashdive.com/Analyze_User?user_address=0x015bcce5c0e98165d5065a485305a82a74301cff,0.74,0,481,0,-17.3849541836507
https://hashdive.com/Analyze_User?user_address=0x84f3ad088c7ad4960fb92d196e223bc1f0885b90,0.74,0,481,0,6.215129257491014
https://hashdive.com/Analyze_User?user_address=0xbe5a19cb195b6ca07630365d6aa243cf98133a1b,0.74,0,481,0,-15.614980542711894
https://hashdive.com/Analyze_User?user_address=0xf0f0148e422201123deeab67e7a0a900fcca18bb,0.74,0,481,0,-16.197534101481857
https://hashdive.com/Analyze_User?user_address=0x98346fe2bca4d0fc8e60ea1c0908222074d0d072,0.75,0,480,0,-15.80914147055446
https://hashdive.com/Analyze_User?user_address=0x7c7312e31aa7fed30974c4420c1f2a5455ac09c2,0.75,0,480,0,13.958444038823636
https://hashdive.com/Analyze_User?user_address=0x4343d746db55633c559901ffbabd53de995a9b9f,0.75,0,480,0,5.367734649717624
https://hashdive.com/Analyze_User?user_address=0xe40456a3f14cadd802bb7b8074df22750e6c2300,0.75,0,480,0,-7.57845389498282
https://hashdive.com/Analyze_User?user_address=0x6218c2d61bd83240f64d986c9e0dda7c2786111b,0.75,0,480,0,4.367264648824301
https://hashdive.com/Analyze_User?user_address=0x28633fdd915eb3eeac7e22a5be7b4ae365c03cc4,0.75,0,480,0,4.9850912248297234
https://hashdive.com/Analyze_User?user_address=0x7dbd0ca461ce4be3677dc863bc602ba065dd57e1,0.75,0,480,0,-6.368273053993173
https://hashdive.com/Analyze_User?user_address=0x523eb83f23650474468e68e51e5b0916b5313c8c,0.75,0,480,0,-3.4695358210253606
https://hashdive.com/Analyze_User?user_address=0xe742ec6ef2275c951348aab0ae25f2c79ff57559,0.8,119.9992,479.9968,0.25,-0.5965546134139597
https://hashdive.com/Analyze_User?user_address=0x1d3b8200252a5b7da72a8d389fe0313cf7cdd257,0.5,476.198365,476.198365,1,0
https://hashdive.com/Analyze_User?user_address=0x14a78d128f10f6ce358094b600a4a188fce32cea,0.5,474.541993,474.541993,1,0
https://hashdive.com/Analyze_User?user_address=0x8c9fb129cdd3582bf17e30cd6979f0ac3265e68c,0.74,0,473.6,0,4.756787664417995
https://hashdive.com/Analyze_User?user_address=0x08193d16fd268e93a170ae02e2f528e77cd3bea2,0.74,0,473.6,0,-4.89271275662405
https://hashdive.com/Analyze_User?user_address=0x21847a95ae1c3ed1aa0f84a59d2246f9854a4bb9,0.74,0,473.6,0,3.6663633619240397
https://hashdive.com/Analyze_User?user_address=0x5383475ebf01c2f9fd80f221b71acfb9edbdd449,0.74,0,473.6,0,13.312178971849434
https://hashdive.com/Analyze_User?user_address=0x040fcc1265251d31769fe5f18af84c91239499cb,0.74,0,473.6,0,1.7060514504338584
https://hashdive.com/Analyze_User?user_address=0x98afa3f5c7e6ceb2123dda343aeff03c0d7b7638,0.74,0,473.6,0,-4.4226097567355245
https://hashdive.com/Analyze_User?user_address=0xf30b5a40a91fa24b5ed0abee8a81655e2ef6d360,0.74,0,473.6,0,3.0169263076722257
https://hashdive.com/Analyze_User?user_address=0x58932e859747d90bf9f5766fe64c76419e3d1b82,0.74,0,473.6,0,4.4152051402587755
https://hashdive.com/Analyze_User?user_address=0xdbf2f81c0d403d5d7533c1eadf91866cd551d97b,0.5,473.335568,473.335569,0.999999997887334,0
https://hashdive.com/Analyze_User?user_address=0x912382decf64edd2305bef38e6276713bebc9cf4,0.75,0,472.5,0,-19.80806953216076
https://hashdive.com/Analyze_User?user_address=0x32feb87a5f09d93fd6b49f8f7ebf2f53eb3021ed,0.75,0,472.5,0,9.047747046840083
https://hashdive.com/Analyze_User?user_address=0x906557faefd055e9eab5c54c77543214184157f4,0.75,0,472.5,0,8.914031554864657
https://hashdive.com/Analyze_User?user_address=0x0a4228a737d8bc624bb76912abe6769c2b137fdc,0.75,0,472.5,0,-5.217796833749315
https://hashdive.com/Analyze_User?user_address=0x99941417e089cca72287316fe21255ba1c7c095e,0.75,0,472.5,0,-8.328370684291466
https://hashdive.com/Analyze_User?user_address=0x70b7468d848b229ce615a34f495f1443c7d1410b,0.75,0,472.5,0,-7.905938492534862
https://hashdive.com/Analyze_User?user_address=0xe909ac210b6e3c881c069d74ce0642f49b5789a3,0.75,0,472.5,0,-9.03625983759553
https://hashdive.com/Analyze_User?user_address=0xb7388a0fd3bf02c3a0c64b2d5ef43a88d138cb3c,0.75,0,472.5,0,2.439763445355163
https://hashdive.com/Analyze_User?user_address=0x743ff4ad8ca503936d30d765af666595f2f2ec37,0.75,0,472.5,0,-2.308471133650518
https://hashdive.com/Analyze_User?user_address=0x2e17d1aba0559f6e90727139e32eedc87b4fe4d4,0.699999,0,471.67932237143407,0,-1.9126386930517207
https://hashdive.com/Analyze_User?user_address=0x74cb52fb8795c5f1d282901761c929f1a8fd70ea,0.5,470.644327,470.644327,1,0
https://hashdive.com/Analyze_User?user_address=0x4636ec2b3512be52f4c67045f8c46ee4eb058ea7,0.67,0,468.98842441,0,-8.23058296041695
https://hashdive.com/Analyze_User?user_address=0xe4c35a49eb19d5163263b026602f1bee76f73d2e,0.74,0,466.2,0,-3.614101280477793
https://hashdive.com/Analyze_User?user_address=0x27b54cb49275cc3096cb114330af1b368747e5ae,0.74,0,466.2,0,-10.959916403322147
https://hashdive.com/Analyze_User?user_address=0xd9f3544cc2daf50dada9bdefdc8d57f8b2c35ef1,0.74,0,466.2,0,-7.646892793301855
https://hashdive.com/Analyze_User?user_address=0x1da5d3041d077370fadae3c4a1fe3a6cefed5527,0.74,0,466.2,0,0.8029714596214633
https://hashdive.com/Analyze_User?user_address=0x4db21d3cc2c9345bbc6ad7a8c47d93e7beb4843a,0.74,0,466.2,0,9.736584946801196
https://hashdive.com/Analyze_User?user_address=0x6eb5f6a1d8fb7bec0183fa88be730da44ce8cec0,0.74,0,466.2,0,0.19565872853630184
https://hashdive.com/Analyze_User?user_address=0x69383efe4c26e292b3cb5cab39060afa4eb7093e,0.74,0,466.2,0,-6.316843107532803
https://hashdive.com/Analyze_User?user_address=0x56a5cb9edb4de492436962b99ac88dc5f7786438,0.74,0,466.2,0,-16.47888524629045
https://hashdive.com/Analyze_User?user_address=0x0459bff53898e3423411cf193cb1d8d10e6a6a82,0.74,0,466.2,0,0.20167238303607882
https://hashdive.com/Analyze_User?user_address=0x48614ed3d7e0772ce2c41d0911451dee7236237a,0.74,0,466.2,0,-12.70634006481428
https://hashdive.com/Analyze_User?user_address=0xcf163b8d420ee99dc352829527b7bd78d1ac3ab6,0.74,0,466.2,0,1.0654980385370303
https://hashdive.com/Analyze_User?user_address=0x306139d0268a09c3fb267d7d04461eeabe72dd00,0.4,697.545,465.03,1.5,-1.9018434632423786
https://hashdive.com/Analyze_User?user_address=0xfd05a47a5291b6c42fa4d69ce748325fc4684e96,0.75,0,465,0,-3.3845877204509205
https://hashdive.com/Analyze_User?user_address=0x6bd7ea3fcc0c55035c1cabb1504e88a27af534f9,0.75,0,465,0,-13.692273508436624
https://hashdive.com/Analyze_User?user_address=0xf773e296e0bef82bb9fc9023f6b2173b02febd29,0.75,0,465,0,8.443053165990689
https://hashdive.com/Analyze_User?user_address=0xf5f903b811afaabf50308329ef5c6d012a5a622b,0.75,0,465,0,-6.1209813441307475
https://hashdive.com/Analyze_User?user_address=0x0447f7656a2236807d9eb7b683c6d932e21153d8,0.75,0,465,0,4.139805200013817
https://hashdive.com/Analyze_User?user_address=0x8ff5a0fe7e1bd41e267143714f16a7bd61674632,0.5,464.996841,464.996842,0.9999999978494478,0
https://hashdive.com/Analyze_User?user_address=0x95f8d2640874bc02ee0e31789da64f0b8049ce7e,0.5,464.551151,464.551152,0.9999999978473846,0
https://hashdive.com/Analyze_User?user_address=0x04dca2e6241fcc1c3f286d28f0692b3b80458925,0.5,464.402596,464.402596,1,0
https://hashdive.com/Analyze_User?user_address=0x7393a1469e008e3c3e5be379ced3fd3ccbc29818,0.66,0,462,0,8.201033129938638
https://hashdive.com/Analyze_User?user_address=0xe59b9db1a289d3eb1061afeba78a4b8ae779488e,0.380645,76.994008,460.575736,0.16716904947854222,4.074552531385495
https://hashdive.com/Analyze_User?user_address=0x03cbe6a5d184e24b0d884b32dc89444f4e614bf9,0.472104,514.360202,459.998767,1.1181773493753733,-0.05632289017740984
https://hashdive.com/Analyze_User?user_address=0x0b101a7ea8d3cc634bfdc0ad3b9572c29428298a,0.5,459.423454,459.423455,0.9999999978233588,0
https://hashdive.com/Analyze_User?user_address=0x712db269db056d486c96ab36ee74189156d91b04,0.74,0,458.8,0,4.679662933724818
https://hashdive.com/Analyze_User?user_address=0x3f7a6100511ca3f23a7c94e3efc4dd05a5a2a6eb,0.74,0,458.8,0,4.153559581984271
https://hashdive.com/Analyze_User?user_address=0xbf7776f09887416bfb12d82f0254bbd68dd88835,0.74,0,458.8,0,0.5609560495326554
https://hashdive.com/Analyze_User?user_address=0xf53854683b5c135e4b8c53d2fab07a4a8596de80,0.74,0,458.8,0,10.812767829804988
https://hashdive.com/Analyze_User?user_address=0xb5ff66fea360def3d2883d2f634ce649abf7ed38,0.74,0,458.8,0,9.514991112302415
https://hashdive.com/Analyze_User?user_address=0x2161d08919237118cace090b69c78373e08f7d6b,0.74,0,458.8,0,14.79452739911162
https://hashdive.com/Analyze_User?user_address=0xe8fc3489f39da3ff724bbdd72b0a35d0ec43c614,0.74,0,458.8,0,-3.645669862429424
https://hashdive.com/Analyze_User?user_address=0x541970b317d9fa7130ebc4f517389189076a4573,0.74,0,458.8,0,5.688201203701374
https://hashdive.com/Analyze_User?user_address=0x6d5a2162f517161fda0f26434cf7efc0f2b94f49,0.74,0,458.8,0,14.095564180861444
https://hashdive.com/Analyze_User?user_address=0xac3c0bf7daf3720ba4ae774d6ce29a657f841387,0.74,0,458.8,0,2.8457582212669847
https://hashdive.com/Analyze_User?user_address=0x0eaac331be1eaf6776779ae0cf818818b4206e39,0.74,0,458.8,0,14.69307685425747
https://hashdive.com/Analyze_User?user_address=0xfd6e5f00bf50a3be8654d3ffe8794a219c553049,0.74,0,458.8,0,10.670282352165298
https://hashdive.com/Analyze_User?user_address=0xd3280209c936c3c87e7289d68fcb5dcd94bff9c1,0.74,0,458.8,0,-2.759990766909999
https://hashdive.com/Analyze_User?user_address=0x337b5bd6dd36dafc428f7121bb2a2e50f0818952,0.74,0,458.8,0,-0.3145543570016774
https://hashdive.com/Analyze_User?user_address=0x6c54c46f3b2eeccf2d76ac8ef4aa1ae495744e97,0.74,0,458.8,0,12.750851540468421
https://hashdive.com/Analyze_User?user_address=0xffefbe7ec5e20b09966efe3fe6f4103c138dd78a,0.74,0,458.8,0,1.093902389390934
https://hashdive.com/Analyze_User?user_address=0x5327b5aeeab8dbf8b4c67a2303032a56a9e65947,0.74,0,458.8,0,-17.249671245380796
https://hashdive.com/Analyze_User?user_address=0x4c410e674febd30c9d19bc8515f750946d2ffd7e,0.74,0,458.8,0,-6.211111040698968
https://hashdive.com/Analyze_User?user_address=0x5b9b40fdcad9bd5b9db987c297d7e046d37eaaab,0.74,0,458.8,0,2.3716701894410526
https://hashdive.com/Analyze_User?user_address=0xe6b0f3735285a72630a050f40c5511835ce2445c,0.75,0,457.5,0,-10.34260357303387
https://hashdive.com/Analyze_User?user_address=0x2f437fd76565213471b065d8a6ce8477caeef02a,0.75,0,457.5,0,-7.287752893049369
https://hashdive.com/Analyze_User?user_address=0x6ffbc1e4abbf56e002e2095416275f74352b13c6,0.75,0,457.5,0,-14.50308367522755
https://hashdive.com/Analyze_User?user_address=0x3d4d067ecc27aeef17c92f7a407e4d683e2daa0a,0.75,0,457.5,0,19.72059519639846
https://hashdive.com/Analyze_User?user_address=0x237c77fda10c2ed05a2a7c2ae130135f7d704e01,0.75,0,457.5,0,11.574398442370102
https://hashdive.com/Analyze_User?user_address=0x8d0489339a90d2c4a370fa1a8ac52f07f54ae132,0.75,0,457.5,0,8.822442985995355
https://hashdive.com/Analyze_User?user_address=0xcfef66a0ac9c486af86043a4f8fb51031f51a584,0.75,0,457.5,0,-5.173502830804583
https://hashdive.com/Analyze_User?user_address=0x45571e7a3df4795f01ef9b73ee04c2c6b1d0256f,0.75,0,457.5,0,6.137778342565236
https://hashdive.com/Analyze_User?user_address=0x8a02fb6a60c18493315500ae7e66e11574ae380f,0.75,0,457.5,0,-4.950493754048361
https://hashdive.com/Analyze_User?user_address=0x5a938b1bef9da0de246d1ead4b9f95913b11b340,0.7499,0,457.439,0,1.8467685844980628
https://hashdive.com/Analyze_User?user_address=0x66a557b7381becd7b3d680aa27af3a575f660e90,0.5,456.628558,456.628559,0.9999999978100362,0
https://hashdive.com/Analyze_User?user_address=0x7870443ac19ac88d595525d0a9c944b5e9ce9446,0.5,452.346719,452.34672,0.9999999977893064,0
https://hashdive.com/Analyze_User?user_address=0x3591656578d646e13ebab179e28c29cc5ae99946,0.74,0,451.4,0,-7.728084789703872
https://hashdive.com/Analyze_User?user_address=0x9c79e93cf277c635df74662a5d4aa5af601066a4,0.74,0,451.4,0,0.3552066925833664
https://hashdive.com/Analyze_User?user_address=0x3bc75ef8176d4328addc28a0914f8f9091ba7805,0.74,0,451.4,0,11.547299114956523
https://hashdive.com/Analyze_User?user_address=0xd9e3914f60f7401bc7a7d0b0e4c6af9166082a9c,0.74,0,451.4,0,7.282766122252057
https://hashdive.com/Analyze_User?user_address=0x72ec5d8e70e79712c3855ac185633e05db3576a3,0.74,0,451.4,0,-20.563931506523417
https://hashdive.com/Analyze_User?user_address=0x4fc76bab6b771e45f9b29eede2991bd9342ba0f9,0.74,0,451.4,0,2.4870164996512174
https://hashdive.com/Analyze_User?user_address=0x0d00595b5dfcc5e92363560716151ac46af5344d,0.74,0,451.4,0,6.472062745596755
https://hashdive.com/Analyze_User?user_address=0xe964c5c93bcb2fa6ea0bad251f8b291faba0d6ee,0.74,0,451.4,0,9.161728434617265
https://hashdive.com/Analyze_User?user_address=0xf46560e9757403c3df2033869ac33c82b47fbf57,0.74,0,451.4,0,11.609214425981147
https://hashdive.com/Analyze_User?user_address=0x7a8277325e2e7aa595da5b12dc437393281a7336,0.74,0,451.4,0,-1.6336877360305548
https://hashdive.com/Analyze_User?user_address=0xe2acd7ed79fe41d9e85174e53b766298d9bd8513,0.74,0,451.4,0,12.518815373816516
https://hashdive.com/Analyze_User?user_address=0x72ba31c927259c3670c9a29223311db40e021f40,0.74,0,451.4,0,2.5259729569848766
https://hashdive.com/Analyze_User?user_address=0xf3a48a1ad5acbecca5224d2ec0cc52a2d3fff0c2,0.74,0,451.4,0,7.207032165751438
https://hashdive.com/Analyze_User?user_address=0x97db1daa9cccbcf3247d8ef90758c5f36b979816,0.74,0,451.4,0,2.4107283255889405
https://hashdive.com/Analyze_User?user_address=0x1643bf532424067ce88c5c3755dc93b08717da3e,0.5,450.619205,450.619206,0.9999999977808314,0
https://hashdive.com/Analyze_User?user_address=0x5f4fe4732fc702c02cb61b39d5c5e51d3bc8b2c7,0.75,0,450,0,-8.725845971218458
https://hashdive.com/Analyze_User?user_address=0x3f714e6ccf6a84696a5f0336e222d386297b7c6a,0.75,0,450,0,7.088593364926266
https://hashdive.com/Analyze_User?user_address=0x31192c83cc51dd79ba5d7b3912673610efd6e1dc,0.75,0,450,0,-11.075446074956632
https://hashdive.com/Analyze_User?user_address=0x480d013bf6665fb174fb7ec6ea677cfc8140f219,0.45,550,450,1.2222222222222223,-3.2852977146273394
https://hashdive.com/Analyze_User?user_address=0x3e07f3ea4567452eb36730b1ca1ae429b7b36eb8,0.75,0,450,0,20.234637175036845
https://hashdive.com/Analyze_User?user_address=0x1fee825f930cbe43dd7f184137e02bf3225a0cee,0.75,0,450,0,5.981711321143514
https://hashdive.com/Analyze_User?user_address=0xbc890dd4b0088d457700be6690e0bc2cee24d852,0.75,0,450,0,-1.221499742940418
https://hashdive.com/Analyze_User?user_address=0xd6e41b0444a752ffc3d19597f74dd612792b3890,0.5,449.804209,449.804209,1,0
https://hashdive.com/Analyze_User?user_address=0xd2c4e11acf28d05260ad321ca1d4be244c5f909d,0.685161,-45.989584,445.585834283976,-0.10321150373620364,-0.2170937591293352
https://hashdive.com/Analyze_User?user_address=0x5ade93e10cbf31a58256455bcac28af545045ead,0.5,444.195871,444.195871,1,0
https://hashdive.com/Analyze_User?user_address=0xf44f2d583e75df40e78ee4194bdd1d3efef3407e,0.74,0,444,0,-13.520478603281916
https://hashdive.com/Analyze_User?user_address=0x0d370cc0e23088cc6deb85f0e5672c1444adc3dc,0.74,0,444,0,2.0725762800457086
https://hashdive.com/Analyze_User?user_address=0x60265cf323d5fb715337b84549f1ed5fd47d36f2,0.74,0,444,0,7.9173816021138865
https://hashdive.com/Analyze_User?user_address=0xfd245cc3bee9359818a1fc2218d42b75aab542ab,0.74,0,444,0,5.020558000480532
https://hashdive.com/Analyze_User?user_address=0xd2d0745516a6f0a8e985d38975bd3daa2f1264ca,0.74,0,444,0,3.038995651383966
https://hashdive.com/Analyze_User?user_address=0xb22f0cf1c9110cbf5983d7d33f0e9444714a26a4,0.74,0,444,0,-3.0724194175210755
https://hashdive.com/Analyze_User?user_address=0xedf3868798642e5f71c2c19c9f397af953201fa3,0.74,0,444,0,9.138082310865318
https://hashdive.com/Analyze_User?user_address=0xf49d176e5d2b000dcf6a1bf492727e1c8cb07119,0.74,0,444,0,1.7036001779110657
https://hashdive.com/Analyze_User?user_address=0x4b8f46507d08cee45f7c5a50f7abd848660f88f2,0.5,442.994877,442.994878,0.9999999977426375,0
https://hashdive.com/Analyze_User?user_address=0x2cf2c95d55568f63b3a8bb372d6a094debef3b5b,0.5,439.570015,439.570015,1,0
https://hashdive.com/Analyze_User?user_address=0xa8afc8503660d1173484a41e31cc3e92ca7f03cd,0.5,439.435294,439.435294,1,0
https://hashdive.com/Analyze_User?user_address=0x7678acaa29812cd2e262698723f7cbca9de4102e,0.46,515.1924,438.8676,1.173913043478261,8.278291944644918
https://hashdive.com/Analyze_User?user_address=0x9353c9dd0c49a3cf228a4d5013589dbf1404cdbe,0.471506,490.442432,437.557568,1.1208637854025187,-1.462317506883526
https://hashdive.com/Analyze_User?user_address=0x930cbbab2e4b1e73c3e7fdbe3b1170b38282db1e,0.5,431.040603,431.040603,1,0
https://hashdive.com/Analyze_User?user_address=0x1bd43d2c4f0babac0f3bb428c4be9c92b4727a94,0.5,428.931261,428.931261,1,0
https://hashdive.com/Analyze_User?user_address=0xb9887a7f6e8035db86d3009a2ca4ab66554c80c9,0.5,427.45661,427.45661,1,0
https://hashdive.com/Analyze_User?user_address=0x8b4261c836a7e36f2bcb95b90a95943f7e6bae6e,0.576191,313.793663,426.619267,0.7355356104908407,-9.887509411996408
https://hashdive.com/Analyze_User?user_address=0x5205bf82ea8a056ed3c285a93a8bb52ffcbf1438,0.5,426.354523,426.354524,0.999999997654534,0
https://hashdive.com/Analyze_User?user_address=0xf852f768d9852d01bbaf359836fa72a21c5e7090,0.5,421.643733,421.643733,1,0
https://hashdive.com/Analyze_User?user_address=0x9fe8a59398e8c275d45e8ab1224eafcc6b2356a3,0.42,580,420,1.380952380952381,-1.1327871599166874
https://hashdive.com/Analyze_User?user_address=0x8d53cd22dfa95791e6209bb18f306672d981c882,0.699999,0,419.999397200004,0,4.392045322210775
https://hashdive.com/Analyze_User?user_address=0x50eaeaa500973aec25e0d910dde2ad7489e3c102,0.769999,124.281132,417.889454,0.29740193443599083,-4.14549727549441
https://hashdive.com/Analyze_User?user_address=0x4b3dcb83bf60e143a40bd80d1a9ae1a8bb698ed3,0.714975,165.419,416.409504,0.3972507793674181,1.1842924677747084
https://hashdive.com/Analyze_User?user_address=0x8c87fa5279904194de66cb9654b676afb4045eb4,0.379999,676.127405,414.398909,1.6315858712842315,-3.5372507888891325
https://hashdive.com/Analyze_User?user_address=0x3a090da22b2bcfee0f3125a26265efbcd356f9f7,0.69,1.2393,413.4894,0.002997174776427159,1.9752214056356983
https://hashdive.com/Analyze_User?user_address=0xfdc4a74692bb8236e564f8ae7eb39df6a7cecae6,0.41,589.991697,409.99423,1.439024390660327,8.650025628369045
https://hashdive.com/Analyze_User?user_address=0x2c02c9b3d7f6817c9f70be3153b238ad9589b4d4,0.684519,-118.785226,409.64355036,-0.28997216212878246,5.155036719975197
https://hashdive.com/Analyze_User?user_address=0xaa1c6a47cf5e02b67ad18645dbebe26c00d1f931,0.5,408.114412,408.114413,0.9999999975497067,0
https://hashdive.com/Analyze_User?user_address=0x22bfc5baccec7c55520eb7521235a35e3580b8df,0.5,406.426245,406.426246,0.999999997539529,0
https://hashdive.com/Analyze_User?user_address=0xbde579ead903b9cf5c3fc4be5a0c515464769c38,0.401999,49.0005,401.999,0.12189209425894094,1.1552893571556284
https://hashdive.com/Analyze_User?user_address=0x7eda9a00b73ffa604de0de1e986d8b84f46c4bb7,0.462462,465.132475,400.169095,1.1623398228691297,-8.46280924043451
https://hashdive.com/Analyze_User?user_address=0x94eb0ee9ff35f5b14f8d3c3be3967e9deba837e6,0.8,100,400,0.25,-6.161554679447999
https://hashdive.com/Analyze_User?user_address=0x0deccb0854c417df81b2932a319d2815278bc5b2,0.447134,276.651454,399.998983,0.6916303934702753,-3.2395325985432195
https://hashdive.com/Analyze_User?user_address=0xc8bf326815413ca010e43a47aaed21bd9215c049,0.389999,625.64205,399.998974,1.5641091369399365,-1.8016392144688131
https://hashdive.com/Analyze_User?user_address=0x903cb5db0d0da0b58479a828d19420087338b459,0.66,0,396,0,1.8396746450123929
https://hashdive.com/Analyze_User?user_address=0x1f2aaed8fc4264fe6ce09dfa28ec08125a5458ed,0.5,394.109007,394.109008,0.9999999974626309,0
https://hashdive.com/Analyze_User?user_address=0xf6840e7821b6ecfc4bb91c01fcd5026eda5423ad,0.419999,532.869013,385.869081,1.3809580483075814,3.0223284402011883
https://hashdive.com/Analyze_User?user_address=0x9c1237ffbfd248e6368a5f7e437db47158231937,0.409,9.684485,382.006,0.02535165678026,3.888337748603009
https://hashdive.com/Analyze_User?user_address=0x9fe8a59398e8c275d45e8ab1224eafcc6b2356a3,0.38,620,380,1.631578947368421,-1.1327871599166874
https://hashdive.com/Analyze_User?user_address=0xb9ebf2fe30a00ff22054868b1f7072618b6ea5d5,0.5,378.008428,378.008429,0.9999999973545564,0
https://hashdive.com/Analyze_User?user_address=0x17b940f214b86f8ac634d479d2e962dd678b430d,0.5,-134.262438,378,-0.35519163492063494,3.521605434457941
https://hashdive.com/Analyze_User?user_address=0x7080c6c64fa0aa6e80ab836fbc617775307912c9,0.679999,0,374.94944668294403,0,4.897740260715805
https://hashdive.com/Analyze_User?user_address=0xf5f232033c51448e17ced9f2ff7c91b78b620234,0.525636,-373.001818,373.001818,-1,5.745539355029701
https://hashdive.com/Analyze_User?user_address=0x68d25eb312390bd615f8a4beb6e81086805392c8,0.98,7.3658,360.9242,0.020408163265306124,-8.07646902847729
https://hashdive.com/Analyze_User?user_address=0x7505502d57a81bfacc69b719a14b4b42c7ea4768,0.669999,0,358.999462489107,0,7.2775943795460885
https://hashdive.com/Analyze_User?user_address=0xeecdff72e1907135212485ea28b64874ff744fef,0.46,396.256578,357.42,1.1086580997146214,-2.096888017107176
https://hashdive.com/Analyze_User?user_address=0x98d04f9eb52d08ef9697f6eb8d7cfe8d46e5f14a,0.88,48.0564,352.4136,0.13636363636363635,4.579872636459311
https://hashdive.com/Analyze_User?user_address=0x7e5e420a5cde8a322f3b5b93a12a164827f47315,0.7,0,350,0,9.340477592308897
https://hashdive.com/Analyze_User?user_address=0x7eda9a00b73ffa604de0de1e986d8b84f46c4bb7,0.399006,527.179466,349.999784,1.5062279752721222,-8.46280924043451
https://hashdive.com/Analyze_User?user_address=0x286e00156acb2e1a2900556be742d56e4127adb7,0.671088,151.904089,341.040211,0.44541401307073436,-4.163609558727996
https://hashdive.com/Analyze_User?user_address=0xd8f4caea481d7acef8ccca2a4532730589fdc82c,0.68,0,340,0,0.6698920779437443
https://hashdive.com/Analyze_User?user_address=0xf42a1f504a9ff482f721966cb51c5334d11c8470,0.495885,342.592437,336.999397,1.0165965875600662,-2.009078658805172
https://hashdive.com/Analyze_User?user_address=0x2934efa3cc0794953270262e9da00c04e21d0b51,0.67,0,334.99411137000004,0,2.0021422358543304
https://hashdive.com/Analyze_User?user_address=0x44421cb38332b1c82ccdf34d8b42150312d1c428,0.5,0,333,0,0
https://hashdive.com/Analyze_User?user_address=0x2b51107e8d030397ea728a794405ffbcf1d2e165,0.665839,0,332.91949999999997,0,0.6133139805952826
https://hashdive.com/Analyze_User?user_address=0xd5a616af33f259f5ba004b0e2dfe35ee67f63905,0.699999,0,332.549523128574,0,4.479571130058572
https://hashdive.com/Analyze_User?user_address=0x31ce1764cd53f8e254cc0ce2e543e722a1ada767,0.5,125.76,331,0.37993957703927494,-0.28287375911376633
https://hashdive.com/Analyze_User?user_address=0xc0181422495409648019859060d9539563756ac3,0.5,103.987596,325,0.31996183384615384,-1.455881447875258
https://hashdive.com/Analyze_User?user_address=0xa7c7754791598b5195f4f006667a5c750a3b88e3,0.459999,-10.485412,323.789295,-0.03238344244827489,-0.8309078737332998
https://hashdive.com/Analyze_User?user_address=0xe4086fbe57bb396bd4422f79e9cd0f856f20232b,0.442611,343.536746,321.999503,1.0668859510630984,2.1157421669836136
https://hashdive.com/Analyze_User?user_address=0x3d64dc76cfb30f5c668284886a9bfc505a9901fa,0.64,0,321.1776,0,5.321529658739369
https://hashdive.com/Analyze_User?user_address=0xd1612fb075a949fe1ddc96068f18c56b90ed4cc1,0.66,0,317.50386294000003,0,-0.05124303881340341
https://hashdive.com/Analyze_User?user_address=0xd2bd4fd9b525c94bd04e00d8b57b446009addce0,0.483763,338.651472,317.348528,1.0671279118080548,-4.658495870593987
https://hashdive.com/Analyze_User?user_address=0xf4cd584ea9ad01b30c2be5d2b9dbffc9ba890516,0.685302,65.445862,311.90835,0.20982401400924344,0.6529610544618512
https://hashdive.com/Analyze_User?user_address=0x8cbb318b8863898f0907dee7113453eb75faacb2,0.640207,0,309.20717686,0,-13.632286379188354
https://hashdive.com/Analyze_User?user_address=0x02ba37539df0fe6b42020631d24582c25892b928,0.686666,0,308.9997,0,-10.870063110581698
https://hashdive.com/Analyze_User?user_address=0x75b46fbff538119587ab987364cbfb6b35755aab,0.47,344.5,305.5,1.127659574468085,-1.2175122659743074
https://hashdive.com/Analyze_User?user_address=0x39dce4c7883f2e020463d60c90b4e52862c58d05,0.439801,382.126633,299.999956,1.273755630150826,0.8525024249807194
https://hashdive.com/Analyze_User?user_address=0xab26196d2d804e98752bdd56f34d24e473400c0c,0.548231,223.457581,299.999638,0.7448595021304659,5.9452553000527795
https://hashdive.com/Analyze_User?user_address=0xd04de4ff45a0fe5b2718c17b584778c0bd30bfc2,0.5,0.0046,299.9996,0.00001533335377780504,4.981372200072008
https://hashdive.com/Analyze_User?user_address=0x93f0655bb428bc13bcfaf9835c296d60efb18b02,0.699999,0,299.999569628574,0,0.787404832079362
https://hashdive.com/Analyze_User?user_address=0x96f8e4e985756ee5d20cc616a81cfbb3e3eb2560,0.699999,0,299.999569628574,0,-25.14831502666564
https://hashdive.com/Analyze_User?user_address=0x9eea998b641be2b4e6e36fa5ba63cd7585ce2625,0.699999,0,299.999569628574,0,4.540108686570677
https://hashdive.com/Analyze_User?user_address=0x017603f2660af0884ada60dff797bc634641910e,0.699999,0,299.999569628574,0,-5.214347817627266
https://hashdive.com/Analyze_User?user_address=0x6c3a7a86e63f952ef9d5fa78738649de4b3b0a11,0.669999,147.761641,299.999552,0.4925395388590447,2.860428211444994
https://hashdive.com/Analyze_User?user_address=0x3a6fd556df98050804f2fa16aaedd2b25a12296a,0.669999,0,299.999551548807,0,1.779437574385011
https://hashdive.com/Analyze_User?user_address=0x7a883bf3df9d67e1acfb94cb9949862b29b6fd7f,0.715908,0,299.99953995942,0,-2.0455614855306683
https://hashdive.com/Analyze_User?user_address=0xd44c16f2f64a0f50ffc417a78141b43c2921ab91,0.87,41.2584,299.1234,0.13793103448275862,-5.548339917309376
https://hashdive.com/Analyze_User?user_address=0x03cbe6a5d184e24b0d884b32dc89444f4e614bf9,0.501367,188.590762,295.601102,0.6379907271117007,-0.05632289017740984
https://hashdive.com/Analyze_User?user_address=0xa234bdc751080ba6c4d2c7462523dbc27791f7eb,0.98,4.500015,294,0.015306173469387755,1.4647452473410687
https://hashdive.com/Analyze_User?user_address=0xe40172522c7c64afa2d052ddae6c92cd0f417b88,0.669815,3.335654,293.97436,0.011346751464991709,3.3078395897966573
https://hashdive.com/Analyze_User?user_address=0x1ce8897e467c190b629fe49746c854faa53d3bd3,0.389999,388.139717,293.929246,1.3205209154314643,-0.26392372166126477
https://hashdive.com/Analyze_User?user_address=0x2d56dd796b687b1a1229855e6b6203d90422d1b1,0.65,0,292.5,0,-1.904040002185051
https://hashdive.com/Analyze_User?user_address=0x19b8e718dae819155f80160774b35a3387ed9c8e,0.518429,269.744502,290.999134,0.9269598101278198,-1.2519215503033112
https://hashdive.com/Analyze_User?user_address=0xf5201f998333d228dafba270d01d8ff82b2c0637,0.43,-231.24756,289.83536,-0.7978583427501738,9.813335968836798
https://hashdive.com/Analyze_User?user_address=0x5327941d21333e2d09a8275fc2b8537b2a333b80,0.67929,134.919117,285.769721,0.4721253060956727,-9.063949826290452
https://hashdive.com/Analyze_User?user_address=0xe5efd6543002653b2eef940d8254911862ad9e7a,0.502891,-282.999444,282.999445,-0.9999999964664241,-8.160970503998582
https://hashdive.com/Analyze_User?user_address=0x495f79203ce24759d5cd59aaa714749fbe6f06b0,0.7,0,280,0,-1.7973768871692322
https://hashdive.com/Analyze_User?user_address=0xba6fdcaa89a0f8b3728f6c0cfccf062b78aa0442,0.7,0,280,0,5.9391572415445975
https://hashdive.com/Analyze_User?user_address=0xc517b0f37b5b198344f7a7f9244897accedcf390,0.659999,0,279.999574937577,0,3.640137507959632
https://hashdive.com/Analyze_User?user_address=0x5c57496c97dd151f54b2d727646aa796ced55b16,0.49,57.141495,278.244444,0.2053643701866694,0.8011633385578816
https://hashdive.com/Analyze_User?user_address=0xcfdb9ea506408484a2dc7816af5f7588edcd7a75,0.686746,124.791256,273.579575,0.45614244411338095,-2.5776597552199867
https://hashdive.com/Analyze_User?user_address=0x520abb2c2a42f20a7c5abe106c50c3bc78abab8a,0.39,417.4403,269.1897,1.5507290955040254,-0.33929793052527774
https://hashdive.com/Analyze_User?user_address=0x8097b7a543594cdf98453952bc85f88a0f978a5f,0.738914,94.681707,268.999644,0.3519770717614779,-0.05030024044322359
https://hashdive.com/Analyze_User?user_address=0xd1acd3925d895de9aec98ff95f3a30c5279d08d5,0.54713,222.05083,268.268313,0.8277191872451966,3.2891340373078863
https://hashdive.com/Analyze_User?user_address=0xb558b190f300976764be6e728c58f51a73166d77,0.919048,23.183273,263.199692,0.08808244730012829,-5.198085038967344
https://hashdive.com/Analyze_User?user_address=0xac5688c84232ab4f22edd8e4a9e3cddda6ef5b67,0.459999,280.43056,257.999439,1.0869425185067942,-1.777689535803722
https://hashdive.com/Analyze_User?user_address=0x6aabd7bc251b99eacb4c557603f34918bd059c4c,0.725632,53.843469,255.212031,0.2109754339911977,-4.235319365768007
https://hashdive.com/Analyze_User?user_address=0x33feb5df0fcf43d58d02176870c7e9a88e160ccc,0.510195,109.973097,254.999348,0.4312681497522888,-0.09501488220306041
https://hashdive.com/Analyze_User?user_address=0x6c82c87d030fdb221042328ee4a1edd00a756150,0.51,-254.975118,254.975119,-0.9999999960780487,-0.7253562159511333
https://hashdive.com/Analyze_User?user_address=0x3d7da0a3a59781e06f93d9bc59c203afc00217f7,0.57527,0,250.42985,0,-6.399118536316923
https://hashdive.com/Analyze_User?user_address=0x86379b737d1f3d384839a4818fa0acebea899657,0.39,391.62,250.38,1.564102564102564,-3.792109379507516
https://hashdive.com/Analyze_User?user_address=0x7bcbc6d3f92269a88a09ee66cc50f0fe2fdb39ec,0.5,250.34,250.34,1,0.21853146768356424
https://hashdive.com/Analyze_User?user_address=0xc6278d29a4c7e47191bf692586cc251cc3e70f7d,0.5,250,250,1,0.12726703475122508
https://hashdive.com/Analyze_User?user_address=0xc8b4937bd770e20f99fa5831d0e6e71bedec1081,0.659999,0,249.999619372124,0,-4.397831791595353
https://hashdive.com/Analyze_User?user_address=0xc3ec148928919476fe3df6fdd269a3f5abaee987,0.479999,270.833853,249.999479,1.0833376696757036,-1.0394758057353124
https://hashdive.com/Analyze_User?user_address=0x6f799f22a9b0e7affa5cad08a91c42aa0d3838da,0.5,249.34,249.34,1,0.06795045795340945
https://hashdive.com/Analyze_User?user_address=0x182caef7dfbb1280cd084eadb3348da194aa165e,0.7,0,239.999998,0,7.460407559071712
https://hashdive.com/Analyze_User?user_address=0xd9e0aaca471f489be338fd0f91a26e8669a805f2,0.465564,-90.311884,236.996608,-0.3810682556266797,4.449652154851829
https://hashdive.com/Analyze_User?user_address=0x6094e34888bc7682fd73e4f9aea4e0b350323bd9,0.527595,209.949644,234.979191,0.8934818572934827,7.702293806280065
https://hashdive.com/Analyze_User?user_address=0x5ce3c43f2b2be1b51ec5f4920acbf7340733f779,0.779997,65.997698,233.987749,0.2820562114130172,-1.4505500100689426
https://hashdive.com/Analyze_User?user_address=0x44a68223fb6b73d5bd83fe0817d5e8700d82574d,0.699999,-4.013416,231.217116989361,-0.017357780653344406,-0.17032102455615838
https://hashdive.com/Analyze_User?user_address=0xdafc998570728a60abc699acda529be53b27dbad,0.860135,35.773741,219.999622,0.1626081930268044,-1.4086132449341
https://hashdive.com/Analyze_User?user_address=0xb24071f53ff4e49cb6229416c2fb8ef7cd0a12bf,0.494252,212.316244,219.999197,0.9650773588959963,-8.881878840345163
https://hashdive.com/Analyze_User?user_address=0x9bebe8a3457d14985a1617dddcaafe9425d4d6fb,0.541136,111.522811,216.452557,0.5152298154648273,1.7897387083369043
https://hashdive.com/Analyze_User?user_address=0x67716d40c48d4efa3bcaf7cabf554fe3bbdbb783,0.540475,-40.089164,216.176525,-0.18544642624817842,0.6522872455734487
https://hashdive.com/Analyze_User?user_address=0x12f676891ec54c94b90eca555d181fa372a46e69,0.669999,0,214.84967812836,0,15.30596869619599
https://hashdive.com/Analyze_User?user_address=0x8de12bd247e772aeff34909037018b1808692d12,0.699999,-2.342565,213.99969238571703,-0.01094658115572296,4.483900464180701
https://hashdive.com/Analyze_User?user_address=0x98a3b1224107c504e5f600552f1e56c36665d61e,0.7,0,210,0,4.266849803026604
https://hashdive.com/Analyze_User?user_address=0x4e5657688fa63809a55581bbc74b8e23aa3062d5,0.69,0,206.99532455999997,0,8.931634597746665
https://hashdive.com/Analyze_User?user_address=0xebb1573b8bec894b06e0db3e5586563d908de7af,0.69,0,206.97951596999997,0,6.902290744959489
https://hashdive.com/Analyze_User?user_address=0x865f2f2d68647baf20ec9fd92eaa0fc48bd7e88e,0.530254,-96.606851,206.864303,-0.46700590483221266,1.121978270645952
https://hashdive.com/Analyze_User?user_address=0x0ddef49564bdb2d5da5a88c4573239edac49882d,0.7,0,206.51999899999998,0,1.7793499915717226
https://hashdive.com/Analyze_User?user_address=0x5fde146d57d0296512ff3206a014980eedd966b2,0.7,0,204.999998,0,5.06898774803711
https://hashdive.com/Analyze_User?user_address=0xd2bd4fd9b525c94bd04e00d8b57b446009addce0,0.435269,261.470453,201.529547,1.2974298652097898,-4.658495870593987
https://hashdive.com/Analyze_User?user_address=0x6650ccad4777d0fd69bd8ccc609e9c26e092d38e,0.42872,-18.196464,201.479063,-0.09031441644137485,5.692871508773676
https://hashdive.com/Analyze_User?user_address=0xe4e28c36ed2bc36b7c181fe8a33d9859fa1a0187,0.67,0,201,0,1.4331463592259652
https://hashdive.com/Analyze_User?user_address=0x718a3b6402ea8e8adfd7071d2db4a9e27fb55d86,0.69,0,200.1,0,-3.368476042154983
https://hashdive.com/Analyze_User?user_address=0xa6a2edd2f4f84b4a8e9b77aff169972b91adda2d,0.4,300,200,1.5,0.8220067292179829
https://hashdive.com/Analyze_User?user_address=0x89868ff400ce9c34bc79fa659162a69417218668,0.4,300,200,1.5,8.6323461535587
https://hashdive.com/Analyze_User?user_address=0xeb9cf98b6ca01978c9ffffd404338c600fbef2dc,0.4,300,200,1.5,21.12469892546301
https://hashdive.com/Analyze_User?user_address=0x98fdffdac3016317b94285a3f45bc2d1e65c6614,0.4,300,200,1.5,12.41350023870994
https://hashdive.com/Analyze_User?user_address=0x41ace73e0abbb445e9af8bf33f0ed6a9a2b71c18,0.4,300,200,1.5,4.301715110326891
https://hashdive.com/Analyze_User?user_address=0x346f92fe9699679a250a9f4f7d54bd7ad07b8f24,0.4,300,200,1.5,-1.9865974042540002
https://hashdive.com/Analyze_User?user_address=0xd6cc5dfca825a878fb8c6403bb59d1de85c6319b,0.4,300,200,1.5,2.1175492717631297
https://hashdive.com/Analyze_User?user_address=0x7a69709f4fce9acecc06f21bc7b3efdb4a200195,0.4,300,200,1.5,25.13413548576938
https://hashdive.com/Analyze_User?user_address=0xccc87be4706c63c511128bf0367987b4503329d9,0.4,300,200,1.5,9.688660544094752
https://hashdive.com/Analyze_User?user_address=0x567c8a5ecbb92e5de8d5cc881b284da73d5b6169,0.4,300,200,1.5,6.941493649745901
https://hashdive.com/Analyze_User?user_address=0x7b23123f1fdc577120119d43d10093a890603e0e,0.4,300,200,1.5,3.914125628804178
https://hashdive.com/Analyze_User?user_address=0x66b4d2bd2aac0ca589693777ac642f5f06006db5,0.4,300,200,1.5,5.238089767095476
https://hashdive.com/Analyze_User?user_address=0xbae90e1c0ac61e7cfec5ad826e7df5b066d92d42,0.4,300,200,1.5,2.922285619447255
https://hashdive.com/Analyze_User?user_address=0xfc8d15c22e7278c1091b5c945040b80cc703878b,0.4,300,200,1.5,19.75702340415009
https://hashdive.com/Analyze_User?user_address=0x8ef0dc55efdde3b3b5ee43de615918126261782f,0.4,300,200,1.5,8.976198115735617
https://hashdive.com/Analyze_User?user_address=0x8880b824ad235e9fb97b15d0c23e663d064e5554,0.4,300,200,1.5,16.345658286002436
https://hashdive.com/Analyze_User?user_address=0xeafbdccfb178529a5237e03c95b45844df655e0c,0.4,300,200,1.5,7.110344883498066
https://hashdive.com/Analyze_User?user_address=0x78042fc9af06793ff9d81a6b03514dd514aff011,0.4,300,200,1.5,0.2568865362951651
https://hashdive.com/Analyze_User?user_address=0xa651372d2f0715f615bbe20acfd0e2000c3de17b,0.4,300,200,1.5,6.914313901968566
https://hashdive.com/Analyze_User?user_address=0x66b64985f12db6e7aff93345e32fb2dd2e2b1c3e,0.4,300,200,1.5,31.139861389082945
https://hashdive.com/Analyze_User?user_address=0xd4461455efeac7aafa9263f363e2f9c8ea2cacac,0.4,300,200,1.5,12.814528137444327
https://hashdive.com/Analyze_User?user_address=0x6738a7f154499470113b0dfbd8cfaa12ea492ef5,0.4,300,200,1.5,18.345649634092513
https://hashdive.com/Analyze_User?user_address=0xe430213ea3a11125cf164321c8614aa7a8c2b763,0.4,300,200,1.5,21.073061816638923
https://hashdive.com/Analyze_User?user_address=0xb3b474bec7b9b659c51ebd4d162913c2b9853d7d,0.4,300,200,1.5,0.5262790578148817
https://hashdive.com/Analyze_User?user_address=0x8dfebc4b1cdffefb9315aa3e742ad00291449ff6,0.75,0,199.999998,0,4.772827804297162
https://hashdive.com/Analyze_User?user_address=0x39dce4c7883f2e020463d60c90b4e52862c58d05,0.369813,340.813814,199.999967,1.7040693511714429,0.8525024249807194
https://hashdive.com/Analyze_User?user_address=0xc8bf326815413ca010e43a47aaed21bd9215c049,0.529735,177.547218,199.999949,0.8877363163727606,-1.8016392144688131
https://hashdive.com/Analyze_User?user_address=0x2a9a7d078a2d0dd0ccc6c1699e57d1cfe67f973c,0.699999,0,199.99971238571703,0,12.695231096997723
https://hashdive.com/Analyze_User?user_address=0x25d1301ec3c5b6585054feda8ffa255b78149af7,0.699999,0,199.99971238571703,0,1.3300538542227966
https://hashdive.com/Analyze_User?user_address=0x92cf24f75320b42c3740f4dd78f839ccbc208b35,0.699999,0,199.99971238571703,0,2.156337760364166
https://hashdive.com/Analyze_User?user_address=0xf6f33d0f304710758d06c4a38cd4ecc8832d4f98,0.699999,0,199.99971238571703,0,-4.966346829496598
https://hashdive.com/Analyze_User?user_address=0x1be9033067f89d96fc4c39f11fc8b563f594a23a,0.699999,-2.856814,199.99971238571703,-0.014284090541542295,0.19978838825150905
https://hashdive.com/Analyze_User?user_address=0x6d2080727f53ad8cb58521212825cc512fa1a976,0.679999,0,199.999705162354,0,-0.9231697649410604
https://hashdive.com/Analyze_User?user_address=0x3458ae6606828ed4d9666573e1585d9419efb5a7,0.669999,0,199.999700362539,0,6.0921534285361645
https://hashdive.com/Analyze_User?user_address=0x4fcc44fdc0bcad38963fa258becc3ce6f96825e1,0.659999,0,199.999696289698,0,4.9911149186047705
https://hashdive.com/Analyze_User?user_address=0xc04d621e38fba57ceac6a0254d7c04558a1069e7,0.559999,157.143213,199.999642,0.785717471434274,-9.859688099413935
https://hashdive.com/Analyze_User?user_address=0x725fb97a677317e0f55a49d596f11afbf5ec06c2,0.504537,136.941533,199.999636,0.6847089111702183,-1.1287126249096429
https://hashdive.com/Analyze_User?user_address=0xd6a8635ae42df9397b661a258c78d9779b3c5bd1,0.549999,-199.999635,199.999635,-1,-10.97161927370957
https://hashdive.com/Analyze_User?user_address=0xb21556c0641a5b958bf42b02581cd42fcb2cb819,0.479999,216.667081,199.999582,1.0833376691757286,-1.4862339336090078
https://hashdive.com/Analyze_User?user_address=0xb701c372d94c40bba12dbe41cfb3db9ee39d7cf6,0.429999,265.116742,199.999534,1.3255867986172407,-3.467176751693101
https://hashdive.com/Analyze_User?user_address=0xb21556c0641a5b958bf42b02581cd42fcb2cb819,0.389999,312.821024,199.999486,1.5641091397604894,-1.4862339336090078
https://hashdive.com/Analyze_User?user_address=0xcf088f2507a844c68554b88fbb836f5b60e8bfc7,0.359999,33.333555,199.999444,0.16666823833770256,-2.485114282124684
https://hashdive.com/Analyze_User?user_address=0x6aabd7bc251b99eacb4c557603f34918bd059c4c,0.905861,22.832562,199.28942,0.11456986527433317,-4.235319365768007
https://hashdive.com/Analyze_User?user_address=0xe220d709218379b253b41fac0c3b2afba6f162d5,0.66,0,198,0,-3.265933032650822
https://hashdive.com/Analyze_User?user_address=0x492a4bc1f421b91bd9c61ed678e4885c3bdcf009,0.46,230.04,195.96,1.1739130434782608,10.578083622325583
https://hashdive.com/Analyze_User?user_address=0xc5fb1647dfc3a9dbb3cb5e6909b7a23b63f220f0,0.39,305,195,1.564102564102564,17.536488204687398
https://hashdive.com/Analyze_User?user_address=0x93ca3a906874135102fc2c492a987afffe92d65e,0.459999,172.439579,192.99958,0.8934712655851376,-4.60412001175963
https://hashdive.com/Analyze_User?user_address=0xde373c90d573a7c49d62608d1d7c88555380bf0b,0.869698,16.811219,192.29989,0.08742188568074584,-0.23618183765639414
https://hashdive.com/Analyze_User?user_address=0x089b760653edb51a4b710ffdeba056c3bc092193,0.47,212,188,1.127659574468085,-0.13263907119516377
https://hashdive.com/Analyze_User?user_address=0xab30b8841b7187da12dee0f888a7ab0d13b6d8ce,0.968041,6.200704,187.819896,0.03301409558868034,-0.5954187165425875
https://hashdive.com/Analyze_User?user_address=0xa108518e8da8987df020a668d88ec34032f3cc9e,0.5,60,187.5,0.32,-0.13938743436695963
https://hashdive.com/Analyze_User?user_address=0x7742099ebccf14fc8160c7abe221335123b103e9,0.839998,22.196145,186.441507,0.1190515210757227,-3.655535478342136
https://hashdive.com/Analyze_User?user_address=0x98a9971056b4c29ec9d7bef6bf371396d8915def,0.5,66.78,185.5,0.36,-20.256733851339987
https://hashdive.com/Analyze_User?user_address=0x12cefd9414d74f82f3a72dc763b2a3f11d89a6ab,0.37,315,185,1.7027027027027026,5.917135618604446
https://hashdive.com/Analyze_User?user_address=0x070bc8cc4c515f762aab8c995235489037ad8bd3,0.7,-13.214,184.99999699999998,-0.07142702818530317,9.044760417931652
https://hashdive.com/Analyze_User?user_address=0xa3b72a1b58d9c9479bd008c5fdc96d303938520d,0.46,212,184,1.1521739130434783,-4.85253952172728
https://hashdive.com/Analyze_User?user_address=0xea9e60763ce2e27294d869f2fd24020b5188d3fb,0.54,9.041303,183.915246,0.04916016043607391,4.298096989317294
https://hashdive.com/Analyze_User?user_address=0xfee37b7ca09c0757660b4227057ba750dd5258b2,0.405498,87.720402,182.879598,0.47966204518887895,-1.888050605893043
https://hashdive.com/Analyze_User?user_address=0xfb4defb359e998ade4694a5326b377ed1780ef35,0.699999,0,179.999742057144,0,3.957488507470684
https://hashdive.com/Analyze_User?user_address=0x2d63ecf53c3b295aab5d7c13cc454e06d06777dc,0.659999,0,179.99972547272998,0,4.76171600909032
https://hashdive.com/Analyze_User?user_address=0xf33f0dfe73e3d1b3d0453e2a02c5d19100d3085c,0.719197,0,179.7943594604,0,-0.06244490343911355
https://hashdive.com/Analyze_User?user_address=0x2fa38b1c3d868bd69c7e68328339984f7bd75e6b,0.5,64.62,179.5,0.36000000000000004,-0.9009360612645122
https://hashdive.com/Analyze_User?user_address=0x0d6ba7a04b42b85d31f5b20f2c91bfb686d4670d,0.5,56,175,0.32,-0.6868882062544919
https://hashdive.com/Analyze_User?user_address=0x4b688f598ac40bd5602524638a2e0783f0f517ce,0.5,68.689986,175,0.39251420571428575,-0.00713774531580062
https://hashdive.com/Analyze_User?user_address=0x770be218ca771f3bee9440d8332261b1593baf65,0.5,56,175,0.32,-1.0862378796054808
https://hashdive.com/Analyze_User?user_address=0x24bc3d633403436f65f88fdfbb107eced795716c,0.5,55.672128,174,0.31995475862068967,-12.168915126835353
https://hashdive.com/Analyze_User?user_address=0x91a44e9ccd725d46876c07352dc16863185d182d,0.5,55.511856,173.5,0.319953060518732,-10.64024086951201
https://hashdive.com/Analyze_User?user_address=0xd503cc2728943ea7980b90cb52b0b90def14ef93,0.27,0,173.044109,0,12.228414336115929
https://hashdive.com/Analyze_User?user_address=0xb6132b80f6008d1be709fdc5ac7c80b5682a33af,0.5,62.1,172.5,0.36,-19.164653626614523
https://hashdive.com/Analyze_User?user_address=0x354d1c5556f04cf75bd24fac42fbd9751faf8f58,0.5,61.739643,171.5,0.35999791836734696,-24.267822372948437
https://hashdive.com/Analyze_User?user_address=0xf4dfeea3c2c7d419bf0b0b54c5ce6ed6cc0504f4,0.5,61.56,171,0.36,-1.4781357111478362
https://hashdive.com/Analyze_User?user_address=0x52fbf45d437ef6c80beeadf6f15990ee4b6541df,0.5,61.38,170.5,0.36000000000000004,-20.13687005343591
https://hashdive.com/Analyze_User?user_address=0xb43c70701c40068b442d558ecad0cf711a60d43b,0.979272,3.592576,169.727423,0.021166738624199818,1.2407307992580856
https://hashdive.com/Analyze_User?user_address=0xe3eebfe799a410fff7279aa5b63aaca45725373e,0.695447,61.500004,168.019995,0.3660278885260055,-2.571693413713226
https://hashdive.com/Analyze_User?user_address=0x9763ba7241cb9230028219f6e64ec060fc197a57,0.5,60.3,167.5,0.36,-1.7213279053762274
https://hashdive.com/Analyze_User?user_address=0xddd757c8798761e39009e227548252c4dc3b1596,0.69,-45.956355,166.1934,-0.27652334569242826,0.9329780249501763
https://hashdive.com/Analyze_User?user_address=0x2331cf7ad4885e458b6d1c9937ae7dbaf397408c,0.459999,195.034273,166.139638,1.1739177678959432,-1.6128913867741332
https://hashdive.com/Analyze_User?user_address=0xd30c4704716ff8b900f5c32dde8c27fdce8f74c8,0.46,194.4,165.6,1.173913043478261,10.472936923140502
https://hashdive.com/Analyze_User?user_address=0xfc91a1c34049331020214865a532b85b667253f7,0.459999,193.179487,164.559642,1.1739177641137553,0.5155598702996269
https://hashdive.com/Analyze_User?user_address=0xf45ef4b1983a8c0c2035ae5029c0e2b5c3d6962e,0.5,59.04,164,0.36,-19.011853996339784
https://hashdive.com/Analyze_User?user_address=0xf4cd584ea9ad01b30c2be5d2b9dbffc9ba890516,0.679339,23.400247,163.720699,0.1429278468936906,0.6529610544618512
https://hashdive.com/Analyze_User?user_address=0xde80ff45599c4f39db826e67b7c5eb3a47c62612,0.5,49.2,162.975,0.30188679245283023,-0.944985758059864
https://hashdive.com/Analyze_User?user_address=0xd4a657bcba31744e08e48017a4e51b9be86f86c9,0.876708,18.355522,162.059474,0.1132641094466344,-2.141518108371704
https://hashdive.com/Analyze_User?user_address=0x325f64edd42ac179213e12bc2a8c4f00764dd8ac,0.4,166.178542,160,1.0386158875,5.712819393128548
https://hashdive.com/Analyze_User?user_address=0xba3aa58927a8c7dc4517a464d62d6c7b5a38ab2d,0.5,54.4,160,0.33999999999999997,0.10369560362591071
https://hashdive.com/Analyze_User?user_address=0xa2006ffed8f58f687d7590f28cc8cbfa4cc4cdbe,0.959103,6.822534,159.999832,0.04264088227292639,0.22381309605498098
https://hashdive.com/Analyze_User?user_address=0x0eeae0138e587cf509afd3a5d1154638c4f3f37c,0.679999,0,159.999762905885,0,3.498599250878894
https://hashdive.com/Analyze_User?user_address=0x24b9b58ab054a12c27c9805caa87aea0dddcbcb1,0.74999,17.825953,159.463343,0.1117871522359844,-1.5434782619314713
https://hashdive.com/Analyze_User?user_address=0x9d8e4906659d655e2d4d70b007b8d85c1fd75f70,0.92,18.295652,158.649998,0.11532084608031322,-5.913693260749291
https://hashdive.com/Analyze_User?user_address=0x3f61d12cb7ed5d96b0ed4595b8959aca8557a02e,0.46,185.76,158.24,1.1739130434782608,10.17776337246451
https://hashdive.com/Analyze_User?user_address=0xf4bfcb435813fff79123a45e0f579a3504dfb4c0,0.469999,178.170548,157.999663,1.1276641014101403,0.5508793147194233
https://hashdive.com/Analyze_User?user_address=0x2d77e198088173cef477fc902ba7ea34d07a164c,0.5,9.4506,157.51,0.060000000000000005,5.426673063842653
https://hashdive.com/Analyze_User?user_address=0x248c1b0b97e63cee4aa85c140f1f509d3de4d914,0.4,0,157,0,4.9280413467073085
https://hashdive.com/Analyze_User?user_address=0x024aac540c7d7004f4a957b1ea273cf2e8ccdecb,0.493696,1.2608,156.649741,0.008048529106728621,-4.45228941041106
https://hashdive.com/Analyze_User?user_address=0x8c46657f0fd2cf5651ca06cdbc36ba8e2059be29,0.47,97.890348,155.383958,0.6299900534133646,-6.3316858144929995
https://hashdive.com/Analyze_User?user_address=0x3585486d9e99f6509eaf034b5ca65876cc251595,0.443855,88.178918,155.331548,0.5676819624562036,-0.7968357823354545
https://hashdive.com/Analyze_User?user_address=0xaa3315d45af546c85810b04b3e42f49056bd8dbc,0.82997,15.754579,153.784062,0.10244611044283639,-1.713870230348216
https://hashdive.com/Analyze_User?user_address=0xdbfdb9e79bb12339df950d015ea01738eede1be9,0.535294,-153.569899,153.569899,-1,-22.845454401976856
https://hashdive.com/Analyze_User?user_address=0x7a85d21f65cf6cc366e69924a216f93289ef08bd,0.51,0,153,0,-2.017691620787706
https://hashdive.com/Analyze_User?user_address=0xccea49834655b5897f3a206e4f3547b5f640a8eb,0.710697,0,152.799855,0,-4.963806707134717
https://hashdive.com/Analyze_User?user_address=0x81f8850798f3bab3fa7a7bb902eba7a76598ead6,0.635992,86.658762,151.409529,0.572346817088375,-1.3476738672936914
https://hashdive.com/Analyze_User?user_address=0x4e0a2668bcd0f26eed9d053b5ceb0d809c2ee4e6,0.397372,39.92014,151.00136,0.2643694070040164,1.612496997055794
https://hashdive.com/Analyze_User?user_address=0xd04de4ff45a0fe5b2718c17b584778c0bd30bfc2,0.47,169.6,150.4,1.127659574468085,4.981372200072008
https://hashdive.com/Analyze_User?user_address=0x8e8d3bdc5af219f030cb23db0412813a1eedbf55,0.697674,0,149.999809534944,0,-10.876697423501478
https://hashdive.com/Analyze_User?user_address=0x614b7dba9f764c95487c46a244a99c8752c05845,0.669999,73.656743,149.999775,0.4910456899018682,-0.6332534653235556
https://hashdive.com/Analyze_User?user_address=0x8097b7a543594cdf98453952bc85f88a0f978a5f,0.469999,168.825379,149.99968,1.1255049277438458,-0.05030024044322359
https://hashdive.com/Analyze_User?user_address=0x8bceba408e86831096a679f462bc9081b585c476,0.459999,176.087281,149.999673,1.173917765807396,-1.5951628567493248
https://hashdive.com/Analyze_User?user_address=0xab26196d2d804e98752bdd56f34d24e473400c0c,0.449999,183.333665,149.999666,1.2222271548257981,5.9452553000527795
https://hashdive.com/Analyze_User?user_address=0x3321706221b6cdec0570a36f9d4660627bf2b211,0.469999,168.382444,149.319682,1.1276640945431426,0.3105581989534795
https://hashdive.com/Analyze_User?user_address=0xd7a119ae7eda4cba1145d718916ef21a854dad7b,0.990333,1.45005,148.54995,0.009761363097059272,0.5431439918116101
https://hashdive.com/Analyze_User?user_address=0xe83cc0c82d009a1c349c1a89feaadfcee9655e8f,0.41,213.462,148.338,1.4390243902439024,-2.981622283053068
https://hashdive.com/Analyze_User?user_address=0x04464789605749c9f2e0be230a38085e08495e76,0.469999,164.638607,145.999688,1.1276641015835596,0.6342997491781742
https://hashdive.com/Analyze_User?user_address=0x25df7467c86366fa9c9be562c49fec756b78ba12,0.66,0,145.20000000000002,0,2.0744718619500633
https://hashdive.com/Analyze_User?user_address=0x69dfd1ad3ffffb14f41e3ed144a6125bc6d98262,0.7,0,145.05999899999998,0,6.061323374934879
https://hashdive.com/Analyze_User?user_address=0x5fe0c26ab86beee51a32e726559b8fadace5d994,0.441735,15.57608,142.556719,0.10926233508502675,4.3729597816345915
https://hashdive.com/Analyze_User?user_address=0x1385bed4e9d4777c6fbf9063ab9438e8dedb7097,0.4,9.912534,141.086666,0.07025847502839142,-0.06165646318949408
https://hashdive.com/Analyze_User?user_address=0x753ac47c9493aab533595a6c5b56b6615e921b01,0.469999,157.872637,139.999701,1.1276641012254733,0.8517880145413641
https://hashdive.com/Analyze_User?user_address=0xa9d71818dadc207f9ea3d3f46ff0b12e497025e9,0.64499,76.716888,139.380936,0.5504116287467032,0.6158016130618288
https://hashdive.com/Analyze_User?user_address=0x4d9a5135f34a1e07ac1c66b00f6b63b25b9b4e25,0.69,0,138,0,-7.387493097828637
https://hashdive.com/Analyze_User?user_address=0xadb92d67666ae5567dcc1d3e8f5de99561d52067,0.729999,50.375528,136.199812,0.36986488645079774,19.12375433109787
https://hashdive.com/Analyze_User?user_address=0x27853269d391256ca05b0ec78a3c8221d4961e29,0.68,0,136,0,-15.58955451632153
https://hashdive.com/Analyze_User?user_address=0x5adf695a088172a920b6d0b2e5b7d88aa8ffa5e7,0.53,6.560545,132.493632,0.04951592692394455,0.8740552615673443
https://hashdive.com/Analyze_User?user_address=0x4d4b967b091503f68d1c7231eb52c3b7a391a250,0.66,0,132,0,2.266876985892723
https://hashdive.com/Analyze_User?user_address=0x716d225b90a1821c60ac547a8bce04c7e2d0eaf2,0.66,0,132,0,-1.1838611733280064
https://hashdive.com/Analyze_User?user_address=0x6b7afdcd82f20add1213020edb073d69b6be7803,0.469999,148.851343,131.999718,1.1276640984945137,0.9923033823135654
https://hashdive.com/Analyze_User?user_address=0x024aac540c7d7004f4a957b1ea273cf2e8ccdecb,0.86,0,130.72,0,-4.45228941041106
https://hashdive.com/Analyze_User?user_address=0x45d1c222a0dc1e3714e4795876cfbd49d1887017,0.65,0,130,0,-2.3969377013222064
https://hashdive.com/Analyze_User?user_address=0xe6e4680bac32fb22b6886e846654811a9f5c0ee5,0.459999,152.608977,129.999717,1.173917763220977,-0.22907442797396527
https://hashdive.com/Analyze_User?user_address=0xc1b550b4a09e02ff722d1f372374ca3c708f2e74,0.667275,2.484444,128.271298851675,0.019368666429992708,1.2970841461187699
https://hashdive.com/Analyze_User?user_address=0x13a7e94ad1d1ad6b90eb2fcd9b0ca78f126f58e2,0.698332,0,125.66982949048,0,-0.6635325920529698
https://hashdive.com/Analyze_User?user_address=0x7a1586fc684c0d6e01a119d4a635f1a547654f29,0.971,2.19708,125.49204,0.017507723995880537,-1.912784994893984
https://hashdive.com/Analyze_User?user_address=0x4e0a2668bcd0f26eed9d053b5ceb0d809c2ee4e6,0.404688,29.36801,124.69449,0.23551970901039815,1.612496997055794
https://hashdive.com/Analyze_User?user_address=0x340427522265b275cd017976d4c9c24e533f2880,0.531155,-124.589728,124.589729,-0.9999999919736561,2.8181665359210717
https://hashdive.com/Analyze_User?user_address=0xef75262a7aa508735c9461c6ce3370376d585d78,0.705966,51.644131,123.995868,0.4164988062344142,8.35733590050844
https://hashdive.com/Analyze_User?user_address=0x282cee79a649a671d5251a6340ab0f386eef784b,0.477373,-27.483991,123.200985,-0.2230825589584369,-6.328385000175457
https://hashdive.com/Analyze_User?user_address=0x42f3c88b4474ef4a4a04429f7e8c637f93b01d6a,0.813162,28.031578,121.999884,0.22976725125410777,-2.8860664029689302
https://hashdive.com/Analyze_User?user_address=0xfbffa788c3ca33179511fccac45d11e8bdc7b8b6,0.699999,0,120.539825000004,0,6.52317121617405
https://hashdive.com/Analyze_User?user_address=0xcbf43c8f74ee4466619fb5f32e8085ae89dc50e1,0.7,0,119.999999,0,2.0869895354175303
https://hashdive.com/Analyze_User?user_address=0x31b84df85863d8a205365e60cfbe2c9e7036f929,0.7,0,119.999999,0,2.2532446215985824
https://hashdive.com/Analyze_User?user_address=0xcbf8ab3f1a1977b36cdb0a0bc547f303831ca703,0.7,0,119.999999,0,9.146340366096101
https://hashdive.com/Analyze_User?user_address=0x34cf2fa34863491efdce686061639fe43b47b71f,0.7,0,119.999999,0,-0.2841771227742409
https://hashdive.com/Analyze_User?user_address=0x17f642e399fa5c2d95dfc1f81948116954b693a2,0.92,10.434782,119.999993,0.08695652173913043,-3.845584803634318
https://hashdive.com/Analyze_User?user_address=0x19f07ee5f6cb110b8cd72ec5fc6e67e7386c9e66,0.889999,10.786534,119.999859,0.08988788895160285,-2.993599833831885
https://hashdive.com/Analyze_User?user_address=0x307d40501ad879caf44b63a8d82531926d629163,0.669999,59.104655,119.999819,0.4925395345804647,1.1793615598218965
https://hashdive.com/Analyze_User?user_address=0xfbb3392dd2f31794be2d9a8c5f1b55b05bffd9e1,0.459999,-2.608339,119.999739,-0.021736205609580533,0.20457638614591547
https://hashdive.com/Analyze_User?user_address=0x4b5a792a1ca1744b4973d312fefd23d8d4757618,0.52,0,118.56,0,-1.9049128592362647
https://hashdive.com/Analyze_User?user_address=0x6a4f7aca60761e0ed144d83099d4596e9ed333c5,0.49,11.31375,118.2958,0.09563949015941395,-0.020760613915043153
https://hashdive.com/Analyze_User?user_address=0x7662ec80b37fe6dbda60371f574fd08fc5a7356b,0.390017,-24.999255,117.003274,-0.21366286724591999,1.0274630429058602
https://hashdive.com/Analyze_User?user_address=0x00716b0594477de947dfff5c05ea646b8ec2f775,0.65,0,117,0,-5.758885472419111
https://hashdive.com/Analyze_User?user_address=0xf33f0dfe73e3d1b3d0453e2a02c5d19100d3085c,0.389999,182.988095,116.991897,1.5641091365498587,-0.06244490343911355
https://hashdive.com/Analyze_User?user_address=0x22bf3f9792adab1b27bc3c4923ee5b295869782d,0.969999,3.49143,116.779878,0.02989753080577803,-13.749092635247695
https://hashdive.com/Analyze_User?user_address=0x367f2f710960046338e810bb3a3dc47b5f98c41a,0.528076,-116.329632,116.329633,-0.9999999914037381,-3.0018103888158416
https://hashdive.com/Analyze_User?user_address=0x50367274fa84b47cc5ef950e66b31ac95367416b,0.385,73.002195,115.5,0.6320536363636363,-0.24871554689404746
https://hashdive.com/Analyze_User?user_address=0xa3a547029cda95b7f498baa1fd10c33ceab3877d,0.720191,-36.968363,115.427411246412,-0.3202736906321213,3.6232264051328906
https://hashdive.com/Analyze_User?user_address=0x2c02c9b3d7f6817c9f70be3153b238ad9589b4d4,0.57,-21.998595,113.995492,-0.19297776266450958,5.155036719975197
https://hashdive.com/Analyze_User?user_address=0xb6cf1c3d3515a542e2814daedc1245522b89faaa,0.689999,0,112.36983544493002,0,-2.6232324988153883
https://hashdive.com/Analyze_User?user_address=0x5268d1c3e568c5ef6ad611f16f687172897c35f2,0.7,0,112.15999899999998,0,2.473159871574922
https://hashdive.com/Analyze_User?user_address=0x83808b7b4ebf0f0de31f5056e58410d823beb151,0.669999,0,111.99983075582401,0,1.2126614689145396
https://hashdive.com/Analyze_User?user_address=0x8eb23466f8fcabe8250ebf4080636be5027ae091,0.699999,0,111.679839657144,0,3.7414459036315795
https://hashdive.com/Analyze_User?user_address=0x1f331826c0182943e6d445af427a503fe82fd847,0.699999,0,111.65983858571701,0,4.118230729656849
https://hashdive.com/Analyze_User?user_address=0x833c6bd8cddf03370910b2c95df944997e6424f4,0.669999,0,109.999834830897,0,2.4967205280288467
https://hashdive.com/Analyze_User?user_address=0x9a9c567de9c843453b401862f93230af76b7598d,0.68,0,109.60240000000002,0,-10.845417605562726
https://hashdive.com/Analyze_User?user_address=0x974dc48b5e7556d0c9a8e077ea1f2beeb59c99c1,0.699999,0,109.59984162857401,0,3.7427706146949324
https://hashdive.com/Analyze_User?user_address=0x9ecdc590b799cc717db5e44a84c30a2db091a578,0.39,30.7989,109.1961,0.28205128205128205,3.5310528931418954
https://hashdive.com/Analyze_User?user_address=0xdf53873a3c563fe5b08634d4827571b8ae6b2e02,0.5,32.7422,109.13635,0.30001186589069545,-0.14070705200295985
https://hashdive.com/Analyze_User?user_address=0x6bb1b262372e6b937d53bae9835d6300ca9bbdac,0.699999,0,108.319844457144,0,4.02317417736392
https://hashdive.com/Analyze_User?user_address=0xefec5a606ec334ca21c76ac01e4bda109c498f5e,0.54,0,108,0,-20.71056956602535
https://hashdive.com/Analyze_User?user_address=0xca8f0374e3fc79b485499cc0b038d4f7e783d963,0.54,-8,108,-0.07407407407407407,2.683598039217994
https://hashdive.com/Analyze_User?user_address=0x7ef178c14bf27da9994068f1bc040311799dd14a,0.54,0,108,0,-4.870308384957212
https://hashdive.com/Analyze_User?user_address=0x68458955d9eec9ba513ec81daa17bff2f9dc316e,0.54,0,108,0,-19.878573665224202
https://hashdive.com/Analyze_User?user_address=0xf56b7e884b352c0309560f954f886509db9355ab,0.54,0,108,0,-14.246945929483763
https://hashdive.com/Analyze_User?user_address=0x3bc09f966bbd60b199e657b1f1faaa67fe47848d,0.699999,0,107.75984525714401,0,4.023190402304864
https://hashdive.com/Analyze_User?user_address=0xa32d27d295515c043ed0bdddeb522dbdae82d0f6,0.65,6.6,107.25,0.061538461538461535,25.676690383816876
https://hashdive.com/Analyze_User?user_address=0xd7b1b471fc59fbf8cf768309f38c36efdaa50a5e,0.383727,-1.032528,106.309596,-0.009712462833552673,-5.7816447426613395
https://hashdive.com/Analyze_User?user_address=0x85c9419a5d7767dde3321a1ffaa4bec3a4108bea,0.863332,16.810164,106.189836,0.1583029471860188,0.1721169589688044
https://hashdive.com/Analyze_User?user_address=0x6a4cbdee4f1b9c184507144fbed85e7bbdfee4e9,0.7,0,106.089998,0,3.7766424139604915
https://hashdive.com/Analyze_User?user_address=0xc08706bd6303966a3ed87a6edef67f2ea8aed9e4,0.53,0,106,0,-18.058194924176366
https://hashdive.com/Analyze_User?user_address=0x7f6fa3372e2c17a0d34c721a7c6fc163bfaa20b9,0.53,0,106,0,-2.630086192331589
https://hashdive.com/Analyze_User?user_address=0x7ff4711314991cb49bdc85bad553dbfc9a13d28e,0.53,0,106,0,-16.16078876613082
https://hashdive.com/Analyze_User?user_address=0x5c4705977c55b0cde736d43c84514500f7d72fdc,0.53,0,106,0,5.41629923935035
https://hashdive.com/Analyze_User?user_address=0x434a7f4dc1a4a50e53a471ee2dcd094a81dc4c66,0.53,0,106,0,-12.332185604960952
https://hashdive.com/Analyze_User?user_address=0xf37f474d8c2ac81fea2d0db4e45de7cd39fda7dd,0.53,0,106,0,-14.00713347679098
https://hashdive.com/Analyze_User?user_address=0xf5af79dd9323458592fdc2f9c7a0e777c2df6ad7,0.53,0,106,0,0.7098273183607264
https://hashdive.com/Analyze_User?user_address=0x8e4672acad84c2fba81514b514ddcee7a5ca6cb1,0.53,0,106,0,11.920358170220922
https://hashdive.com/Analyze_User?user_address=0x4cc07d68f07189fff1d3b42c2db3b12802f15ca6,0.53,0,106,0,-6.655337934255319
https://hashdive.com/Analyze_User?user_address=0x45a902b1df105d861d98cf2d5cec7975f9e8c5ff,0.53,0,106,0,-3.0612125312684553
https://hashdive.com/Analyze_User?user_address=0x25e3295cea3ab34772f6d67683462057b5443cc0,0.53,0,106,0,-8.760814912935627
https://hashdive.com/Analyze_User?user_address=0xbdce1c5d995b4ceafa928aad6442f87dad33873c,0.53,0,106,0,-1.6655206782075997
https://hashdive.com/Analyze_User?user_address=0x55d85d933307d7a77e7d86ab1ed35d44c4a14aa6,0.53,0,106,0,2.9821432932888015
https://hashdive.com/Analyze_User?user_address=0x93ef47d9c63c392f7531ebb302b7dcd6a130f0dd,0.53,0,106,0,7.143508798364505
https://hashdive.com/Analyze_User?user_address=0xa3cb04a09074b0991e09f20feae095fb713bc64b,0.53,0,106,0,-0.8018083243616296
https://hashdive.com/Analyze_User?user_address=0x907104710db33bdf729bde301a4250548b5ea042,0.53,0,106,0,-21.482818805819576
https://hashdive.com/Analyze_User?user_address=0xf0e63d03c238d62bae06e4736c4d42e984818a45,0.53,0,106,0,7.173062186524786
https://hashdive.com/Analyze_User?user_address=0x595d5f4ea3e7e36f2d97795c403310ab56d9bcf1,0.53,0,106,0,3.7234536032353
https://hashdive.com/Analyze_User?user_address=0xa79e96c71dc508565530e309f048767250712bf1,0.53,0,106,0,3.9414206384827812
https://hashdive.com/Analyze_User?user_address=0x1aa35c8f3cdd78fe0ce1d0fad7640a03c24f0818,0.53,0,106,0,-14.960809829218533
https://hashdive.com/Analyze_User?user_address=0x5130d74f9c8a57fcad5c5a97c9adca67d3e8f4e3,0.53,0,106,0,6.58381550394547
https://hashdive.com/Analyze_User?user_address=0xf14432c09ca135fd68f4f76f9319613aabd4747f,0.53,0,106,0,-11.144096199772937
https://hashdive.com/Analyze_User?user_address=0xac9b8f51232e0800df67be266bad3c4d40effb37,0.53,0,106,0,-14.001909715742558
https://hashdive.com/Analyze_User?user_address=0x27652ca7c8241561d8c4d2023eff09388869341a,0.53,0,106,0,-12.885164384057582
https://hashdive.com/Analyze_User?user_address=0xacc5f49393b5b6faa04d3eb7a1eef13a6a1c06b3,0.53,0,106,0,-13.04915357493594
https://hashdive.com/Analyze_User?user_address=0x47a81127b6088e250a30b694dae3996e69e18c9a,0.53,0,106,0,-12.141892056358298
https://hashdive.com/Analyze_User?user_address=0x84eafab34ef8ab13caf5cb9c65c1994c52dd2607,0.53,0,106,0,-2.809287073242267
https://hashdive.com/Analyze_User?user_address=0xa141acca385f2e4bb96145ba00cee321a4041c66,0.53,0,106,0,-8.44035469629585
https://hashdive.com/Analyze_User?user_address=0xf2ae307ff9ee57d532a62dd330874f5f40cd74c0,0.7,0,105,0,-9.138735841568618
https://hashdive.com/Analyze_User?user_address=0xe56363a3b5c0493d391b1d9da317acc71632398b,0.7,0,105,0,0.43739979297760745
https://hashdive.com/Analyze_User?user_address=0xfa5d0ab49c1dd6d03967501363a6c5327db55f8b,0.970302,3.10541,104.999907,0.029575359528651774,-8.560734516867209
https://hashdive.com/Analyze_User?user_address=0x42e862b6ec184bf51681f3eaea7f63b963829d10,0.66,-1.086,104.676,-0.010374871030608737,-3.4185915943172556
https://hashdive.com/Analyze_User?user_address=0xc2981d3610e9aa9c91fe8e37ec0234bb324c50f6,0.699999,0,104.119850457144,0,3.297250502083825
https://hashdive.com/Analyze_User?user_address=0x3a71fe130c2ef919a4db491c40cdab4288d3932a,0.699999,0,104.00985051428701,0,3.2968512087363564
https://hashdive.com/Analyze_User?user_address=0x17756afb82d150119fdae7cbadacb7d0377452ef,0.52,0,104,0,-16.292550038427766
https://hashdive.com/Analyze_User?user_address=0x8b881fc8a896518016ee47441919f98d430162c4,0.52,0,104,0,-5.8068950034558755
https://hashdive.com/Analyze_User?user_address=0x28be84c65e5788b0b054984e1717666b65a23436,0.52,0,104,0,-17.546500527042962
https://hashdive.com/Analyze_User?user_address=0xf81ff899fd1e738f2f4416d2ea016ce10a5b6883,0.52,0,104,0,-16.95220327992291
https://hashdive.com/Analyze_User?user_address=0x1beae4ae5c3174a5d65c8fe08d87dd76d7270d8c,0.52,0,104,0,-4.080671418275311
https://hashdive.com/Analyze_User?user_address=0xe5c5e8bba61ba171dc0c233a065b3ec6d3c3bc8c,0.52,0,104,0,-3.252528982496657
https://hashdive.com/Analyze_User?user_address=0x073b32a25b763a10c2fdf654646b8d51522b3b4c,0.52,0,104,0,-22.28785754401734
https://hashdive.com/Analyze_User?user_address=0x6c5e6df6c4c2308b234299884eef5eb2645fb1e1,0.52,0,104,0,-13.910039925056218
https://hashdive.com/Analyze_User?user_address=0xbaafeadce3a1037d555ae984f6998e45cba3afb4,0.52,0,104,0,-5.551144211624035
https://hashdive.com/Analyze_User?user_address=0xb9f598e08bb162969c7358b5f74dc5870ea9d9d3,0.52,0,104,0,-4.739754963468629
https://hashdive.com/Analyze_User?user_address=0xe2d0299ecaf904a20720f420bb261a644b608c04,0.52,0,104,0,-3.1744578778105637
https://hashdive.com/Analyze_User?user_address=0xeeedb80502c4b30b35f02a479c38d7a5310f32e7,0.52,0,104,0,-1.878403778265382
https://hashdive.com/Analyze_User?user_address=0x026751cf862a126880fafbcbac15c3733335f3b6,0.52,0,104,0,-13.5883243598348
https://hashdive.com/Analyze_User?user_address=0x8e1c506d3eac3d41881b3ad48f772e8f08ebcc78,0.52,0,104,0,-12.066176671694427
https://hashdive.com/Analyze_User?user_address=0xc8b9e1eb0a41e85ebe15dfbc3b4852839efe10b7,0.52,0,104,0,-21.834514869543625
https://hashdive.com/Analyze_User?user_address=0x87e121fb3171f6c886e871a5553b6ef2d1fd9757,0.52,0,104,0,-5.067072810409852
https://hashdive.com/Analyze_User?user_address=0xfe3271e7637f2ebd5d22a2119a16b0a5dca5e650,0.52,0,104,0,-2.47017775341178
https://hashdive.com/Analyze_User?user_address=0xd5c2d412d0052886f88f8962419cb23c657b07c7,0.52,0,104,0,-11.392141598708756
https://hashdive.com/Analyze_User?user_address=0x7c691a212eda5c4b61c3dd73df1f993b666c735c,0.52,0,104,0,6.3742607198927725
https://hashdive.com/Analyze_User?user_address=0xe422ff221436ab867bb2406b6f841ecfac26b59f,0.52,0,104,0,4.260969835969891
https://hashdive.com/Analyze_User?user_address=0x0a212087fc8bb856aea410ff4b4cfb303bd67916,0.52,0,104,0,-13.963015139422545
https://hashdive.com/Analyze_User?user_address=0x439c30608e214e8ff5ea4aa5f30b3c4f2f7f7d95,0.52,0,104,0,-16.26238856628997
https://hashdive.com/Analyze_User?user_address=0x679d7eb65f8a09088a14e73a4f19743e936690e8,0.52,0,104,0,-13.121492064402103
https://hashdive.com/Analyze_User?user_address=0x5d8d74666f0d254d6c27119b8e2877ce1241eb5a,0.52,0,104,0,-11.409049041644813
https://hashdive.com/Analyze_User?user_address=0x9b4702d11c6891a7d7c161cf2254562c77198f38,0.52,0,104,0,-19.234386732525234
https://hashdive.com/Analyze_User?user_address=0xd1c82aa0e4a5fae34752f001f379e832ab07d64e,0.52,0,104,0,-14.12859894124102
https://hashdive.com/Analyze_User?user_address=0x7d5baa090c677d9c237dee750f29ef529353526b,0.52,0,104,0,4.857888834700985
https://hashdive.com/Analyze_User?user_address=0xe5db5e51c33219d165430bcf1f427a2139c532b4,0.52,0,104,0,10.483579398007398
https://hashdive.com/Analyze_User?user_address=0x39dfdc52fe1cfbbbfe0d55f9ed278c71cc860f16,0.52,0,104,0,-0.3661127768633331
https://hashdive.com/Analyze_User?user_address=0x9e66c3e6fb1c025eefdedf022b97cbff863cea6d,0.52,0,104,0,-5.67710352124657
https://hashdive.com/Analyze_User?user_address=0xc6f31b77f70257cc86b178fa91879908a21f4169,0.52,0,104,0,-6.597782863005274
https://hashdive.com/Analyze_User?user_address=0xf596763caf081dc3737d4e516b11b53b1c84617f,0.52,0,104,0,-17.131299365447653
https://hashdive.com/Analyze_User?user_address=0x3b17daa70d8180d4d4d4c9998898a3056520b9a6,0.52,0,104,0,-14.015081629755171
https://hashdive.com/Analyze_User?user_address=0x7d540f04611378d4a63cb1d886bd20aa8cca93db,0.52,0,104,0,1.6960420779930374
https://hashdive.com/Analyze_User?user_address=0x3c8e264be77861630f1c698bf024deb20dcaa12a,0.52,0,104,0,-19.373999236875097
https://hashdive.com/Analyze_User?user_address=0x16cb35fae130ac684da4e439b5ff9d73e845919d,0.52,0,104,0,0.7831483174537163
https://hashdive.com/Analyze_User?user_address=0x47406c2d9efae737d89f27ca8e718124b71c3b13,0.52,0,104,0,-10.098155590349197
https://hashdive.com/Analyze_User?user_address=0xd9a3478f4eadea032c83a88ff6cd1563ebf318b8,0.52,0,104,0,-12.490505711564158
https://hashdive.com/Analyze_User?user_address=0x4293a0b1208f5622d66d4f2088629bde9fe4039e,0.52,0,104,0,-24.85107632823304
https://hashdive.com/Analyze_User?user_address=0xb0427be2c3127e03883df19a456fbe03e09617e4,0.52,0,104,0,1.6112719620036287
https://hashdive.com/Analyze_User?user_address=0x0b60099a9d6b323e936ab2bcf975f564fee8f22f,0.52,0,104,0,-2.7483382256656608
https://hashdive.com/Analyze_User?user_address=0x0bbd98eb1ec69bb97d248e62d50d677a1bd7bdb1,0.52,0,104,0,-11.05502052968645
https://hashdive.com/Analyze_User?user_address=0x27e51a49813fff67253b45ac1c737f04bef69b19,0.52,0,104,0,-12.086508028430876
https://hashdive.com/Analyze_User?user_address=0xb1a5fe49d95dad0b0a5e64fc6ee13da003a8ace1,0.52,0,104,0,-5.84454900538283
https://hashdive.com/Analyze_User?user_address=0xb4ae9fea8eb3b4cd95259b8dfd19f614c6ae7b3f,0.52,0,104,0,-16.572591308224855
https://hashdive.com/Analyze_User?user_address=0x7401dc51e845343e57cc768de6aa3bfc239304d3,0.52,0,104,0,9.804617619069463
https://hashdive.com/Analyze_User?user_address=0xc292250af4424f9f5377dee48e08acc758b44454,0.52,0,104,0,-4.866969171764561
https://hashdive.com/Analyze_User?user_address=0xd6c0909454cb3b0d66b9a4ade95f0e9362b08d13,0.52,0,104,0,-16.176940634987574
https://hashdive.com/Analyze_User?user_address=0x5bb36ebadad92c2d391027d9f6fde75b11b22a29,0.52,0,104,0,-0.07313325233820062
https://hashdive.com/Analyze_User?user_address=0x17cfbceb9aef6dd685ff88bf1e14db141a095ac6,0.52,0,104,0,8.194533777857316
https://hashdive.com/Analyze_User?user_address=0xc9b8eb10048652edcb255e428c50f98c8a15ea96,0.52,0,104,0,-5.498263117515276
https://hashdive.com/Analyze_User?user_address=0x3fed96e11deeca5f10d16b16858466ed8a755cbe,0.52,0,104,0,-10.220646271445283
https://hashdive.com/Analyze_User?user_address=0x07b11e7ba70614d72ad9f041cf1d10519ce5a986,0.52,0,104,0,-12.535734415344537
https://hashdive.com/Analyze_User?user_address=0x24cf5ef7fa2bde9a9ce415769633ebdfbbf662db,0.52,0,104,0,-12.765311790426567
https://hashdive.com/Analyze_User?user_address=0xe8396dc2f504ad5c6acfa356d63e348f6edf7367,0.52,0,104,0,18.692425411349866
https://hashdive.com/Analyze_User?user_address=0xa28d059a504f1c01d5b1222a5e868a78a7eb03a2,0.52,0,104,0,-4.2080506641667945
https://hashdive.com/Analyze_User?user_address=0x2cc108ff7d2d5cb1a183eec5a52b230e1af9127e,0.52,0,104,0,3.3003156727915512
https://hashdive.com/Analyze_User?user_address=0xf129bc518c9b9e9e166aa59e38d7801acb10ed65,0.52,0,104,0,7.603107423544548
https://hashdive.com/Analyze_User?user_address=0x4f6addc41d78b123e3dc798e3b77441c3210ef6f,0.52,0,104,0,1.2772574620503663
https://hashdive.com/Analyze_User?user_address=0x60760dea96a9aec98543879a7416b3ee089a25bc,0.52,0,104,0,2.918765958121426
https://hashdive.com/Analyze_User?user_address=0x9529a5c615b19566955a3fdeeef0b1fff5abdf40,0.52,0,104,0,0.9043825688593271
https://hashdive.com/Analyze_User?user_address=0xe00e99bfe14babf3b4845e297df297c6c45360c4,0.52,0,104,0,-17.639017617009124
https://hashdive.com/Analyze_User?user_address=0x0ffe9992eb02ce57261579c852cb1c4145708149,0.52,0,104,0,-2.1571982108870627
https://hashdive.com/Analyze_User?user_address=0x28d50b65e22430b4044313d753760e41ea257f11,0.52,0,104,0,3.442944397816745
https://hashdive.com/Analyze_User?user_address=0x25a5e0c20012054981e8b2767fe6c088523781f4,0.52,0,104,0,-20.74549785584979
https://hashdive.com/Analyze_User?user_address=0x9342f995f3502f1b358ce9bbd586c929f4cd0f22,0.52,0,104,0,17.204866783449848
https://hashdive.com/Analyze_User?user_address=0x96a6960ffee66a14136ad9998e4cc20b0b365e3b,0.52,0,104,0,10.2772106200525
https://hashdive.com/Analyze_User?user_address=0xf262bfbb903972e853e5436e1defe972dbdf4f0c,0.52,0,104,0,-20.712061159452748
https://hashdive.com/Analyze_User?user_address=0xef2e3d403c3d75e647756cd5201f6477a4f07eeb,0.52,0,104,0,11.271543189515983
https://hashdive.com/Analyze_User?user_address=0xc9097e74685c8dcf41563c537d62f4f8e8986393,0.52,0,104,0,-0.12417821115592675
https://hashdive.com/Analyze_User?user_address=0x170a09d73a960489d741ae51d9e709f3564442c1,0.52,0,104,0,7.509364797743718
https://hashdive.com/Analyze_User?user_address=0xccf5659b7f699dd6347c8cc659efab8e3e529328,0.52,0,104,0,-2.724106869618366
https://hashdive.com/Analyze_User?user_address=0x977e155160b47cc0f3880bf6b4d33a3faa53910b,0.52,0,104,0,4.906499957487311
https://hashdive.com/Analyze_User?user_address=0xfa3b91fd8c555b936f4ce7e8f4e4ce87d1631805,0.52,0,104,0,-4.880027960145793
https://hashdive.com/Analyze_User?user_address=0xd75345084523c6bac2a43e051993bf248bdbabef,0.52,0,104,0,-10.842363693194347
https://hashdive.com/Analyze_User?user_address=0x89b8647ad01ec2116560c5e2b747ac22368bea76,0.69,0,103.49599247999998,0,4.156508491355866
https://hashdive.com/Analyze_User?user_address=0x85c9419a5d7767dde3321a1ffaa4bec3a4108bea,0.85,18.225,103.275,0.17647058823529413,0.1721169589688044
https://hashdive.com/Analyze_User?user_address=0x531875d0c6e98517d0f44efb86a64729a7492178,0.699999,0,102.999852057144,0,3.6509105156226864
https://hashdive.com/Analyze_User?user_address=0x2b9f4cc19338dbcc727ee8d25528596af1d08483,0.51,0,102,0,6.242454950671199
https://hashdive.com/Analyze_User?user_address=0xae8d81dc1528816dc67ef8af1c1bfe332a9c57c0,0.51,0,102,0,-12.844680158455994
https://hashdive.com/Analyze_User?user_address=0x1f7a99d8320afcbc5872c2d804df17b1a8a70c15,0.51,0,102,0,-1.1007778799345966
https://hashdive.com/Analyze_User?user_address=0xd010bcba031beacb693d88f0a7d82c862ddde20a,0.51,0,102,0,8.630428726790994
https://hashdive.com/Analyze_User?user_address=0xa3cb92729166f505a3e5883085d4b0ef4e9f6d7c,0.51,0,102,0,-13.417000981472896
https://hashdive.com/Analyze_User?user_address=0x305c63145c22aa56624614015264413faf0c9c39,0.51,0,102,0,4.08310868231676
https://hashdive.com/Analyze_User?user_address=0x08f7a50ecd6eed9519c91af1c647b2aa2d3f8db4,0.51,0,102,0,8.26174589750378
https://hashdive.com/Analyze_User?user_address=0x3e94d2d3d3b0ea1fb6141a0d68abd68d7cca940b,0.51,0,102,0,-7.76200616422773
https://hashdive.com/Analyze_User?user_address=0x49074611a7686c50192f7eb6bc489ecf30379e8d,0.51,0,102,0,-9.733906769072822
https://hashdive.com/Analyze_User?user_address=0x60d99be1410210a00bf28982bc7844cf86c36ae5,0.51,0,102,0,-8.752266447413032
https://hashdive.com/Analyze_User?user_address=0x89f95e8e13205c3cda1e2d49750fe25c463fb475,0.51,0,102,0,-8.746428961414736
https://hashdive.com/Analyze_User?user_address=0xc6b3b9ee0fec48526d4a3afb09b18d11a564d0b7,0.51,0,102,0,-11.747035952307897
https://hashdive.com/Analyze_User?user_address=0x042be333ddd480992c601d955674d851a4e41889,0.51,0,102,0,-6.945907991137442
https://hashdive.com/Analyze_User?user_address=0x12de9a3918c915b74bd16e5aa2f7afe07edfd4b5,0.51,0,102,0,7.675832898572105
https://hashdive.com/Analyze_User?user_address=0x698011a89a1387ccabf33c84f62835ae9b9be417,0.51,0,102,0,4.84013033218813
https://hashdive.com/Analyze_User?user_address=0xc466086bb4d21654f8d35ecd4fea318f7cce6690,0.51,0,102,0,-6.263049335657865
https://hashdive.com/Analyze_User?user_address=0x08cc6bb80e81266101fcd79b4fe30463f4977a90,0.51,0,102,0,-8.788476220217222
https://hashdive.com/Analyze_User?user_address=0x15ad287f2664305e697456b348bec63faf560d50,0.51,0,102,0,6.983552066125829
https://hashdive.com/Analyze_User?user_address=0x02709e73b25bb595219608f83722d8ea7952a0ae,0.51,0,102,0,-5.052436667589811
https://hashdive.com/Analyze_User?user_address=0x900505b3a855e367af35ea1e0f5e3ada560ed89b,0.51,0,102,0,8.758623407366779
https://hashdive.com/Analyze_User?user_address=0xebe0502b007ba3da841f016f279c80a78a2bd317,0.51,0,102,0,-18.639722781432525
https://hashdive.com/Analyze_User?user_address=0x6ad1ea84699bfbcde85810d2ba620e64ef2b1c56,0.51,0,102,0,-3.071898843053183
https://hashdive.com/Analyze_User?user_address=0xc1081ffcae6c28f557123e7c409151dec7f43f42,0.51,0,102,0,-20.23881219989517
https://hashdive.com/Analyze_User?user_address=0x1361273af1a001bead928cf57203ad5a69517c3b,0.51,0,102,0,-1.0274730285907119
https://hashdive.com/Analyze_User?user_address=0xb572a60e766689cd0de349eb114939502948c062,0.51,0,102,0,-0.07514305982269628
https://hashdive.com/Analyze_User?user_address=0xdfc0d9f433424a464f20b4a517a86ad1b2388c53,0.51,0,102,0,-3.805745662611644
https://hashdive.com/Analyze_User?user_address=0xe7682da20f3d38e957f568d711d0a8596b40b215,0.51,0,102,0,-8.86905947629381
https://hashdive.com/Analyze_User?user_address=0xd6a17e4a1d3bc848436967e90325e7c256ec8edf,0.51,0,102,0,17.310788991670567
https://hashdive.com/Analyze_User?user_address=0xb6d0c30c88fa149f6e0df773f987e99ea4046e38,0.51,0,102,0,-12.131611392500998
https://hashdive.com/Analyze_User?user_address=0x58eac02d50519ea258cfc1eb0aaa2bd2b365f80f,0.51,0,102,0,-6.8382388112565735
https://hashdive.com/Analyze_User?user_address=0xb67c980eb6984876740c0ff65943e1d2c31cc4f3,0.51,0,102,0,-13.477882097091669
https://hashdive.com/Analyze_User?user_address=0x1cbbc765085e6d5911760128f860812cbad2f493,0.51,0,102,0,-3.9827446542903644
https://hashdive.com/Analyze_User?user_address=0x2e47799bd952797c1e2848da37182f0ccc5185cd,0.51,0,102,0,-14.740174708000575
https://hashdive.com/Analyze_User?user_address=0x58d4b95b870c7c509dbed5f55c743997a8dce521,0.51,0,102,0,-19.568668635826548
https://hashdive.com/Analyze_User?user_address=0xa095a017503d6c945373e881123e666c5d7e65cf,0.51,0,102,0,4.660300785964641
https://hashdive.com/Analyze_User?user_address=0xfdbebcd3143c7cf079fda6123591e635406bfbe3,0.51,0,102,0,1.646671016013974
https://hashdive.com/Analyze_User?user_address=0xd88b895861bbec22965fedd079dcdefb4592d7bc,0.51,0,102,0,-1.8375862768926075
https://hashdive.com/Analyze_User?user_address=0x78114910a222edbf0804edcec23435c35bae36d3,0.51,0,102,0,-4.949186866785521
https://hashdive.com/Analyze_User?user_address=0x9e86e177ef30093c3e371b420ad33b48aca38a45,0.51,0,102,0,3.1337123547170225
https://hashdive.com/Analyze_User?user_address=0xfa34dd6e25e93b2125651c6702a06adf41db9e16,0.51,0,102,0,6.445997282967969
https://hashdive.com/Analyze_User?user_address=0xdff5d1c7874ffcf4673babda1f23d815cafe2c9d,0.51,0,102,0,-1.7053256222128708
https://hashdive.com/Analyze_User?user_address=0x40181438e111406280218affae0c8d1fd28a2b11,0.51,0,102,0,-0.20135134998848248
https://hashdive.com/Analyze_User?user_address=0x0b89279a1176c2a19f2045c3273f0b6bac370047,0.51,0,102,0,3.96950203960593
https://hashdive.com/Analyze_User?user_address=0x7209eb5955894ee951adec3a3baeac4bb6ca6181,0.51,0,102,0,7.660482206635557
https://hashdive.com/Analyze_User?user_address=0x84a32279ae8b16f0ae51133aaed011327c888ad0,0.51,0,102,0,2.1370396276463604
https://hashdive.com/Analyze_User?user_address=0xd13d476025901d4581961c3d14ee8ec66f3d86b6,0.51,0,102,0,-9.393639381824405
https://hashdive.com/Analyze_User?user_address=0x4089bbb0231d4cd3efd1576cd1b5d7f4c9db4e4b,0.51,0,102,0,-14.404085706974792
https://hashdive.com/Analyze_User?user_address=0x02214c61dfc085bf08772dd16ec317c9ce0843f9,0.51,0,102,0,-8.989230008786137
https://hashdive.com/Analyze_User?user_address=0x83d0ae032b6c6f4a3ece0ec5f2d7875dc68a87ef,0.51,0,102,0,10.752046557028407
https://hashdive.com/Analyze_User?user_address=0xbbd5e79e8b6859d55b64ecca6364ca196a43a72a,0.51,0,102,0,6.6331410226904275
https://hashdive.com/Analyze_User?user_address=0x9c897e87aeee83ea3f5f499be7c92ddc83600ace,0.51,0,102,0,-14.495941256318394
https://hashdive.com/Analyze_User?user_address=0x29a7d14e3f1342a518b4105965465436432cb4c8,0.51,0,102,0,-2.80967745647579
https://hashdive.com/Analyze_User?user_address=0xb10226546b367d83ca35f2f05a24e29738e49d73,0.51,0,102,0,-6.290222214532161
https://hashdive.com/Analyze_User?user_address=0xccef65979e22a7918e1083573e5851412b7d6a05,0.51,0,102,0,0.15383780659840254
https://hashdive.com/Analyze_User?user_address=0xb37c79ed413d96eee81d433d5782a95b762528af,0.51,0,102,0,-12.349829343168947
https://hashdive.com/Analyze_User?user_address=0x4b5db71ec4d2b11c7be1bea9261c8a2be93fe729,0.51,0,102,0,-10.8325918928807
https://hashdive.com/Analyze_User?user_address=0x244b6f92bcc92536314d16e61005f7aad7fa3c9a,0.51,0,102,0,8.040841573393418
https://hashdive.com/Analyze_User?user_address=0x3baca39a6b709609b3591405b651494a7a9cfbb2,0.51,0,102,0,-0.4878746363763198
https://hashdive.com/Analyze_User?user_address=0xda05cf72f5dce3f34282de85fcbf9b51e30c8b12,0.51,0,102,0,-18.55013458993679
https://hashdive.com/Analyze_User?user_address=0xe521d56f04e74747afa6c59324bc6e25e3820579,0.51,0,102,0,-5.739600855968635
https://hashdive.com/Analyze_User?user_address=0x89d7e6eef9d94832d39d968cb40512e90baac9cf,0.51,0,102,0,-1.506290238916321
https://hashdive.com/Analyze_User?user_address=0x5eac6d40134111fb20af8a7bcf2dac64a5714ff0,0.51,0,102,0,3.910106980883074
https://hashdive.com/Analyze_User?user_address=0xa8cce5524b0c9664300002f4d1f779c41c3b728f,0.51,0,102,0,27.71627647657098
https://hashdive.com/Analyze_User?user_address=0x626a50d137a06745dea1f9c9bdfdfa6b11641afe,0.51,0,102,0,-11.165276271860694
https://hashdive.com/Analyze_User?user_address=0x96d34167c53bc24a605d9cec9e9aa67e781d76a9,0.51,0,102,0,11.930598468403957
https://hashdive.com/Analyze_User?user_address=0xcf17f046425722bbb8e795e7cf36a12992c71f53,0.51,0,102,0,-8.617961070229347
https://hashdive.com/Analyze_User?user_address=0x9cac1a8a90e8ed5628e24cb2f6cef895cf37cce5,0.51,0,102,0,-3.8342710132668474
https://hashdive.com/Analyze_User?user_address=0x2fb5827e979841bf3dffbc745ff9372662bcb8c9,0.51,0,102,0,-2.823708452675615
https://hashdive.com/Analyze_User?user_address=0xdb441a107118030f1edb6f6efcc5347c2037e9de,0.51,0,102,0,6.268654840017712
https://hashdive.com/Analyze_User?user_address=0x529c6e6d0078f90de0d080ad5942166559e80df8,0.51,0,102,0,-15.657766065353867
https://hashdive.com/Analyze_User?user_address=0x2fdf3fcb635cd8e0f3f9011e9f17c959b975c965,0.51,0,102,0,-1.7885143213119836
https://hashdive.com/Analyze_User?user_address=0x80c46ca1b8c45552b891b78a702449ecbd1c0090,0.51,0,102,0,-5.075668531904542
https://hashdive.com/Analyze_User?user_address=0xc3125989a09ca8966fa69efbba4ca37b7215d500,0.51,0,102,0,6.518156425985364
https://hashdive.com/Analyze_User?user_address=0xae76a573101c0b5336f59c8e99954d69532886c6,0.51,0,102,0,-8.04067061161875
https://hashdive.com/Analyze_User?user_address=0x72a92e1f6b9b8d92c8879196954b92bd711bf648,0.51,0,102,0,7.841151438436356
https://hashdive.com/Analyze_User?user_address=0xbed0aabdb4afc2eb0753865ffd2e8297385d824e,0.679997,-1.643766,101.33813187803399,-0.016220606888415534,-1.1022851032275425
https://hashdive.com/Analyze_User?user_address=0xa2df1b10350ac9d8102c7e0ed3c3d08297cc94b9,0.7,0,100.999997,0,1.945724103733106
https://hashdive.com/Analyze_User?user_address=0xe6e4680bac32fb22b6886e846654811a9f5c0ee5,0.4,150,100,1.5,-0.22907442797396527
https://hashdive.com/Analyze_User?user_address=0x3a37a2c277042b1c01ec54c856d54ff836f7869b,0.5,32,100,0.32,1.4200881544638297
https://hashdive.com/Analyze_User?user_address=0x31db82c52ea1df876ee4cf3b652491f0d2c379a4,0.5,100,100,1,-5.1860291416767605
https://hashdive.com/Analyze_User?user_address=0x703404e78afac23666ac91c8e8a493adad17bcf8,0.5,100,100,1,-0.6462613349527774
https://hashdive.com/Analyze_User?user_address=0x8b7e69788fa1145068d0d418c822c6f81d996a9f,0.4,150,100,1.5,-1.4153635634346577
https://hashdive.com/Analyze_User?user_address=0x05ecb767561ce865dd73eea1c92eb94620c4ed1d,0.66,0,99.999999,0,6.921429770477632
https://hashdive.com/Analyze_User?user_address=0xb9793e766d5c9d17dd97d6a25330c8daa6068c77,0.66,0,99.999999,0,2.645894133839597
https://hashdive.com/Analyze_User?user_address=0xe5dd2cf1ea5097f459b8579184e000618f4b490b,0.66,0,99.999999,0,-0.8433554483140258
https://hashdive.com/Analyze_User?user_address=0x43e7c3a3ecccd5e23b1cef1e58dda862765af880,0.99,1.010101,99.999999,0.0101010101010101,-2.5619397381571845
https://hashdive.com/Analyze_User?user_address=0x7c9995a5ebc1b25dfd9bf322639dcfd95826c1c0,0.92,8.695652,99.999998,0.08695652173913043,-11.511768183300063
https://hashdive.com/Analyze_User?user_address=0x5d459bb69180c63fe501aba327e9ee84fa831ba7,0.7,0,99.99999799999999,0,0.15959465633925238
https://hashdive.com/Analyze_User?user_address=0xe04c4adf65f252ff496077b2732e9cff0a24757b,0.7,0,99.99999799999999,0,2.8274794896463957
https://hashdive.com/Analyze_User?user_address=0xf7025e7ea579292d4edb63114afad6beb7ebcaf9,0.7,0,99.99999799999999,0,6.232475520140694
https://hashdive.com/Analyze_User?user_address=0x9904d56a6419501174d3463451c220766a9ac9b1,0.7,0,99.99999799999999,0,4.645810774571453
https://hashdive.com/Analyze_User?user_address=0x2e2c4161d68cf2f1ab6a45245a9e19e25b03e2fd,0.7,0,99.99999799999999,0,-0.4317042964404383
https://hashdive.com/Analyze_User?user_address=0x97334959432857d0fbbb185192ee315e91beb32c,0.7,0,99.99999799999999,0,6.412538634297889
https://hashdive.com/Analyze_User?user_address=0xc0c6134b8b09ad838c51c6a829610d8ab55aa111,0.7,-1.4285,99.99999799999999,-0.014285000285700008,0.4864497737141601
https://hashdive.com/Analyze_User?user_address=0x2ae3e6f5c1b211858a4c4e8c7c58303e8fdfbc70,0.7,0,99.99999799999999,0,-1.1287487289424705
https://hashdive.com/Analyze_User?user_address=0x74f4aa97fd62ab39fc162974b01de6e39d21d0f6,0.7,0,99.99999799999999,0,6.948571136415493
https://hashdive.com/Analyze_User?user_address=0xf90cef1634a8a8d7ad41c407fc5a87e4dd2bf49c,0.7,0,99.99999799999999,0,4.478271831003094
https://hashdive.com/Analyze_User?user_address=0x67864695f294a0fbb76e03557ca02003a98f05be,0.7,0,99.99999799999999,0,8.819520284296834
https://hashdive.com/Analyze_User?user_address=0xb9e32dc0c67978f0483d123dde9277f3620581f7,0.7,0,99.99999799999999,0,4.31381637602458
https://hashdive.com/Analyze_User?user_address=0x10c625c7a86691d51bea22d30e86492d2f0119b6,0.7,0,99.99999799999999,0,0.2571382266233851
https://hashdive.com/Analyze_User?user_address=0x1be05b2128ba986176c046d473fd51968390dc27,0.7,0,99.99999799999999,0,-5.8639962515208826
https://hashdive.com/Analyze_User?user_address=0x06eb8bd089ced35095b454631961bf2190cb1a5f,0.7,0,99.99999799999999,0,4.432040780440094
https://hashdive.com/Analyze_User?user_address=0xc40ff8bdde5b0993c7eb32f7e93ac3cf4baa1950,0.7,0,99.99999799999999,0,-3.2286645064694626
https://hashdive.com/Analyze_User?user_address=0xeeade87cebd7e74daeb56ea60bb0683c8891fcb9,0.7,0,99.99999799999999,0,-18.31859696412458
https://hashdive.com/Analyze_User?user_address=0x6dae7c9a3a8123aefef13ece62ee1664d701a9b2,0.770707,0,99.99992303276501,0,9.642090961800069
https://hashdive.com/Analyze_User?user_address=0x5f74351e204609eb2171275d207cbeaa0608b40e,0.684671,0,99.999920052214,0,5.002732373033121
https://hashdive.com/Analyze_User?user_address=0x7f92a0a0ab51859120f13c40d27c62b9b14957bc,0.694375,0,99.999917758125,0,1.1637353206327465
https://hashdive.com/Analyze_User?user_address=0x30007bb9ad78a369e34031b5eb91b4961d7e0d25,0.969999,3.092886,99.999895,0.030928892475337103,0.14151337367500402
https://hashdive.com/Analyze_User?user_address=0x76e5284dc3299b30756489e6102537f03d294ee3,0.849999,17.647175,99.999877,0.17647196706051949,-4.693867489885848
https://hashdive.com/Analyze_User?user_address=0x9536f4448bdfcd823738b1feb8672410295aa271,0.689999,0,99.999854222465,0,21.76113849701079
https://hashdive.com/Analyze_User?user_address=0x76a38e326a3a18248ba97c7cc076494b81da5249,0.689999,0,99.999854222465,0,-3.2859532230238466
https://hashdive.com/Analyze_User?user_address=0x849a17b2ac4122e12d9eb0bebe6f1eb5a7d7c189,0.689999,0,99.999854222465,0,0.9371144425190507
https://hashdive.com/Analyze_User?user_address=0x37714bd7eb14e65686cdc1931561c94198e9692d,0.689999,0,99.999854222465,0,-13.830978245343976
https://hashdive.com/Analyze_User?user_address=0xe9473a70f58272d3c8cbc31da1079fb0578f2cf3,0.689999,0,99.999854222465,0,1.071588045982884
https://hashdive.com/Analyze_User?user_address=0x0ccaaadb20e34a50d0f5a10d5d679004a0706143,0.679999,0,99.999851221179,0,-2.28142022715265
https://hashdive.com/Analyze_User?user_address=0x0b056029e032e5e2ae581f13780826f6cdf348f2,0.669999,49.103399,99.99985,0.4910347265520899,-3.362410982248272
https://hashdive.com/Analyze_User?user_address=0xc4f1ec44911da186f53ceb66362fd0bab902f0e8,0.669999,0,99.99984984627,0,-1.3995748178446012
https://hashdive.com/Analyze_User?user_address=0x43ec91eb4a5cf5fbd44e909fb0274881f1d778fa,0.669999,0,99.99984984627,0,1.1434901732453178
https://hashdive.com/Analyze_User?user_address=0x63e86ffeaea72a153a0abe0afbdbcf830f21abbb,0.669999,0,99.99984984627,0,-2.507494118092281
https://hashdive.com/Analyze_User?user_address=0x695907a6d0562c01d4ff25acaea3b0115e83084f,0.649999,53.846306,99.999844,0.538463900003684,1.4139954330338869
https://hashdive.com/Analyze_User?user_address=0xec5c8d5ba82458ae5c02d886f090d71f5985ce46,0.557233,79.275088,99.999839,0.7927521563309717,-3.819405756450309
https://hashdive.com/Analyze_User?user_address=0x3541de8e5e33a8e815b0766f2e16e0b1fef8c96d,0.539999,51.850585,99.999814,0.5185068144226749,-2.962662352333683
https://hashdive.com/Analyze_User?user_address=0x72648e15f95e229afcc26f01f95304b3f787bfa4,0.479999,108.33354,99.999791,1.0833376641757182,0.13971876319719742
https://hashdive.com/Analyze_User?user_address=0x8b7e69788fa1145068d0d418c822c6f81d996a9f,0.469999,112.766169,99.999787,1.1276640919245158,-1.4153635634346577
https://hashdive.com/Analyze_User?user_address=0x583458b8b89a5e8579ebc0e5ba836c2c6813f0cb,0.469999,112.766169,99.999787,1.1276640919245158,-5.63064832161655
https://hashdive.com/Analyze_User?user_address=0x51195fad64df3bf4ad8e7bf14642b97ceb8e25ce,0.469999,112.766169,99.999787,1.1276640919245158,0.1516269877935924
https://hashdive.com/Analyze_User?user_address=0x17a9cf32f45594ec3fce7994e8f0105f46dc9375,0.469999,112.766169,99.999787,1.1276640919245158,-2.6462766411722667
https://hashdive.com/Analyze_User?user_address=0x4cd346315d69fbfbc8e0a4cd52eb2a8cccaf9642,0.459999,117.391521,99.999782,1.1739177691407368,12.786728564550911
https://hashdive.com/Analyze_User?user_address=0x5ae5d77aabcc1e4f8a14f75310ffb5d197ce3113,0.392156,8.790105,99.99978,0.08790124338273544,-5.5219801044065715
https://hashdive.com/Analyze_User?user_address=0xb2c3ccdc9917c751926a4b0194fb701027552b90,0.449999,122.222443,99.999777,1.222227155566557,-0.271415582123265
https://hashdive.com/Analyze_User?user_address=0x5e5bbdf8a19979c0882df641c8fda825dd63590d,0.449999,122.222443,99.999777,1.222227155566557,-0.06374041956164936
https://hashdive.com/Analyze_User?user_address=0xc04d621e38fba57ceac6a0254d7c04558a1069e7,0.449999,122.222443,99.999777,1.222227155566557,-9.859688099413935
https://hashdive.com/Analyze_User?user_address=0x4cd346315d69fbfbc8e0a4cd52eb2a8cccaf9642,0.409999,143.902682,99.999756,1.439030331234008,12.786728564550911
https://hashdive.com/Analyze_User?user_address=0x3ad5c52472838ecdb50d9ca862609029cdab8328,0.389999,156.410511,99.999743,1.5641091297604637,4.838335230179916
https://hashdive.com/Analyze_User?user_address=0x0bca95126caac40ea74ae63f992a39a12ca2bea7,0.389999,98.717956,99.999743,0.9871820970579895,-2.969178864569181
https://hashdive.com/Analyze_User?user_address=0x5ae5d77aabcc1e4f8a14f75310ffb5d197ce3113,0.389999,117.948856,99.999743,1.1794915912933897,-5.5219801044065715
https://hashdive.com/Analyze_User?user_address=0x831bae5557425c18b187bc09fa5ee7ae93f0eed5,0.379999,162.890113,99.999736,1.628905430310336,7.001073843621731
https://hashdive.com/Analyze_User?user_address=0x725fb97a677317e0f55a49d596f11afbf5ec06c2,0.359999,100.002453,99.999722,1.000027310075922,-1.1287126249096429
https://hashdive.com/Analyze_User?user_address=0x5cdf08e8372789797d10249bddf2b7bed59f77d9,0.409999,143.539543,99.919756,1.436548173716517,-1.9060175301224358
https://hashdive.com/Analyze_User?user_address=0xc89e88a23e1a8811a003cf5571a5ec83a2c16a30,0.99,1.000707,99.069993,0.010101010101010102,-0.813490352235834
https://hashdive.com/Analyze_User?user_address=0xe3f3f76f98b676c028452ce2d38006b776851cc4,0.7,0,98.999999,0,-26.852823986672725
https://hashdive.com/Analyze_User?user_address=0x70b091d6ab5f908ecbd1a43226c94e55e56eb71f,0.759998,0,98.79974,0,-2.8054296606472673
https://hashdive.com/Analyze_User?user_address=0x2b924ff1565a3468b9bcd1e5d79ab245ec32046e,0.39,152.5,97.5,1.564102564102564,-1.1379845104361577
https://hashdive.com/Analyze_User?user_address=0x98ed678f5e1fe529b90ccc16748e02f84fc4d3e9,0.7,0,97.36999999999999,0,2.7588621162422866
https://hashdive.com/Analyze_User?user_address=0x5b4765ff08c189028d6326d415f1a072090f8df3,0.538562,-96.59976,96.59976,-1,-14.189909491876378
https://hashdive.com/Analyze_User?user_address=0x8c818a866e6a4e5821a4faac8418903e33e3dcd3,0.386,153.5,96.5,1.5906735751295338,3.054495895333869
https://hashdive.com/Analyze_User?user_address=0xa7666a318077e2e50f11d0e65f7cb5d30a8e9e61,0.69,-16.689145,95.3856,-0.17496503665123458,1.006801608798432
https://hashdive.com/Analyze_User?user_address=0x3585486d9e99f6509eaf034b5ca65876cc251595,0.461048,12.700439,94.51484,0.13437507803007442,-0.7968357823354545
https://hashdive.com/Analyze_User?user_address=0xb33711e54a840ea7cbab3862ad2d2cfbb7225589,0.39,143.35,91.65,1.5641025641025639,1.3882629593930589
https://hashdive.com/Analyze_User?user_address=0x17a6a9beff0ad924604544e1c59029c6bfac3680,0.899998,5.656356,90.90888,0.062220060350540014,-2.737546988553289
https://hashdive.com/Analyze_User?user_address=0x22ebc2be21b96922ba219d0087fbe05cfc75b6aa,0.699999,-1.29267,90.499869814287,-0.014283666956125603,-1.0346464845800771
https://hashdive.com/Analyze_User?user_address=0x4d4b967b091503f68d1c7231eb52c3b7a391a250,0.394366,138.690186,90.309814,1.5357155535720626,2.266876985892723
https://hashdive.com/Analyze_User?user_address=0x2fa3c613840c97db17a416854ff6e2504484b14b,0.45,110,90,1.2222222222222223,7.412927065346602
https://hashdive.com/Analyze_User?user_address=0xb7a6e8b9866c34354cbf061d7e6f40ce3865d39e,0.45,110,90,1.2222222222222223,2.621344236598118
https://hashdive.com/Analyze_User?user_address=0x706a98ff4d98a7ded746f3d3b67f49793bb545e0,0.45,110,90,1.2222222222222223,6.853629882811498
https://hashdive.com/Analyze_User?user_address=0x1f37f79c8ad12c80989febbe26bd678c3cbb6c72,0.45,110,90,1.2222222222222223,1.6018221058178401
https://hashdive.com/Analyze_User?user_address=0x0be5478c6168def2a36bdb3e7f605c7189dd8a37,0.45,110,90,1.2222222222222223,8.139710505043226
https://hashdive.com/Analyze_User?user_address=0x83aeaf14e81402e776808ae0e3dbe6473be70618,0.45,110,90,1.2222222222222223,10.950952907899046
https://hashdive.com/Analyze_User?user_address=0xe3b6a1b51d7a14328917061fdccdfe7b1e8f7f0f,0.45,110,90,1.2222222222222223,-4.413341734176215
https://hashdive.com/Analyze_User?user_address=0x6146f33cff72d47216ad17c4587e716066737179,0.45,110,90,1.2222222222222223,-22.270888203438723
https://hashdive.com/Analyze_User?user_address=0xc57c96743cfdcd025d68cd09318b9263d95b111d,0.45,110,90,1.2222222222222223,7.609791057069732
https://hashdive.com/Analyze_User?user_address=0x4c86cdfff0fcff0f6b56a9ddb9f805b4b28f6993,0.9,-40,90,-0.4444444444444444,5.1951889161465115
https://hashdive.com/Analyze_User?user_address=0xd8cf412ded3b9fa97938bbece7c8f2ac9fafc765,0.45,110,90,1.2222222222222223,8.151579660328542
https://hashdive.com/Analyze_User?user_address=0x1eb5c5c13b9afc5dc68d66cb3edd6031ec97c655,0.45,110,90,1.2222222222222223,-4.111941738735298
https://hashdive.com/Analyze_User?user_address=0x119ace837539a07b518c863bc63e9f887ca300aa,0.45,110,90,1.2222222222222223,-0.6079296807033975
https://hashdive.com/Analyze_User?user_address=0x06ab1241ee4148f5b1f8cbd16f3e84463a2f3d33,0.45,110,90,1.2222222222222223,6.770391997947948
https://hashdive.com/Analyze_User?user_address=0x379836348f9be152dbe500e9c6b1f25c4be86775,0.45,110,90,1.2222222222222223,1.4325343298525437
https://hashdive.com/Analyze_User?user_address=0x5b88ed6ab1a46ee37fdb39878862eaacbeb3061a,0.45,110,90,1.2222222222222223,12.645855719027885
https://hashdive.com/Analyze_User?user_address=0xfebb2f2b6acfde9417d9516939ff0cbc4eedbc73,0.45,110,90,1.2222222222222223,-7.719322808526696
https://hashdive.com/Analyze_User?user_address=0xaa1cd7eea7d5bfecb0c5a7da6457647a0bb3a2b2,0.45,110,90,1.2222222222222223,6.017818323741517
https://hashdive.com/Analyze_User?user_address=0x72b7e382ba74301c7e7739e89661ffcf1beed03d,0.45,110,90,1.2222222222222223,9.539084937293488
https://hashdive.com/Analyze_User?user_address=0xe1d98d299e472d2720b9a8ee1880de4a2524cb8b,0.45,110,90,1.2222222222222223,6.188739448028877
https://hashdive.com/Analyze_User?user_address=0xde9c9daf9f7cb86977a0cd5a44eee6de9187101b,0.45,110,90,1.2222222222222223,15.339710188177646
https://hashdive.com/Analyze_User?user_address=0xfffc2ca7790b4e8e1f412783f44ad8584f77252f,0.45,110,90,1.2222222222222223,-7.451163653566299
https://hashdive.com/Analyze_User?user_address=0x60950c138a6a00b87e5abcc094556fc2b40a59ff,0.45,110,90,1.2222222222222223,-8.199651023746961
https://hashdive.com/Analyze_User?user_address=0xfb60294f1fcc3a940f7585ab255f8fc9ef1f7c3b,0.45,110,90,1.2222222222222223,7.939886016876189
https://hashdive.com/Analyze_User?user_address=0x82923052d9891c116d92c6e57f91642b1f80552e,0.45,110,90,1.2222222222222223,-13.75185352877627
https://hashdive.com/Analyze_User?user_address=0xbf67c5b9c42d2244a94ada58a8d141979ff9ed44,0.45,110,90,1.2222222222222223,6.050207062174156
https://hashdive.com/Analyze_User?user_address=0x893e4e102ab6a9c3a678bc46e1a965da65fde1dc,0.45,110,90,1.2222222222222223,2.575336259583545
https://hashdive.com/Analyze_User?user_address=0xcf8c3bda52c1165cbcfd62f6506e2eee3d383743,0.45,110,90,1.2222222222222223,0.498285362584468
https://hashdive.com/Analyze_User?user_address=0x6cb783511d04dc3d048ee6a426ff05067cfc6ab0,0.669999,0,87.99986759671799,0,12.071470059910956
https://hashdive.com/Analyze_User?user_address=0xf1430c27ec7eac972e4e77c3cc8f6b9d961c527d,0.43,114,86,1.3255813953488371,7.214277989004807
https://hashdive.com/Analyze_User?user_address=0x4226a047773aa5839e84da459e52e6711ad09113,0.43,114,86,1.3255813953488371,9.340762942466842
https://hashdive.com/Analyze_User?user_address=0xba42739c53d076da003b8e1be4e93d62144cb46b,0.43,114,86,1.3255813953488371,24.132146405948358
https://hashdive.com/Analyze_User?user_address=0x1c9a4f937f7aa0b9a5707744514a13489655498b,0.43,114,86,1.3255813953488371,-1.5036036808023292
https://hashdive.com/Analyze_User?user_address=0x146261e2cb272a6f8e68f77f4e5e2e97eb5f17d0,0.43,114,86,1.3255813953488371,2.491876222480949
https://hashdive.com/Analyze_User?user_address=0x61fa9e5de703cfa1a13b479436f56fbaa8803fd0,0.43,114,86,1.3255813953488371,16.394220611825688
https://hashdive.com/Analyze_User?user_address=0x6e9b3c84479148040e56c094f2d55981e0d79967,0.43,114,86,1.3255813953488371,2.0813186170536375
https://hashdive.com/Analyze_User?user_address=0xff6f0a3a33fe21e1ac8eb4da095b0c1700a0c383,0.43,114,86,1.3255813953488371,11.34382231857553
https://hashdive.com/Analyze_User?user_address=0x3f94a46f8c958266b1dcdb6d318045611e2b9907,0.43,114,86,1.3255813953488371,14.416553293824991
https://hashdive.com/Analyze_User?user_address=0x3828a2b190d4c226bf63f3af971f77a56b0f8cc3,0.43,114,86,1.3255813953488371,7.779716821010635
https://hashdive.com/Analyze_User?user_address=0x6906c60ec6471bc1e70e83b46476e18362dac107,0.43,114,86,1.3255813953488371,13.397433050706757
https://hashdive.com/Analyze_User?user_address=0x0107f1cfdfc52b569d2540c75169192f3d5d994b,0.43,114,86,1.3255813953488371,17.393410336442482
https://hashdive.com/Analyze_User?user_address=0x7e08b25a976ef81cdf7a1bc286ff74bf2f2ebcdd,0.43,114,86,1.3255813953488371,22.67168260141036
https://hashdive.com/Analyze_User?user_address=0x6ae8944e50e66bff1ab893ba42e99fde3b5befbc,0.43,114,86,1.3255813953488371,26.893836027847907
https://hashdive.com/Analyze_User?user_address=0xdb481215bf31dd7e16c2bfe80c26faeb9beb2cc8,0.43,114,86,1.3255813953488371,6.712204188330394
https://hashdive.com/Analyze_User?user_address=0x3fdcbbd592a94c11cfd54e8c24a00472119ae9b4,0.43,114,86,1.3255813953488371,11.373195597423944
https://hashdive.com/Analyze_User?user_address=0x0661a8548742a989c15e97bfdbd1fade6eafaed1,0.43,114,86,1.3255813953488371,9.303697771031063
https://hashdive.com/Analyze_User?user_address=0xbfe9ad8dce7b6a317359f60ed51d3ded772b6291,0.43,114,86,1.3255813953488371,7.288465598779673
https://hashdive.com/Analyze_User?user_address=0xa33553334f624802daed755986817e7a28049a07,0.43,114,86,1.3255813953488371,25.61903200003902
https://hashdive.com/Analyze_User?user_address=0x05a6e283a302b5d8ea5a95b9a4fe600ae83f6960,0.43,114,86,1.3255813953488371,0.7075797852122621
https://hashdive.com/Analyze_User?user_address=0x082bbb9f335c95d4a6ba1aa7b9cdb7d45a0b8eea,0.43,114,86,1.3255813953488371,0.43739343356760296
https://hashdive.com/Analyze_User?user_address=0x718c2c63bdb96db8963e6bf8d554560c916451e5,0.43,114,86,1.3255813953488371,17.0822496437691
https://hashdive.com/Analyze_User?user_address=0x48ef9e01616a76230d777f6ebf1548e129a047f2,0.43,114,86,1.3255813953488371,20.680849900738533
https://hashdive.com/Analyze_User?user_address=0x37a799f60c69cacef36d741d834dc94586ceb9fa,0.43,114,86,1.3255813953488371,2.6369620055334715
https://hashdive.com/Analyze_User?user_address=0x67add65c1249ae4b7dddccf1ad1b30b47bc0518c,0.43,114,86,1.3255813953488371,11.882714394838958
https://hashdive.com/Analyze_User?user_address=0xf6c91d29d80e8f86e7b3515f753ed2ca642914ef,0.43,114,86,1.3255813953488371,17.500275806550636
https://hashdive.com/Analyze_User?user_address=0x201d9c94612bec1347213eb0f27e257e7fb98924,0.43,114,86,1.3255813953488371,1.406423452685507
https://hashdive.com/Analyze_User?user_address=0xa156ff1b473b5a460a4e9563466766e9289f7551,0.43,114,86,1.3255813953488371,10.883238984514737
https://hashdive.com/Analyze_User?user_address=0x253824681d66d40d8a81c080bcd98581fd2e5d11,0.43,113.999398,85.999546,1.3255813931854943,8.467671538286924
https://hashdive.com/Analyze_User?user_address=0x9c95df82fe2f55f522cee739cefb08f528dded41,0.51,-85.679478,85.679479,-0.9999999883285938,-2.8258005688603474
https://hashdive.com/Analyze_User?user_address=0xdc4bc68529c164cfe402ae1215876badc02a5a92,0.485714,90.00005,84.99995,1.0588247404851414,0.08199808712279058
https://hashdive.com/Analyze_User?user_address=0xc072abbf1e96439f4b36a8ff85897a238d779810,0.668536,0,84.999576378816,0,1.1493292774922317
https://hashdive.com/Analyze_User?user_address=0x93ca3a906874135102fc2c492a987afffe92d65e,0.639989,0.29513,84.529455,0.0034914456741735765,-4.60412001175963
https://hashdive.com/Analyze_User?user_address=0x4b2ea989f36c5dff3e4230ed7266ddeaf28cfb3e,0.4221,115.58,84.42,1.369106846718787,0.07427523739994948
https://hashdive.com/Analyze_User?user_address=0x2ed99bbf01829ed00bba3c90f37b965de612a1d7,0.42,116,84,1.380952380952381,-3.2929096755077083
https://hashdive.com/Analyze_User?user_address=0xe829cf71531b38a38065afa6834b3378a047acda,0.42,116,84,1.380952380952381,1.9949724960935904
https://hashdive.com/Analyze_User?user_address=0xe42184f9a0ecf6cbd7a39e783650bfa04cebe8d0,0.42,116,84,1.380952380952381,11.459858217590607
https://hashdive.com/Analyze_User?user_address=0x63dbeb235a7265bf67ac5d5bd12eff029cba50b6,0.42,116,84,1.380952380952381,3.9566653214569936
https://hashdive.com/Analyze_User?user_address=0x348f94e431ed2ec8256e37e187adbbec440ce570,0.409999,120.317032,83.609796,1.4390303260637065,1.1121750060527142
https://hashdive.com/Analyze_User?user_address=0xd40213a4d43e420406ffa59eb249467c54d95a50,0.46,97.2,82.8,1.173913043478261,5.281862766427375
https://hashdive.com/Analyze_User?user_address=0x9bebe8a3457d14985a1617dddcaafe9425d4d6fb,0.8,17.5457,82.57,0.2124948528521255,1.7897387083369043
https://hashdive.com/Analyze_User?user_address=0x8c818a866e6a4e5821a4faac8418903e33e3dcd3,0.418127,113.747097,81.737308,1.391617852156325,3.054495895333869
https://hashdive.com/Analyze_User?user_address=0x4df332e27f9ee3224f52ce30e3ce15c1075e788f,0.69,0,81.41999999999999,0,0.19248821470486682
https://hashdive.com/Analyze_User?user_address=0xf04faeb6b086cdaa7cea354d093fb8315296a8c4,0.389992,-2.754298,81.118336,-0.03395407420586142,0.02033643919435494
https://hashdive.com/Analyze_User?user_address=0x4cf2580bc5dc2a12517a664a0731568f9f679621,0.81,-8,81,-0.09876543209876543,6.207312272719182
https://hashdive.com/Analyze_User?user_address=0x9d459fd1d82eeb39421fcf9fc95043e1789eb661,0.415384,55.50012,80.99988,0.6851876817595285,4.005779487570952
https://hashdive.com/Analyze_User?user_address=0x166aa9fbaae75708b0467c537d8c610484cf5ba5,0.5,-80,80,-1,-4.783755611985776
https://hashdive.com/Analyze_User?user_address=0x83d87d7517e7998636241efce4ec6c46d02b9a77,0.984999,1.218355,79.999918,0.01522945311018944,-0.765437049617326
https://hashdive.com/Analyze_User?user_address=0x8054e0fd27db7752ae765c791ea987435cad6319,0.699999,0,79.999884814287,0,-10.801601134525807
https://hashdive.com/Analyze_User?user_address=0x28c76dde18f57187976679d8c43c73ca4e82c8d3,0.699999,0,79.999884814287,0,-8.499587944064938
https://hashdive.com/Analyze_User?user_address=0x5104399ef152d0c1d3f5a608231b85972a6fb761,0.699999,0,79.999884814287,0,3.241376765361819
https://hashdive.com/Analyze_User?user_address=0x10a7268e8318af0d229b5fee65ecdc52a75e8652,0.699999,0,79.999884814287,0,-2.7427309815567478
https://hashdive.com/Analyze_User?user_address=0x6ec1986ccb9cab4327287b6aee31a0f4638050cd,0.669999,0,79.999879877016,0,-11.494178238984357
https://hashdive.com/Analyze_User?user_address=0x686a0d1ec8bbe934044c2b3a7e0486addb7ac769,0.684962,0,79.999822392442,0,-4.9886839740598425
https://hashdive.com/Analyze_User?user_address=0xd983caf24f52aa462a0582e35d15585adb2bd92d,0.439999,101.818362,79.999817,1.2727324363754482,-3.388120802016367
https://hashdive.com/Analyze_User?user_address=0x198a0f06f8ca85b1b8cf7c87eba329a8985a308b,0.400239,119.879993,79.999614,1.498507142796964,14.321171915393414
https://hashdive.com/Analyze_User?user_address=0x6ac5bb06a9eb05641fd5e82640268b92f3ab4b6e,0.64,-22.156791,79.64396928000001,-0.2781979753181884,-3.8086498696524016
https://hashdive.com/Analyze_User?user_address=0x35587ce998fdde3249e0a98144ef5b4306971e67,0.522338,-79.399844,79.399844,-1,-6.582377345910166
https://hashdive.com/Analyze_User?user_address=0xe6e695c5734405cdb28dd49c7674be4e592679b5,0.869073,11.859261,78.71993,0.150651315365753,-0.9582489074495548
https://hashdive.com/Analyze_User?user_address=0x79a28ada46fe146cddc27dfa018c75d89fc510ec,0.509999,75.075838,78.139846,0.960788148980995,-4.189448140046142
https://hashdive.com/Analyze_User?user_address=0x1fccf82528144214b6ad9d2692e598fe0350538b,0.39,122,78,1.564102564102564,8.261784087901333
https://hashdive.com/Analyze_User?user_address=0xf33f0dfe73e3d1b3d0453e2a02c5d19100d3085c,0.39,122,78,1.564102564102564,-0.06244490343911355
https://hashdive.com/Analyze_User?user_address=0xd50979ca527fec01cd39685d00da83738a94ebd2,0.78,22,78,0.28205128205128205,17.995901243711014
https://hashdive.com/Analyze_User?user_address=0xb5dcbe13caf888b238d59e087338217a265d3e14,0.39,122,78,1.564102564102564,-2.6170647454042366
https://hashdive.com/Analyze_User?user_address=0x17a6a9beff0ad924604544e1c59029c6bfac3680,0.839984,9.371848,77.532766,0.1208759661689356,-2.737546988553289
https://hashdive.com/Analyze_User?user_address=0xf862b5200e53b2479780fdb4cd1a089d8152e2ba,0.406613,113.011276,77.439941,1.459340936223079,8.677046485689319
https://hashdive.com/Analyze_User?user_address=0x5b6dc770b3a2b87df55f8cb88120a9811959b2c6,0.7,0,77,0,5.804584627814231
https://hashdive.com/Analyze_User?user_address=0x59a6b2ea7ae689ba53387284eed0417ba26a959d,0.7,0,77,0,5.997529469612885
https://hashdive.com/Analyze_User?user_address=0xae61379c15d267562f1562c12d3589a98764b302,0.7,0,77,0,10.786590696418061
https://hashdive.com/Analyze_User?user_address=0x90c59ee300bc911f274f1394b7b3f48581d4534c,0.763482,0,76.3482,0,-2.8187507627710167
https://hashdive.com/Analyze_User?user_address=0x83424da14fc31af4182fbad0a0d73796f5c813c9,0.76,24,76,0.3157894736842105,-16.219426538924235
https://hashdive.com/Analyze_User?user_address=0x8ef0dc55efdde3b3b5ee43de615918126261782f,0.38,124,76,1.631578947368421,8.976198115735617
https://hashdive.com/Analyze_User?user_address=0xfc8d15c22e7278c1091b5c945040b80cc703878b,0.38,124,76,1.631578947368421,19.75702340415009
https://hashdive.com/Analyze_User?user_address=0x7e55ae1ac91cb04b12b69239d8b2d5949b419584,0.38,124,76,1.631578947368421,13.91870233733096
https://hashdive.com/Analyze_User?user_address=0xdd5983e12b7db3ef8e4bf93d6ceb56a215679f17,0.75,0,75,0,-11.023428123763193
https://hashdive.com/Analyze_User?user_address=0x6b604862b9758e194f7f6fa77764c77f7d5e4007,0.690789,33.571479,74.999947,0.44762003631815894,-12.127593673357204
https://hashdive.com/Analyze_User?user_address=0x9c828470db1fc60d6aa907945dce75105d488f7e,0.509999,71.907597,74.999852,0.9587698519725077,1.4368961190519811
https://hashdive.com/Analyze_User?user_address=0x5c564445058db255a39b67a17b595a1f41415a66,0.459999,88.04364,74.999836,1.1739177669668504,1.8313039564332037
https://hashdive.com/Analyze_User?user_address=0x3095c74ed9388ec47b459470e155b8b9fbefb2a6,0.449999,20.003031,74.999833,0.26670767386908717,-0.44942150707456324
https://hashdive.com/Analyze_User?user_address=0xed91e40c5299ec11b5be5a5e63604e55e0104bd6,0.419999,103.571606,74.999821,1.3809580425531949,-0.8663709832388642
https://hashdive.com/Analyze_User?user_address=0x5dd9fa7a1ea60bb767a10de2d0fdbd54d6ce2af2,0.409999,107.927011,74.999817,1.4390303245673253,3.668568239627813
https://hashdive.com/Analyze_User?user_address=0x96df69e2d757f37cc1ba1cffff0a873f9a124caa,0.465071,85.26495,74.129942,1.1502093175791235,4.653956329346376
https://hashdive.com/Analyze_User?user_address=0x99163890ef5cf9891ffda694b1f4a8ff6da14aa8,0.37,126,74,1.7027027027027026,4.184241828390328
https://hashdive.com/Analyze_User?user_address=0xa6a2edd2f4f84b4a8e9b77aff169972b91adda2d,0.37,126,74,1.7027027027027026,0.8220067292179829
https://hashdive.com/Analyze_User?user_address=0x5e9b139bd21f794018768621cd100a6c2d67bc1e,0.37,126,74,1.7027027027027026,-8.864342004492356
https://hashdive.com/Analyze_User?user_address=0x40d76f40700465d4ee460e28c73d9aba8c44dd52,0.459999,86.118419,73.35984,1.1739177593626158,-14.88460265724787
https://hashdive.com/Analyze_User?user_address=0xd97e453efe3444e29811e19c36dc97cc0742a81e,0.429999,96.807378,73.02983,1.325586791041414,-4.081633631181337
https://hashdive.com/Analyze_User?user_address=0x6bea184d24deac1e6ce9bc5d89facb6274585d50,0.400917,1.10038,72.16506,0.015248099287937958,-6.900971593508734
https://hashdive.com/Analyze_User?user_address=0x78463b46ceeb21f870eae9b72de5077e72a71041,0.7,0,71.99999799999999,0,1.766617948957946
https://hashdive.com/Analyze_User?user_address=0xde0463ea7f611b065e8ab06bbfbddad75e6dfa37,0.7078,-20.78,70.78,-0.2935857586888952,-1.4288114100340732
https://hashdive.com/Analyze_User?user_address=0x951a3e4aedc0d47ead6eb19acb04e3a26c56f421,0.659999,0,70.679892189092,0,0.40674314012400925
https://hashdive.com/Analyze_User?user_address=0xd6a39cef30c927c4d57b5cc519f3a2d0332a9738,0.388287,110.720053,70.279947,1.5754145773615906,4.68565651064676
https://hashdive.com/Analyze_User?user_address=0xa9d71818dadc207f9ea3d3f46ff0b12e497025e9,0.412543,99.691452,70.008547,1.423989730853863,0.6158016130618288
https://hashdive.com/Analyze_User?user_address=0x1004de683251e0c99b110bbdf08032ccba7f9ccb,0.7,0,70,0,-7.979662574277146
https://hashdive.com/Analyze_User?user_address=0xb90d923238bfc15d93cd974c68dabfce021b7db5,0.7,0,70,0,-5.225272627582699
https://hashdive.com/Analyze_User?user_address=0x549981d61efe8ba3ef2624cd13c67eea8fd3061f,0.7,0,70,0,-10.326428921390674
https://hashdive.com/Analyze_User?user_address=0xdfdd8d59ecd13624bd5a6d37ecd556482ee9f3f3,0.7,0,70,0,0.16171105531041574
https://hashdive.com/Analyze_User?user_address=0x079acd324f35a35ef8b9e53eb30550fd461a8fba,0.7,0,70,0,-0.1596239189656607
https://hashdive.com/Analyze_User?user_address=0x39f778aa3d5ea503ab5ea4fc4be7ff442fbf919b,0.649999,0,69.999890557695,0,4.755578083740762
https://hashdive.com/Analyze_User?user_address=0x8445498989333322110cd8fdaecece4753bcb147,0.699999,0,69.699898628574,0,-5.660114852411996
https://hashdive.com/Analyze_User?user_address=0x7742099ebccf14fc8160c7abe221335123b103e9,0.77,9.2,69.3,0.13275613275613274,-3.655535478342136
https://hashdive.com/Analyze_User?user_address=0xd72753dae1cb01011c1e69af78ee1f9494bbecce,0.69,0,69,0,0.2151939384284983
https://hashdive.com/Analyze_User?user_address=0x2a019dc0089ea8c6edbbafc8a7cc9ba77b4b6397,0.69,31,69,0.4492753623188406,1.471614735353661
https://hashdive.com/Analyze_User?user_address=0xb7789cfd218e39c580107c7b5d3e0dfca0a36492,0.69,0,69,0,5.195768043021855
https://hashdive.com/Analyze_User?user_address=0xbd634e1313c5023f165ea50771020446e71c3db1,0.789999,18.341859,68.999912,0.26582438250066176,-4.803647038360059
https://hashdive.com/Analyze_User?user_address=0x498281a70957f2061b7350c60fc82a3bb9febdbd,0.699999,0,68.999899628574,0,0.2548029524721592
https://hashdive.com/Analyze_User?user_address=0x2e30f6cd050ef6db66eeecae5ca097ca00c166f2,0.51857,-68.919946,68.919947,-0.9999999854904126,-10.729767657021355
https://hashdive.com/Analyze_User?user_address=0xec9c5e0206af35cd107252b5b280d4e445522140,0.699999,0,68.659901014287,0,5.543309492618355
https://hashdive.com/Analyze_User?user_address=0x32df5c15e155ccbc45e33861f8906ee0d9ecce69,0.699999,0,68.659901014287,0,5.541694742512314
https://hashdive.com/Analyze_User?user_address=0xa3a3a4a9f2f1531a699cb85e2c0e51eff6f7a4a4,0.679999,0,68.019898090591,0,-1.0826480847369133
https://hashdive.com/Analyze_User?user_address=0x12f1d19b1bc5112b0810123b1700cf8dae3b3cd3,0.34,-68,68,-1,2.5375964168687415
https://hashdive.com/Analyze_User?user_address=0xff7e6ad01f5ccbb5bb509a5bcec614b8262a697f,0.429999,89.649226,67.629842,1.3255868023468103,-7.1914225116722585
https://hashdive.com/Analyze_User?user_address=0xa7cec7a050ea71d9a5a4977c33c406a2576814b4,0.67,0,67,0,-4.054577868605296
https://hashdive.com/Analyze_User?user_address=0x005d4c55df264d12b45de0f7846a170a97fa4691,0.699999,0,66.999902385717,0,1.682942680336073
https://hashdive.com/Analyze_User?user_address=0xc6826f4219a6c7453ee59a58914ea9d479237c9e,0.439999,85.018332,66.799847,1.272732436048843,-1.7016487411421375
https://hashdive.com/Analyze_User?user_address=0x322a638de9dc585a0168ae97b52141ff03b4e455,0.7,0,66.5,0,10.636499754567907
https://hashdive.com/Analyze_User?user_address=0xa3d38f810aa438533f1abfd7510e1b130126f2bc,0.66,0,66,0,0.20543108377188624
https://hashdive.com/Analyze_User?user_address=0x6903583125e0d97cad6dc665d4c1225cb3fb0fdb,0.66,0,66,0,0.24829096470191392
https://hashdive.com/Analyze_User?user_address=0x2a04837178bf7a2bd293d9847c7b62529625793d,0.86,10.724,65.876,0.1627906976744186,5.469615976180998
https://hashdive.com/Analyze_User?user_address=0xb9c5ceadc66851c4c9075fc03537bda301af67e0,0.4,98.775,65.85,1.5000000000000002,-1.1387858317819053
https://hashdive.com/Analyze_User?user_address=0x12cf3dcaff3e888eb776b2efb095341304cca5e8,0.699999,0,65.549905557144,0,4.159557144968748
https://hashdive.com/Analyze_User?user_address=0xa4babbe6b98c642de40ea990df7ccf33296ec5d8,0.672061,0,65.18991700000001,0,-2.334916291366982
https://hashdive.com/Analyze_User?user_address=0x7e99b1fac498c7e3ae8a9493557c6845127db222,0.549999,-65.13988,65.139881,-0.9999999846484214,3.9554196961340797
https://hashdive.com/Analyze_User?user_address=0x23bf08490218e0ff092527d2ee37eb1dd66f805c,0.65,0,65,0,-1.8953209105964812
https://hashdive.com/Analyze_User?user_address=0x95975741362cc0a3ecdb9f75173c50e4da658980,0.7,0,64.99999799999999,0,-2.792722843220875
https://hashdive.com/Analyze_User?user_address=0xba7378337ba89e74cab2adb3fd98e37fbac1e538,0.432856,-3.62135,64.9284,-0.055774514696188424,-0.09122243963529766
https://hashdive.com/Analyze_User?user_address=0x4217cca2d56f2c41b611ec9faac33ed888d08bf7,0.75957,0,64.78991883377999,0,-0.21355522029018242
https://hashdive.com/Analyze_User?user_address=0x81658ece34fef69fefdb9ae26018d9b9ba317bb4,0.7,0,63.649998999999994,0,5.575932453555877
https://hashdive.com/Analyze_User?user_address=0x2802822b299f74fafe79ed94e08264de00c93ed5,0.7,0,62.809999,0,5.316278284232997
https://hashdive.com/Analyze_User?user_address=0x5b3a79f78da877f1d01dc404e18ef7630bb93045,0.519999,-61.369881,61.369881,-1,-5.12732873616291
https://hashdive.com/Analyze_User?user_address=0x4edf6911c019275d344efcd9fb1779242ef84774,0.7,0,61.149998,0,4.586846763109124
https://hashdive.com/Analyze_User?user_address=0xe4db85011ca3409dc13e06c06dd41630bbf6f87a,0.5,0,61,0,0
https://hashdive.com/Analyze_User?user_address=0x3dadaad637e5dfb969130fc7d661e714ef610668,0.769999,18.190987,60.89992,0.2987029703815703,-5.736167396947444
https://hashdive.com/Analyze_User?user_address=0x2d371426b30f6a1d21427c174d45551fc33859b5,0.7,0,60.729998,0,-6.207353357490249
https://hashdive.com/Analyze_User?user_address=0x3b09af965cb590b6dc3d4ab8ed7cdb2b417cf95d,0.650005,-4.9863,60.467129178185004,-0.0824629855554467,4.801833529316911
https://hashdive.com/Analyze_User?user_address=0x4e835699dde9f8de86d84be12cde9f5f0e1ba4a0,0.4,90,60,1.5,1.889619185568682
https://hashdive.com/Analyze_User?user_address=0x267f378da20fb2855f7379f7fc25719b30215d20,0.64,0,60,0,-9.851974375747455
https://hashdive.com/Analyze_User?user_address=0x062435af69d9039c210241ef6f7aac93b082017d,0.756164,19.347856,59.999969,0.32246443327329055,-19.439737915110456
https://hashdive.com/Analyze_User?user_address=0x5b9225d29f48a07a79b689f0a5a847b4ea2e6fd1,0.699999,0,59.999912385716996,0,1.9013655037166841
https://hashdive.com/Analyze_User?user_address=0x02571ed3bfa4162c80b288310745503275a822b2,0.669999,0,59.999909237763006,0,-3.440474476044156
https://hashdive.com/Analyze_User?user_address=0x19f8f18d18c6c090778c3133d4e4bfd8eb0d98f9,0.669999,21.941426,59.999909,0.36569098796466504,0.614670080643261
https://hashdive.com/Analyze_User?user_address=0x7f654ad5ec17c6765baa5d1693d29e71e3c4d7ae,0.539999,51.111221,59.999888,0.8518552734631771,-1.8954803117966579
https://hashdive.com/Analyze_User?user_address=0xe92baa6cf18c1fc6bdf96a0b54888030654ffa4d,0.446615,74.343639,59.999791,1.2390649660762985,-0.9219251757256
https://hashdive.com/Analyze_User?user_address=0x348c96bc08ba430210ea08e548396ce5bd731ad8,0.403277,88.780737,59.999748,1.4796851646776918,7.611805294587526
https://hashdive.com/Analyze_User?user_address=0x97d99f4027372cf0c3843ddf5ee097f4fee98424,0.879999,8.050417,59.539925,0.13521039873664603,-12.749007435185096
https://hashdive.com/Analyze_User?user_address=0x7fbefd586485ff779fde7885b1bdea3269f85988,0.7,0,59.49999999999999,0,-10.273705106776212
https://hashdive.com/Analyze_User?user_address=0xff398b9357ebd3172a4a8ade23472a89695a7a9a,0.699999,0,59.279914414287006,0,4.66137791743555
https://hashdive.com/Analyze_User?user_address=0x6b716a075bc0fc35d7bfb013cceb6cb8f6acd04c,0.74,0,59.2,0,-4.4291682399939605
https://hashdive.com/Analyze_User?user_address=0xebc4b725a5644877fc0243bd644885bd8a5a90c3,0.67,0,58.99999900000001,0,-0.3646184631634132
https://hashdive.com/Analyze_User?user_address=0xe1aff568c9ce89fbd38e89071515f1d75aefd23b,0.98,1.2,58.8,0.020408163265306124,-7.426094359483432
https://hashdive.com/Analyze_User?user_address=0x6527e9b10d2dab8769b3c1b3a754cc34f4826c04,0.456952,69.610594,58.574381,1.188413651353823,-2.2978240792674836
https://hashdive.com/Analyze_User?user_address=0x250b4a6b7d348dcd990227da2e8c5712f35f9cb5,0.7,0,58.489998,0,12.62488482943901
https://hashdive.com/Analyze_User?user_address=0x8668db22717b8e268abb19e781250b223f949332,0.549999,-58.329893,58.329893,-1,-2.0977578721638777
https://hashdive.com/Analyze_User?user_address=0x1a0562e7160e9fb3086716b094ce8a5a9d9b5e89,0.559999,-58.269895,58.269895,-1,-0.2315761943616376
https://hashdive.com/Analyze_User?user_address=0xe4747868ebebe533bc696ee4b174fe00bf9505bc,0.969999,1.780884,57.579939,0.03092889695489257,-9.263659752732014
https://hashdive.com/Analyze_User?user_address=0xbc52fdc1a96f9cc2b9d61fad6088ef09d50fa021,0.869999,5.301243,56.999932,0.0930043741104814,-2.4371879942204107
https://hashdive.com/Analyze_User?user_address=0x67fc566687a24b9f4af35086e03b1a657eb07514,0.699999,0,56.899917814287,0,4.07054794661882
https://hashdive.com/Analyze_User?user_address=0x4cd475cbef330a1fc04dcdf3fe207ad916edce48,0.509851,54.191641,56.369925,0.9613573372680555,-9.908555686883922
https://hashdive.com/Analyze_User?user_address=0xc3a3a1ecb47ce25c38e29949d96c7efc3a1ed89b,0.7,0,56,0,-0.47229781618672867
https://hashdive.com/Analyze_User?user_address=0x9c2651c630c8f13c290747885f040c7a36ded87f,0.7,0,56,0,-0.14190176720487702
https://hashdive.com/Analyze_User?user_address=0x628c11375fb24853b83ea5dc72ba80d20f9a0998,0.669999,0,55.999915377912004,0,-1.9811668832619156
https://hashdive.com/Analyze_User?user_address=0xbd88ce95f23f674a41dcc6735052942115321ca6,0.87,4.44221,55.2624,0.08038395002750515,-28.321961832223188
https://hashdive.com/Analyze_User?user_address=0xa32bad26bf14a53d8b518d242fc47ec91c47f347,0.7,0,55.230000000000004,0,5.552936079806914
https://hashdive.com/Analyze_User?user_address=0x583f90c1a7f90567f745b4804ceac8928eb039d2,0.5,-55.164284,55.164284,-1,-0.288198204104701
https://hashdive.com/Analyze_User?user_address=0x64011c47922d02e03973a6576fe418398926f96d,0.699999,0,54.999919628574006,0,20.81425226738005
https://hashdive.com/Analyze_User?user_address=0x899a1ac9a15129947afe77b9f04512c5f279418c,0.669999,0,54.999917080449,0,6.9429047616037
https://hashdive.com/Analyze_User?user_address=0xcf1818e17490a751470de048bdff96a46b01b7e5,0.449999,45.162322,54.929877,0.8221813786329797,-7.341999762656003
https://hashdive.com/Analyze_User?user_address=0x79f78aa25c33aab3686601b43c83280151ea8109,0.522001,-53.779989,53.779989,-1,-0.9776645730132865
https://hashdive.com/Analyze_User?user_address=0x824eaf47bb03fdcd40249e76ac84d2322b08a9b6,0.429999,71.276635,53.769874,1.3255867960560963,5.712303695890273
https://hashdive.com/Analyze_User?user_address=0x29c0a89b23af58739b6a4ab5f9c8b459af4aefaa,0.41,2.62,53.71,0.04878048780487805,0.892108976742309
https://hashdive.com/Analyze_User?user_address=0x4a60a0e79cc8dbb805c7b1728dd3039500f3a571,0.665,2,53.2,0.03759398496240601,0.6614679789227724
https://hashdive.com/Analyze_User?user_address=0xd6a39cef30c927c4d57b5cc519f3a2d0332a9738,0.43,2.460522,52.89,0.04652149744753262,4.68565651064676
https://hashdive.com/Analyze_User?user_address=0x1cf97c9199b70c09f491679e254fcd3d0decb4ca,0.315357,31.327851,52.832499,0.592965534339006,-2.0806318819758784
https://hashdive.com/Analyze_User?user_address=0x2bbcccda525241267b75c61639219c2d008639c9,0.7,0,52.81999799999999,0,3.509693883262048
https://hashdive.com/Analyze_User?user_address=0x479091138dbd81b9908341238d66f024d17e2dd7,0.432522,69.064651,52.639893,1.3120211129608488,0.6596960968426036
https://hashdive.com/Analyze_User?user_address=0x925bddff8c37d8640f49a9a0c243139b21c55fe6,0.689999,0,52.599923038117,0,2.7271743937786597
https://hashdive.com/Analyze_User?user_address=0x40b3b3f416ab18d1f6f4a85865a569e523406159,0.75,8.4,52.5,0.16,16.159695830099672
https://hashdive.com/Analyze_User?user_address=0xe14acb29d0ca681c46ce3b01b2fd2a7504c524a6,0.5,-52.076526,52.076526,-1,0.07181953328102351
https://hashdive.com/Analyze_User?user_address=0x1f195e694d894a4491c827f1161b25fba9fdaec2,0.52,40,52,0.7692307692307693,-5.49357945725307
https://hashdive.com/Analyze_User?user_address=0x8944aa3390ad0ca575fb96ee0a74cc9ff221ad24,0.669999,0,51.99992151806101,0,7.428010474853297
https://hashdive.com/Analyze_User?user_address=0x6009f996d2dfe57463e02d0ce5fcdb96731260ea,0.39,81.3313,51.9987,1.564102564102564,-5.759269079685916
https://hashdive.com/Analyze_User?user_address=0xa3a547029cda95b7f498baa1fd10c33ceab3877d,0.52,-1.999933,51.998266,-0.03846153254418137,3.6232264051328906
https://hashdive.com/Analyze_User?user_address=0x0bba6356a0dad93c790d3647dec0ddc7b461211f,0.4,77.991997,51.994665,1.4999999903836287,4.141520329124307
https://hashdive.com/Analyze_User?user_address=0xe26f2cf5112a2e89ba6d26f519a79a7571104b0d,0.5,-51.183407,51.183407,-1,0.05092808835109629
https://hashdive.com/Analyze_User?user_address=0xd8e2540460033d5735a4b05bd66aa5c8633f7b4e,0.7,0,50.999998,0,-2.0568939286519887
https://hashdive.com/Analyze_User?user_address=0x6ce31c4ad69df3a1ca71f60dcc6cb66f7d12f702,0.393983,78.339514,50.929985,1.5381805826174892,-7.224561486243163
https://hashdive.com/Analyze_User?user_address=0x1516425274d42a5942d0c6922035daaacf1ed78e,0.39,79.6477,50.9223,1.564102564102564,-1.823352415138637
https://hashdive.com/Analyze_User?user_address=0xc956da30e740ce1d67d162de96ed91bf78e67bf7,0.5,50.790647,50.790648,0.9999999803113361,0
https://hashdive.com/Analyze_User?user_address=0xe0e0e8a3dd4262e160c325b75f60fc27ec854ae9,0.5,-50.757433,50.757434,-0.9999999802984524,0.05356209774808322
https://hashdive.com/Analyze_User?user_address=0x377cfb0e187499348c56b005199c16a0903d91ae,0.39,79.3,50.7,1.5641025641025639,-2.316804351379986
https://hashdive.com/Analyze_User?user_address=0x64be914cd71856a308965ec240748f81a65c7813,0.389999,54.587529,50.689869,1.0768922878849816,3.2050457407055677
https://hashdive.com/Analyze_User?user_address=0x2453f17d8d911eaf978b98d72a856b98dc4128e2,0.63,26.4,50.4,0.5238095238095238,-1.8327048670471855
https://hashdive.com/Analyze_User?user_address=0x543eac19f35927f5243c4407c74fdff71bb9f547,0.5,50.185718,50.185719,0.9999999800740127,0
https://hashdive.com/Analyze_User?user_address=0x582145cc4d173e749303d95318aa4a2c84b1cdd3,0.5,50.148675,50.148676,0.999999980059294,0
https://hashdive.com/Analyze_User?user_address=0xb92f3d52d4fe5affc16cf74e4c621f35c72f566b,0.4,75,50,1.5,-3.550045297308764
https://hashdive.com/Analyze_User?user_address=0xfdbf7de09b7253eb0ce1b51e03c612710962c88e,0.5,50,50,1,-1.5201772834472485
https://hashdive.com/Analyze_User?user_address=0x88c47db15c7e8f9a4f3d6a3a44dd5967564cfbf0,0.5,-50,50,-1,5.391982443407141
https://hashdive.com/Analyze_User?user_address=0x4dd86caa953af0c4cbf9fe8027295aca984e0b62,0.5,41,50,0.82,-1.7003061287086658
https://hashdive.com/Analyze_User?user_address=0xf0611defcf31487fb5170cb6cdd65b37e4242572,0.64,28.125,50,0.5625,-5.92440748841126
https://hashdive.com/Analyze_User?user_address=0xdc4bc68529c164cfe402ae1215876badc02a5a92,0.4,75,50,1.5,0.08199808712279058
https://hashdive.com/Analyze_User?user_address=0x8226cd265c6c394928f2a74c4f9d13e362c06520,0.7,0,49.999998999999995,0,6.332325518651186
https://hashdive.com/Analyze_User?user_address=0x931cc47f43ba3c81b7913247dfbb1e38c995250c,0.7,0,49.999998999999995,0,5.206925527644374
https://hashdive.com/Analyze_User?user_address=0x8bd7d4a249ecd80ba85a5dd8cbf461979ef98893,0.7,0,49.999998999999995,0,8.715890772194411
https://hashdive.com/Analyze_User?user_address=0x2b55137ffc04c606f585c07129de90bf0bcab1be,0.7,0,49.999998999999995,0,4.64531302436052
https://hashdive.com/Analyze_User?user_address=0x70dfef7810e163763f9192d97dc9742aceb3bca8,0.7,0,49.999998999999995,0,4.393492903252604
https://hashdive.com/Analyze_User?user_address=0x146c468ed1eb239625547f301247346e2a2f54e1,0.7,0,49.999998999999995,0,-3.3634665099162477
https://hashdive.com/Analyze_User?user_address=0x3ed860ade48c2191882cd1378e31adf383790130,0.7,0,49.999998999999995,0,-12.6508867051057
https://hashdive.com/Analyze_User?user_address=0x21c2b8aa477a1dae818c44b8a014ed5b577f1943,0.7,-0.7142,49.999998999999995,-0.014284000285680006,0.49011906679393286
https://hashdive.com/Analyze_User?user_address=0x5e94a62b899f045168f3280c9a830f4bb43261c6,0.7,0,49.999998999999995,0,2.154733029577793
https://hashdive.com/Analyze_User?user_address=0xc39c75575b063c7d399aa79dac71f5f9d551416d,0.7,0,49.999998999999995,0,10.395912039321843
https://hashdive.com/Analyze_User?user_address=0x11b572348b918f48d9828da10af35c309bf37a4c,0.7,0,49.999998999999995,0,4.9907413826551
https://hashdive.com/Analyze_User?user_address=0x8956d2c58bd3983db4b93281164798516cc9755f,0.7,0,49.999998999999995,0,1.3558660656686445
https://hashdive.com/Analyze_User?user_address=0x2e3cc58aa59a63c2a1e283eec4f331ac50a6d2a5,0.7,0,49.999998999999995,0,-1.4020394475386735
https://hashdive.com/Analyze_User?user_address=0x2d1d5dd12e090c777648d250d5864ec5958e8715,0.7,0,49.999998999999995,0,2.7043649282774886
https://hashdive.com/Analyze_User?user_address=0x6e6cca3b31e81191fa7433cb3dd4fdd1474406c7,0.533642,43.695757,49.999982,0.8739154546095637,-9.19238016610475
https://hashdive.com/Analyze_User?user_address=0x18e9b2d1c08e01528d407d0f4684173c138efd77,0.398264,75.544795,49.999954,1.5108972900255067,-3.084704883900871
https://hashdive.com/Analyze_User?user_address=0x11ddf6b9a63dcef2aab3850628558deb94691baf,0.699373,0,49.999949379928005,0,-6.015252005321284
https://hashdive.com/Analyze_User?user_address=0xcfdb9ea506408484a2dc7816af5f7588edcd7a75,0.729999,18.493218,49.99993,0.36986487781082894,-2.5776597552199867
https://hashdive.com/Analyze_User?user_address=0x6bed005f75644d269ffd9320c63e336c1a14438c,0.689999,0,49.999926766233,0,-0.8723974980094358
https://hashdive.com/Analyze_User?user_address=0x6b3c36f0e4ffd894bc5eec7d5fd076e1bec40915,0.689999,0,49.999926766233,0,-1.6135594905453587
https://hashdive.com/Analyze_User?user_address=0xeebb89dcb4cc776a19a248f2237a42ba7f74deff,0.689999,0,49.999926766233,0,0.4995250301130013
https://hashdive.com/Analyze_User?user_address=0xa13d92bc1c71fa163405d87d9d7af131c000d2b6,0.669999,0,49.999924253136,0,-2.230128878488443
https://hashdive.com/Analyze_User?user_address=0x26ac5fa106b2a71f767548d6c40759f2fb0c314f,0.669999,0,49.999924253136,0,-2.110072971058308
https://hashdive.com/Analyze_User?user_address=0xc61aa8e3254561e8409b5d5bdc741dc1ac2c9544,0.669999,0,49.999924253136,0,1.122138247618034
https://hashdive.com/Analyze_User?user_address=0x845a282b788bc94ae9c8a21dc36601597e48f288,0.669999,0,49.999924253136,0,-0.13643410564555658
https://hashdive.com/Analyze_User?user_address=0xfce65c3fb6e11187b5a38f5d49370842e6fc4408,0.659999,0,49.999923082426,0,-27.74354203764429
https://hashdive.com/Analyze_User?user_address=0xc813fb78a386bd0966b85082169afa135311b6f2,0.659999,0,49.999922422427,0,12.838513322269606
https://hashdive.com/Analyze_User?user_address=0xe016d2d8454b4b354c47fe70478f650ca891424b,0.549999,-49.999907,49.999907,-1,-4.952372785059978
https://hashdive.com/Analyze_User?user_address=0xdf86f62f39596c415f7338d6a84b550f1579601f,0.539999,42.592684,49.999907,0.8518552644507918,-2.1414287152817884
https://hashdive.com/Analyze_User?user_address=0x267d530600df65a668e089b521a5071d678a7b65,0.469999,56.383084,49.999893,1.1276640932011595,-3.6076058444480212
https://hashdive.com/Analyze_User?user_address=0x3541de8e5e33a8e815b0766f2e16e0b1fef8c96d,0.439999,63.636476,49.999886,1.2727324218299219,-2.962662352333683
https://hashdive.com/Analyze_User?user_address=0x1804bb27767f9f8bd7b7691a0eeb3c57910890c9,0.429999,-4.650683,49.999883,-0.09301387765247371,-0.841713792759249
https://hashdive.com/Analyze_User?user_address=0x18e9b2d1c08e01528d407d0f4684173c138efd77,0.419999,69.047737,49.999881,1.3809580266801034,-3.084704883900871
https://hashdive.com/Analyze_User?user_address=0x91ee7532054641321042807741c71b07e6e1bf85,0.409999,71.95134,49.999877,1.4390303400146365,16.65113104882777
https://hashdive.com/Analyze_User?user_address=0xd3a6d17bf7052626d8cf793c7d0ab1e823f55173,0.389999,78.205255,49.999871,1.5641091354015693,9.282133853081307
https://hashdive.com/Analyze_User?user_address=0x334e5066c78f6b9fcde02b5a71fcf8decb9a5d9c,0.389999,51.886355,49.999871,1.0377297773428256,10.578968319525742
https://hashdive.com/Analyze_User?user_address=0xa954205e299d7e49ebbe516e3a5fd422f288b8ed,0.389999,78.205255,49.999871,1.5641091354015693,3.9242585972575457
https://hashdive.com/Analyze_User?user_address=0x6e6cca3b31e81191fa7433cb3dd4fdd1474406c7,0.379999,81.579078,49.999868,1.6315858673866899,-9.19238016610475
https://hashdive.com/Analyze_User?user_address=0x24b9b58ab054a12c27c9805caa87aea0dddcbcb1,0.379999,9.210031,49.999868,0.18420110629092062,-1.5434782619314713
https://hashdive.com/Analyze_User?user_address=0x71c1ed9c3aee435e8530ba50365efe1f9e08e358,0.395938,76.282187,49.999862,1.525647950788344,-1.8360407599884945
https://hashdive.com/Analyze_User?user_address=0x8bceba408e86831096a679f462bc9081b585c476,0.359999,88.889026,49.99986,1.7777854977993939,-1.5951628567493248
https://hashdive.com/Analyze_User?user_address=0x24976a3ce74b4f448cc6bc8e1e2b198c69d2020e,0.5,49.992755,49.992756,0.999999979997102,0
https://hashdive.com/Analyze_User?user_address=0x0518a0808a4d3927eef301d48010ebbeb87d083f,0.5,49.95562,49.95562,1,0
https://hashdive.com/Analyze_User?user_address=0xef8e9b751d9a57b29c1c192c4f739a5b85ec83f4,0.5,49.71965,49.719651,0.9999999798872281,0
https://hashdive.com/Analyze_User?user_address=0xf23a8ac6e8df483267ae969dee5771ab8eeb9841,0.569999,-49.629912,49.629912,-1,-12.02929876143607
https://hashdive.com/Analyze_User?user_address=0x1aea57d792238f892fbc13f80215a6a91fb4abf1,0.849999,8.687704,49.229941,0.17647195636492843,-9.280155826677948
https://hashdive.com/Analyze_User?user_address=0x1ee7d4341b01d224efed119a8c360b29ade64830,0.5,49.13763,49.13763,1,0
https://hashdive.com/Analyze_User?user_address=0x0ed41b9fa5f935f771e6cefa05e52809e5e04547,0.7,0,49,0,5.34261640274727
https://hashdive.com/Analyze_User?user_address=0x54138bd9c8460aa3a995b5f59e27bf82f1eab1b7,0.7,0,49,0,9.64465369222507
https://hashdive.com/Analyze_User?user_address=0x5b05fa2a5230375c11fe817e60dbe17725907b6c,0.7,0,49,0,-1.303580231692939
https://hashdive.com/Analyze_User?user_address=0x5d18ec539d6af2872314333c7316e68457f6620a,0.7,0,49,0,-8.869084163129738
https://hashdive.com/Analyze_User?user_address=0x9a7f417c09c2d14f7b425b4bd38e9d6311084b5d,0.66,0,48.826800000000006,0,3.046862465564354
https://hashdive.com/Analyze_User?user_address=0xef4186f427b6ff390b754247a6a80177a69ec26e,0.5,-48.338564,48.338565,-0.999999979312584,0.04206245632656583
https://hashdive.com/Analyze_User?user_address=0x8ec3910d26bf5f886484e76bfb4a1987dd2c9766,0.689999,0,48.21992737594601,0,0.6271832410810686
https://hashdive.com/Analyze_User?user_address=0xfcc54aa9e874e88b2fcd1a8701b6c13591bc4f7d,0.69,0,48.092999999999996,0,0.19863982432727884
https://hashdive.com/Analyze_User?user_address=0x854fc44c7fc82782b7c8bdb87425aa74485f00a7,0.48,2,48,0.041666666666666664,1.3419886741071865
https://hashdive.com/Analyze_User?user_address=0x6a42a3a806623da1ab61097b49262815904fc38d,0.699999,0,47.999929628574,0,9.871374563522451
https://hashdive.com/Analyze_User?user_address=0xf820c99d12deba09597ec30c5e443ec6c36e62c2,0.5,-47.85527,47.855271,-0.9999999791036602,0.041491999954957025
https://hashdive.com/Analyze_User?user_address=0x0cc25c6834341ecf893f970b2a727ff6ae67c3d2,0.56,-47.67,47.67,-1,-5.777016760439694
https://hashdive.com/Analyze_User?user_address=0xf5201f998333d228dafba270d01d8ff82b2c0637,0.413248,36.893292,47.646713,0.7743092792151266,9.813335968836798
https://hashdive.com/Analyze_User?user_address=0xf910ae21df802b0855f049ac22708ce5256729ce,0.5,-47.583254,47.583255,-0.9999999789842035,0.04217677799472231
https://hashdive.com/Analyze_User?user_address=0x774e4f078fce8cd4b9c2e9352ee406f72a3a4665,0.389999,73.51294,46.999879,1.5641091331320236,12.426660534190468
https://hashdive.com/Analyze_User?user_address=0xd61068efe9bdd4c44825b888cadc016eb17f4c9a,0.47,-46.992901,46.992902,-0.9999999787201906,2.492994739637334
https://hashdive.com/Analyze_User?user_address=0xf862b5200e53b2479780fdb4cd1a089d8152e2ba,0.359999,83.306795,46.859869,1.7777854863401343,8.677046485689319
https://hashdive.com/Analyze_User?user_address=0x4b9cf8284c1f9e87e2b255a236649356db484fcc,0.359999,83.27124,46.839869,1.7777855014923292,18.243803684455834
https://hashdive.com/Analyze_User?user_address=0x4e0950a2b5788cbe3e7b007bf09e4a4f126d86a4,0.932,3.4,46.6,0.07296137339055793,0.13836082474078945
https://hashdive.com/Analyze_User?user_address=0x41adb2ddb138ded2342bf48dbe7b579983099e2b,0.5,-46.210302,46.210303,-0.9999999783598043,-0.04153577158255834
https://hashdive.com/Analyze_User?user_address=0xaa8d1e71f6f209ae62e28ccb164310e9986a7034,0.4,69.165,46.11,1.5000000000000002,-5.488299589219495
https://hashdive.com/Analyze_User?user_address=0x431fe869021620d061174c58069a5a1697181fe9,0.4,69.075,46.05,1.5000000000000002,7.196653296817404
https://hashdive.com/Analyze_User?user_address=0x06e554c93a5760559a3a6645078bc65a7417cef0,0.4,69,46,1.5,2.552627062963203
https://hashdive.com/Analyze_User?user_address=0x8ce6dc8e7f6cb01ac3a3456e196acfdf33773322,0.669999,0,45.999930393285005,0,-3.5017833923746027
https://hashdive.com/Analyze_User?user_address=0x61df5d2ba002f91f0042c20f57b685df864c97ff,0.5,-45.980183,45.980184,-0.9999999782515006,0.03114175443427461
https://hashdive.com/Analyze_User?user_address=0xb7b274d70f8babd15c72268fc3f7ba8ae3248608,0.4,68.97,45.98,1.5,11.540259868950427
https://hashdive.com/Analyze_User?user_address=0x9b9173ba492085b4ffd420297fe579b36d2d8daa,0.5,-45.892592,45.892592,-1,-0.033726753167540265
https://hashdive.com/Analyze_User?user_address=0xb86a82ebb9a33fbb1cc0930eb02185b7ce240a11,0.5,-45.845229,45.84523,-0.99999997818748,-0.00826812407831667
https://hashdive.com/Analyze_User?user_address=0x9ffcc0d26ca06e12ee0f6768e8502946ea0c4893,0.659999,0,45.769929431517,0,-1.6873229989589442
https://hashdive.com/Analyze_User?user_address=0x6be513b1ec6207a2f2100123deb13212683f22cf,0.419999,62.709154,45.409891,1.3809580384150228,-9.230131031343255
https://hashdive.com/Analyze_User?user_address=0x6ff3bdeb139f648cc2d0d0f4f30143bd358cb24d,0.559999,31.57448,45.339918,0.6963947310182609,5.0283897663317445
https://hashdive.com/Analyze_User?user_address=0x5553796ae69df16840a9d58859932c81272b60ab,0.5,-45.289657,45.289658,-0.9999999779199038,0.011333714627596945
https://hashdive.com/Analyze_User?user_address=0x10ae70e96cbc18cc28b77c81fa46bd5f88b8cb95,0.45,46.995703,45,1.0443489555555556,-8.44200899725529
https://hashdive.com/Analyze_User?user_address=0xd93afa934528306aeabb68de38849e3de50d0c67,0.669999,1.343267,44.999932095822004,0.029850422821520544,2.9043987889827347
https://hashdive.com/Analyze_User?user_address=0x2fd3368acc7a67a8a4c4904fc5248bd95d9e7214,0.642856,25.00008,44.99992,0.5555583209925706,-1.057923365298874
https://hashdive.com/Analyze_User?user_address=0xba8b4f25b54908a529f372a13ba36e6a5dba1fbd,0.979958,0.920331,44.999815,0.020451884079967887,-3.146269847062549
https://hashdive.com/Analyze_User?user_address=0x926d4ca8b27287954c31cafbf98fe76ce56ae629,0.39,70.376499,44.994811,1.5641025584039012,-7.486539669691835
https://hashdive.com/Analyze_User?user_address=0x4588e145df2c65a29f7397f0087edae82771d3ca,0.7,0,44.8,0,0.9468842980348788
https://hashdive.com/Analyze_User?user_address=0x2d4ce25dcb4c6b0ba3af02f88381a68e09689a78,0.5,-44.670111,44.670112,-0.999999977613667,-0.013029570565539748
https://hashdive.com/Analyze_User?user_address=0x4cffacd6cc7fbe5e3d2667f8228d60529e627f6e,0.5,-44.598885,44.598886,-0.9999999775779154,-0.03401613114625415
https://hashdive.com/Analyze_User?user_address=0xbeb03ee085a42a1abf46b4456446a5c5070d912f,0.5,-44.472514,44.472514,-1,-0.03970473244910515
https://hashdive.com/Analyze_User?user_address=0x728ce4c0f53b5fee15c719eae9db1a8fe300a8ce,0.67,0,44.4344,0,-7.297108956411098
https://hashdive.com/Analyze_User?user_address=0x044987516fe2aec54ecc52b02aee160d526b2a66,0.5,-44.058641,44.058641,-1,-0.045022322505925486
https://hashdive.com/Analyze_User?user_address=0xa234bdc751080ba6c4d2c7462523dbc27791f7eb,0.88,3.5,44,0.07954545454545454,1.4647452473410687
https://hashdive.com/Analyze_User?user_address=0xde5fca59ca44a3101ae597abb2787cae1a6dfdec,0.39,68.8202,43.9998,1.564102564102564,-10.797626099382159
https://hashdive.com/Analyze_User?user_address=0x846461abcc8c82d044dbb5d8d3dcfa9fdcd72208,0.5,-43.904975,43.904975,-1,-0.08883468474788495
https://hashdive.com/Analyze_User?user_address=0x1044c82d81ed7b2d62f4117aa27fe0c666130cbb,0.568337,33.297298,43.839955,0.7595194383753359,3.725192459875059
https://hashdive.com/Analyze_User?user_address=0x7954f65f7153207af2c44302e14805d2aacbb49e,0.5,-43.779744,43.779744,-1,-0.013602649222526915
https://hashdive.com/Analyze_User?user_address=0xc0836d0e7285f186ec8174229e6aa798c2980376,0.689999,0,43.75993460971301,0,8.590305022886623
https://hashdive.com/Analyze_User?user_address=0x0d9aaebf1dd21f624d6102b5758c0d9c41d9aafc,0.5,-43.667923,43.667924,-0.9999999770998961,-0.07002718437066802
https://hashdive.com/Analyze_User?user_address=0x1fe37eb614eeb5b8c540ba56e3522563f93fe0fd,0.744783,-0.279996,43.599596819999995,-0.0064219859911998165,-5.499208434259678
https://hashdive.com/Analyze_User?user_address=0xd1820d1c46307b00a1df0574f97a6e99add0ef51,0.5,-43.35314,43.353141,-0.9999999769336206,-0.06774850322659583
https://hashdive.com/Analyze_User?user_address=0x55307e57ee66d15af36bc0894bbaca65604dd38d,0.43,-43,43,-1,-2.5631418446567156
https://hashdive.com/Analyze_User?user_address=0x51d76fbda2e2261132dcc5352b60132508684b48,0.389999,67.240878,42.989889,1.5641091327311871,13.58118961847004
https://hashdive.com/Analyze_User?user_address=0x7a186f8576faae735c02aa527f9e00e784e36f1e,0.5,-42.87559,42.87559,-1,-0.06761270854535177
https://hashdive.com/Analyze_User?user_address=0xa350f07494fd14fffeff7fcc749f8716b3fffd30,0.519999,-42.759917,42.759917,-1,1.223005923759585
https://hashdive.com/Analyze_User?user_address=0x21275df40360bbbe3bc9ec4b3d19b075c6480cb6,0.559999,-42.749922,42.749923,-0.9999999766081449,11.50974876361756
https://hashdive.com/Analyze_User?user_address=0x612c0e9ab8a7f6221f8f8dc5f772dfc727c50873,0.389999,66.642979,42.67989,1.5614608894259099,-0.9792718012537509
https://hashdive.com/Analyze_User?user_address=0x05474155c749a558ae6adb76050a748a8820fb35,0.569999,32.023758,42.449925,0.7543890360230319,-0.5966207165890004
https://hashdive.com/Analyze_User?user_address=0xa3a547029cda95b7f498baa1fd10c33ceab3877d,0.599605,-8.962687,42.242172,-0.2121739147314679,3.6232264051328906
https://hashdive.com/Analyze_User?user_address=0xf34dc42e4b884312c0b76aa7a0083197f1bf8797,0.7,0,42,0,1.2756369737209452
https://hashdive.com/Analyze_User?user_address=0xab3554507241ba2ba6056b1ce19c7b2d4759ccd0,0.75,0,42,0,0.5942971492978864
https://hashdive.com/Analyze_User?user_address=0x596a763f649f025d24024ae2a5e011762b121219,0.42,58,42,1.380952380952381,-6.430445643020245
https://hashdive.com/Analyze_User?user_address=0x9b351302a1cfb709507c5370ec291a2dfb5aa749,0.359999,44.330916,41.999883,1.055500940324048,-3.216363406032209
https://hashdive.com/Analyze_User?user_address=0xf136c4bc91b5c8dc77f44e5f0297775647b8a625,0.39,65.6909,41.9991,1.564102564102564,10.276321136677815
https://hashdive.com/Analyze_User?user_address=0x61b9e55d9f79f6206b70acc726921640cda4a63c,0.5,-41.878707,41.878707,-1,-0.03358885754971588
https://hashdive.com/Analyze_User?user_address=0x42e862b6ec184bf51681f3eaea7f63b963829d10,0.519999,18.40008,41.59992,0.44231046598166535,-3.4185915943172556
https://hashdive.com/Analyze_User?user_address=0xaa83b6be5183a5b3c02938fac294715c183d537b,0.69,0,41.4,0,-1.290977843463047
https://hashdive.com/Analyze_User?user_address=0x13b13ee510daa5a4f3cf453e9aeca53dfa28babf,0.5,-41.395701,41.395701,-1,-0.07495139158265471
https://hashdive.com/Analyze_User?user_address=0x917bc913faf063ac9d26c59d57305903f3a26ddc,0.459999,48.142262,41.00991,1.1739177676810313,-4.975603391152564
https://hashdive.com/Analyze_User?user_address=0xfefbd4f7d369a1dac164d2b210676de34ef8d0ba,0.5,-40.761846,40.761847,-0.9999999754672548,-0.006959735541835133
https://hashdive.com/Analyze_User?user_address=0xe063deda919e91917512a8c6b82525b9d28d8a04,0.74,0,40.7,0,2.627735426944269
https://hashdive.com/Analyze_User?user_address=0x477f8beaa557dacd4d10e8b30c120fafa47ad7f2,0.7,0,40.599999999999994,0,-1.031393302227038
https://hashdive.com/Analyze_User?user_address=0x8087cef60eaf3ea43e15e38921d37ea33a670300,0.46,47.52,40.48,1.173913043478261,21.92607435514261
https://hashdive.com/Analyze_User?user_address=0xe9ea84ff11509024171646bf05bb1374f1c2810a,0.4035,59.65,40.35,1.4783147459727384,-0.2775712577659151
https://hashdive.com/Analyze_User?user_address=0x36b29d6c90392eb62b88c1149df02034eee735f9,0.4,60,40,1.5,3.2216342792813837
https://hashdive.com/Analyze_User?user_address=0xed91e40c5299ec11b5be5a5e63604e55e0104bd6,0.4,60,40,1.5,-0.8663709832388642
https://hashdive.com/Analyze_User?user_address=0x9d2a99467610d8773f07db758ef8ad36ad649ee3,0.4,60,40,1.5,-1.650156237602547
https://hashdive.com/Analyze_User?user_address=0x18c6331cb85bee25a07c891df20b0e3f77fa6c18,0.738154,0,39.999965878952,0,-1.7140539655729705
https://hashdive.com/Analyze_User?user_address=0x286e14ebbf0eca8e69d356cdac78145623bdc5fb,0.544419,-35.390278,39.999948,-0.8847581001855302,-0.24385395429934753
https://hashdive.com/Analyze_User?user_address=0xc8352bbc789f7b76106f2f9258d56267d23bd92a,0.699999,0,39.999942057144004,0,4.340584839476039
https://hashdive.com/Analyze_User?user_address=0x409905a531d5950f9b76d1e9a9d66722811ba6ef,0.699999,0,39.999942057144004,0,0.9560696495746918
https://hashdive.com/Analyze_User?user_address=0xc6cf6a5cd968b32fb28c106b9ebac833171fcf43,0.699999,0,39.999942057144004,0,4.047496963827506
https://hashdive.com/Analyze_User?user_address=0x7c733f592477eb85abefa8e7cba004bdc14436c5,0.689999,0,39.999940998987,0,4.211516092438944
https://hashdive.com/Analyze_User?user_address=0xfe4a062042e17c03f179aeef4112636739289373,0.689999,0,39.999940998987,0,2.5390558219867425
https://hashdive.com/Analyze_User?user_address=0x548bcd24d5926761bbbfd98d4950d5b7066e8390,0.689999,0,39.999940308988,0,0.9633561055665798
https://hashdive.com/Analyze_User?user_address=0x52c55a86c616127d481b319f04fabe9082e7b626,0.669999,0,39.999939268508996,0,-14.180990548076728
https://hashdive.com/Analyze_User?user_address=0xfd80d58f9346659dd69a7b9d8d82aa705dd2393a,0.669999,0,39.999939268508996,0,0.6557771346599619
https://hashdive.com/Analyze_User?user_address=0x8a23ddb6993958b5321e0c1c5b4c3303e75681ca,0.669999,0,39.999939268508996,0,3.2655259520332915
https://hashdive.com/Analyze_User?user_address=0xb687379ce2ea54ef458531272ba7847471180e40,0.669999,0,39.999939268508996,0,2.02386995766907
https://hashdive.com/Analyze_User?user_address=0xc314eea406ead98dd0a8dc21a2c1c1885848fbdc,0.669999,0,39.999939268508996,0,-0.9265300573744618
https://hashdive.com/Analyze_User?user_address=0xbfa85301f2081e9d590f61169b1b520b38a5cd1e,0.694963,0,39.999938133516004,0,-3.534005487786879
https://hashdive.com/Analyze_User?user_address=0x3ae0047de05cfe61ca6ff68d148aed68f628cbe4,0.659999,0,39.999937673942,0,10.219707866514627
https://hashdive.com/Analyze_User?user_address=0x292990b42912fc2de1f7abd143a3bf36695baee0,0.394936,61.282122,39.999928,1.532055807700454,7.499915959846981
https://hashdive.com/Analyze_User?user_address=0xa2b0577d70144171ecef757746ffd8b3eca669e9,0.539999,-10.369725,39.999925,-0.2592436110817708,-3.0456641737869052
https://hashdive.com/Analyze_User?user_address=0xc9d1404a5c16d60a9a47e030019ffa468bd92b9e,0.529999,35.471773,39.999924,0.8867960099124188,-6.695457512007698
https://hashdive.com/Analyze_User?user_address=0xbff90eaf34c99eaf6e2041f7d94f9d3a5d8ba266,0.509999,-39.99992,39.999921,-0.9999999749999506,-0.6273329299651437
https://hashdive.com/Analyze_User?user_address=0xfdbf7de09b7253eb0ce1b51e03c612710962c88e,0.469999,-1.701914,39.999914,-0.042547941478074176,-1.5201772834472485
https://hashdive.com/Analyze_User?user_address=0xc5dc2f53b3e8f04f547b75ed9f462ac22cd40bc1,0.429999,53.023347,39.999906,1.3255867901289566,-9.066891356189224
https://hashdive.com/Analyze_User?user_address=0xe593e857136e7563b457700b17fd7b196b0c44cf,0.429999,53.023347,39.999906,1.3255867901289566,10.878593719724822
https://hashdive.com/Analyze_User?user_address=0x0af81897d46778069b55d19a1c748b2a4abf9454,0.704928,16.743343,39.999905,0.4185845691383517,-0.8357548588569536
https://hashdive.com/Analyze_User?user_address=0xe593e857136e7563b457700b17fd7b196b0c44cf,0.409999,57.561072,39.999902,1.439030325624298,10.878593719724822
https://hashdive.com/Analyze_User?user_address=0x7096a7c6ba4c3edae559c397a071d0ba27ace019,0.736661,14.29404,39.985959,0.35747648318250913,-4.338483080930961
https://hashdive.com/Analyze_User?user_address=0x4cd475cbef330a1fc04dcdf3fe207ad916edce48,0.469999,44.779445,39.709915,1.127664085909023,-9.908555686883922
https://hashdive.com/Analyze_User?user_address=0x22c701222a786516857612fb981c8d26e862ca3e,0.172833,-39.630606,39.630607,-0.9999999747669776,4.860394315845267
https://hashdive.com/Analyze_User?user_address=0xfe12d411132bab2b3abfb0fd6388cfaa6a0a160c,0.66,0,39.6,0,-0.8922175425036198
https://hashdive.com/Analyze_User?user_address=0x4a5967224ae6625d89cc732930afd2eabca3eb2e,0.69,0,39.33,0,-8.884629693177175
https://hashdive.com/Analyze_User?user_address=0x13c9dff4feb4a6a7f7fe6234ad58777a177a0db3,0.524,0,39.300000000000004,0,-0.6753463016076562
https://hashdive.com/Analyze_User?user_address=0x3c87bbd3c583449dc643fbfe8e3170910e9970d5,0.577174,28.70972,39.18989,0.7325797546254915,-3.3111465805949702
https://hashdive.com/Analyze_User?user_address=0xbecb621c56cf19103fc538ff37559d88be6bcb3c,0.869999,5.847055,39.129951,0.1494265862995842,-4.629772080591932
https://hashdive.com/Analyze_User?user_address=0xa702d24a767aef3266179a0ae1256d3d49bd6810,0.539999,-39.129925,39.129926,-0.9999999744441123,-11.759951318623605
https://hashdive.com/Analyze_User?user_address=0x8c46657f0fd2cf5651ca06cdbc36ba8e2059be29,0.39,61,39,1.564102564102564,-6.3316858144929995
https://hashdive.com/Analyze_User?user_address=0x51b19297fcaac96c77309b3a2693ced4806bbce2,0.39,61,39,1.564102564102564,-3.482935053712388
https://hashdive.com/Analyze_User?user_address=0x3ba4e42c2632e522195eaca6efa8fee998f534e0,0.39,61,39,1.564102564102564,1.788583427892744
https://hashdive.com/Analyze_User?user_address=0xa8e5f0f0b97c044a9fbe1735487d88b5cc46be51,0.39,60.998998,38.99936,1.5641025391185905,2.3430814445631483
https://hashdive.com/Analyze_User?user_address=0x6e2b4e44977cb9d09d8a997cd4bfcccbdc17525a,0.469999,6.614974,38.499917,0.17181787690607228,-6.110723292550753
https://hashdive.com/Analyze_User?user_address=0x729b673448edf191575a7d0784bc3662988341e5,0.549848,-37.859979,37.85998,-0.9999999735868852,-6.85321717371775
https://hashdive.com/Analyze_User?user_address=0x53b9c335f2b1d4ec7a617b633359f5ffb3311d0f,0.556874,-37.409998,37.409999,-0.9999999732691787,0.2594894554789464
https://hashdive.com/Analyze_User?user_address=0x31b9590db4582273f6aab476bc19337d1277b28a,0.37,0,37,0,-2.5553113385873187
https://hashdive.com/Analyze_User?user_address=0x6738a7f154499470113b0dfbd8cfaa12ea492ef5,0.37,63,37,1.7027027027027026,18.345649634092513
https://hashdive.com/Analyze_User?user_address=0x11066825d76400afb3c51a2bde91c30390da9e55,0.37,63,37,1.7027027027027026,-3.4272457104431115
https://hashdive.com/Analyze_User?user_address=0x0015bd8f8cdf6cd7e32fd6649db09b5d38ff1dae,0.798847,9.271414,36.819942,0.25180414461272105,-4.012574616925044
https://hashdive.com/Analyze_User?user_address=0xcc781e292f922688d092362227b4329b96e74d6a,0.699999,0,36.639946857144,0,4.021944788919307
https://hashdive.com/Analyze_User?user_address=0xb67098f58ef5646763671cf35a9d77f9718dae89,0.483999,13.900075,36.299925,0.38292296747169585,-0.3244959309085372
https://hashdive.com/Analyze_User?user_address=0x6294423fc1d1c2368616045ea1ee22b1cdfa2958,0.389999,56.651886,36.219906,1.5641091393224487,-6.429778095340525
https://hashdive.com/Analyze_User?user_address=0x50ec4dfcef0ab10a400a2b5e836186a0a97084bc,0.549999,15.760865,36.119934,0.43634811182102384,0.40445529645773476
https://hashdive.com/Analyze_User?user_address=0x1bb2b85f1aac600d0f3d7e9f2bc92f99ed78317b,0.429999,47.721013,35.999916,1.325586787480282,11.81045611672512
https://hashdive.com/Analyze_User?user_address=0x6bea184d24deac1e6ce9bc5d89facb6274585d50,0.513999,34.02007,35.97993,0.9455290769048187,-6.900971593508734
https://hashdive.com/Analyze_User?user_address=0xc599189695501d6b334094897202e0f3171a2cec,0.403595,8.580045,35.919955,0.23886569457005166,3.2809202191936566
https://hashdive.com/Analyze_User?user_address=0xa3a547029cda95b7f498baa1fd10c33ceab3877d,0.57,-2.678563,35.682,-0.07506762513312033,3.6232264051328906
https://hashdive.com/Analyze_User?user_address=0x58740e6a12c86608cf0d15b899f03ae5796ea9d7,0.508501,-34.082714,35.479936,-0.9606193765400254,-1.3539964854139022
https://hashdive.com/Analyze_User?user_address=0xf898dc38744d9e173bcaadef0647ceb42ad8e720,0.38,-7.88,35.34,-0.2229767968307866,9.132620257056796
https://hashdive.com/Analyze_User?user_address=0xcb5b6050537d80e1783d6a26a610d1390faaa50f,0.669999,0,35.229945707913004,0,8.679562641331804
https://hashdive.com/Analyze_User?user_address=0xebed3bf405f6115f43e356b4effc4e92329e97be,0.609999,22.464807,35.229941,0.6376623508963584,-4.275460332479108
https://hashdive.com/Analyze_User?user_address=0x2269d3476fb2653a99d1bd75aa3ee02e3e3c1a89,0.429999,46.567755,35.129918,1.3255867833224089,6.220028238626005
https://hashdive.com/Analyze_User?user_address=0xdeb93728afe512564ea8027c323b102c7596b55e,0.7,0,35,0,-17.51702568133089
https://hashdive.com/Analyze_User?user_address=0x110d8aa7f08434448ca5b5a1acac44c8a902731d,0.7,0,35,0,4.2857142857142865
https://hashdive.com/Analyze_User?user_address=0xec25c44518e113a23b708070ed960d54ad83dec6,0.7,0,35,0,0.8859614626292062
https://hashdive.com/Analyze_User?user_address=0x74c03ce9ea3d9dc8515150523ff32c834c67b9cf,0.7,0,35,0,4.2857142857142865
https://hashdive.com/Analyze_User?user_address=0xb701c372d94c40bba12dbe41cfb3db9ee39d7cf6,0.4,52.5,35,1.5,-3.467176751693101
https://hashdive.com/Analyze_User?user_address=0x110624e236e19e0ed8a484c81bd5bd569247a85a,0.469999,39.468158,34.999925,1.127664073565872,-0.9104511418686928
https://hashdive.com/Analyze_User?user_address=0x68b09051788f865f6a2693543a849b2c416ec482,0.469999,39.468158,34.999925,1.127664073565872,4.830475346536536
https://hashdive.com/Analyze_User?user_address=0x73083ad06fd2c1414f780d88c63e9f84aa718058,0.439999,44.545533,34.99992,1.272732423388396,-3.2439134982439515
https://hashdive.com/Analyze_User?user_address=0x50aff371e49f9f5e64ca907c26422920c1edf977,0.409999,50.365938,34.999914,1.4390303359031111,1.8583471816306518
https://hashdive.com/Analyze_User?user_address=0x9cf49b206582539bbb4e9f2d3f5d616531b2b8e4,0.7,0,34.739999,0,-1.649107594664603
https://hashdive.com/Analyze_User?user_address=0x4d8c8ff1a1aadb429c9de95fe1c4c01a86bcc6d9,0.379999,56.550616,34.659908,1.6315858657212823,-3.3739281819032003
https://hashdive.com/Analyze_User?user_address=0xb3e641ed684330ac17cf3b2d686f3a6aa3a4e2bd,0.56,-34.58,34.58,-1,15.542725111584673
https://hashdive.com/Analyze_User?user_address=0x6e775af6ab5514d992aa1f5353e1d91862eb2d72,0.4,51.765,34.51,1.5,-3.5978120792494153
https://hashdive.com/Analyze_User?user_address=0xcc03c940a4a75d7abbf1d104ca7bd7a83957522a,0.459999,21.605332,33.799925,0.6392124242879237,1.6739428061244346
https://hashdive.com/Analyze_User?user_address=0xe4fdbc333c2d9997ffbca01ac6c112bc348ec87e,0.67,0,33.5,0,3.9145541641322774
https://hashdive.com/Analyze_User?user_address=0x5a38ad0179d94a12419ab742414e5953d8f7bb07,0.67,0,33.5,0,4.925373134328357
https://hashdive.com/Analyze_User?user_address=0x39fc58bfcf6f22588b0789746d1c4a5feffbfd3e,0.4,49.995,33.33,1.5,-4.320740561622547
https://hashdive.com/Analyze_User?user_address=0x9a3296ee595f5ae0fe8ad5e6865d0e5ac3756cc5,0.66,0,33,0,5.151515151515151
https://hashdive.com/Analyze_User?user_address=0xed1d7c088102648bf1277992161b04b3725e8707,0.55,-33,33,-1,0.423322370985718
https://hashdive.com/Analyze_User?user_address=0x383b8af582f8d85187697eaf86731cba51d9c4fe,0.395842,50.366537,32.999962,1.5262604544817358,4.819877510703179
https://hashdive.com/Analyze_User?user_address=0x6564c83ad0662cc0c129168b59204bdbab237246,0.669999,0,32.99994984627,0,0.3049875676336628
https://hashdive.com/Analyze_User?user_address=0x38a00d59548561391a9caf8bd708c661ff4416e9,0.379999,53.72798,32.929913,1.631585847190061,-2.155152021497136
https://hashdive.com/Analyze_User?user_address=0xd26960fa8bafe528f23c3a982a11ee6501348055,0.559999,-32.499941,32.499941,-1,-3.290059500656975
https://hashdive.com/Analyze_User?user_address=0x38b80df73966c8294aa52847ae426829e1ecaadc,0.52258,0,32.39996,0,2.3096379953777597
https://hashdive.com/Analyze_User?user_address=0x6d0186ee2a018bbb3cbb3ef49cbff8c783ab0ab1,0.54,-32.399294,32.399295,-0.9999999691351308,6.117040537498922
https://hashdive.com/Analyze_User?user_address=0x40225a92671bf2ec1049123c59b50157ade046b6,0.459999,37.999634,32.369929,1.1739177432239658,6.062242089004033
https://hashdive.com/Analyze_User?user_address=0x50b762ac487dcfa1faf865428d5ea4f0765127e4,0.389905,50.35286,32.179959,1.5647272888072978,3.307111618342299
https://hashdive.com/Analyze_User?user_address=0x5769e96eda3fd3f8bc79e08ab6e2577a88b8a5da,0.703091,13.580848,32.159928,0.4222909951788449,-2.912103196199009
https://hashdive.com/Analyze_User?user_address=0xf2cb2c24e1a8963bbf775d02fde60f46aa40c3c8,0.5,32,32,1,-1.6608624030759855
https://hashdive.com/Analyze_User?user_address=0xec8f81dfe5d8cb0bea4d26d0122e3d2b6c6112f5,0.4,48,32,1.5,-4.80862890011719
https://hashdive.com/Analyze_User?user_address=0x5485bfefe8c57a3f7d50424b1cd6a1f12da3f70a,0.659999,0,31.999950535153,0,7.250042415567913
https://hashdive.com/Analyze_User?user_address=0xee1a060c1d574fb4af978bafe9dee21bbb865a46,0.659999,0,31.999950535153,0,-0.13813717298962638
https://hashdive.com/Analyze_User?user_address=0x2dfd9da04d0c35bc2089082222ade8b0fc760d00,0.659999,0,31.999950535153,0,0.9287696920291868
https://hashdive.com/Analyze_User?user_address=0x933d2fd14bf93cab6eed9b1d7de92347b2cadbe9,0.389999,50.051363,31.999918,1.5641091017795734,-9.068166696589534
https://hashdive.com/Analyze_User?user_address=0x0a9bd7da6382d283bb84d7fe7c04653d0e6bb0b7,0.689999,0,31.919951969133,0,1.6183637594904163
https://hashdive.com/Analyze_User?user_address=0x53035b08a7d723ff56246083089ab6d7c83d5286,0.389999,49.86367,31.879918,1.5641091046721012,4.773803799533
https://hashdive.com/Analyze_User?user_address=0x49f75ec0960f17daa380f716d4c4006dc191046b,0.51,-31.875,31.875,-1,-7.62159004904812
https://hashdive.com/Analyze_User?user_address=0x3d64c3761d86ebfa99eceb4285d427caf3d98501,0.989999,0.320739,31.749967,0.010102026247775312,-11.057579605492824
https://hashdive.com/Analyze_User?user_address=0xaec4f6c755b3861ec164c4b3c978ea73c2749fac,0.389999,49.629054,31.729918,1.5641091161975267,0.6270842145698864
https://hashdive.com/Analyze_User?user_address=0x2a8ca03c7cfc8874f7a22cf2d08ee3fcfe57fb4c,0.679999,0,31.68995259706,0,-14.220394091850546
https://hashdive.com/Analyze_User?user_address=0xfd7c083c337b6f09a8412477b46cad6552a26d35,0.689999,0,31.629952979422,0,-3.8258355340272363
https://hashdive.com/Analyze_User?user_address=0x54b56146656e7eef9da02b3a030c18e06e924b31,0.35,13.499769,31.499461,0.4285714285714286,0.8588074606712558
https://hashdive.com/Analyze_User?user_address=0x0812b843adbfaaba17a67d689657630357a26331,0.4,38.2543,31.23,1.2249215497918668,0.22548932905035876
https://hashdive.com/Analyze_User?user_address=0xcc098cd912669a8458b75f5fd9560c6431e99d12,0.39,48.8,31.2,1.564102564102564,-0.6187179643744146
https://hashdive.com/Analyze_User?user_address=0x3d64c3761d86ebfa99eceb4285d427caf3d98501,0.989999,0.314374,31.119967,0.010102003000195984,-11.057579605492824
https://hashdive.com/Analyze_User?user_address=0x1fb466a04636705397eae75b1652774e7f64166e,0.744323,0,30.999960283836,0,-1.4964767699258976
https://hashdive.com/Analyze_User?user_address=0xf1b04492846975ecc383409d85d2828a472153c3,0.669999,0,30.999952581345003,0,3.45273200079283
https://hashdive.com/Analyze_User?user_address=0xf6fdd697c036d239cd335ee47c94b7c883f0b1e4,0.659999,0,30.999951070305997,0,-6.896379390633832
https://hashdive.com/Analyze_User?user_address=0x70871c943bf0d711106facff41519880be0285bf,0.659999,0,30.999951070305997,0,2.802937499195459
https://hashdive.com/Analyze_User?user_address=0x5889382d71b0f58a0c64750cea81294c37e4f416,0.449999,37.888956,30.99993,1.2222271469645254,-2.4325501444967648
https://hashdive.com/Analyze_User?user_address=0xe72751191c2a5d995be382a4167a45a6c3d5a39c,0.487668,32.567621,30.999795,1.0505753667080704,-1.512557135744278
https://hashdive.com/Analyze_User?user_address=0xb9c2f181dc33835d2e41f831e141c88634f61f15,0.389999,48.409052,30.94992,1.5641091156293783,23.57720698257883
https://hashdive.com/Analyze_User?user_address=0x9d50679ccaa10d3f9e6ce9bae12aa0372b761160,0.77,8.8,30.8,0.28571428571428575,-3.4636692039066586
https://hashdive.com/Analyze_User?user_address=0x2c02c9b3d7f6817c9f70be3153b238ad9589b4d4,0.53,0.5809,30.791306,0.018865714887182763,5.155036719975197
https://hashdive.com/Analyze_User?user_address=0x10c0f1450f92d4cafd245b5dc11bb03a9492c249,0.389999,48.127513,30.76992,1.5641091364553434,6.892803624873403
https://hashdive.com/Analyze_User?user_address=0xdbbafc421de6b27061808ea6c07e8e775ca0c04f,0.546317,-30.749998,30.749999,-0.9999999674796738,-11.862743903834648
https://hashdive.com/Analyze_User?user_address=0x58c85b9a2f357cb32d92cbb6443d552148060300,0.68,0.32,30.6,0.01045751633986928,1.2723580464781339
https://hashdive.com/Analyze_User?user_address=0x83d87d7517e7998636241efce4ec6c46d02b9a77,0.869553,4.576988,30.509967,0.1500161570151813,-0.765437049617326
https://hashdive.com/Analyze_User?user_address=0x3941317400f99cafa5b747eef6c5edc40efe12c3,0.390633,47.578308,30.499941,1.5599475421936062,11.80121912375501
https://hashdive.com/Analyze_User?user_address=0x150e604b7a6b707cd84a7a6ff59897e004573b97,0.770394,9.00479,30.34996,0.29669857884491446,-3.682989167230593
https://hashdive.com/Analyze_User?user_address=0x7ff251ecee7cace3a49935ace6ec68364a24c1bf,0.4,45.48,30.32,1.4999999999999998,7.124244897563738
https://hashdive.com/Analyze_User?user_address=0x3fb793c1c352546a5b908adf5a8009aebe407fae,0.389999,47.314179,30.249922,1.564109123983857,2.569645752576121
https://hashdive.com/Analyze_User?user_address=0x33dcb164d3e51a0989fa542bef93869d6230415e,0.5,25.2004,30,0.8400133333333333,-1.2348278277401286
https://hashdive.com/Analyze_User?user_address=0xcf1818e17490a751470de048bdff96a46b01b7e5,0.705298,12.491146,29.999999,0.41637154721238495,-7.341999762656003
https://hashdive.com/Analyze_User?user_address=0xf186210958fd76f977188366e4e432c7baf8a2b7,0.7,0,29.999997999999998,0,-4.11616166226063
https://hashdive.com/Analyze_User?user_address=0x800b9c09db7421ba9fcdd712c56b1398627f6e4d,0.7,0,29.999997999999998,0,7.251049167668246
https://hashdive.com/Analyze_User?user_address=0xaeb2d382f0071e26a929f0c56bf2f406def4e33f,0.7,0,29.999997999999998,0,-2.71379537473146
https://hashdive.com/Analyze_User?user_address=0x692e05ad50218695a56262a6cd07a004cc88e0fb,0.7,0,29.999997999999998,0,9.557619870901874
https://hashdive.com/Analyze_User?user_address=0x0ca8b912f7c8e598f47aff0133e467cec7efdddd,0.7,0,29.999997999999998,0,1.1137864707005891
https://hashdive.com/Analyze_User?user_address=0xd22902aa669116e3d49ed9ebb2403c919bc18917,0.7,0,29.999997999999998,0,-4.510878518502813
https://hashdive.com/Analyze_User?user_address=0x3e2830b036af13aa1389f166e2cbc740c4ab3e73,0.7,0,29.999997999999998,0,-1.7567421450845742
https://hashdive.com/Analyze_User?user_address=0xd9a04f21526c3f277bfb19f54a01f77251468b5b,0.7,0,29.999997999999998,0,1.3421744782601301
https://hashdive.com/Analyze_User?user_address=0xde373c90d573a7c49d62608d1d7c88555380bf0b,0.9,3.333333,29.999997,0.11111111111111112,-0.23618183765639414
https://hashdive.com/Analyze_User?user_address=0xd99e736d3e1c5d28cbfe19fe4e1b5301e12b67e3,0.75,0,29.999997,0,-22.401916606770428
https://hashdive.com/Analyze_User?user_address=0xc36b4b797339dd0e4fcec2e587e19171ecf83ecf,0.698835,0,29.99998721595,0,-1.1910761496233848
https://hashdive.com/Analyze_User?user_address=0x1e195a43e8fbeece7e232733b292dd0a8b0e7100,0.754384,0,29.999965720000002,0,-40.109752753110655
https://hashdive.com/Analyze_User?user_address=0x43882c0fcdabe02b62e05f5485b6b68622ec9ce4,0.548172,24.727313,29.999958,0.8242449206095555,-2.502431834238938
https://hashdive.com/Analyze_User?user_address=0x55341e6541b3ec45ee5c65ac0400993c0913eb60,0.679999,0,29.999955162354002,0,1.2471860759628128
https://hashdive.com/Analyze_User?user_address=0x1d4d520777b703a59107757f304eeb2c08942bc4,0.669999,0,29.999954283881998,0,6.428911551335689
https://hashdive.com/Analyze_User?user_address=0xf7e75e1cd83f6c0ed39de0b628a2d15f49f62a85,0.669999,0,29.999954283881998,0,-1.4931896406119638
https://hashdive.com/Analyze_User?user_address=0x43920cc9f5b6ff988c9ab1f54648216d2c690da3,0.659999,0,29.999953585455998,0,0.42493641036645435
https://hashdive.com/Analyze_User?user_address=0x01fa3b6bba01437da6235ac67a3a7205955cc2ed,0.659999,0,29.999953585455998,0,-2.654478220898598
https://hashdive.com/Analyze_User?user_address=0x79c67afc89aa5e316423894979ddf285ef483682,0.659999,0,29.999953585455998,0,0.47602795932830644
https://hashdive.com/Analyze_User?user_address=0x05474155c749a558ae6adb76050a748a8820fb35,0.529999,-29.999942,29.999943,-0.9999999666666034,-0.5966207165890004
https://hashdive.com/Analyze_User?user_address=0x267d530600df65a668e089b521a5071d678a7b65,0.406275,43.841522,29.99994,1.4613869894406455,-3.6076058444480212
https://hashdive.com/Analyze_User?user_address=0x19af185f818bdd5129a1b7de11699aa8e4ef4d7e,0.469999,33.82985,29.999936,1.1276640723500209,-1.3307250900643264
https://hashdive.com/Analyze_User?user_address=0x0af81897d46778069b55d19a1c748b2a4abf9454,0.42494,40.598087,29.999915,1.3532734009413026,-0.8357548588569536
https://hashdive.com/Analyze_User?user_address=0x3f1049832603f6dd14a2d82059eeb359dce5d717,0.426613,40.32123,29.999915,1.3440448081269563,10.235829780293153
https://hashdive.com/Analyze_User?user_address=0xe4a67f9fbe6da81eeef1911753f7c4d7f44e6993,0.456616,35.700589,29.99989,1.1900239967546549,11.551456576654552
https://hashdive.com/Analyze_User?user_address=0xafadb25e41af40086943040c9ca17aff55cbe291,0.389999,46.907511,29.989922,1.5641091363958866,-8.838869756810558
https://hashdive.com/Analyze_User?user_address=0x5e29f3d11ca870b90fef50086ba8fae65fba21d4,0.389999,46.547767,29.759923,1.5641091208468516,9.574614565407828
https://hashdive.com/Analyze_User?user_address=0x7fa9583cb82ab4a06cace826db93044e37660c40,0.539999,-29.479944,29.479945,-0.9999999660786341,4.10482588827771
https://hashdive.com/Analyze_User?user_address=0xf524ac960b1c3b0ad111f14485e6c8bc2fc7cd0b,0.759906,8.303898,29.270452,0.28369558488539914,-0.37143510009135094
https://hashdive.com/Analyze_User?user_address=0x615fee0eeee677d7516d22faed7f3655f467e162,0.469999,32.96155,29.229937,1.1276640794675679,-1.2435294610170098
https://hashdive.com/Analyze_User?user_address=0x9ed9cb96306832eeca42dd1cf9d7e6a9d02422e5,0.7,0,29.169,0,2.173487841198169
https://hashdive.com/Analyze_User?user_address=0xee2e33d22e1f2c94bad908b9a66b55043addafc9,0.389999,45.468535,29.069925,1.5641091265285343,-2.889431582026793
https://hashdive.com/Analyze_User?user_address=0xd06a4944de42bca7580b84113f2bb337b54a5ae7,0.659999,0,28.999954780608,0,0.7108268759348555
https://hashdive.com/Analyze_User?user_address=0x2366dfe4a7079538fa20f6d3afb3273e7fbd1078,0.386839,45.966386,28.999873,1.5850547345500443,-0.9087580091491415
https://hashdive.com/Analyze_User?user_address=0xf3ea14a549363509176e6fc6df9cd511706a3039,0.57,21.5,28.5,0.7543859649122807,1.3784750948531097
https://hashdive.com/Analyze_User?user_address=0xab3cb3c2e8d8d4608b8a4ab258cc09f51f255093,0.38,46.425,28.5,1.6289473684210525,-1.826876430369882
https://hashdive.com/Analyze_User?user_address=0x674ba54fe37dad18f1a2ed3aa3569ef637cc4040,0.369999,48.13548,28.269923,1.7027099790827165,1.2704119863216288
https://hashdive.com/Analyze_User?user_address=0xcdac8e89b450687835e5cc56fdf0351b408dc9b7,0.7,0,28.195999999999998,0,-0.0199417883413825
https://hashdive.com/Analyze_User?user_address=0x9ec12125de9e12cc08dcd0b12ff23c9f346c1782,0.7,0,28.195999999999998,0,1.6015705094362556
https://hashdive.com/Analyze_User?user_address=0x65cf4e8b21d739df7c7b067cf72d01aad3fd5c18,0.5,0,28,0,-0.6933195171345718
https://hashdive.com/Analyze_User?user_address=0x3f61b95800734a3a74fa40cfc6d5d932136fd105,0.7,0,28,0,8.574856748197462
https://hashdive.com/Analyze_User?user_address=0xfab18bb67f33ba4ef56f4b6016944bf1bce44e6c,0.659999,0,27.999956635759002,0,-2.246342428486062
https://hashdive.com/Analyze_User?user_address=0x3dea0efd80e3748c8d60fb1abbe569193ff026d5,0.659999,0,27.999956635759002,0,1.142351459479114
https://hashdive.com/Analyze_User?user_address=0x0986435d6c6f876ce99aed1753ccbbb341244504,0.409999,40.29275,27.999931,1.439030331896175,-7.6743013225653955
https://hashdive.com/Analyze_User?user_address=0x66030b489bfdb895b0c7b020f117712fe9f29c90,0.75,0,27.75,0,-13.866549471125351
https://hashdive.com/Analyze_User?user_address=0xa7ef4560c2f30b5ae406eafb134c515812cdac6d,0.389999,43.263146,27.659928,1.5641091328943444,-10.624034941182913
https://hashdive.com/Analyze_User?user_address=0xf8563fce1ab5d47a50d108c68d9269b2ed42927a,0.7,0,27.223,0,1.9669690685901666
https://hashdive.com/Analyze_User?user_address=0x116c3d6325e85332103c73259d5beb3dac43e4e1,0.7,0,27.223,0,2.319400618247534
https://hashdive.com/Analyze_User?user_address=0xe21fce07868271ec556fc49cbb14e3caed3eaf0e,0.7,0,27.223,0,-0.05285052789441509
https://hashdive.com/Analyze_User?user_address=0x3be2e70e54e8f1f304f401f98a9bbce53f99ac88,0.52,25.08,27.17,0.9230769230769229,-5.543030016703813
https://hashdive.com/Analyze_User?user_address=0x0e2825109286ff16dc929d583cc151bd2dab7ea9,0.455774,19.082285,27.148276,0.7028912259474598,-0.657409148130721
https://hashdive.com/Analyze_User?user_address=0xb928f95511344599910191521bc249834d16fa64,0.65,0,26.999999000000003,0,-2.0217304814312165
https://hashdive.com/Analyze_User?user_address=0xf256f3f1d850c119d6050e6ab7dedfa94486c995,0.699999,0,26.999959628574004,0,6.222885954907391
https://hashdive.com/Analyze_User?user_address=0x4517c53ccd80df2dcde0c0263f63928acd755f9e,0.699999,0,26.999959628574004,0,0.0891705290161874
https://hashdive.com/Analyze_User?user_address=0xce2ed0cfc30da2f531c0af3ab1fec7fbf78ac77b,0.699999,0,26.999959628574004,0,-4.309559698577367
https://hashdive.com/Analyze_User?user_address=0xfa588c3261e593cd4e2f7ab9043f1cbcd0eaa0c4,0.669999,0,26.999958721494004,0,4.777081527440565
https://hashdive.com/Analyze_User?user_address=0xa74143e65cfd3a7d3898c43ecb634ddad199bd1f,0.659999,0,26.999957170911998,0,0.7250367033027274
https://hashdive.com/Analyze_User?user_address=0x5cf65b4c868a5b48020dd60eea9feef2a38ad0e7,0.405999,0,26.389935,0,-5.274315317364171
https://hashdive.com/Analyze_User?user_address=0xb9139ad29b67df23d129cbd79f9107b4b52e0826,0.7,0,26.25,0,3.864732108960455
https://hashdive.com/Analyze_User?user_address=0x8f14ffcc0f6a2549f89ca78e252cb3f3d98c3ee8,0.7,0,26.25,0,-0.0506497956254434
https://hashdive.com/Analyze_User?user_address=0x94d2ab1b052673bd85ef794c55cafa2072fbdf10,0.42,36.209799,26.220889,1.380952377320235,19.368422387276993
https://hashdive.com/Analyze_User?user_address=0x3dd4ba9f9aa3b9de1ce743bf8c4ba4c86ac21b50,0.3725,44.085012,26.169988,1.6845637070983754,1.0665909076584192
https://hashdive.com/Analyze_User?user_address=0x2058985681426f5d02b9e318ef77bc57b23572b1,0.669999,0,25.999960424031,0,-0.2280428545441425
https://hashdive.com/Analyze_User?user_address=0x9c1e67fb9d50df2fc8d15984acf4b5f7aedab7d3,0.65,0,25.99071085,0,4.6616009666231415
https://hashdive.com/Analyze_User?user_address=0xd55c07ded5a2476a449f49ae4042ec9718d734fe,0.500243,25.884816,25.909989,0.9990284442035078,4.665873703655755
https://hashdive.com/Analyze_User?user_address=0x6d58a305d0b27ef6c7924e9d1f01e0309adeb8a8,0.429999,33.802383,25.49994,1.3255867660865084,-9.604349249737357
https://hashdive.com/Analyze_User?user_address=0x6c450162f87b080612c01ab2f0bede1467dd4166,0.7,0,25.276999999999997,0,2.3398199166003115
https://hashdive.com/Analyze_User?user_address=0xb2f756ad57fa007f4e1f84f36c560b5189f38390,0.7,0,25.276999999999997,0,-0.06439125603410847
https://hashdive.com/Analyze_User?user_address=0x5dd9fa7a1ea60bb767a10de2d0fdbd54d6ce2af2,0.4,37.5,25,1.5,3.668568239627813
https://hashdive.com/Analyze_User?user_address=0x25613ab4ebb5e7341ef6e26ba1497436ef94f665,0.4,37.5,25,1.5,7.017101912747579
https://hashdive.com/Analyze_User?user_address=0x999bb6ab2700ca31de99f2ca5daf0627f0189112,0.4,37.5,25,1.5,0.4923899336799398
https://hashdive.com/Analyze_User?user_address=0xa33700d9f63c42f5eeaa1e01aac889adbbf79e54,0.4,37.5,25,1.5,-5.554725315511564
https://hashdive.com/Analyze_User?user_address=0x5c564445058db255a39b67a17b595a1f41415a66,0.4,37.5,25,1.5,1.8313039564332037
https://hashdive.com/Analyze_User?user_address=0xdd0b5e5924a5b8e327f5a224f53acb31a99641fe,0.4,37.5,25,1.5,-5.124895936965139
https://hashdive.com/Analyze_User?user_address=0x73083ad06fd2c1414f780d88c63e9f84aa718058,0.4,-0.625,25,-0.025,-3.2439134982439515
https://hashdive.com/Analyze_User?user_address=0x86514d5ebe6f13bc26242f2d3d349be634d44e6c,0.4,0,25,0,-3.9690322991974236
https://hashdive.com/Analyze_User?user_address=0x53b3f4bad95d4d8813734e39017c4651c2993eba,0.689999,0.000036,24.999963038117002,0.0000014400021290076084,-10.061546127506162
https://hashdive.com/Analyze_User?user_address=0x614b7dba9f764c95487c46a244a99c8752c05845,0.699999,0,24.999962385717,0,-0.6332534653235556
https://hashdive.com/Analyze_User?user_address=0xa0e82315c99196b69420294093839492b807a236,0.699999,0,24.999962385717,0,-1.2092672182471202
https://hashdive.com/Analyze_User?user_address=0x439f10990d11dbf3d06b54aad843cb391fb3bded,0.699999,0,24.999962385717,0,0.48740061623503594
https://hashdive.com/Analyze_User?user_address=0x7a29b0fb03ab04e087d20c61685c903cdd45c0b6,0.699999,0,24.999962385717,0,-1.3506001518266555
https://hashdive.com/Analyze_User?user_address=0x0fe65d4a8d3e264c8da01c5bba40e1f3f38f3013,0.699999,0,24.999962385717,0,-16.431383452766937
https://hashdive.com/Analyze_User?user_address=0xac534f118f2cb9b3cdc297989b6ecd50929c187e,0.699999,0,24.999962385717,0,-9.507037806401224
https://hashdive.com/Analyze_User?user_address=0xea973f9233d7cf4c4bbe8ed2ebedfff539f2c885,0.699999,0,24.999962385717,0,0.2468888326358744
https://hashdive.com/Analyze_User?user_address=0x2fdfcfe873ec73f6fcb34be116251c714ee62c6d,0.669999,0,24.999961456569,0,-8.98805560464093
https://hashdive.com/Analyze_User?user_address=0xa38a34ea2034edf3ee68202f8dd11c412f16991b,0.669999,0,24.999961456569,0,8.894606058461802
https://hashdive.com/Analyze_User?user_address=0x11a568b2770d792b638f0c344323a1d40cec2fa8,0.669999,0,24.999961456569,0,-1.137717130738813
https://hashdive.com/Analyze_User?user_address=0xc3fdc524d6f833e81817c1092ebeb730f3e67d56,0.649999,0,24.999960588463,0,-1.747083991227193
https://hashdive.com/Analyze_User?user_address=0x26e5d0e8d24312e8f9773654d06931e8fba3d7fe,0.659999,0,24.999960221215,0,-0.0501098490988262
https://hashdive.com/Analyze_User?user_address=0x899203d69ffd289c506ba11c47d70e0fdbea2dcf,0.539999,21.296341,24.999953,0.851855241487854,-0.502030860021642
https://hashdive.com/Analyze_User?user_address=0x79fe2dda91c9c03cca80fdc8b335237b9e9c0937,0.969999,0.77322,24.999945,0.030928868043509698,-17.047528835351493
https://hashdive.com/Analyze_User?user_address=0x95e595259385f24fb7b3e7b518c8d3ad660244d9,0.459999,29.347879,24.999945,1.1739177426190337,-3.226001705120891
https://hashdive.com/Analyze_User?user_address=0xf2cec0769b2fe49dc849d678a9944a5740b4bca1,0.429999,28.093981,24.999941,1.1237618920780652,-9.45729101493731
https://hashdive.com/Analyze_User?user_address=0xc13f2a97dd2a68061c1b382568b7bd711a08c93b,0.429999,12.212791,24.999941,0.48851279289019117,1.3702400452969157
https://hashdive.com/Analyze_User?user_address=0xa33700d9f63c42f5eeaa1e01aac889adbbf79e54,0.409999,35.975669,24.999938,1.4390303287952155,-5.554725315511564
https://hashdive.com/Analyze_User?user_address=0x3d273aecb664bf1918778a37ab5ee44133adc113,0.409999,35.975669,24.999938,1.4390303287952155,-0.06265065866519383
https://hashdive.com/Analyze_User?user_address=0xc7c94386d5c6953e26e5926dc282f1f7569b3464,0.401625,30.4587,24.999935,1.218351167713036,-2.270110144923914
https://hashdive.com/Analyze_User?user_address=0xc4aa1a13f8073513ed1d1987fd5dd5893e0ba1c7,0.693011,0,24.789991703686,0,3.8787166586048345
https://hashdive.com/Analyze_User?user_address=0x3dd4ba9f9aa3b9de1ce743bf8c4ba4c86ac21b50,0.429999,32.847963,24.779942,1.3255867588390644,1.0665909076584192
https://hashdive.com/Analyze_User?user_address=0xbb0a16004985e04325d963b7c9e98b7e71f2fe89,0.7,0,24.589999000000002,0,3.3363971558086747
https://hashdive.com/Analyze_User?user_address=0xd18b62f55d83c647e57bbebbc5b4bb98981a520c,0.659999,1.105836,24.329962236365002,0.04545161185442171,3.892191718533872
https://hashdive.com/Analyze_User?user_address=0x95ab0cb13430580b2ec76aff8e658cd9246f7353,0.7,0,24.304,0,-0.0560100297112287
https://hashdive.com/Analyze_User?user_address=0xba5e15854fd290666dcbeee27aa595c72a2fcd3e,0.7,0,24.304,0,2.2471779850496363
https://hashdive.com/Analyze_User?user_address=0xa5896031a651ef722f0cd9397e1b2ce830b34ded,0.4,36.255,24.17,1.5,0.22223350223371885
https://hashdive.com/Analyze_User?user_address=0xfcd01806d647fead5ebf83de786fcc0e15d4157d,0.513214,20.969049,24.009939,0.873348699469832,0.10266232846208848
https://hashdive.com/Analyze_User?user_address=0x1c6b4a1a2de198743ca76682af25e488ac8aab7e,0.99,0.242424,23.999976,0.0101010101010101,-32.35242439579171
https://hashdive.com/Analyze_User?user_address=0xa987dcf253ee516654996d46d62cc3626e49cb10,0.969999,0.716904,23.999973,0.029871033604912806,1.5594625600080732
https://hashdive.com/Analyze_User?user_address=0x2664fb14b922ab0d35c739db8af24b6bd93053f8,0.699999,0,23.999964814287,0,-7.934709423097425
https://hashdive.com/Analyze_User?user_address=0x17da7ae41833ec10476052a5830ad9afbc428375,0.669999,0,23.999963159106002,0,-17.607276338359245
https://hashdive.com/Analyze_User?user_address=0x85a88c79d51bee62738481434c0affd1691a5468,0.669999,0,23.999962489107,0,0.09523881614560101
https://hashdive.com/Analyze_User?user_address=0x641b1b58f0520afcaf17ba57893ce4013db66116,0.589999,16.358344,23.539959,0.6949181177418363,-10.626892660648577
https://hashdive.com/Analyze_User?user_address=0x793725b32636a41527cb61f8a3c6c11816bf08ba,0.7,0,23.330999999999996,0,-0.08190128705030568
https://hashdive.com/Analyze_User?user_address=0x4ffe49ba2a4cae123536a8af4fda48faeb609f71,0.380714,4.390012,23.223554,0.18903273805551035,7.010388347397834
https://hashdive.com/Analyze_User?user_address=0x5a090839b9841091611c8aaab9333d5802ca335d,0.468678,26.074134,22.999938,1.13366105595589,-0.6493770749856098
https://hashdive.com/Analyze_User?user_address=0xc7c94386d5c6953e26e5926dc282f1f7569b3464,0.395474,33.40826,22.999935,1.45253714847455,-2.270110144923914
https://hashdive.com/Analyze_User?user_address=0xc599189695501d6b334094897202e0f3171a2cec,0.445,3.41,22.695,0.15025335977087464,3.2809202191936566
https://hashdive.com/Analyze_User?user_address=0xf2f0e87912f968e207a0e814f2a00585075fb74a,0.689999,0,22.539965493336,0,4.194287266941727
https://hashdive.com/Analyze_User?user_address=0x0ee783f83f9fbb00d4134bccab4a390900e437f0,0.45,27.5,22.5,1.2222222222222223,5.584760366208682
https://hashdive.com/Analyze_User?user_address=0x216ee2e56cbb40c3e251f99ea9e288d0cbb8b39a,0.559999,-22.419959,22.419959,-1,-8.212201779696404
https://hashdive.com/Analyze_User?user_address=0x7a587c83da4137b933c2e16327a6545117b342e5,0.7,0,22.358,0,-0.135693675986639
https://hashdive.com/Analyze_User?user_address=0xc0e8bc2fba46d75d20b139836248a0c6d9852688,0.37,37.8,22.2,1.7027027027027026,2.17275652066168
https://hashdive.com/Analyze_User?user_address=0xdfaacceff09ac2c037393eee387e81ea024679a7,0.67,2.31,22.110000000000003,0.10447761194029849,7.320931231105845
https://hashdive.com/Analyze_User?user_address=0x05f4a97f4aaade8509bfebbd5b5cf58baa56208c,0.7,0,22.089997999999998,0,-36.4687738654056
https://hashdive.com/Analyze_User?user_address=0x430ad8c2c9be8c92b2a5b8565d47b5e4c356f002,0.7,0,21.999999,0,-43.194743920625825
https://hashdive.com/Analyze_User?user_address=0x009895eb4abd3927f12641f1dab71fbf4c8dd45c,0.679999,0,21.999966847059998,0,0.9143771566076022
https://hashdive.com/Analyze_User?user_address=0x6de2f951c745c314ddf9743e42a4e2b2c36086e1,0.649999,0,21.999964303848998,0,2.626966979336705
https://hashdive.com/Analyze_User?user_address=0x18ecf55847e8c47b40086789be0ade26608f7c97,0.469999,24.808556,21.999952,1.1276640967216656,2.8775202423814124
https://hashdive.com/Analyze_User?user_address=0x5658211079f1da5fa462e28039d1d6a363e43250,0.459999,25.826133,21.999951,1.1739177509986272,3.9788300251075914
https://hashdive.com/Analyze_User?user_address=0xc0f4962e23315f57a6ce036dbe4ac1ac1a9e0eb4,0.389999,34.410311,21.999943,1.5641090979190266,7.594407425874065
https://hashdive.com/Analyze_User?user_address=0x4d0cb095c7572027be277b7f21572630b947c7c9,0.6111,13.936983,21.89995,0.6363933707611205,-2.802868829285284
https://hashdive.com/Analyze_User?user_address=0xfa392627681e09470544be5d53bc74b7d04210c4,0.7,0,21.84,0,0.22135806348917222
https://hashdive.com/Analyze_User?user_address=0xe0b01744f691e87d4283b021369530f038d30117,0.689999,0,21.569966969133002,0,2.9752451397178072
https://hashdive.com/Analyze_User?user_address=0x6426b39b0e208df58dd231f0f1caf8f72d7c3dff,0.759999,0,21.449970856317,0,2.9790391551132926
https://hashdive.com/Analyze_User?user_address=0xf43662b93fa1842d2b680396a3819640ffcadc33,0.7,0,21.392,0,-0.06538950683656933
https://hashdive.com/Analyze_User?user_address=0xc4ccb334ff8826d5df6e4286ddd0370721c9b876,0.7,0,21.392,0,-0.04338932842029582
https://hashdive.com/Analyze_User?user_address=0xf914f0e8d39d7af2e30aca6dc661c7500f954a78,0.7,0,21,0,3.708596935636155
https://hashdive.com/Analyze_User?user_address=0xdada57d49d14e2cbb458cfc73f8d3123cb1cc3a7,0.7,0,21,0,1.1440534830462648
https://hashdive.com/Analyze_User?user_address=0xf1667f300af52593b72eccf1a0cdb2edf32e8039,0.669999,0,20.999966926719,0,-3.143235868857782
https://hashdive.com/Analyze_User?user_address=0x845924723e81becd5a49f8fe3794d6310a711b3c,0.393934,32.246802,20.959948,1.538496278712142,0.8198961379471132
https://hashdive.com/Analyze_User?user_address=0x65baf79b19d5430028002f23a59c255b1baa17b0,0.669999,0,20.789967130152,0,19.871724277827347
https://hashdive.com/Analyze_User?user_address=0xd612cfd748caac3ca094d899d91f02f539f20bc1,0.699999,0,20.729968485717002,0,3.6822535460953496
https://hashdive.com/Analyze_User?user_address=0x218ed442df6df761cafe048c7df32fa2f9cbe49d,0.686666,0,20.59998,0,-4.356029652516277
https://hashdive.com/Analyze_User?user_address=0xc0e8bc2fba46d75d20b139836248a0c6d9852688,0.41,-2,20.5,-0.0975609756097561,2.17275652066168
https://hashdive.com/Analyze_User?user_address=0x188950283e983e3d0d70a115e1fac6d033900714,0.69,0,20.493,0,5.496766079814065
https://hashdive.com/Analyze_User?user_address=0xf12bc9d4134433f1ea197429c8fed7d3454b61b2,0.7,0,20.419,0,1.148383525539802
https://hashdive.com/Analyze_User?user_address=0xf2ce7b12a3d385ccbdacb5d16bb1596820c65462,0.68,0,20.400000000000002,0,2.4792001108798583
https://hashdive.com/Analyze_User?user_address=0x832742f06e460ff44afceaa517f818f95d79ecb0,0.4,30.6,20.4,1.5000000000000002,-0.9628116469910659
https://hashdive.com/Analyze_User?user_address=0x50ec4dfcef0ab10a400a2b5e836186a0a97084bc,0.379999,-0.533046,20.259946,-0.026310336661311932,0.40445529645773476
https://hashdive.com/Analyze_User?user_address=0x32e1f02203211f74ce335e9ef0a8b7fa9f7add17,0.45,24.705,20.25,1.22,-0.2458890984715606
https://hashdive.com/Analyze_User?user_address=0x910cc9bd633dd0799b71ef586cedcb02b2456574,0.589999,7.546034,20.239964,0.37282842993198995,3.9926923898387794
https://hashdive.com/Analyze_User?user_address=0x52bd741fc95f5bd8f1ae6192e018c327d7c61a8a,0.67,0,20.1,0,-4.44717529082812
https://hashdive.com/Analyze_User?user_address=0x6c748be0f5fd9cee9cda200aac5f3edae99d0eab,0.4,30,20,1.5,15.097150466988003
https://hashdive.com/Analyze_User?user_address=0x0a7ed19909e9b4c6cd0fc1d59c1d481415a1fce4,0.4,0.5,20,0.025,1.2736219003246614
https://hashdive.com/Analyze_User?user_address=0x94da4f346c054b71b1c51ef2f44cf9e1211c0800,0.5,20,20,1,-2.845538430595116
https://hashdive.com/Analyze_User?user_address=0xd78da16ee645f81d0f7ee7737ea0968d98d0f0a6,0.4,30,20,1.5,5.8508985588278115
https://hashdive.com/Analyze_User?user_address=0xe4a67f9fbe6da81eeef1911753f7c4d7f44e6993,0.4,30,20,1.5,11.551456576654552
https://hashdive.com/Analyze_User?user_address=0xc8f22e0c41b3f2b1033882faf801a1b16bf61b54,0.4,30,20,1.5,4.913460366010068
https://hashdive.com/Analyze_User?user_address=0xffb45b8383058aa33de2f320a34321050b4d3944,0.4,30,20,1.5,12.437181325593778
https://hashdive.com/Analyze_User?user_address=0x987c5ca4f7bcd409b252bd5f1bacbea5776fadae,0.4,30,20,1.5,0.99807885788053
https://hashdive.com/Analyze_User?user_address=0x4f524addc05b3dc07e4050c803afeeeb9a40c2c5,0.4,30,20,1.5,1.6047966353362857
https://hashdive.com/Analyze_User?user_address=0x8901be8dbe1da7d63b0f97a72981a46dd393e885,0.4,30,20,1.5,1.923747115401759
https://hashdive.com/Analyze_User?user_address=0xd76d1af2f9735a98b449d90414fd05bbdf3ac49c,0.4,30,20,1.5,8.724463186088045
https://hashdive.com/Analyze_User?user_address=0xe9bd1f8c8fcf05d451c6c95906b2d568e4c368be,0.4,30,20,1.5,-0.07848745347502184
https://hashdive.com/Analyze_User?user_address=0x1aea57d792238f892fbc13f80215a6a91fb4abf1,0.5,12,20,0.6,-9.280155826677948
https://hashdive.com/Analyze_User?user_address=0xdd1cdb2e51b29896fc57030ec5a3e08f274ae2d3,0.449694,16.900798,19.99999,0.8450403225201614,2.0217389203477354
https://hashdive.com/Analyze_User?user_address=0x4d57bdaeebd548c018bb4fb424ab232e6760419c,0.741463,0,19.999987918229,0,-22.504644678544956
https://hashdive.com/Analyze_User?user_address=0xa987dcf253ee516654996d46d62cc3626e49cb10,0.98,0.38741,19.999987,0.01937051259083318,1.5594625600080732
https://hashdive.com/Analyze_User?user_address=0xb2e78c7862bd6c49de63ccfe251bd03a9c503182,0.889999,2.471932,19.999977,0.12359674213625343,-7.19352952875197
https://hashdive.com/Analyze_User?user_address=0xc99ca5426793a0dd3af430bae8fe048b36315c6b,0.779999,0,19.999971518978,0,-10.984847913979545
https://hashdive.com/Analyze_User?user_address=0x027e953c14eba84a1f36695e1b9e92013196fd4e,0.699999,0,19.999969628574,0,-3.4275146192792443
https://hashdive.com/Analyze_User?user_address=0x4fbf9d60e32af1a8b664a9cc09d1116cc8096cf7,0.699999,0,19.999969628574,0,0.10325319673133529
https://hashdive.com/Analyze_User?user_address=0x5748c79e148477b8287a02f372d0f8711ccc7b81,0.699999,0,19.999969628574,0,-4.741442474771454
https://hashdive.com/Analyze_User?user_address=0x60dc4dbef6034ac466981c05bf852bc78d857b1e,0.699999,0,19.999969628574,0,-4.752954565861899
https://hashdive.com/Analyze_User?user_address=0xa163587e9f7f31ec1b4e507681cc0413540818af,0.699999,0,19.999969628574,0,-11.232192563121881
https://hashdive.com/Analyze_User?user_address=0x6e440c154aef8b771d0badee4951bb0496222d9b,0.699999,0,19.999969628574,0,-18.26892068105687
https://hashdive.com/Analyze_User?user_address=0x86bd652da58a2a7dc267cbe4c28f697d011d21bd,0.699999,0,19.999969628574,0,2.9866342551730147
https://hashdive.com/Analyze_User?user_address=0x44720d9dc43af71f705092d49eb3998223bddd8a,0.699999,0,19.999969628574,0,-2.195222026187701
https://hashdive.com/Analyze_User?user_address=0xf7a23a433f18be484eca4f4eaab14c2bb4275180,0.699999,0,19.999969628574,0,3.2646823747196674
https://hashdive.com/Analyze_User?user_address=0xa8db1acf83d9a28cf1c892af6b493ee0bd47bbdd,0.699999,0,19.999969628574,0,0.18088701168177565
https://hashdive.com/Analyze_User?user_address=0xfe8fe9e0096c614c482f59edaa5ef501c8763186,0.699999,0,19.999969628574,0,-2.115053418940091
https://hashdive.com/Analyze_User?user_address=0x3fc01ab63a250620b1b6a3022c948e2ba77b5077,0.699999,0,19.999969628574,0,-4.138103467314403
https://hashdive.com/Analyze_User?user_address=0x2c986f1fe9e5e30002b5b7258e720daf7f1b2ede,0.699999,0,19.999969628574,0,10.952908889164574
https://hashdive.com/Analyze_User?user_address=0xad1b34ec21140f5792ead36ae126535d0c225da0,0.699999,0,19.999969628574,0,-2.8885035521243823
https://hashdive.com/Analyze_User?user_address=0x75f187afc7e6fa40892641f67005c45098c3ac62,0.699999,0,19.999969628574,0,7.988854248236805
https://hashdive.com/Analyze_User?user_address=0xcb91f30ed2bce0224d2462c1714443911e20f766,0.699999,0,19.999969628574,0,-3.745618008912902
https://hashdive.com/Analyze_User?user_address=0xa9ca2b12624ad074129745ddaea811cc80782d49,0.699999,0,19.999969628574,0,-3.3896148613953514
https://hashdive.com/Analyze_User?user_address=0x829f5f4c8726557bb90b23efd2185c96b2f4ccfd,0.699999,0,19.999969628574,0,2.098919663661421
https://hashdive.com/Analyze_User?user_address=0xee67664b7364ad83e8be00942440f7980f3e88df,0.699999,0,19.999969628574,0,3.88612184064527
https://hashdive.com/Analyze_User?user_address=0x3cfe2f02121cae6d04e57f2d765317110a47094c,0.669999,0,19.999969299255,0,-9.12656435744937
https://hashdive.com/Analyze_User?user_address=0x70c7a88fb282a03974f80f55560f5e32ff8f2230,0.669999,0,19.999969299255,0,-14.188564434628507
https://hashdive.com/Analyze_User?user_address=0x1f70b9c6a5f236add312a3e0f0bd7b4ff9dacd41,0.669999,0,19.999969299255,0,0.9029156154512087
https://hashdive.com/Analyze_User?user_address=0x4730167010e69557354dbbcda73ac84264d2f260,0.669999,0,19.999969299255,0,-10.357825910426445
https://hashdive.com/Analyze_User?user_address=0xf96c62e27fdd8ff8a959bed8c38fcaeac4219014,0.669999,0,19.999969299255,0,-3.73365606131379
https://hashdive.com/Analyze_User?user_address=0xebac10f8cf024b1fc61b26e347a71bb17919be55,0.669999,0,19.999969299255,0,-6.548635469164975
https://hashdive.com/Analyze_User?user_address=0x80fcc04aea01c64bf79b0470fcb44b648abb07ae,0.669999,0,19.999969299255,0,1.4503257157481595
https://hashdive.com/Analyze_User?user_address=0xc60eaf543b150fece4f99c36388c7439a2cd9d8a,0.669999,0,19.999969299255,0,-3.793453128499456
https://hashdive.com/Analyze_User?user_address=0x5a99c72fdee69e8cb7e12421fdc5eb1a535e59ab,0.669999,0,19.999969299255,0,-8.898239904003395
https://hashdive.com/Analyze_User?user_address=0x95e42aace0759ae98d8ef4d20fe1d30dbbec414f,0.669999,0,19.999969299255,0,-4.219856930819519
https://hashdive.com/Analyze_User?user_address=0x595a1fce8218dbd4a850ebebea5c58bef1efc0e8,0.669999,0,19.999969299255,0,-3.5320615564496394
https://hashdive.com/Analyze_User?user_address=0x02fb191378542623e81b2cb0b924ffc419f910d1,0.669999,0,19.999969299255,0,0.7596194415143481
https://hashdive.com/Analyze_User?user_address=0x6c410e9f114620134aed29c686df67b16d6118ed,0.669999,0,19.999969299255,0,0.40720605406356297
https://hashdive.com/Analyze_User?user_address=0xd52687815bcade0824b089dda85ca512cdcb1909,0.669999,0,19.999969299255,0,-0.0006330959181046808
https://hashdive.com/Analyze_User?user_address=0xeca8fc44315d259e9cc9d3f4a546537a76337e2c,0.669999,0,19.999969299255,0,0.03815946945006726
https://hashdive.com/Analyze_User?user_address=0xcf7a17e048f4047bcf2c0d28a1b7a90684585ea0,0.669999,0,19.999969299255,0,5.422803719885053
https://hashdive.com/Analyze_User?user_address=0xf5818e7c65223ba85699280bc9299489e8b90892,0.669999,0,19.999969299255,0,-4.180961345213275
https://hashdive.com/Analyze_User?user_address=0x80db12edcc7d5842423798b40069edcb3e375aac,0.659999,0,19.999968836971,0,-0.3172445426757106
https://hashdive.com/Analyze_User?user_address=0x3ef6071a5a8369c447e7e756a30cf2216b49e719,0.659999,0,19.999968836971,0,0.20639143454164802
https://hashdive.com/Analyze_User?user_address=0xe82f4d971a1e5f91185bbeb229d6009421669998,0.659999,0,19.999968836971,0,-2.29587659394022
https://hashdive.com/Analyze_User?user_address=0x9afd0fde3bc0e7a0b9095aa73f150a0621560aee,0.659999,0,19.999968836971,0,-5.173385388132957
https://hashdive.com/Analyze_User?user_address=0xc63ee729df3e84c8816f62b3ccc13d807d3157f7,0.679999,0,19.999968748238,0,9.957701217345427
https://hashdive.com/Analyze_User?user_address=0x3ce8025932288159930608b096821a952249b14b,0.679999,0,19.999968748238,0,0.012009220779558814
https://hashdive.com/Analyze_User?user_address=0x848fb808ac66490456f5af1a9e5fc63b30e9612f,0.679999,0,19.999968748238,0,-2.7203436294154617
https://hashdive.com/Analyze_User?user_address=0x1ba065a9f19e7b877a7b1173defa6611d38b4c92,0.679999,0,19.999968748238,0,2.065400939979873
https://hashdive.com/Analyze_User?user_address=0xc0d849b634b8a612b8aaa57b4e8f4161f07275c5,0.679999,0,19.999968748238,0,6.708408655977193
https://hashdive.com/Analyze_User?user_address=0xffb6fd60afaf174159e3a12bc4d59f2fe577c82e,0.679999,0,19.999968748238,0,4.978151653196993
https://hashdive.com/Analyze_User?user_address=0xbcdaa5bea122986b502d746aef5703d0cfd061a3,0.679999,0,19.999968748238,0,-2.471898041471236
https://hashdive.com/Analyze_User?user_address=0xfb4b358be6f3ef01ba5bc6ae818d0827c1f13bdd,0.679999,0,19.999968748238,0,5.003307520914606
https://hashdive.com/Analyze_User?user_address=0x9549ad324c753fe449d1d4a1e1ebc256b3e0b936,0.679999,0,19.999968748238,0,3.3654340399951304
https://hashdive.com/Analyze_User?user_address=0xea47258116786c1c0743dcee071062016a44680e,0.679999,0,19.999968748238,0,-1.273615759710389
https://hashdive.com/Analyze_User?user_address=0x7bdad13c3490ef1932d1b3e13f285715b3dc1e11,0.679999,0,19.999968748238,0,-1.093140850270208
https://hashdive.com/Analyze_User?user_address=0xc6988d1539577b489c3db1274ef81182e97a454c,0.669999,0,19.999968629256,0,-3.44184483394565
https://hashdive.com/Analyze_User?user_address=0xf74ac3c663a1381c202f5ad3c1ffbe848bf63077,0.649999,0,19.999968080770998,0,2.188117912691984
https://hashdive.com/Analyze_User?user_address=0xfc72f94002d16f5f22426ff0fae00687a88eca0a,0.939999,1.276616,19.999967,0.06383090532099377,1.3939913067260745
https://hashdive.com/Analyze_User?user_address=0x3442d09f6bd0989a472c446705af78d20946bee5,0.569999,15.087753,19.999964,0.7543890079002142,0.03584073151070494
https://hashdive.com/Analyze_User?user_address=0xf6d5ca080ea40a0786a78a481546fdfdafa17b41,0.569999,-19.999964,19.999964,-1,-12.177787932676322
https://hashdive.com/Analyze_User?user_address=0xce9c1efd8dbc64808102b0da5db76f2789420fe6,0.549999,-19.999962,19.999963,-0.9999999499999075,-0.43966007386065564
https://hashdive.com/Analyze_User?user_address=0x7da346a1aee84a873d2e2236c3b631512b296a3b,0.549999,16.363672,19.999963,0.8181851136424603,-0.01995277276145043
https://hashdive.com/Analyze_User?user_address=0xdd1cdb2e51b29896fc57030ec5a3e08f274ae2d3,0.549999,16.325676,19.999963,0.8162853101278238,2.0217389203477354
https://hashdive.com/Analyze_User?user_address=0x886d078681204e0bdacd15c3f5017bd8b2f13b81,0.549999,15.672831,19.999963,0.7836429997395495,9.729183604235624
https://hashdive.com/Analyze_User?user_address=0x195e130dacdc9289cf0620441a9f3257eb3943e8,0.549999,16.363672,19.999963,0.8181851136424603,-0.018736387039261573
https://hashdive.com/Analyze_User?user_address=0xe6e236e5e61087484cc6d54d41b2b0ca9737dc55,0.539999,17.037073,19.999962,0.8518552685250101,-0.03989875869349785
https://hashdive.com/Analyze_User?user_address=0x2d50f2d52df4129e6d365b05895d150d7cbd7402,0.539999,17.037073,19.999962,0.8518552685250101,-0.05099712524944484
https://hashdive.com/Analyze_User?user_address=0x8059a1cecaadea85d808b71a4c08c9d7a51cae15,0.539999,17.037073,19.999962,0.8518552685250101,-0.06729429830142876
https://hashdive.com/Analyze_User?user_address=0x36a094d84469b556b461c687393da0d90ff9a96f,0.714684,-1.250258,19.999961477928,-0.06251302040655365,-8.132293166325166
https://hashdive.com/Analyze_User?user_address=0x9d2a99467610d8773f07db758ef8ad36ad649ee3,0.509999,19.215724,19.99996,0.9607881215762432,-1.650156237602547
https://hashdive.com/Analyze_User?user_address=0x2617db679194c697303d378577b39ba7abdfd48e,0.479999,21.666707,19.999958,1.0833376250090125,-1.0670837386633112
https://hashdive.com/Analyze_User?user_address=0x25b66358550ee53aebdda353f545b62338a57641,0.479999,21.666707,19.999958,1.0833376250090125,6.044156585255291
https://hashdive.com/Analyze_User?user_address=0x19f8f18d18c6c090778c3133d4e4bfd8eb0d98f9,0.479999,21.666707,19.999958,1.0833376250090125,0.614670080643261
https://hashdive.com/Analyze_User?user_address=0x2a3421bf4d7a50b2f88d36b822208bab0fa556cf,0.479999,21.666707,19.999958,1.0833376250090125,-6.072193534233609
https://hashdive.com/Analyze_User?user_address=0xc13f2a97dd2a68061c1b382568b7bd711a08c93b,0.469999,19.362732,19.999957,0.9681386814981654,1.3702400452969157
https://hashdive.com/Analyze_User?user_address=0x25b66358550ee53aebdda353f545b62338a57641,0.469999,22.553233,19.999957,1.1276640744777602,6.044156585255291
https://hashdive.com/Analyze_User?user_address=0xec9ef9c7c86f93de3bd743917d4554323ad149a2,0.469999,22.553233,19.999957,1.1276640744777602,0.23418788017102526
https://hashdive.com/Analyze_User?user_address=0x250efa48a3b8659131fe384ee293f5c947e9d1bb,0.469999,22.553233,19.999957,1.1276640744777602,-0.15248203100443802
https://hashdive.com/Analyze_User?user_address=0x6b4c6ccc6bdebedabee2716864d8f7a69a56ca9c,0.459999,23.478303,19.999956,1.1739177326190118,-0.38129960763429827
https://hashdive.com/Analyze_User?user_address=0x1227c504e5cde8f29c5c5779ba8d97712ac18e95,0.459999,23.478303,19.999956,1.1739177326190118,-0.503352990807982
https://hashdive.com/Analyze_User?user_address=0x3d273aecb664bf1918778a37ab5ee44133adc113,0.459999,23.478303,19.999956,1.1739177326190118,-0.06265065866519383
https://hashdive.com/Analyze_User?user_address=0x50a5617f5e85d5246385bfa1e5eaab34e09d88a6,0.459999,1.303865,19.999956,0.06519339342546554,12.658975577483151
https://hashdive.com/Analyze_User?user_address=0xd3428cf3cb9da2a2d854fecf65b32f10364edb6e,0.459999,23.478303,19.999956,1.1739177326190118,0.3328274822475255
https://hashdive.com/Analyze_User?user_address=0x999bb6ab2700ca31de99f2ca5daf0627f0189112,0.459999,23.478303,19.999956,1.1739177326190118,0.4923899336799398
https://hashdive.com/Analyze_User?user_address=0x457318e9b2804286affd821e678e8e0ddcb26215,0.459999,23.478303,19.999956,1.1739177326190118,-0.35935493110877026
https://hashdive.com/Analyze_User?user_address=0x25613ab4ebb5e7341ef6e26ba1497436ef94f665,0.459999,23.478303,19.999956,1.1739177326190118,7.017101912747579
https://hashdive.com/Analyze_User?user_address=0xb0722261b41b6a3d202c0cf8a60929f5774afdd9,0.459999,23.478303,19.999956,1.1739177326190118,-0.138069955468293
https://hashdive.com/Analyze_User?user_address=0xc1405a0a47ab045fdeabb196213e9fcfe6e24deb,0.459999,23.478303,19.999956,1.1739177326190118,-0.1712459782278568
https://hashdive.com/Analyze_User?user_address=0x1f8dbbc70d5266fc00085dc59c48a7f3f8d91d32,0.449999,6.666044,19.999955,0.33330294993163734,0.8533475390236585
https://hashdive.com/Analyze_User?user_address=0x369783571194970f07e35d2c2ccc29693158f189,0.439999,5.456589,19.999954,0.2728300775091783,-1.6151700310068673
https://hashdive.com/Analyze_User?user_address=0xe9473a70f58272d3c8cbc31da1079fb0578f2cf3,0.429999,26.511673,19.999953,1.325586765128898,1.071588045982884
https://hashdive.com/Analyze_User?user_address=0x1227c504e5cde8f29c5c5779ba8d97712ac18e95,0.409999,28.780535,19.99995,1.439030347575869,-0.503352990807982
https://hashdive.com/Analyze_User?user_address=0x8bbc495eb25abe86e17b502e06196a4662b9b525,0.409999,-1.463351,19.99995,-0.0731677329193323,-0.2661625039417759
https://hashdive.com/Analyze_User?user_address=0x292990b42912fc2de1f7abd143a3bf36695baee0,0.44911,24.532457,19.999949,1.2266259778962436,7.499915959846981
https://hashdive.com/Analyze_User?user_address=0xb64f6d9491ce478802d41f7af4bc4462d8f1b78f,0.389999,31.282101,19.999948,1.5641091166837033,-0.8046175574055897
https://hashdive.com/Analyze_User?user_address=0xa77fb1e522fd35593020e4104aecc3e08d50d3a4,0.389999,31.282101,19.999948,1.5641091166837033,9.253267664658312
https://hashdive.com/Analyze_User?user_address=0x76c4ddc633346cee700360cec07b8617e9b1470b,0.389999,31.229571,19.999948,1.5614826098547856,7.882192423235802
https://hashdive.com/Analyze_User?user_address=0x2617db679194c697303d378577b39ba7abdfd48e,0.379999,32.63163,19.999947,1.631585823702433,-1.0670837386633112
https://hashdive.com/Analyze_User?user_address=0x305e3e85c29240115cd5f0d506ffe88068219412,0.42494,27.06539,19.999943,1.3532733568290671,7.700341939989207
https://hashdive.com/Analyze_User?user_address=0x5bd694de5529742647e2cbca1e37ef8f108f0471,0.674671,0,19.99993363058,0,-15.70561138019255
https://hashdive.com/Analyze_User?user_address=0x695907a6d0562c01d4ff25acaea3b0115e83084f,0.913175,1.901599,19.999923,0.09508031605921684,1.4139954330338869
https://hashdive.com/Analyze_User?user_address=0x512619da8314d38a4e836e80f8d013ffd33d76cd,0.422116,27.380232,19.999921,1.36901700761718,5.664998698083478
https://hashdive.com/Analyze_User?user_address=0xffb45b8383058aa33de2f320a34321050b4d3944,0.439771,25.478112,19.99992,1.2739106956427826,12.437181325593778
https://hashdive.com/Analyze_User?user_address=0xffef56f2df891ce7b48fe44e3ed7596442cfe214,0.669999,0,19.979969159106,0,-7.646791748660058
https://hashdive.com/Analyze_User?user_address=0xa798153cc9b82068cd63fcbb317a3a70c3bd4240,0.66,0,19.8,0,-3.325796384584735
https://hashdive.com/Analyze_User?user_address=0xb64f6d9491ce478802d41f7af4bc4462d8f1b78f,0.39,30.5,19.5,1.564102564102564,-0.8046175574055897
https://hashdive.com/Analyze_User?user_address=0xed4e5681376363a25e14d75ea306209127971636,0.7,0,19.445999999999998,0,1.9662954442423421
https://hashdive.com/Analyze_User?user_address=0x02926c94da80ef6ba6d7481c3983ea19be187d19,0.7,0,19.445999999999998,0,1.030969711791025
https://hashdive.com/Analyze_User?user_address=0x047547453efa8d8422a9cad3b288bcf2ebb1015a,0.7,0,19.445999999999998,0,-0.06902035645019583
https://hashdive.com/Analyze_User?user_address=0x42e0dc030056918ff342010344bb486b87a90578,0.541798,16.202022,19.157977,0.8457063081347264,-6.97537952342217
https://hashdive.com/Analyze_User?user_address=0x041cbbe2fa02b5dbb47d163d74737a2bf7ae88c5,0.38,31,19,1.631578947368421,6.002120760403534
https://hashdive.com/Analyze_User?user_address=0x6b07378c73aaf29793bff5732cb595b390392d28,0.4,28.35,18.9,1.5000000000000002,-7.738292216114805
https://hashdive.com/Analyze_User?user_address=0x7c8920be05cddabefa83a33ff715f42880f78848,0.699999,0,18.789972357144002,0,-0.050533374998168595
https://hashdive.com/Analyze_User?user_address=0x3078db4a9737866b4d6529f655025b3a20f80389,0.517454,0.454027,18.628344,0.024372912589546342,1.170077790698127
https://hashdive.com/Analyze_User?user_address=0x0f8abc5c81c7e04e56d0d76839a490fe4da7caab,0.7,0,18.473,0,-0.006588451565521772
https://hashdive.com/Analyze_User?user_address=0x8f597ca106b29f495effe212b222e967b8943648,0.97,0.57,18.43,0.03092783505154639,-0.19744792065444083
https://hashdive.com/Analyze_User?user_address=0xdc00e512e975bc517c90f396c78020a67539ad0d,0.659999,0,18.249971588485998,0,8.41046451287313
https://hashdive.com/Analyze_User?user_address=0xba96fc80ae5ed473bb0e7ae49ae8c0289e545220,0.7,0,18.219998999999998,0,1.9320464418061984
https://hashdive.com/Analyze_User?user_address=0x06ea9ef7983460f4b969a8c7fee406551507a4b6,0.549999,14.727304,17.999966,0.8181851010163019,-9.44211414148554
https://hashdive.com/Analyze_User?user_address=0xb47c44f8594d63a9984485a7a3982fab16480719,0.389999,28.153891,17.999953,1.5641091396183089,-0.3914433754945562
https://hashdive.com/Analyze_User?user_address=0xa896499aee83acd5f9c4c63f81ddb91b97f47f13,0.53,-2.31,17.49,-0.13207547169811323,1.385347159536137
https://hashdive.com/Analyze_User?user_address=0xeaccb466c19b34cf1a3c4699e814f9bfac48d799,0.57,0,17.4021,0,-0.3577068838811673
https://hashdive.com/Analyze_User?user_address=0xe239efadd35d6e6453618ff4b39b110b7d2514ea,0.48,-17.4,17.4,-1,1.7981602060780242
https://hashdive.com/Analyze_User?user_address=0x9d68d6c542c5987757a5a8a280692f287513f051,0.63,-1.656,17.388,-0.09523809523809522,0.03873637417664871
https://hashdive.com/Analyze_User?user_address=0xf2351aad842e63a49f3fb45329e8fe7c57a8366d,0.46,20.25,17.25,1.173913043478261,-2.8134896776944505
https://hashdive.com/Analyze_User?user_address=0x718db42f821ea088dac8b55b202feb61b88340bf,0.4,25.68,17.12,1.5,-0.7124478230639382
https://hashdive.com/Analyze_User?user_address=0xcabe37caa649a22fb818287164f5e341d16172e3,0.419999,4.46274,17.039959,0.2618985174788273,-1.2492179281829476
https://hashdive.com/Analyze_User?user_address=0x68930eec188de99aa0d63a5b92ffe0b779560ca8,0.549999,0,16.999967,0,-1.3590994655673037
https://hashdive.com/Analyze_User?user_address=0xf2cec0769b2fe49dc849d678a9944a5740b4bca1,0.409999,24.463455,16.999958,1.4390303199572612,-9.45729101493731
https://hashdive.com/Analyze_User?user_address=0x69619d1ccb5d62df9bc6226d1b3083bc0e7b66a7,0.379999,27.736886,16.999955,1.6315858483154808,-3.0281489350419637
https://hashdive.com/Analyze_User?user_address=0xbfb423723876073bb24a0632e742954244bbae2a,0.53,-2.24,16.96,-0.1320754716981132,0.1477173324766088
https://hashdive.com/Analyze_User?user_address=0xb898e6f6bd4dbeb2e8c3880434a926527ac1c9a2,0.690129,0,16.779991812507,0,4.814227788626502
https://hashdive.com/Analyze_User?user_address=0xc736934bbda45a6db2ef42f75d59b7d46c723e9e,0.76,-1.98,16.72,-0.11842105263157895,-14.358705518449366
https://hashdive.com/Analyze_User?user_address=0x6c65820425ccde3908d41e215c0c35bda54953be,0.7,0,16.526999999999997,0,0.7620309723629735
https://hashdive.com/Analyze_User?user_address=0x704924918b81034c92c44ec2d566e8b1943395e1,0.53,-2.17,16.43,-0.1320754716981132,0.5691866620232366
https://hashdive.com/Analyze_User?user_address=0x916002c74001ad9ab18f23248fd38c4a61afa045,0.5,-16.322968,16.322968,-1,3.698839969938025e-16
https://hashdive.com/Analyze_User?user_address=0x29c0a89b23af58739b6a4ab5f9c8b459af4aefaa,0.42,22.099998,16.003447,1.3809523660746337,0.892108976742309
https://hashdive.com/Analyze_User?user_address=0x9fcb58fe035d100cb793ae3fa5b1d31005d87bb9,0.64,-0.349995,16,-0.0218746875,-3.4015367238149463
https://hashdive.com/Analyze_User?user_address=0xc576ce8eb81656bdc4e0d5d0605260775deb027d,0.4,24,16,1.5,-6.629849384363635
https://hashdive.com/Analyze_User?user_address=0x411c754b2e37c779f846b32d4773fa39d997e9c0,0.533333,1.70001,15.99999,0.10625069140668213,-0.543873087202411
https://hashdive.com/Analyze_User?user_address=0x7b12a6f85bc6ea983b0aab009a0084a51eddaba8,0.379999,26.105304,15.999957,1.6315858848870657,-0.5295340782158094
https://hashdive.com/Analyze_User?user_address=0xcc42e882fc9450c934a38d4e11d2756fc7755e8e,0.7,0,15.959999999999999,0,0.1853995102932638
https://hashdive.com/Analyze_User?user_address=0x72d9076bb88d756ce62f5e7ad8b2a6d578a52132,0.5,-15.734558,15.734559,-0.9999999364456289,-1.3725328311013426e-15
https://hashdive.com/Analyze_User?user_address=0x9a55ca1c481ebd041213772429b92f24b148fe8b,0.518782,14.563175,15.699981,0.9275918868946402,5.913880387786341
https://hashdive.com/Analyze_User?user_address=0x3915ee379f22b140c65965520807377fdf642d71,0.459999,18.430467,15.699965,1.17391771255541,0.11105189773051762
https://hashdive.com/Analyze_User?user_address=0x3dc158eefac8af8a5983695aab5e5ca5bbadf501,0.5,-15.663172,15.663173,-0.9999999361559755,1.4879459269002087e-15
https://hashdive.com/Analyze_User?user_address=0xf8c860fb134ec5514e29366bd117d2483ab97c4c,0.65,-0.12,15.600000000000001,-0.007692307692307691,-0.962524802649414
https://hashdive.com/Analyze_User?user_address=0x32a23c7cdbbc91044d7a8d63de35d03992731e8a,0.52,14.4,15.6,0.9230769230769231,0.1654855018661372
https://hashdive.com/Analyze_User?user_address=0x0556cc6fd1cb4b8312c3546bc80c247a30c6ba74,0.5,-15.595711,15.595712,-0.999999935879811,-3.7478904130532735e-16
https://hashdive.com/Analyze_User?user_address=0xbb325634cee1ef09be22223fce2cb9b55d47b21e,0.5,-9.3,15.465,-0.6013579049466538,9.367990411263754
https://hashdive.com/Analyze_User?user_address=0x040764f7e9de498984ca11276c5ceb1da5163305,0.77,0,15.4,0,2.603797566072523
https://hashdive.com/Analyze_User?user_address=0x5f48d0c6349803fdd1d48ff5a204b736a3c03a6e,0.679999,0,15.379976662354,0,3.4617416937146483
https://hashdive.com/Analyze_User?user_address=0x022d08bb04b838403eb518c54c462a5ed317aaa8,0.699999,0,15.339976185717001,0,4.2229608720587315
https://hashdive.com/Analyze_User?user_address=0xa9d32192852b1c7ae53e9051935dbd28f7c59d4b,0.69,0,15.18,0,2.3643104810738915
https://hashdive.com/Analyze_User?user_address=0xacf8e5d0dc1069c0b43a80768cbd26687d34cc9a,0.5,-15.086195,15.086196,-0.9999999337142379,6.323628255226198e-16
https://hashdive.com/Analyze_User?user_address=0x51d53b2a0193982ff209ed87f4aa56aeed8b42bc,0.5,-15.068192,15.068193,-0.9999999336350417,0
https://hashdive.com/Analyze_User?user_address=0x7344742abb0c16356e62c2d021269b0c0acdc4bf,0.5,-15.065247,15.065248,-0.9999999336220684,5.068999811540763e-16
https://hashdive.com/Analyze_User?user_address=0xcaffd8c26b1fb7a531a3dcc200a17c079964468d,0.5,-15.041518,15.041519,-0.999999933517353,0
https://hashdive.com/Analyze_User?user_address=0x461d3fb65ec77c8db196c83044ce98ad5d6820b8,0.75,-1.8,15,-0.12000000000000001,-12.523511732676392
https://hashdive.com/Analyze_User?user_address=0xca83602a5cd36fedd3cd1de80bd8b7a380d6748f,0.4,22.125,15,1.475,-3.0173607468126455
https://hashdive.com/Analyze_User?user_address=0x2ca5fe03ec09893d067336f281e56123b667eb3c,0.7,0,14.999998999999999,0,4.265416854489449
https://hashdive.com/Analyze_User?user_address=0x1383709d9d26c3ba5a14bc85b104f3b34ac015f9,0.7,0,14.999998999999999,0,0.0403204046416713
https://hashdive.com/Analyze_User?user_address=0x9c3c0caddbe53b9704898c649cc1cd7e6086da19,0.7,0,14.999998999999999,0,-0.2278497085316329
https://hashdive.com/Analyze_User?user_address=0x48307dd5f36a21110883145493bf32adc6fcba86,0.7,0,14.999998999999999,0,-10.528932324287918
https://hashdive.com/Analyze_User?user_address=0x06838f8070ba5446c3748bd03114a05e68d18689,0.7,0,14.999998999999999,0,1.7350273583092246
https://hashdive.com/Analyze_User?user_address=0x682f870bb7da37812ef1cbca32b81743d9763265,0.7,0,14.999998999999999,0,7.416453969715184
https://hashdive.com/Analyze_User?user_address=0x1aa68f33d0fa5743095ab9c080edb38281290b79,0.7,0,14.999998999999999,0,-8.786519844513807
https://hashdive.com/Analyze_User?user_address=0xfafbad20c6d5c5c3fbb39b5854ecae6ce51f6de6,0.757475,0,14.999996401775,0,9.35725094966044
https://hashdive.com/Analyze_User?user_address=0x2b3d26138e9ae71463911c8a0d5aee024128eb49,0.772777,0,14.999994913493001,0,-11.84685303633927
https://hashdive.com/Analyze_User?user_address=0xb02c185c95aafe98b0044258a4ad0391091c3591,0.759999,0,14.999979423159,0,-0.3243065333287607
https://hashdive.com/Analyze_User?user_address=0x1fc6c4ebb42c415d78082f173be93ee3be67a289,0.753469,0,14.999978723879,0,6.518314156195441
https://hashdive.com/Analyze_User?user_address=0x3c83b260ffd3950fd4cfe1f247b09afb4cb8d974,0.689999,0,14.999977270871,0,-24.648325292104133
https://hashdive.com/Analyze_User?user_address=0x6777c44592d49a7df2936ed3403d10b1ca14f78a,0.689999,0,14.999977270871,0,4.3192341974560575
https://hashdive.com/Analyze_User?user_address=0xff960522b91e4db9e7a9673e46e8ac28a410dd83,0.669999,0,14.999976471942,0,2.4936012257853273
https://hashdive.com/Analyze_User?user_address=0xa4f8010c9fc343edf4fcafcb5d529b7106ea47aa,0.669999,0,14.999976471942,0,-7.919389929349609
https://hashdive.com/Analyze_User?user_address=0xcb864855f18956f399036ff4d2f42f4d4ec62f52,0.669999,0,14.999976471942,0,-5.474447692999467
https://hashdive.com/Analyze_User?user_address=0xeb75fa1c67b83c53fbadba16973b2459cb2ccf2b,0.679999,0,14.999976221178999,0,-0.90610974027595
https://hashdive.com/Analyze_User?user_address=0x63d59d7bf4d4842e10d2daa9933617250588cfc4,0.679999,0,14.999976221178999,0,2.1234232151504573
https://hashdive.com/Analyze_User?user_address=0x45a47e672bafd9742ebfb1b184b8c722c8ef7135,0.659999,0,14.999976132729,0,2.042593288261133
https://hashdive.com/Analyze_User?user_address=0x29d7bc3d0f04e77cabcca736841c4892d603c5f3,0.669999,0,14.999975801943,0,-10.501246537530196
https://hashdive.com/Analyze_User?user_address=0x69f033ce27733d8717d7d168a3eb8a91610a1121,0.669999,0,14.999975801943,0,1.1220357126450062
https://hashdive.com/Analyze_User?user_address=0x9f9667a8d091978cb87b7bfb83bc8038786ad620,0.669999,0,14.999975801943,0,2.473940568246707
https://hashdive.com/Analyze_User?user_address=0xc9a229885bb11864b8037afd5b2d2b135a487f83,0.505669,14.663645,14.999972,0.9775781581458953,-5.823544559578574
https://hashdive.com/Analyze_User?user_address=0x350782c5ab409a0be6e13042b4677a4368d5475a,0.549999,-14.999972,14.999972,-1,-3.9009101915962825
https://hashdive.com/Analyze_User?user_address=0x57df6129914d6d9acf4d54d09ca8d35d7efa0bfa,0.549999,-14.999972,14.999972,-1,-4.454243154824483
https://hashdive.com/Analyze_User?user_address=0x25ddd0cfe0462f73f18bd13a0aec60ed1ad41a7b,0.409999,21.585401,14.999963,1.4390302829413648,-1.8063015353066576
https://hashdive.com/Analyze_User?user_address=0x508e3e6ce40ccb99567b92a4f83e0c7b919517f1,0.389999,23.461576,14.999961,1.5641091333504133,3.8478800623022447
https://hashdive.com/Analyze_User?user_address=0xc0b407d78231f2045dfbc79d2251f0deb5e11a1d,0.538332,8.127612,14.999961,0.5418422087897428,-12.485384021730763
https://hashdive.com/Analyze_User?user_address=0x6d248c07b85b8cad2d13592c7aeccaee81e7c2bf,0.389999,23.461576,14.999961,1.5641091333504133,8.95120091099972
https://hashdive.com/Analyze_User?user_address=0x87256d0406f876184a66cc158415903bb242eb10,0.379999,24.473722,14.99996,1.63158581756218,-1.3654794529131205
https://hashdive.com/Analyze_User?user_address=0x4c623c15f8132d3abdde36e9ad86d61d83a552e4,0.5,-14.963039,14.963039,-1,2.6974653279351456e-16
https://hashdive.com/Analyze_User?user_address=0x4e7d2141a2ce2050b32f2604d97b4012f98d768f,0.5,-14.90478,14.90478,-1,0
https://hashdive.com/Analyze_User?user_address=0x18ed48e60e645e15e01952665bd97f36d58b04cb,0.3725,5.1,14.9,0.3422818791946308,-4.326703326170536
https://hashdive.com/Analyze_User?user_address=0x72a6be6eaa4b8e1e0e5960f43125de1ce9c9a3d9,0.5,-14.864058,14.864058,-1,-1.3158102403422293e-16
https://hashdive.com/Analyze_User?user_address=0xf4626cc1a364b02287066183b9414fa2a0aa7c84,0.755207,0,14.859987618556,0,3.2414026882695746
https://hashdive.com/Analyze_User?user_address=0x51790f3d3da964230930768aa5c6c9a13ba12b29,0.39,4.18,14.82,0.28205128205128205,8.976639224819237
https://hashdive.com/Analyze_User?user_address=0x7480c370cc534c61c7e4de4883f055257408504d,0.7,0,14.77,0,3.714089964719957
https://hashdive.com/Analyze_User?user_address=0x17a5f2b4c166dd86682dff55b96069849d456246,0.5,-14.752157,14.752157,-1,1.3049937590203482e-15
https://hashdive.com/Analyze_User?user_address=0x555a22a917c8a7aa7e1ffb4ee3b4f46f1ed8480f,0.42,20.3,14.7,1.3809523809523812,1.3451307100267407
https://hashdive.com/Analyze_User?user_address=0xca5f6a17056a5ffcfa034848cba18cf8511e1e74,0.589999,10.126864,14.609974,0.6931472978665123,-3.8534139171287185
https://hashdive.com/Analyze_User?user_address=0x231395b7af5f888d87b786530f549df0fed5a767,0.5,-14.574543,14.574543,-1,-1.3369510275367416e-15
https://hashdive.com/Analyze_User?user_address=0xffa2c972dd3bf71931c11294c29aa67cf3a1301c,0.5,-14.500791,14.500792,-0.9999999310382495,-1.32472553737001e-16
https://hashdive.com/Analyze_User?user_address=0x0564d056fbdfb5990de505886c1503c83ab2ce95,0.5,1.16,14.5,0.07999999999999999,7.507636057854752
https://hashdive.com/Analyze_User?user_address=0x31d0872fd1c446fdd5bfbcb57ac6cf1d217fd9c6,0.689999,0,14.389977444930002,0,0.06182551847249393
https://hashdive.com/Analyze_User?user_address=0x17ae2c31e6f5e152aab50d822d27b521495bae90,0.5,-14.381607,14.381608,-0.9999999304667462,1.6569527925752748e-15
https://hashdive.com/Analyze_User?user_address=0x988c0245858e99bea9dd3acc106cef99edb4dc67,0.5,-14.37947,14.379471,-0.9999999304564124,6.426996695947702e-16
https://hashdive.com/Analyze_User?user_address=0x285c6f66f27db7c444761e5e48442c2db7f86f1a,0.679999,0,14.249978124119002,0,-10.9993761918484
https://hashdive.com/Analyze_User?user_address=0x0fc63e091ad187d2d1fe7b4f9e410ba196a31d75,0.5,-14.210863,14.210863,-1,-2.5578281811124472e-15
https://hashdive.com/Analyze_User?user_address=0xa1160c89ccf508bb0a8c0aae7923a4e504f2643d,0.5,-14.208872,14.208873,-0.9999999296214414,1.295795541445197e-15
https://hashdive.com/Analyze_User?user_address=0x9db960af176fdf509666737634dd1f23fbecfe75,0.670068,-0.821386,14.179519349352,-0.057927633494680976,-0.1863308169734889
https://hashdive.com/Analyze_User?user_address=0x0e88a64cf6e62ea39cca0323e0483b9b1e0f2a69,0.539999,0,14.119973,0,-6.092772331395238
https://hashdive.com/Analyze_User?user_address=0x6debd666e9722f23c2b64a1ef0d53ff3c043fbb1,0.5,-14.101139,14.10114,-0.9999999290837479,9.313386570083356e-16
https://hashdive.com/Analyze_User?user_address=0x48de64f9b224609361539d2cc86d30f0d0190c51,0.700115,-0.099771,14.002300000000002,-0.007125329410168329,-0.8648060195452596
https://hashdive.com/Analyze_User?user_address=0x7163aff4d0f97bb3600e40fa28b170820b763601,0.7,0,14,0,5.036540226838982
https://hashdive.com/Analyze_User?user_address=0x48a457e7a5e0171dfff724f56734c486210f2525,0.7,0,14,0,0.6791089572970005
https://hashdive.com/Analyze_User?user_address=0xadcf696b31ea6ca6ce0c219c83d5613e93be9b93,0.7,0,14,0,0.0334602916843912
https://hashdive.com/Analyze_User?user_address=0x15c3b9d407fd2728a4d6c1c9f64541077e4822ce,0.7,0,14,0,2.964101264483476
https://hashdive.com/Analyze_User?user_address=0xdb9c27b25351a40283fa58b707aa3d0bb1c9e776,0.4,-14,14,-1,-4.410591320110988
https://hashdive.com/Analyze_User?user_address=0xb660e37e7848f25b4789952f6c78b26ba0b82b72,0.689999,0,13.999978970146,0,8.49949202291996
https://hashdive.com/Analyze_User?user_address=0xe72751191c2a5d995be382a4167a45a6c3d5a39c,0.45853,16.532289,13.999946,1.1808823405461706,-1.512557135744278
https://hashdive.com/Analyze_User?user_address=0x535f96c6cb498323c0152c5966685c5ff2a458b3,0.5,-13.899007,13.899007,-1,-1.0742699941147967e-15
https://hashdive.com/Analyze_User?user_address=0xe06ab7808bf712ba02a8e9e4dde231fbee771ec2,0.5,-13.898024,13.898024,-1,0
https://hashdive.com/Analyze_User?user_address=0xd57bb24344ff2afc1bd8557d54d57ac8ebf33de2,0.5,-13.854086,13.854086,-1,1.5953943138844435e-15
https://hashdive.com/Analyze_User?user_address=0xb807862864c397f25eb1a5d04ec93e86ebc67531,0.699999,0,13.849979314287001,0,4.589711257848636
https://hashdive.com/Analyze_User?user_address=0x79583e09afb8880df1fdc49c92f9919d6779a66b,0.69,0,13.799999999999999,0,8.853247990335376
https://hashdive.com/Analyze_User?user_address=0x20c428a14be129bcdcb7947fe04664ae05e735b2,0.687499,0,13.749979999999999,0,-3.039339213141135
https://hashdive.com/Analyze_User?user_address=0x0ece5c99be5df90e7e9a8f7551eab97468388211,0.68,0,13.600000000000001,0,0.6990344132280637
https://hashdive.com/Analyze_User?user_address=0x418ff815cfadd29aab712a09b9223e8fe9867b8f,0.67,0,13.4,0,-1.1385942052967106
https://hashdive.com/Analyze_User?user_address=0x00fae413d00e9bfe600abf8c576dce8bc1909af5,0.67,0,13.4,0,1.8937540589057411
https://hashdive.com/Analyze_User?user_address=0x2b1e9ed5da5ef42fa787f09675ce538e16bfe465,0.5,-3.285,13.355,-0.24597529015350056,2.9469422098121085
https://hashdive.com/Analyze_User?user_address=0xadc7668e335f49b278414c10134e92f33d2897a9,0.689999,0,13.279978813626,0,2.8531014242110384
https://hashdive.com/Analyze_User?user_address=0x6e517640107251a943f2645ce50cfb6c498b71cd,0.66,0,13.200000000000001,0,1.8229187922599885
https://hashdive.com/Analyze_User?user_address=0xa0efb81fafb563b17477aa2a99fbd60e4030a7a4,0.66,0,13.200000000000001,0,1.034119516629857
https://hashdive.com/Analyze_User?user_address=0xd668af554883dae8e04c30df17833f4565a1e136,0.689999,0,13.039979221452002,0,2.8088425681715017
https://hashdive.com/Analyze_User?user_address=0x358ed3328960168f395decc6f9d6db5fa2d63ffe,0.4,19.4675,13,1.4975,-0.696810723626569
https://hashdive.com/Analyze_User?user_address=0x0564d056fbdfb5990de505886c1503c83ab2ce95,0.5,-2.86,13,-0.22,7.507636057854752
https://hashdive.com/Analyze_User?user_address=0xd55c07ded5a2476a449f49ae4042ec9718d734fe,0.429999,17.179563,12.959969,1.325586735585556,4.665873703655755
https://hashdive.com/Analyze_User?user_address=0xdbcf2f194383c391091f43e2e9c476c4670dc26f,0.51,-12.75,12.75,-1,-0.05553025425582502
https://hashdive.com/Analyze_User?user_address=0xbcecc67fec52f401e374391a925a1dffb6906691,0.42,0,12.6378,0,-1.2376088455591325
https://hashdive.com/Analyze_User?user_address=0x9eab1da7d0408ca9ef9841eb126aae79715afef8,0.459999,14.756113,12.569972,1.1739177302861135,-0.3332095051331296
https://hashdive.com/Analyze_User?user_address=0xf4d55bc4839c7b22fa44d01c60666227210966e1,0.36,2.0868,12.5208,0.16666666666666669,-0.23372409972646135
https://hashdive.com/Analyze_User?user_address=0x68d671da72f51d5a0576a10c87d0fb3784158b0e,0.5,12.5,12.5,1,-2.6359590994373576
https://hashdive.com/Analyze_User?user_address=0xb2b07b4ed18edf7f5f62664bd0d5a7e2d450bda8,0.469999,13.892791,12.319973,1.1276640784845877,0.6858485730954513
https://hashdive.com/Analyze_User?user_address=0x728d435f9c0dd076171f43b509357bec263d332d,0.42,16.82,12.18,1.380952380952381,4.035430281991678
https://hashdive.com/Analyze_User?user_address=0x53edcfa1e81bae084e936954ff905d894adf7aea,0.469999,13.599599,12.059974,1.1276640397400524,-1.7263712950484331
https://hashdive.com/Analyze_User?user_address=0x0d55c4edd694078f8d234911f2e8092d86a877fc,0.469999,13.599598,12.059973,1.1276640503258175,-2.1304733549317
https://hashdive.com/Analyze_User?user_address=0x041cbbe2fa02b5dbb47d163d74737a2bf7ae88c5,0.4,18,12,1.5,6.002120760403534
https://hashdive.com/Analyze_User?user_address=0x92c48a25952dbc9ef53683577da5936484328767,0.789999,0,11.999982900129,0,-0.37324069805819815
https://hashdive.com/Analyze_User?user_address=0xf1d004b498604bcda1f97ea45b5f2452aead94e7,0.699999,0,11.999982057143999,0,-5.592975770740683
https://hashdive.com/Analyze_User?user_address=0xacaeef92748bd4786fa9eb74268d1cafabd48a49,0.659999,0,11.999981038183,0,0.039980083061200364
https://hashdive.com/Analyze_User?user_address=0x58c1420ad226942e8ea69b061558a26c83262bfc,0.539999,10.222243,11.999977,0.8518552160558308,-0.019446626261555713
https://hashdive.com/Analyze_User?user_address=0x2366dfe4a7079538fa20f6d3afb3273e7fbd1078,0.539999,-5.777177,11.999977,-0.4814323394119839,-0.9087580091491415
https://hashdive.com/Analyze_User?user_address=0x30798817abc5d86dec6fc863f853fcdeab53aeb6,0.429999,14.229027,11.999971,1.1857551155748627,-8.322467493153049
https://hashdive.com/Analyze_User?user_address=0xc5afd8938b32cff3ca57b01f0ad7b34bfb37a2fe,0.359999,18.334565,11.999966,1.5278847456734461,3.9533572013684766
https://hashdive.com/Analyze_User?user_address=0x02a1777ac04d6bb23e625e0910040e1c11bf0d61,0.694617,5.275691,11.999964,0.43964223559337345,-3.4741732263364042
https://hashdive.com/Analyze_User?user_address=0x248c1b0b97e63cee4aa85c140f1f509d3de4d914,0.38,0,11.9548,0,4.9280413467073085
https://hashdive.com/Analyze_User?user_address=0x4e0a2668bcd0f26eed9d053b5ceb0d809c2ee4e6,0.69,0,11.729999999999999,0,1.612496997055794
https://hashdive.com/Analyze_User?user_address=0xccf38a9b206907a00dbfddebeab19aab1e048f27,0.39,10.8,11.7,0.9230769230769232,-1.7612079303640398
https://hashdive.com/Analyze_User?user_address=0x78d4247e1398a99ba39c04625a621fba5c7a0190,0.699999,0,11.649982557144,0,2.442641384547472
https://hashdive.com/Analyze_User?user_address=0x858cd4c428ea59bdabb996e50102446582d00a55,0.539999,-0.045956,11.600198,-0.003961656516552562,-10.750722303859517
https://hashdive.com/Analyze_User?user_address=0x86a63c4fdf1c35baad39ced8264d2d082db290a0,0.719999,0,11.569982170557997,0,-9.418452537416119
https://hashdive.com/Analyze_User?user_address=0xcb250e34f6100493c5d4c6ec765b58dc8d8dd69a,0.449999,0.000025,11.459974,0.000002181505821915477,4.57718907146161
https://hashdive.com/Analyze_User?user_address=0x2fd3368acc7a67a8a4c4904fc5248bd95d9e7214,0.38,18.6,11.4,1.631578947368421,-1.057923365298874
https://hashdive.com/Analyze_User?user_address=0x1239381b4461353dd390d8c5c1cf7b1fb089f906,0.53,-1.47,11.13,-0.1320754716981132,-6.7219566403887265
https://hashdive.com/Analyze_User?user_address=0x2395ca249a28badc66fa9d684e9a158417a79d34,0.696866,0,11.11998832324,0,1.7390073873210143
https://hashdive.com/Analyze_User?user_address=0x02fccaa1f1de3437ade886fccdbf68d7e7130853,0.75,3.65781,11.019999,0.33192471251585415,0.3371536430621588
https://hashdive.com/Analyze_User?user_address=0xe7ed1a7820bd312c039b8deb6e7ff874ad1141a3,0.68,0,11.009999000000002,0,7.237450784102278
https://hashdive.com/Analyze_User?user_address=0x09eb0d63978f6946d3ae089e20f4316b425844dd,0.669999,0,10.999982612091001,0,-2.5894789640599676
https://hashdive.com/Analyze_User?user_address=0xb9bff5c5c671272502111c7ac7b3460549a17a1a,0.699999,0,10.999982385717,0,-5.898288957015609
https://hashdive.com/Analyze_User?user_address=0x34483345f8729735fefa8910d0c4311d53cc2128,0.679999,0,10.999982063532,0,0.6414398425219645
https://hashdive.com/Analyze_User?user_address=0xc614dc2c38eba2b0870b806b4371184ca875b14b,0.485713,11.647087,10.99997,1.0588289786244873,-1.3222094155492408
https://hashdive.com/Analyze_User?user_address=0xb652e5dabc3fccd3c939acab0108f99866842db4,0.98,0.2128,10.976,0.019387755102040813,-0.7515026990172652
https://hashdive.com/Analyze_User?user_address=0xa1889958590790b58f6ac1f54dc41ac5b1233fcc,0.969999,3.189595,10.971988,0.290703471421952,-2.363652219292624
https://hashdive.com/Analyze_User?user_address=0xccf7567c20246fddf992ec12c6ad3ac18362390a,0.459999,12.842631,10.939975,1.173917764894344,-0.1143219284142529
https://hashdive.com/Analyze_User?user_address=0x5d538fbcbb4e9582415332b4e72ed6e7646e8182,0.7,0,10.85,0,2.4577088927721986
https://hashdive.com/Analyze_User?user_address=0x5a649152331a299d3934ee834cda3a719ff71bc6,0.459999,12.666544,10.789976,1.1739177177039135,-0.005438483319199
https://hashdive.com/Analyze_User?user_address=0x306ba6c9bfe0a81477f717bbca3ddae22cefae99,0.429999,14.276535,10.769974,1.3255867655762217,-0.08229636764610519
https://hashdive.com/Analyze_User?user_address=0x3873a776ec793da1c6fec49dafdd06bcc5e8dec8,0.669999,0,10.699983189852,0,-3.503120085134629
https://hashdive.com/Analyze_User?user_address=0x2018db044e11bdc6113755fad038ca7f26253b2a,0.459999,12.490456,10.639976,1.173917685528614,-0.010718703666742106
https://hashdive.com/Analyze_User?user_address=0x3867796901b978eda82fe33e7cb596345a79e50c,0.46,12.42,10.58,1.1739130434782608,-0.01842741490046819
https://hashdive.com/Analyze_User?user_address=0xeb942c9d9ae8f242e1f0b2ef6335f3365b4dd871,0.469999,11.919383,10.569977,1.1276640431667921,-0.27448667617454714
https://hashdive.com/Analyze_User?user_address=0x3b2d4a2f191d6fc037ca048708059e2310a0c0a8,0.459999,12.255674,10.439977,1.1739177203168167,-0.013009925911366217
https://hashdive.com/Analyze_User?user_address=0x6f320d8cc92606b0aa90f694ec9ffba0f2e2a63a,0.459999,12.232195,10.419976,1.173917771019818,-0.019332353550780793
https://hashdive.com/Analyze_User?user_address=0xd51736a188c486acc0b0282a69df3e56700f13c6,0.65,0,10.4,0,4.048736901940697
https://hashdive.com/Analyze_User?user_address=0xfb9d78b8e1074479a036b5088ae3bca447411b28,0.459999,12.161761,10.359977,1.173917760628233,-0.0013362832382042972
https://hashdive.com/Analyze_User?user_address=0xef05ef111f2ee2d3d537ae11860f5b3d40b89cdf,0.69,0,10.35,0,0.5712062671177383
https://hashdive.com/Analyze_User?user_address=0xf241a76e9a63286add673a6e6f603d74b09f7b2c,0.579999,-0.886982,10.289981,-0.0861986042539826,-2.3648283588305614
https://hashdive.com/Analyze_User?user_address=0x2050640c25f71f58a39202411f9271e96952bb48,0.459999,11.985673,10.209977,1.1739177277284758,-0.004665117067932412
https://hashdive.com/Analyze_User?user_address=0x0d9967087c7319e13b8d6f60127f64b1335f2346,0.469999,11.445765,10.149978,1.1276640205525568,-0.27199928038738214
https://hashdive.com/Analyze_User?user_address=0x9d5f391fc63c8a887a8cc3a10fa4b065637084bf,0.39,15.86,10.14,1.5641025641025639,-3.5264882108015256
https://hashdive.com/Analyze_User?user_address=0x5949ea954d38122687d55dd847f6b4b3acaa6d11,0.4,15,10,1.5,3.571970738257101
https://hashdive.com/Analyze_User?user_address=0x5b69e85a309d7853c6daf51c2a643fde9f416717,0.64,0,10,0,-0.5177007669294055
https://hashdive.com/Analyze_User?user_address=0x9a55ca1c481ebd041213772429b92f24b148fe8b,0.5,10,10,1,5.913880387786341
https://hashdive.com/Analyze_User?user_address=0xfae53e84eacfbac45b9d96c20ef0bd1e43f3f940,0.5,10,10,1,-3.0166209196958564
https://hashdive.com/Analyze_User?user_address=0xd3428cf3cb9da2a2d854fecf65b32f10364edb6e,0.4,15,10,1.5,0.3328274822475255
https://hashdive.com/Analyze_User?user_address=0xc1405a0a47ab045fdeabb196213e9fcfe6e24deb,0.4,15,10,1.5,-0.1712459782278568
https://hashdive.com/Analyze_User?user_address=0x12c879cf99ec301cd144839e798dc87e9c2e4a62,0.4,15,10,1.5,-5.93142750947858
https://hashdive.com/Analyze_User?user_address=0xb0722261b41b6a3d202c0cf8a60929f5774afdd9,0.4,15,10,1.5,-0.138069955468293
https://hashdive.com/Analyze_User?user_address=0xa969315a22f1ad988c4465025c726922e2741452,0.5,10,10,1,0.33576072606108776
https://hashdive.com/Analyze_User?user_address=0xcf9268ff9ab76ef23d7470d6fedf82f9ade337ea,0.4,-0.25,10,-0.025,-15.94590656342975
https://hashdive.com/Analyze_User?user_address=0xe06c5981ea05d611d91cfbf9954cf58d8f9062ae,0.4,15,10,1.5,-0.7310088804811572
https://hashdive.com/Analyze_User?user_address=0x12c879cf99ec301cd144839e798dc87e9c2e4a62,0.4,15,10,1.5,-5.93142750947858
https://hashdive.com/Analyze_User?user_address=0xa5393f740b1dc2986715aed487b504adaf5c461b,0.9,1.111111,9.999999,0.1111111111111111,-0.37281519047423617
https://hashdive.com/Analyze_User?user_address=0xaf710376570677403971a65f7180cff212a7161e,0.75,0,9.999999,0,1.6835753885098093
https://hashdive.com/Analyze_User?user_address=0x5d58499408c227b68f822c202f60ae801bcd2606,0.75,0,9.999999,0,2.1510829514159435
https://hashdive.com/Analyze_User?user_address=0xf05aa64d39e4aefdb3fe6d4c885105e9afcb379e,0.75,0,9.999999,0,1.7520572878805798
https://hashdive.com/Analyze_User?user_address=0x201d26caf15e0634ff52d94ab4e571c6b074e363,0.752475,3.289476,9.999994,0.32894779736867846,1.7835788884183366
https://hashdive.com/Analyze_User?user_address=0xde642081bdab0f959bcc95d05a78f26e592b8d2f,0.564356,7.719305,9.999992,0.771931117544894,-2.5080897022729416
https://hashdive.com/Analyze_User?user_address=0xba8b4f25b54908a529f372a13ba36e6a5dba1fbd,0.989999,0.10102,9.999989,0.010102011112212223,-3.146269847062549
https://hashdive.com/Analyze_User?user_address=0x4d8baa8753143496cc3969cdb7004b8569e8449b,0.558823,7.894745,9.999989,0.7894753684229053,2.148637056019532
https://hashdive.com/Analyze_User?user_address=0x4b4b45d2b32f415b92c616770cdfff1a4853b054,0.796019,0,9.9999886875,0,3.611914877004534
https://hashdive.com/Analyze_User?user_address=0x7d768a700886c2a77f53181bd869b7be7ec4e652,0.729999,0,9.999985471371,0,-4.6605028759545
https://hashdive.com/Analyze_User?user_address=0xab052bd7f0462ae4a3009eb1f235201cf3294386,0.729999,0,9.999985471371,0,-16.92590242230092
https://hashdive.com/Analyze_User?user_address=0x1cdd917d039e2d97c4dd2e4115c7ead017942dfe,0.699999,0,9.999984814287,0,3.9777698324565476
https://hashdive.com/Analyze_User?user_address=0x161a62262ff50e686d2c19fdd7fb69625c7ca6a7,0.699999,0,9.999984814287,0,-13.301797205063137
https://hashdive.com/Analyze_User?user_address=0xcc0a6be5132cd778ddf04d72f707668ca32a4391,0.699999,0,9.999984814287,0,6.38308460305311
https://hashdive.com/Analyze_User?user_address=0x7d1ec69e446af8e3bbb4a3ff101063ec18966b94,0.699999,0,9.999984814287,0,0.7635859776853182
https://hashdive.com/Analyze_User?user_address=0x99f9e5aafbf62f21ae561b5ce14b362da764bc62,0.699999,0,9.999984814287,0,-0.29987783411617186
https://hashdive.com/Analyze_User?user_address=0xedb5add3502c7d37019767304fb78d93b0b8ce8e,0.699999,0,9.999984814287,0,-0.6006897424062914
https://hashdive.com/Analyze_User?user_address=0x50aa7200c2f682cb6b5bf05aa4dc53e32e9970dd,0.699999,0,9.999984814287,0,-3.396471253492805
https://hashdive.com/Analyze_User?user_address=0x2bfa9775e3996fbbba1b763a5cac450d4bf3cd7f,0.699999,0,9.999984814287,0,-3.8777292578741807
https://hashdive.com/Analyze_User?user_address=0x7eba00dd2ee90397dac8638f9fd2a29c53ed73f2,0.699999,0,9.999984814287,0,0.2905871032008111
https://hashdive.com/Analyze_User?user_address=0xa329c00940e066903e2f97fcd9fa5452c307b651,0.699999,0,9.999984814287,0,-10.97697829216564
https://hashdive.com/Analyze_User?user_address=0x6fb61aa37afa027fb808185866b385c50deeec60,0.699999,0,9.999984814287,0,-2.3155342718124374
https://hashdive.com/Analyze_User?user_address=0x330398cfb8701f622fdadb3cb99cbcc1b69103af,0.699999,0,9.999984814287,0,0.6816517806741484
https://hashdive.com/Analyze_User?user_address=0x1f5134db88c0c52f2f7157085ace434914922019,0.699999,0,9.999984814287,0,-2.257113960730865
https://hashdive.com/Analyze_User?user_address=0x7b52eb6bcb27d23f82b61d3c38dc41072b2d4853,0.699999,0,9.999984814287,0,4.814243166066234
https://hashdive.com/Analyze_User?user_address=0x48e042ed093ae76d647692aad7d8f42e445952a1,0.699999,0,9.999984814287,0,6.758999624119969
https://hashdive.com/Analyze_User?user_address=0x463915dcc5cd57e5ebe073805ad6dc8f6668c5d3,0.699999,0,9.999984814287,0,-0.5088033761871659
https://hashdive.com/Analyze_User?user_address=0x9f53af93273d3a1778e138f0c2ae999d128924d1,0.699999,0,9.999984814287,0,-8.031470016296145
https://hashdive.com/Analyze_User?user_address=0x37bfe6eaf46f5eb95a2676882b552e1a1c6afebf,0.699999,0,9.999984814287,0,-12.330850618378937
https://hashdive.com/Analyze_User?user_address=0x6f1259149af28d162e95ce9b80dba3f7b146f98e,0.699999,0,9.999984814287,0,1.0903604239055533
https://hashdive.com/Analyze_User?user_address=0x624f5444ad1e286ee36790c05ca07f70c67c5501,0.699999,0,9.999984814287,0,4.910134061518119
https://hashdive.com/Analyze_User?user_address=0x2419ec1a1e36276f4faea248c5857ea3e46127e4,0.699999,0,9.999984814287,0,-3.6443613446904894
https://hashdive.com/Analyze_User?user_address=0x528bab1064aa23dcf1fac5ade9f8accace7bbd55,0.699999,0,9.999984814287,0,-4.211221839447506
https://hashdive.com/Analyze_User?user_address=0x8c94ac1a9abd1dbe55adaca8fc4e6093dbb8daa9,0.699999,0,9.999984814287,0,-4.4606113444177815
https://hashdive.com/Analyze_User?user_address=0x5c3e55af41d1a13332fd3a6831418e5d3df39e75,0.699999,0,9.999984814287,0,-6.173833474433886
https://hashdive.com/Analyze_User?user_address=0x05c611fd744bf70187565444f63c5dc02342d823,0.699999,0,9.999984814287,0,-2.9777800735081823
https://hashdive.com/Analyze_User?user_address=0xc150be3b0a7099dcd876bd5e1340f8929fcaeadc,0.699999,0,9.999984814287,0,6.668587771251754
https://hashdive.com/Analyze_User?user_address=0x015fd1cdeb57af816a467cca67e25f5cdf602f45,0.699999,0,9.999984814287,0,-0.44504092019991864
https://hashdive.com/Analyze_User?user_address=0x8dc34742f5547cb60292f81db82c5b3f7795efb9,0.699999,0,9.999984814287,0,4.896977713854026
https://hashdive.com/Analyze_User?user_address=0x24c4d8df02156f8f40277ca9c327c3d3097371fb,0.699999,0,9.999984814287,0,15.23644015983787
https://hashdive.com/Analyze_User?user_address=0x324b03ba0e638046acebf090601a8b7466ca3fe4,0.699999,0,9.999984814287,0,-7.019719415681722
https://hashdive.com/Analyze_User?user_address=0x808f80958a43fa3fcf06148920f26afb21adf5b2,0.699999,0,9.999984814287,0,0.20298790726238417
https://hashdive.com/Analyze_User?user_address=0x085929df2d37cf2402f850cdf102edc14e35015d,0.699999,0,9.999984814287,0,-0.9828413608533264
https://hashdive.com/Analyze_User?user_address=0x43c080e9dc547875c1aad27f958293f47f466f57,0.699999,0,9.999984814287,0,-0.7108941633695937
https://hashdive.com/Analyze_User?user_address=0xea90d67c683bb7e73c4b80bea2ccee335dc57113,0.699999,0,9.999984814287,0,-7.375565708606944
https://hashdive.com/Analyze_User?user_address=0xde5c3fa4f15c4d5a04826a858b00ea0c10727327,0.699999,0,9.999984814287,0,2.9863481985225286
https://hashdive.com/Analyze_User?user_address=0x748459c760ce705f9aec48ba0aac61a31cfc1377,0.699999,0,9.999984814287,0,-1.6535068317671802
https://hashdive.com/Analyze_User?user_address=0xff1effb8cf40cf92c37135cc2272b12081751746,0.699999,0,9.999984814287,0,-0.18373519619335046
https://hashdive.com/Analyze_User?user_address=0x68253a01c2fa2c3b8006366198cdc4660c779edc,0.689999,0,9.999984387248,0,1.0092975595150997
https://hashdive.com/Analyze_User?user_address=0x9c891262c8436b1e70cc7543a3f3fee295a67de2,0.689999,0,9.999984387248,0,6.18459152977072
https://hashdive.com/Analyze_User?user_address=0x4d2d1e1f46e87bbd3754e4303c6ec0c9c0fde40d,0.679999,0,9.999984374119,0,-4.923753304690913
https://hashdive.com/Analyze_User?user_address=0xf5606cb9d5d6f6dac040f992a250df52cbebe9ab,0.679999,0,9.999984374119,0,-5.413735975634928
https://hashdive.com/Analyze_User?user_address=0x98bb425508b6f4efe1c8e2ee2893c705f1f7d1f9,0.679999,0,9.999984374119,0,1.557271130574546
https://hashdive.com/Analyze_User?user_address=0x1acc4041e4219a1a2856923ea8b91a226a7c35b7,0.669999,0,9.999984314628,0,1.5054405794428778
https://hashdive.com/Analyze_User?user_address=0xa1cc2e56c3da67715bb2dfea8f6ad92ad966f8e4,0.669999,0,9.999984314628,0,1.988365306785517
https://hashdive.com/Analyze_User?user_address=0x6a2d445111e836bf40eea57edde155a8d0ef1f60,0.669999,0,9.999984314628,0,-5.29677134442648
https://hashdive.com/Analyze_User?user_address=0xb8ae9ce8666fad9e2810b758350ce153c510a264,0.669999,0,9.999984314628,0,-6.0070365539206305
https://hashdive.com/Analyze_User?user_address=0x02e2858ffef9b18d0d1344095396ad863803338f,0.669999,0,9.999984314628,0,-9.827734380372803
https://hashdive.com/Analyze_User?user_address=0xa3134a8f3b7bf3d457c3b1a7952805ff4447a0aa,0.669999,0,9.999984314628,0,2.311098667569072
https://hashdive.com/Analyze_User?user_address=0xea3953143fa6b01f75d93fd187cdc54a945b2d8a,0.669999,0,9.999984314628,0,-1.9765662301229954
https://hashdive.com/Analyze_User?user_address=0xc08c36ae1f7b6f34cd2d8d2a6432dba1347598f3,0.669999,0,9.999984314628,0,-5.4423577986104075
https://hashdive.com/Analyze_User?user_address=0x5806fd2878e18224cf505cc5c0427fe06757751f,0.669999,0,9.999984314628,0,-13.347313820880093
https://hashdive.com/Analyze_User?user_address=0xfbf853dd64381c9a56ec726ca1d8f7f4ea3289b0,0.779999,0,9.999984199491,0,-2.4824028107102496
https://hashdive.com/Analyze_User?user_address=0x8baa99015e12ac5d753af4d68eb09d0e89ab0032,0.659999,0,9.999984088486,0,4.139400550600934
https://hashdive.com/Analyze_User?user_address=0x4d2034470f2fa8a1a3ae5c85da6bc5dc737e4095,0.659999,0,9.999984088486,0,0.4287426292131435
https://hashdive.com/Analyze_User?user_address=0x6626e6c8680446e159da3dedd90052fdf427dc9a,0.659999,0,9.999984088486,0,2.118927291494689
https://hashdive.com/Analyze_User?user_address=0x19cd028f900dde7b01594940dfd5b60fdd917a82,0.659999,0,9.999984088486,0,0.3076079257194727
https://hashdive.com/Analyze_User?user_address=0xb7b57a5ffa956b08bf1c6fc9cb14367d46cfc988,0.659999,0,9.999984088486,0,0.11117879960234503
https://hashdive.com/Analyze_User?user_address=0x7d1c5a63dc91d03cfcac30eba73d42a731eec7ca,0.659999,0,9.999984088486,0,-8.268106890782322
https://hashdive.com/Analyze_User?user_address=0x170e0836a8e8dbcd0a3a98a54570d9b1287b7228,0.659999,0,9.999984088486,0,1.3595119349273213
https://hashdive.com/Analyze_User?user_address=0x13120b20e24f2343e85027d76a42a83202422fb0,0.759999,0,9.999984002108999,0,-1.2762507464357893
https://hashdive.com/Analyze_User?user_address=0x59f4ecf0b91d97c5227a2f97e37fada898a994ec,0.759999,0,9.999984002108999,0,0.10786948183782263
https://hashdive.com/Analyze_User?user_address=0x6c26e9e624573cb9a6d4f33b3cd999bfca5b1ddd,0.759999,0,9.999984002108999,0,0.017286733552187447
https://hashdive.com/Analyze_User?user_address=0x953e177c005243f630ec7b29b29e3d5b913fe5d2,0.759999,0,9.999984002108999,0,2.301305446209251
https://hashdive.com/Analyze_User?user_address=0xcb858814f0e2ea2a5afca8dd74cc34bb86540de5,0.759999,0,9.999984002108999,0,1.7827066185585756
https://hashdive.com/Analyze_User?user_address=0x9ffc8c4d6ae23345bee376f367e17ed91ca7a758,0.759999,0,9.999984002108999,0,0.12826685298988696
https://hashdive.com/Analyze_User?user_address=0xea1cb39d4f5aa391aac199ee22831d2c4be573e6,0.649999,0,9.999983715386,0,0.31831259937836487
https://hashdive.com/Analyze_User?user_address=0xaadba899f1ab980ae86c145142dc785d7f761f89,0.689999,0,9.999983697249,0,-1.9820682528400466
https://hashdive.com/Analyze_User?user_address=0x4fc444f4beef701fbbfcf666719f452359b9395f,0.689999,0,9.999983697249,0,6.743431370458904
https://hashdive.com/Analyze_User?user_address=0x01860fffe9c213852f291e87974191391cbd40ed,0.689999,0,9.999983697249,0,1.6411485912485158
https://hashdive.com/Analyze_User?user_address=0xa4603d3f4ec59b3b5dd777d715fbc4f00a242528,0.689999,0,9.999983697249,0,-0.04991341193560962
https://hashdive.com/Analyze_User?user_address=0x9034989a2fada3003038e88eb65326cdc9b8550b,0.689999,0,9.999983697249,0,-0.9619729596417698
https://hashdive.com/Analyze_User?user_address=0x57479af4ff6ffd7fbc6a93a02ece0a92afc6fb60,0.689999,0,9.999983697249,0,0.5009122226474476
https://hashdive.com/Analyze_User?user_address=0xdd7ca3bf0923f81bcb675a2bfb282149bff55d78,0.689999,0,9.999983697249,0,10.989103925157641
https://hashdive.com/Analyze_User?user_address=0xc83395a52b94130fd8304acd0a365ab99628ea48,0.689999,0,9.999983697249,0,-12.082591808044569
https://hashdive.com/Analyze_User?user_address=0xf23ca65324b789016acaffb6c2dccae48657555d,0.789999,0,9.999983511777,0,5.8022536496802175
https://hashdive.com/Analyze_User?user_address=0x620e82612ccb43a9b814a518030bfd9cb2820486,0.719999,0,9.999983311114999,0,4.702933133222206
https://hashdive.com/Analyze_User?user_address=0x0dc4a0e5fca0dcf68f6efd36fcfe7cf74cd6bb0a,0.769999,0,9.999983172992,0,-0.7762497141820648
https://hashdive.com/Analyze_User?user_address=0x3b09f1aac0dd6f61f364f19eefc259621491bdcd,0.769999,0,9.999983172992,0,0.4274437144926868
https://hashdive.com/Analyze_User?user_address=0x20f04673d6f6c74fa046d62ca0ff92c58aa350d8,0.769999,0,9.999983172992,0,-2.5499225099245173
https://hashdive.com/Analyze_User?user_address=0x141e29ab80e64f4ca78051807e7a2e7fd9a8909b,0.769999,0,9.999983172992,0,1.1788158889762477
https://hashdive.com/Analyze_User?user_address=0x465efbe1ac99bcc71e13b27f1036bec3d5022d9c,0.769999,0,9.999983172992,0,-2.8540891673314492
https://hashdive.com/Analyze_User?user_address=0x116b09eea167c4f044c3006a2833c5221295adfd,0.769999,0,9.999983172992,0,-1.7271104880191914
https://hashdive.com/Analyze_User?user_address=0x5f88dd0933731182ea382c69dd4381ddfae54fdf,0.839999,0,9.999983135244001,0,0.24499226363382362
https://hashdive.com/Analyze_User?user_address=0xda0b7296d9348598b22f85aa242b6c0a86d4f4f6,0.619999,-9.999983,9.999983,-1,-0.5633070641835847
https://hashdive.com/Analyze_User?user_address=0x4e49a0321a528448607e65968eb48c3e161d3312,0.629999,5.87303,9.999982,0.5873040571473029,-2.932266434645412
https://hashdive.com/Analyze_User?user_address=0x99a27b281abc78b12b15511cf6e38e81d6699bbf,0.88717,1.260324,9.999982,0.12603262685872835,-20.238970394646536
https://hashdive.com/Analyze_User?user_address=0x4cc3a655624399a4e26cef5eb4cc0ba6088dcaf5,0.669999,0,9.999981634632,0,0.10207645348559219
https://hashdive.com/Analyze_User?user_address=0xca83602a5cd36fedd3cd1de80bd8b7a380d6748f,0.559999,7.857159,9.999981,0.7857173928630464,-3.0173607468126455
https://hashdive.com/Analyze_User?user_address=0x794ff0733e64717f7873cd52afde1375168e5818,0.549999,0,9.999981,0,-3.3420348078402666
https://hashdive.com/Analyze_User?user_address=0x10b5166cbe137d5e663f73f75a730a8875ef08ca,0.480122,0,9.999981,0,-12.638977604580006
https://hashdive.com/Analyze_User?user_address=0x8f41bfcefef68b48f6afbfa7cdf4faac68f72085,0.509999,0,9.99998,0,-0.7849070820882392
https://hashdive.com/Analyze_User?user_address=0x41e31209430e2389048a3d6815e126d35ce71962,0.509999,-9.999979,9.99998,-0.9999998999997999,-5.639432336125659
https://hashdive.com/Analyze_User?user_address=0x6fb61aa37afa027fb808185866b385c50deeec60,0.469999,11.276616,9.999978,1.127664080860978,-2.3155342718124374
https://hashdive.com/Analyze_User?user_address=0xe375a371cf06f7f55b95485fc57c58fa821d530f,0.459999,11.739151,9.999978,1.1739176826189017,-4.6423721094751915
https://hashdive.com/Analyze_User?user_address=0xa77fb1e522fd35593020e4104aecc3e08d50d3a4,0.459999,11.739151,9.999978,1.1739176826189017,9.253267664658312
https://hashdive.com/Analyze_User?user_address=0x6c748be0f5fd9cee9cda200aac5f3edae99d0eab,0.459999,11.739151,9.999978,1.1739176826189017,15.097150466988003
https://hashdive.com/Analyze_User?user_address=0x3c90a6c29d706346bb70ece3ef0819c76d89af9e,0.459999,11.739151,9.999978,1.1739176826189017,-0.03897852344477126
https://hashdive.com/Analyze_User?user_address=0x348c96bc08ba430210ea08e548396ce5bd731ad8,0.469999,11.276616,9.999978,1.127664080860978,7.611805294587526
https://hashdive.com/Analyze_User?user_address=0x87764c9adcfa8e497651a489e10e727df0492a17,0.469999,11.251851,9.999978,1.125187575412666,0.5861891516284888
https://hashdive.com/Analyze_User?user_address=0xd78da16ee645f81d0f7ee7737ea0968d98d0f0a6,0.459999,11.739151,9.999978,1.1739176826189017,5.8508985588278115
https://hashdive.com/Analyze_User?user_address=0xc04425731be024a9867ef5b053c0434bfad39463,0.459999,11.739151,9.999978,1.1739176826189017,-0.31586118207772307
https://hashdive.com/Analyze_User?user_address=0xc8f22e0c41b3f2b1033882faf801a1b16bf61b54,0.459999,11.739151,9.999978,1.1739176826189017,4.913460366010068
https://hashdive.com/Analyze_User?user_address=0x8efd281c7b615353a00f49a92d43e30a4876e769,0.469999,11.251851,9.999978,1.125187575412666,11.451164578392003
https://hashdive.com/Analyze_User?user_address=0x67c24e763c97990a075a0be64eca6b2940a3daeb,0.469999,10.443591,9.999978,1.0443613975950745,0.7202794832419566
https://hashdive.com/Analyze_User?user_address=0x062435af69d9039c210241ef6f7aac93b082017d,0.469999,11.276616,9.999978,1.127664080860978,-19.439737915110456
https://hashdive.com/Analyze_User?user_address=0x3e1c8eba5cdfa03182786c91839680fd80e506c9,0.459999,11.739151,9.999978,1.1739176826189017,2.2887808109339067
https://hashdive.com/Analyze_User?user_address=0xaefe6174da572757dbe38cff6824b461975b611f,0.459999,11.739151,9.999978,1.1739176826189017,11.797214551659518
https://hashdive.com/Analyze_User?user_address=0x7e78c33e5c01caaf4d93de3cc3d2c6c9a5959e4f,0.459999,11.73915,9.999977,1.1739177000107102,1.31951390652497
https://hashdive.com/Analyze_User?user_address=0x987c5ca4f7bcd409b252bd5f1bacbea5776fadae,0.449999,12.222243,9.999977,1.2222271111223557,0.99807885788053
https://hashdive.com/Analyze_User?user_address=0x871a613afecc7bfa794325adf0abcdd87d2f7be4,0.449999,12.222243,9.999977,1.2222271111223557,2.9943110864928406
https://hashdive.com/Analyze_User?user_address=0x973a04010293bd03f03610f08f03bb5008d270e6,0.429999,13.255836,9.999976,1.3255867814082753,-10.29276704113867
https://hashdive.com/Analyze_User?user_address=0x8901be8dbe1da7d63b0f97a72981a46dd393e885,0.429999,13.255836,9.999976,1.3255867814082753,1.923747115401759
https://hashdive.com/Analyze_User?user_address=0x4f524addc05b3dc07e4050c803afeeeb9a40c2c5,0.429999,13.255836,9.999976,1.3255867814082753,1.6047966353362857
https://hashdive.com/Analyze_User?user_address=0xcf9268ff9ab76ef23d7470d6fedf82f9ade337ea,0.429999,-1.162476,9.999976,-0.1162478789949096,-15.94590656342975
https://hashdive.com/Analyze_User?user_address=0x3c90a6c29d706346bb70ece3ef0819c76d89af9e,0.409999,14.390267,9.999975,1.439030297575744,-0.03897852344477126
https://hashdive.com/Analyze_User?user_address=0xa8ce6caa489875f4686f18a18d7fc1ca7f5ab4e3,0.409999,14.390267,9.999975,1.439030297575744,-5.89060049392489
https://hashdive.com/Analyze_User?user_address=0x8d9f47b95516e47e93df1df2f9357aa626339a20,0.409999,14.365734,9.999975,1.4365769914424786,-1.2954463749863812
https://hashdive.com/Analyze_User?user_address=0x827bbe64b798923aa7ff1182cfb199719a681eed,0.389999,15.64105,9.999974,1.5641090666835733,-0.09432730593867332
https://hashdive.com/Analyze_User?user_address=0x7e3d2132df8877c971b5fb3270729a79cd55bf10,0.389999,15.64105,9.999974,1.5641090666835733,-1.3984034629573514
https://hashdive.com/Analyze_User?user_address=0xaab66edcd70fa11864483b496fe6a79d55ac923f,0.389999,15.64105,9.999974,1.5641090666835733,-0.2123081967877864
https://hashdive.com/Analyze_User?user_address=0x871a613afecc7bfa794325adf0abcdd87d2f7be4,0.389999,15.64105,9.999974,1.5641090666835733,2.9943110864928406
https://hashdive.com/Analyze_User?user_address=0xeb8b90a6fce60699cccf328bd0059f6b5fb2949f,0.389999,15.64105,9.999974,1.5641090666835733,26.39565062779997
https://hashdive.com/Analyze_User?user_address=0x7cfe963ef4efba30e437b9dbcedcfacd3baea1e0,0.379999,8.682326,9.999973,0.8682349442343493,-1.4752076184665186
https://hashdive.com/Analyze_User?user_address=0x37e029ea3121000ebde6a507b6e8724baf0998f8,0.369999,17.027053,9.999973,1.7027098973167225,4.512768552638155
https://hashdive.com/Analyze_User?user_address=0x46184c0c077c2b229ff9f9a65c64e1ec814941b1,0.720967,0,9.999972344674001,0,3.270620830318776
https://hashdive.com/Analyze_User?user_address=0xae215dd99e7d114422a52abc52e512a4b456f485,0.55982,7.862862,9.999972,0.7862884016075246,-0.6763781963212717
https://hashdive.com/Analyze_User?user_address=0xc3dc9ffb0071f3b142a8b76b61b9428dde378784,0.55982,7.862862,9.999972,0.7862884016075246,-0.4328537503918557
https://hashdive.com/Analyze_User?user_address=0x3f4f9145904c7b3261c3bbe05fcea64d9d91b4b3,0.44,3.1808,9.9968,0.3181818181818182,11.626214825980789
https://hashdive.com/Analyze_User?user_address=0x8706c6927d67edde20d2c6fab97bf29be280d5b7,0.789999,2.655581,9.989984,0.2658243496686281,-6.469072412880053
https://hashdive.com/Analyze_User?user_address=0x04ec81e1a86d8b5f820dbc55862882d2e2ae8ac9,0.66,0,9.9,0,2.5172562158849083
https://hashdive.com/Analyze_User?user_address=0xf413208175e8e69e1e7e93c1ace0e5db406d95fa,0.72,-0.6875,9.9,-0.06944444444444445,-1.704313666700873
https://hashdive.com/Analyze_User?user_address=0xf10299cf1fff507cff45e1a906800e5b44bf1348,0.47,-9.87,9.87,-1,10.611518364416153
https://hashdive.com/Analyze_User?user_address=0xfd326d28f55e429ebf7ecba4eddc487ff410c9c1,0.49,-9.798942,9.798943,-0.9999998979481768,-0.4919393592393593
https://hashdive.com/Analyze_User?user_address=0xfcd01806d647fead5ebf83de786fcc0e15d4157d,0.8,2.42382,9.75,0.24859692307692308,0.10266232846208848
https://hashdive.com/Analyze_User?user_address=0x41edeea31b4fabffbd57bc6c83394adb77971da9,0.69,0,9.66,0,-0.31172994226684425
https://hashdive.com/Analyze_User?user_address=0x20629a5fda4d8f5a58683a8e287dfc78231c2255,0.469999,10.836828,9.609979,1.1276640666956714,-0.5005229014019206
https://hashdive.com/Analyze_User?user_address=0x718c8aa65dab2a46966eeb2a9fae6c848347f792,0.96,0.4,9.6,0.04166666666666667,0.19586007509482126
https://hashdive.com/Analyze_User?user_address=0x4132070d75f124a5f2a4d13ec0a4497dee6ba5a5,0.729999,3.532203,9.549984,0.3698648081504639,-3.2184390371972063
https://hashdive.com/Analyze_User?user_address=0xfb79181a9d9dcaceda40803c0aeb55f6c58ec2c6,0.41,13.349999,9.277118,1.439024382356676,14.781167487635829
https://hashdive.com/Analyze_User?user_address=0x05c0a43ab8020693880615676aac844bfc831222,0.486251,9.667419,9.149979,1.0565509494611955,-0.5845334355578662
https://hashdive.com/Analyze_User?user_address=0xb09cfa6e8e459a55ae3c05a7ea474454052fa8f5,0.45,11,9,1.2222222222222223,1.2786743940984622
https://hashdive.com/Analyze_User?user_address=0xde125033aa27c24903cd83c8908b8c5b451aa72a,0.45,11,9,1.2222222222222223,-2.4584571582759205
https://hashdive.com/Analyze_User?user_address=0x207acb1301a7858ff475f1c0d6b7dba6a2a26fec,0.45,10.98,9,1.22,-3.0641766519472173
https://hashdive.com/Analyze_User?user_address=0xaccdbc2d724c3e77c30b8ea95edfa7d08d2f8be2,0.7,0,8.999998,0,-19.81426533276549
https://hashdive.com/Analyze_User?user_address=0xd959d0c4e83136688976f53bb0e036717c4181b1,0.939999,0.000276,8.999988,0.00003066670755561007,0.030372911088358857
https://hashdive.com/Analyze_User?user_address=0x7c3708987dadd0fb7def07a1596640e2b40ee646,0.759999,0,8.999987197896,0,-0.24462890554477826
https://hashdive.com/Analyze_User?user_address=0x61fe12941981891126fcba4cfdecba29b71c5827,0.669999,0,8.999984677167001,0,7.543811708228178
https://hashdive.com/Analyze_User?user_address=0xa3401dd083664663660ffb6893df9c63143b8664,0.659999,0,8.99998396364,0,-0.2129553685554127
https://hashdive.com/Analyze_User?user_address=0x6b07378c73aaf29793bff5732cb595b390392d28,0.409999,12.95124,8.999977,1.4390303441886574,-7.738292216114805
https://hashdive.com/Analyze_User?user_address=0xd7a119ae7eda4cba1145d718916ef21a854dad7b,0.515849,8.22771,8.76639,0.9385516729235182,0.5431439918116101
https://hashdive.com/Analyze_User?user_address=0xf6d8c91b19f65015533d7bc12f5ccf478a8c3024,0.43,11.4,8.6,1.3255813953488373,-0.03993222267455075
https://hashdive.com/Analyze_User?user_address=0x5439b0dde6920afe4c197fca253108dfa53018a9,0.429999,11.373507,8.579979,1.3255868108768099,8.675890572049244
https://hashdive.com/Analyze_User?user_address=0xcdd148eadf091e17962271248ccba487ae52ee30,0.389999,13.388738,8.559977,1.564109109171672,5.689360693017305
https://hashdive.com/Analyze_User?user_address=0x048e3c2aab9e5b3971ba2e72f2e952a12b555ba7,0.36617,14.695946,8.489997,1.7309718719570806,-3.124982361047477
https://hashdive.com/Analyze_User?user_address=0x6932f4a83df6d271fc4a71376c5f425e49a7e21c,0.55,-6.75,8.25,-0.8181818181818182,-1.238635960454665
https://hashdive.com/Analyze_User?user_address=0xf8da8084ca13fdffa2949cf0bc0f76313e43c2b4,0.68,0,8.16,0,0.686051641759958
https://hashdive.com/Analyze_User?user_address=0xb9b45823dee010fd365916d7f7ebe4799e51c028,0.69,0,8.142,0,-3.6224505353371326
https://hashdive.com/Analyze_User?user_address=0x603848b73fe3b597d3cf064d734d21ac6fb1582c,0.46,9.45,8.05,1.1739130434782608,1.1387145041323254
https://hashdive.com/Analyze_User?user_address=0xe243de4e0bce850a1799c6284640ab63d2a04455,0.4,12.036,8.024,1.5,-3.932984471982647
https://hashdive.com/Analyze_User?user_address=0xea177a12428e097040085482e1aca77440e84652,0.4,12,8,1.5,-7.048678604412943
https://hashdive.com/Analyze_User?user_address=0x777e32a5a028860e0f8af830e54c6d2e2fa1d2d4,0.7,0,7.999999,0,-7.011019968048691
https://hashdive.com/Analyze_User?user_address=0x379963f7dd8d4934c5b877399634056cf975b40a,0.7,0,7.999999,0,0.2670025806549347
https://hashdive.com/Analyze_User?user_address=0x3f7e69b9fb78bf98a5ae9676be360072b9b9e359,0.7,0,7.999999,0,0.39897775697637755
https://hashdive.com/Analyze_User?user_address=0x80fbad514b270d73f2db52b0a8b2096036d72f17,0.7,0,7.999999,0,-8.135967740424618
https://hashdive.com/Analyze_User?user_address=0x7f388352808216e3f15239ab9821c366a4516e9a,0.7,0,7.999999,0,0.6332757853075937
https://hashdive.com/Analyze_User?user_address=0x02140eb5504a598699216faff4266fbc789101c0,0.7,0,7.999999,0,0.610821842650543
https://hashdive.com/Analyze_User?user_address=0x6376f613a41d11d4396d55687a354cf3ab600af3,0.75,0,7.999998000000001,0,7.562432049919371
https://hashdive.com/Analyze_User?user_address=0xcb5debd3ecffb7c5e10da6d175e47d0e665e066a,0.69,0,7.999998,0,0.33538110097383556
https://hashdive.com/Analyze_User?user_address=0x06f9d7f3bafac2d4f253641db07003b77478827b,0.69,0,7.999998,0,-2.6811253086095723
https://hashdive.com/Analyze_User?user_address=0x0dd5a513fcf2a28d6fc86247d064c35ca02e45a2,0.69,0,7.999998,0,-2.255758634183538
https://hashdive.com/Analyze_User?user_address=0xfae637041252fdfce0d7bae9c5fee0eeb2b3ee43,0.686123,0,7.999994518207,0,0.0356325576116464
https://hashdive.com/Analyze_User?user_address=0xb2e23ffeec8cf9938cb6486260c32e23091a9590,0.659999,0,7.999987138789001,0,0.007100337846606274
https://hashdive.com/Analyze_User?user_address=0xe57226f9f085c6308de3328351a60c13828be55f,0.689999,0,7.999987095799001,0,-2.043720748211139
https://hashdive.com/Analyze_User?user_address=0x9c2a26d9e72daecf219936825daa96b9fa20426e,0.669999,0,7.999987049703,0,0.4809320342094112
https://hashdive.com/Analyze_User?user_address=0x0e2b45e4946c706547bd395ccd07783e0ab66f1d,0.669999,0,7.999987049703,0,-12.956790091590332
https://hashdive.com/Analyze_User?user_address=0xd990ad35098482db6b99fdd9aa5c446eac6f4349,0.659999,0,7.9999864787899995,0,-0.10722786354178082
https://hashdive.com/Analyze_User?user_address=0x0e6dc75d4358e345864a42c54521cc2084af3ed4,0.669999,0,7.9999863797040005,0,-0.8016118575110304
https://hashdive.com/Analyze_User?user_address=0xf3db03704c01054aa9b3e06861bb997858fea3c7,0.679999,0,7.999986275297001,0,0.19161747902621842
https://hashdive.com/Analyze_User?user_address=0xe44eabfa643c01c4c75fd648bcfa2a3bdc5b0983,0.679999,0,7.999986275297001,0,-6.892046818831865
https://hashdive.com/Analyze_User?user_address=0x02e0093f13fadc33db093fc4cc68046595a3e959,0.487163,8.421587,7.99998,1.0527010067525169,-0.5504529053156844
https://hashdive.com/Analyze_User?user_address=0xf8b9051711de4ac64bf7418ca58da1152511a76c,0.687363,0,7.999979442038999,0,2.902816772683481
https://hashdive.com/Analyze_User?user_address=0xdb147e9a0f910fadfb91ac3f8ddd10eb858bad31,0.67,0,7.973000000000001,0,0.7583702448055849
https://hashdive.com/Analyze_User?user_address=0x06e0c3d1a1a8b3f8421020cdfe609a21ac5e2bc4,0.67,0,7.973000000000001,0,0.7566509887530292
https://hashdive.com/Analyze_User?user_address=0x0bfdf12aad3ef06ea79cd015ac26cbf178c105ba,0.469999,8.931079,7.919982,1.1276640527718371,-3.4706813858573673
https://hashdive.com/Analyze_User?user_address=0x3d871f1b781618ec05966aee90bba1fc320bfd1f,0.67,0,7.906000000000001,0,0.8337101812599957
https://hashdive.com/Analyze_User?user_address=0x3ad3beb9a421147ba6020b9866ce6098bbd21a10,0.67,0,7.906000000000001,0,1.1295296324659754
https://hashdive.com/Analyze_User?user_address=0x0d70880f38a1259393a4369d1337da0e5dcdf6f3,0.67,0,7.906000000000001,0,1.2356622985006274
https://hashdive.com/Analyze_User?user_address=0x1ec95eb3d1cb3285e6664510ea8f5a2aa01ca661,0.67,0,7.906000000000001,0,0.8245449475397361
https://hashdive.com/Analyze_User?user_address=0xbdaf7829597931e60bc40d67d1a1ab32c1ac5ff6,0.989999,0.071737,7.89999,0.009080644405878994,-2.363770441117789
https://hashdive.com/Analyze_User?user_address=0x30ba1514b7eb8600bd75ff2038c80db666fee452,0.67,0,7.772,0,0.782001236609702
https://hashdive.com/Analyze_User?user_address=0xd98466aae7cb9e501772a5be2585cbc46232dcb5,0.67,0,7.772,0,1.0292022393937093
https://hashdive.com/Analyze_User?user_address=0x1fae3d48227c62cbc518189e5f66fdc329893d00,0.67,0,7.772,0,0.997477664818939
https://hashdive.com/Analyze_User?user_address=0x1eef1653625f25d497b155dd12fd0fff1b5dca9e,0.67,0,7.772,0,1.0511414551745653
https://hashdive.com/Analyze_User?user_address=0x55fb48bbc94652b3592d3d0beeaa4f239bcc36e9,0.67,0,7.772,0,0.6887260539030204
https://hashdive.com/Analyze_User?user_address=0xc3a93cd6c22ffbdd6399fd849ce96ffc49d67a35,0.67,0,7.705,0,1.0550751640164109
https://hashdive.com/Analyze_User?user_address=0x29d81d5632d025c2dd2e1694302262496286b56a,0.7,0,7.699999999999999,0,-1.9750117187197551
https://hashdive.com/Analyze_User?user_address=0x2c72ac5349c51300c6aa06d3605395e045105419,0.7,0,7.699999999999999,0,4.54167013935752
https://hashdive.com/Analyze_User?user_address=0xf8ffd9ecda16ff527b0a9922f6d11ca8742cd1d3,0.7,0,7.699999999999999,0,1.8070718814776003
https://hashdive.com/Analyze_User?user_address=0x75e990048aa751049756b577e9fed4f37a82fae9,0.669999,0,7.679986817315999,0,2.518747052702939
https://hashdive.com/Analyze_User?user_address=0xb3e4032a53865af9eac182b59502407c0e9cd6b2,0.69,0,7.59,0,8.157313685311907
https://hashdive.com/Analyze_User?user_address=0x2c4aa9e8f13672f8acacbfb47b005b485c7b8e5d,0.69,0,7.59,0,3.924260329332816
https://hashdive.com/Analyze_User?user_address=0x51790f3d3da964230930768aa5c6c9a13ba12b29,0.69,0,7.59,0,8.976639224819237
https://hashdive.com/Analyze_User?user_address=0xcc0eef5502dd864984d03fca22ddc95578680fbd,0.69,0,7.59,0,0.26031760569991624
https://hashdive.com/Analyze_User?user_address=0x728c24a7ff0ef52a456e1d3fa1d179de16207199,0.67,0,7.571000000000001,0,1.0025077782704503
https://hashdive.com/Analyze_User?user_address=0x0dd01186fb24888a5ab6e2697639dc98eb368492,0.549999,6.15274,7.519986,0.8181850338551161,-0.27532093108766653
https://hashdive.com/Analyze_User?user_address=0x882e712c3bc720e52daca464b06e363c2b541e21,0.67,0,7.504,0,1.0166766453223042
https://hashdive.com/Analyze_User?user_address=0x3a5c99bcd264df6a617679f0992d74253aec32bd,0.67,0,7.504,0,1.0828853839651562
https://hashdive.com/Analyze_User?user_address=0xb98ff042e095217f8eb422a315323cce6b2ea40a,0.75,2.5,7.5,0.3333333333333333,-0.9421813761137625
https://hashdive.com/Analyze_User?user_address=0xf565778a9f2ac0e703bf4fe6645b704f5ff7a8bf,0.75,0,7.5,0,-5.274104528344367
https://hashdive.com/Analyze_User?user_address=0x5be17aac3768ef7bb189f509e46a9a2a110cc465,0.5,7.476404,7.476404,1,-0.004379508997391482
https://hashdive.com/Analyze_User?user_address=0x443e10bd71625d8772071caf5f16a5edd59b37d8,0.689999,-0.035561,7.444413010980001,-0.0047768709161555055,0.17493691740124612
https://hashdive.com/Analyze_User?user_address=0x57a119a522625ff67e2f3a059795536e49bacaf8,0.74,2.59,7.4,0.35,-3.9347155149018507
https://hashdive.com/Analyze_User?user_address=0xb0aa1c4529f1b99e5505035b3091f593652dcc33,0.74,0,7.4,0,-0.894030271970785
https://hashdive.com/Analyze_User?user_address=0xe8328512354ee8da8fc9e0579d97b81f37f20cba,0.689999,0,7.379988494349,0,-7.171830165523443
https://hashdive.com/Analyze_User?user_address=0xf01a618513bb1dc511c40083a5bed487000f042e,0.669999,0,7.379988065076001,0,2.3680638957529188
https://hashdive.com/Analyze_User?user_address=0x98c00e0154ccd1a2df1159c7c4208fff7437066a,0.67,0,7.37,0,0.8087612254798429
https://hashdive.com/Analyze_User?user_address=0x7435164869002617491305ed6b629c76c5a07c64,0.67,0,7.37,0,0.9427502237322716
https://hashdive.com/Analyze_User?user_address=0xf8b3947c7a639e6097705e8da31b0fe6d97720b1,0.67,0,7.37,0,0.6000521124651595
https://hashdive.com/Analyze_User?user_address=0xfa685fadcedc16425413c4d1463063d112c6388e,0.669999,0,7.3499881898520005,0,2.1770770977352694
https://hashdive.com/Analyze_User?user_address=0xb9b8ab4a9a40c51e792591489ad088088e7415f4,0.679999,0,7.339987405885,0,2.348540996014485
https://hashdive.com/Analyze_User?user_address=0x10168b080c1e1248fbe6d5cdf8c46b61d182ba36,0.539999,6.228643,7.329986,0.8497482805560611,-7.497773669685159
https://hashdive.com/Analyze_User?user_address=0xd39fa57ba5965b1786b70acee1739f0e75eb5c5e,0.75,0,7.26,0,2.0382995491571396
https://hashdive.com/Analyze_User?user_address=0x9d1d9f7700161d01880e629198fe578ee4ca1b34,0.75,0,7.249998000000001,0,1.4215304483895994
https://hashdive.com/Analyze_User?user_address=0x5dd795e5291a4a25d2b54ce76d66b173214ef3f0,0.659999,0,7.189988186062,0,2.0067642543212196
https://hashdive.com/Analyze_User?user_address=0x2ece7c145a4dc9d19056cdbdde00b79e1cfaab27,0.729999,0,7.169987398086,0,1.8480612526518638
https://hashdive.com/Analyze_User?user_address=0xf14b9e5343194afa2ac7e56b28f86eeb906ab910,0.459999,8.405232,7.159984,1.173917707078675,2.757176538249144
https://hashdive.com/Analyze_User?user_address=0x0c812b346fe6b9c338f0d03bae06829cd491fb3e,0.659999,0,7.149988286668,0,1.6650872543207338
https://hashdive.com/Analyze_User?user_address=0xaf7611f51690cdc776c558022e16c80880f27202,0.459999,8.393493,7.149984,1.1739177318438754,-3.3708426820916175
https://hashdive.com/Analyze_User?user_address=0xb3753672c9cdcef65ce469683adbb6d2bcdc59d6,0.705,0,7.120499999999999,0,-1.8424592261506518
https://hashdive.com/Analyze_User?user_address=0x0b67a47cca9652e19cc607915bb2345d9a660a93,0.75,0,7.11,0,2.2340355585882286
https://hashdive.com/Analyze_User?user_address=0x0bb1afddfefd2c93da3deca58b75f7de1e011b57,0.729999,0,7.0899875376749995,0,1.8555267849847354
https://hashdive.com/Analyze_User?user_address=0xc25050c0e0adb9850d38d341096eba187b5a9b36,0.75,0,7.02,0,1.7189016536510582
https://hashdive.com/Analyze_User?user_address=0x681d7946e0280c6ec6562c7ce662e90812354cbf,0.5,7,7,1,10.171499241690114
https://hashdive.com/Analyze_User?user_address=0xc64ac615056199fa474a6b4756062578609b6bd4,0.35,13,7,1.8571428571428572,-0.10578683158364312
https://hashdive.com/Analyze_User?user_address=0x8c65191e411feec6c73aefbd74a55d246099dcf7,0.7,0,7,0,-0.000709286697015408
https://hashdive.com/Analyze_User?user_address=0x5bfa2da9925e402e0c30abd867213f974edfb734,0.7,-0.1,7,-0.014285714285714287,-0.17848545681295322
https://hashdive.com/Analyze_User?user_address=0x5fabf1ee1a9932d402c00ce204680d02d40af160,0.7,0,7,0,0.5202633084877712
https://hashdive.com/Analyze_User?user_address=0x3bc8a876954993bb812366932d4288a4d8720f93,0.7,0,7,0,-11.404275788774418
https://hashdive.com/Analyze_User?user_address=0xafca195caa333888dd7994194bbf7a91aa4b69bf,0.7,0,7,0,-4.425602555503995
https://hashdive.com/Analyze_User?user_address=0xeab29f4723ddd00bbe79d95fd7ffb7cbe61b7e7c,0.7,0,7,0,-25.69587254468949
https://hashdive.com/Analyze_User?user_address=0x7b2c123bceec0c3d0fd206a19c283af65932af48,0.7,-2,7,-0.2857142857142857,0.23787432411096426
https://hashdive.com/Analyze_User?user_address=0x29285144e1c39fdbffc402882fcec68e4e96b217,0.76,0,6.999999000000001,0,-0.27305247288211637
https://hashdive.com/Analyze_User?user_address=0x02a1777ac04d6bb23e625e0910040e1c11bf0d61,0.969999,0.216501,6.99999,0.030928758469654954,-3.4741732263364042
https://hashdive.com/Analyze_User?user_address=0xab66dc5b8b6998d26c455b4abb7023db7ca7e6b6,0.669999,0,6.99998875224,0,0.647328955398891
https://hashdive.com/Analyze_User?user_address=0x3a8fe43507e9ce1cc9ea3c1143386ad2f3948b2d,0.669999,0,6.99998875224,0,-0.9922271777183889
https://hashdive.com/Analyze_User?user_address=0x7f69631ce17deed1eb8fdae2d5f16c13e0c5a8de,0.739999,0,6.999988720543,0,9.26388556622908
https://hashdive.com/Analyze_User?user_address=0x07399ffc9a6ecadfb3489b82d88f63a001d72dbc,0.549999,0,6.999986,0,-6.128439008359756
https://hashdive.com/Analyze_User?user_address=0xedb950893a424f3738d7c87493cc84b84e6d5433,0.389999,10.948734,6.999981,1.5641091025818499,-2.8721738701072
https://hashdive.com/Analyze_User?user_address=0x611fdfcefd29149cbb99c9fdc94300250608481f,0.67,0,6.968000000000001,0,0.63249905027032
https://hashdive.com/Analyze_User?user_address=0x29e1759f7fbb08686f5ae13ab88311477705b08a,0.67,0,6.968000000000001,0,0.6117834935770438
https://hashdive.com/Analyze_User?user_address=0x6f3e0257c6102b1a7585e762c0f15c19c9da1213,0.67,0,6.968000000000001,0,1.0075314109762536
https://hashdive.com/Analyze_User?user_address=0xbb45eae49d2ab1f1bb467e222e90a370bb75f885,0.546529,5.774896,6.959978,0.8297290594884064,-0.1487509013104758
https://hashdive.com/Analyze_User?user_address=0xb2aa921b2c5e16ce70f25d35616f7234909e6115,0.67,0,6.901000000000001,0,0.9415372743545797
https://hashdive.com/Analyze_User?user_address=0x5b8990db8c1304d56cf8466e443b5e50a47f23fb,0.69,0,6.8999999999999995,0,-3.4918389207565186
https://hashdive.com/Analyze_User?user_address=0xdf3aca2d24569a93f65622a8e231e208c9a36c4f,0.69,0,6.8999999999999995,0,-0.9828325511096757
https://hashdive.com/Analyze_User?user_address=0xa890b02d704a3d51b0cf8870e377d842aeba915f,0.69,0,6.8999999999999995,0,-27.135530577049817
https://hashdive.com/Analyze_User?user_address=0x968db3c5a557f8793a02ec093448467a6ea2a7d5,0.669999,0,6.869988846269999,0,2.017100781285616
https://hashdive.com/Analyze_User?user_address=0x90f9ab0500603c1fdda97b56f381c3471afde894,0.685,0,6.8500000000000005,0,2.6897549010745685
https://hashdive.com/Analyze_User?user_address=0x4109b611161b82518329c157f3f3c415ecaa7e24,0.685,0,6.8500000000000005,0,8.693024549851824
https://hashdive.com/Analyze_User?user_address=0x85cf7ce44ecb49d524daed525fce9e0501252214,0.659999,0,6.839988736365,0,2.4206192614334494
https://hashdive.com/Analyze_User?user_address=0x6e10eeca41baa047c0ef301294ff2d4bcfe397cd,0.679999,0,6.829988155885,0,2.283461033624139
https://hashdive.com/Analyze_User?user_address=0x425b234d5da75a40866da4a869866c6d2f2302fa,0.659999,0,6.829987771518001,0,2.1506715095756377
https://hashdive.com/Analyze_User?user_address=0x572deb05ba3a424848884b5aca392e49062c43ad,0.739999,0,6.779989977839,0,2.2039980403761508
https://hashdive.com/Analyze_User?user_address=0x9e7d32b4dff6119fff4b414c9dcbc252307a48c9,0.659999,0,6.749988632729,0,2.40473261261037
https://hashdive.com/Analyze_User?user_address=0xc45f872f04899539a4378dd86ae834d35341d847,0.749833,0,6.739996893112,0,2.397890025712485
https://hashdive.com/Analyze_User?user_address=0xe8e13f03b748e47fa28d92d6d26f79c4e490ce39,0.659999,0,6.719989038183001,0,1.9271428114693203
https://hashdive.com/Analyze_User?user_address=0x2316a7a8c6113e1f163845d38dfbe991e554b824,0.67,0,6.7,0,-3.329284355110857
https://hashdive.com/Analyze_User?user_address=0x367ead1b2f466dd9a732068bc3e1907649f58d39,0.67,0,6.7,0,-4.214039641516944
https://hashdive.com/Analyze_User?user_address=0x7a5de62ee8262da5dcdab14244d41a5298eaa361,0.67,0,6.7,0,0.8881961020978696
https://hashdive.com/Analyze_User?user_address=0x1d9797b508fec663b50b3bebbeafed2043c0a366,0.67,0,6.7,0,1.8668106599559808
https://hashdive.com/Analyze_User?user_address=0x8b7ee7317fc006105b1aa4662061348de50cc832,0.67,0,6.7,0,0.9268745161147435
https://hashdive.com/Analyze_User?user_address=0x371a0d623144ad877c81614afe52c356619c34b0,0.014999,0,6.659514,0,21.484094299757533
https://hashdive.com/Analyze_User?user_address=0xc394c6d9f717229c60501d733649f589d4e88444,0.66,0,6.6000000000000005,0,15.072767063232565
https://hashdive.com/Analyze_User?user_address=0x35528d56a7260bd884c105391caa5f04168cbbb2,0.66,0,6.6000000000000005,0,-6.735320246321681
https://hashdive.com/Analyze_User?user_address=0xf0e0bd650bf24178f93662c12c7fe0c2bc05c8a0,0.679999,0,6.569988498238,0,2.2569528121664995
https://hashdive.com/Analyze_User?user_address=0x5e2cc0e91643b6ddf488eeb592bc8c6cc038411f,0.659999,0,6.489989286668,0,2.1654972110268083
https://hashdive.com/Analyze_User?user_address=0xe5ad7b025911d96d50b2901aad8a5c5ecb602dc2,0.669999,0,6.479988458361,0,2.352416223830122
https://hashdive.com/Analyze_User?user_address=0x99addd520010486adf80b23f6d20ea99597e3fcc,0.750717,0,6.46999440714,0,1.710950232968985
https://hashdive.com/Analyze_User?user_address=0xc821a524b729e564e0c157b906df4ecc605c95c3,0.67,0,6.432,0,0.4427155982309342
https://hashdive.com/Analyze_User?user_address=0xcd5401bf8dcd4052f4b5481025b79bbcfdc0ad89,0.669999,0,6.429989112987,0,2.0069518977716823
https://hashdive.com/Analyze_User?user_address=0x4156807f3ebdd2fbe64c48fb52d8f84bdae8dcd6,0.699999,0,6.3999900571440005,0,2.1656583092287107
https://hashdive.com/Analyze_User?user_address=0xad0335e4fe0bd3250c7ef044a53705634e447d09,0.669999,0,6.339988817316,0,2.280817399184717
https://hashdive.com/Analyze_User?user_address=0x86cd8511290e5018692b8b10e6bb1459e63c24ac,0.679999,0,6.3299889711790005,0,2.2486592626372786
https://hashdive.com/Analyze_User?user_address=0x51678bac5b23c1b44c8ad222da8031720c2a7367,0.7,0,6.3,0,0.11152021366277626
https://hashdive.com/Analyze_User?user_address=0x7e6f1189d0b3528ab0e6706162ed2989dc2bf8f2,0.67,0,6.298000000000001,0,0.7828155327560411
https://hashdive.com/Analyze_User?user_address=0x588faab795d42475a2e17b5a5de4bfcb3f9f2e6b,0.75,0,6.289998,0,1.9722084884550148
https://hashdive.com/Analyze_User?user_address=0x4395b9c239a2c0f7e712960f9edfdb189ec5655a,0.744075,0,6.279993,0,1.0957160483354167
https://hashdive.com/Analyze_User?user_address=0x72ea6ae5d8dfb50d7fa71012a972b2fa813b7c62,0.669999,0,6.279989736867,0,1.9879933553502296
https://hashdive.com/Analyze_User?user_address=0xa5bff5d0f8564258fb615aa0ba81a07d4ce14f1b,0.75,0,6.24,0,1.635748014832639
https://hashdive.com/Analyze_User?user_address=0xd810ca4eb0ac81804a353e1229150f5b04c6c89b,0.67,0,6.231000000000001,0,0.8350360769940535
https://hashdive.com/Analyze_User?user_address=0x9dec8039fe21f0427432e8301bf1bc548d64889b,0.729999,0,6.229989585755999,0,1.581421750635534
https://hashdive.com/Analyze_User?user_address=0x9b0f9976d96da49ecd8b1993ec228218f76c7ca4,0.734523,0,6.1699932,0,1.5497490033820251
https://hashdive.com/Analyze_User?user_address=0x7947811fb2a8caf1fd73e4f7d74f7e384f7e095d,0.739999,0,6.169988822166,0,2.0435055925857495
https://hashdive.com/Analyze_User?user_address=0x8f6d10adef11184eae2196f46515379399221cdd,0.469999,6.946395,6.159986,1.1276640888469551,4.44331697650614
https://hashdive.com/Analyze_User?user_address=0x77f11ca2de48075a7833e83b8e2ded006e23a8a4,0.659999,0,6.139989836971,0,1.3214643388000717
https://hashdive.com/Analyze_User?user_address=0x89b8bd5ca7f7da47b3db3188849fe42c3fdd7a40,0.66,0,6.131399999999999,0,0.07286081815562286
https://hashdive.com/Analyze_User?user_address=0x29c0d40243ef0c0ddec17d44131b098ce99e34b1,0.47,0,6.11,0,-0.9219299166872618
https://hashdive.com/Analyze_User?user_address=0x7600586dc23594b37a2426bb2514c2dfd743f6c0,0.67,0,6.097,0,0.8969869815055216
https://hashdive.com/Analyze_User?user_address=0xcde1cc20f8173e768589d35d134bb53d80c2306c,0.67,0,6.097,0,0.933507551336282
https://hashdive.com/Analyze_User?user_address=0x655bbdacfb0d0d4e42ddd9be730cc2fe38e65367,0.75,0,6.09,0,2.483886453658281
https://hashdive.com/Analyze_User?user_address=0xdfaacceff09ac2c037393eee387e81ea024679a7,0.22,8.286,6.077301,1.363434195541738,7.320931231105845
https://hashdive.com/Analyze_User?user_address=0x039569745b10b379e3d0aacf0857fc0f26bfff50,0.74,0,6.069998,0,1.9183644219313691
https://hashdive.com/Analyze_User?user_address=0x851a766f3bd1c830a227588c719a1f6e69e7602b,0.659999,0,6.069989683032,0,2.3300026742614572
https://hashdive.com/Analyze_User?user_address=0xff9b4e990a29b7f8af9fae5a320bd3beb245bff8,0.729999,0,6.059988878633999,0,1.5443248489016335
https://hashdive.com/Analyze_User?user_address=0x9af7cfe3b39a3e1375e1b327488ba638c1b705fc,0.67,0,6.03,0,0.7833931427926998
https://hashdive.com/Analyze_User?user_address=0x7e5d16e7ac5755b6d4eee0dc8ff447ba2dcec2ce,0.67,0,6.03,0,0.7979584319645515
https://hashdive.com/Analyze_User?user_address=0x39b656847ae10a21318687f607a74bb078263084,0.67,0,6.03,0,0.8298030798069634
https://hashdive.com/Analyze_User?user_address=0x61c6a0b1cf3a44a9e5bad13446188d19de4b556f,0.67,0,6.03,0,0.8043000392494273
https://hashdive.com/Analyze_User?user_address=0xe8212647b9451a4d46373a90db62f88913dcfca9,0.4,9,6,1.5,1.7702956423849938
https://hashdive.com/Analyze_User?user_address=0x578dad5e7e1b25687581b779ea5565662d3b3565,0.4,9,6,1.5,-0.023563620526312168
https://hashdive.com/Analyze_User?user_address=0x3978a99e028eb590c98d8e9ddbe513298fa92f24,0.6,3.305084,6,0.5508473333333334,14.025964459929618
https://hashdive.com/Analyze_User?user_address=0xc141fabbb861cb2f92e6cc2bdca6203134032c71,0.753719,0,5.999998942475,0,-0.14928538471294037
https://hashdive.com/Analyze_User?user_address=0x2a9a2ea3dd9b4309856a39e11541d3663a4d28ce,0.719999,-0.416491,5.999990706668,-0.06941527418319814,-1.6777868528914428
https://hashdive.com/Analyze_User?user_address=0x5b17363972a3fd337b7a8dbda18be8cf79828eb2,0.689999,0,5.999990494349,0,-6.324818327805332
https://hashdive.com/Analyze_User?user_address=0x563c7fc8d805874cfae9f5a302e1e1f025e597e3,0.659999,0,5.999990189092,0,-0.9428742392794485
https://hashdive.com/Analyze_User?user_address=0x3fe379db9d8473dd4be87626cfe7eaea5c48d5ff,0.699999,0,5.999989628574001,0,-5.731568276458178
https://hashdive.com/Analyze_User?user_address=0x45dae9a8c2a25fac9b78e0b24ed6121f1a72274a,0.699999,0,5.999989628574001,0,2.566355326974872
https://hashdive.com/Analyze_User?user_address=0x27e015b7ac7f1100888d8b083b029a60333de236,0.689999,0,5.999988424352001,0,-0.28307032366554574
https://hashdive.com/Analyze_User?user_address=0xe8bcee167a693b7a06e3acf3dc85b7743f3e2030,0.689854,0,5.9999879186500005,0,9.747705853070386
https://hashdive.com/Analyze_User?user_address=0x0cee32e6966c6e029e40b25bcbfcf3ee81db1832,0.449999,7.333345,5.999986,1.22222701852971,-1.5487735230841784
https://hashdive.com/Analyze_User?user_address=0xcaf36d5de5d96e253ce69966dddfb8654cf230db,0.471346,6.729478,5.999979,1.1215835922092394,-0.9908892362603733
https://hashdive.com/Analyze_User?user_address=0x5d5542eb677346a9744796582a31bbbea4717cba,0.037499,-5.99984,5.99984,-1,54.29649923506638
https://hashdive.com/Analyze_User?user_address=0x9273048563141ab898bfa9f9d919f2c1a5c77bb3,0.669999,0,5.989989379704,0,2.2522359255245026
https://hashdive.com/Analyze_User?user_address=0xac1fdb6dea28ca26b52ffee7f675abcca7dad873,0.659999,0,5.989989224244999,0,1.7559998319730226
https://hashdive.com/Analyze_User?user_address=0x2c263cc2c263a816932cd51469feb6de42cd3159,0.739999,0,5.969990032435,0,1.2668484924033017
https://hashdive.com/Analyze_User?user_address=0x3003b6156f463d9b358624cbfaf2a99980655dd0,0.749999,0,5.929990843335,0,1.6176243289354515
https://hashdive.com/Analyze_User?user_address=0x9c7e398d08d7e9a6568add5117eb478a761b62ac,0.59,4.1,5.9,0.6949152542372881,-1.6524781235964723
https://hashdive.com/Analyze_User?user_address=0x5208d04c532f9a80715700339ebb712d9e80aa21,0.67,0,5.896000000000001,0,0.7147184936508798
https://hashdive.com/Analyze_User?user_address=0xdd8de92833be8a3b7b4615ee875354d25a6e36c8,0.67,0,5.896000000000001,0,0.3371321703665514
https://hashdive.com/Analyze_User?user_address=0x2209276dfccdd035d28905da61c06b59bfdb808f,0.67,0,5.896000000000001,0,0.804484076730829
https://hashdive.com/Analyze_User?user_address=0x24d0fa847daaa82d2096b68fdc6b6ecaaf7f78ca,0.67,0,5.896000000000001,0,0.8761669530468036
https://hashdive.com/Analyze_User?user_address=0xb5796c3123bb2def75dc0bece73867b91c14b105,0.4,8.745,5.83,1.4999999999999998,0.5049181381723433
https://hashdive.com/Analyze_User?user_address=0xb8f8ad937d9cd61afd36aed1a9afe728416b8186,0.409999,8.389525,5.829985,1.4390302891002293,0.6686302601349986
https://hashdive.com/Analyze_User?user_address=0x1531d2accad9d86363a8a57582b4095335526a9a,0.67,0,5.8223,0,0.6054377422915632
https://hashdive.com/Analyze_User?user_address=0x1a0fb96b12f89354f9491591b990dfd43aead474,0.67,0,5.8223,0,0.3186640028729481
https://hashdive.com/Analyze_User?user_address=0xdd63e7f0e3518a38e1d7732cbcffd38e5d3d4602,0.67,0,5.8223,0,0.4356283388579608
https://hashdive.com/Analyze_User?user_address=0xaa5d0f593677561e5913f96a7aeefef1b9eccd5a,0.659999,0,5.809990336971,0,2.296604720957712
https://hashdive.com/Analyze_User?user_address=0x98644ef4c12f0bf71add4ce582315862e2b1e0e0,0.669999,0,5.7799895831370005,0,1.8643506996005885
https://hashdive.com/Analyze_User?user_address=0xd2e19b1c49916960db57ca57d0ace425dfd15b10,0.48,6.2075,5.73,1.0833333333333333,3.689356219533104
https://hashdive.com/Analyze_User?user_address=0x07b04a09a3f7c885ba57ed4dda68ca01cf853463,0.75,0,5.7299999999999995,0,1.6142422330344193
https://hashdive.com/Analyze_User?user_address=0x48b74415e36865f1d73b0a7a51a1af73eebaaa29,0.729999,0,5.729991370685999,0,1.5233437914063894
https://hashdive.com/Analyze_User?user_address=0x963e51db7a4e4e3afd44db3a4e053070a2da0e46,0.659999,0,5.729990538183,0,1.837116229675675
https://hashdive.com/Analyze_User?user_address=0x39df14493b49a87e054af55298c413bed66d2462,0.75,0,5.709999,0,2.3608013714904437
https://hashdive.com/Analyze_User?user_address=0x0f1eb62e57c5cc4c428d86bbdf0148131a6464b3,0.57,4.3,5.7,0.7543859649122806,-0.41269034643056457
https://hashdive.com/Analyze_User?user_address=0x94bca809c454f4f62eaf81bf238f75e51d717c75,0.67,0,5.695,0,0.2771785329890459
https://hashdive.com/Analyze_User?user_address=0x2865c868417ee56d4ad4e641fa960728cba40d41,0.67,0,5.695,0,0.8165782258854247
https://hashdive.com/Analyze_User?user_address=0xd9bea68aaa63c649eb8873a33a3681a67461703e,0.679999,0,5.689990912354,0,2.1197439897152988
https://hashdive.com/Analyze_User?user_address=0x76116f441f650c206216157a326f6ed7320269c4,0.67,0,5.628000000000001,0,0.7172532889398484
https://hashdive.com/Analyze_User?user_address=0x53820262cb4836a1ded62276d146530ee8da0b4c,0.432474,7.375,5.62,1.3122775800711743,-0.04793043099020988
https://hashdive.com/Analyze_User?user_address=0x05a2a37227217bd49fa59204cf0034c15834b45e,0.459999,6.585663,5.609987,1.173917693570413,-3.9239518055882168
https://hashdive.com/Analyze_User?user_address=0xa38b680c1cd31ee9d61206d2177c0ccb3cf03901,0.4,8.37,5.58,1.4999999999999998,-5.578477039610206
https://hashdive.com/Analyze_User?user_address=0xf0395e2708b064fa4163e029ad4759d97529dc99,0.75,0,5.550000000000001,0,1.4560129076670791
https://hashdive.com/Analyze_User?user_address=0xc599189695501d6b334094897202e0f3171a2cec,0.69,0,5.52,0,3.2809202191936566
https://hashdive.com/Analyze_User?user_address=0xff940f97206b2cd6147560eddd25157b48e2c347,0.55,-2.1,5.5,-0.38181818181818183,3.8393394246030703
https://hashdive.com/Analyze_User?user_address=0x79cbe531cca9eb9320b6ce22b6e471a7bb5d331e,0.55,4.3,5.5,0.7818181818181817,1.207017370175588
https://hashdive.com/Analyze_User?user_address=0x411114b1fd36efecf00a135e75a33476977990e2,0.55,4.48551,5.495722,0.8161821140152286,-1.0285675863221373
https://hashdive.com/Analyze_User?user_address=0x4e5eccdef397330a80da2d61c80ea0a4df416c6d,0.659999,0,5.48999048182,0,2.274351281693426
https://hashdive.com/Analyze_User?user_address=0x831f2699b806d8223318869ec33ef0cb1a3f2b1f,0.67,0,5.4873,0,0.6256410019072796
https://hashdive.com/Analyze_User?user_address=0xaed004dc5c1f1e964175b8913c8806e18b2f58f7,0.67,0,5.4873,0,0.31111455963655654
https://hashdive.com/Analyze_User?user_address=0xfd683da7e829ba78f158392259e4157ef55ecfe6,0.729999,0,5.469990546851999,0,1.4799383528267396
https://hashdive.com/Analyze_User?user_address=0x84da8f71d5b35e5660bd7f7d3da7cf6bd3283940,0.459999,6.397837,5.449988,1.1739176306443242,-0.01164131259731515
https://hashdive.com/Analyze_User?user_address=0xc6719b874485f1f36d04181a97c68f999911119d,0.759999,0,5.439990002109,0,1.8538201757534472
https://hashdive.com/Analyze_User?user_address=0x83d16617e284b14d0428cd16d7f1a5127ec1427b,0.4,8.115,5.41,1.5,0.15788247288327023
https://hashdive.com/Analyze_User?user_address=0x405f24839c09eb07154beb0253da441c21653897,0.54,4.6,5.4,0.8518518518518517,-3.4698250381048905
https://hashdive.com/Analyze_User?user_address=0x405f24839c09eb07154beb0253da441c21653897,0.54,4.6,5.4,0.8518518518518517,-3.4698250381048905
https://hashdive.com/Analyze_User?user_address=0x8ff49b1c516a79e1e503ecac3962aa907fadeb67,0.699999,0,5.399990385717,0,-9.951719287819785
https://hashdive.com/Analyze_User?user_address=0xf8c70b0cc5aff7a4f637af013b1f6052ea5b1f49,0.449999,6.575566,5.379987,1.2222271169056729,-3.41879242767463
https://hashdive.com/Analyze_User?user_address=0x44414e18204d31a51bc4040a49d0c70309ee4bb1,0.38,0,5.318406,0,-1.4368846279004894
https://hashdive.com/Analyze_User?user_address=0x2f8ba854f5879f6964aa1820388b682bc628407c,0.659999,0,5.299991289698,0,-0.30816094671187383
https://hashdive.com/Analyze_User?user_address=0xbe1981d22b6e50f2c41d6526b861889f6c666fb8,0.67,0,5.293,0,0.7568116001795273
https://hashdive.com/Analyze_User?user_address=0x52de4897f54e033c3c3e8b6977a8acf17474684c,0.67,0,5.293,0,0.35516864196131753
https://hashdive.com/Analyze_User?user_address=0xcbb57ef4b153c2b507e0764eeed0ca68b3b1510d,0.44,6.72,5.28,1.2727272727272727,-5.655841608410162
https://hashdive.com/Analyze_User?user_address=0xdf05f80645348df7aa3cc047f888975a0dd55400,0.389999,8.211551,5.249986,1.5641091233386146,0.23959999312882585
https://hashdive.com/Analyze_User?user_address=0x6e93a7ea6f20c5c86e2361984421d9ba35e12ee4,0.67,0,5.226,0,0.501799870619459
https://hashdive.com/Analyze_User?user_address=0x9e647324afad56ffc7bdf355d6341e8bec4e2eab,0.67,0,5.226,0,0.34830347758048086
https://hashdive.com/Analyze_User?user_address=0xfd502b7dabc94314253752f40cc06ed7999c594d,0.739999,0,5.219992165947,0,1.9478827482698078
https://hashdive.com/Analyze_User?user_address=0x218ed442df6df761cafe048c7df32fa2f9cbe49d,0.52,-5.2,5.2,-1,-4.356029652516277
https://hashdive.com/Analyze_User?user_address=0x0ea4a3ada5451255dad9b76411be67d195c8e317,0.669999,0,5.179991408658,0,1.8259540098041849
https://hashdive.com/Analyze_User?user_address=0xc4af9a8d4f59a149862694bc82032115947a8afb,0.759999,0,5.179991304213,0,-1.6772353949121388
https://hashdive.com/Analyze_User?user_address=0x99c3952b3908a30eef0331d14dd4ca97ea6e574d,0.742816,0,5.16999936,0,1.41453854192198
https://hashdive.com/Analyze_User?user_address=0xde5c313ba84eb1c07fcc39e27be4245f9e4194c2,0.659999,0,5.169991286668,0,2.084561473406596
https://hashdive.com/Analyze_User?user_address=0x93933c5ada7d457cdc7d8b0eca0458d29c66d31b,0.47,0,5.168403,0,-0.21732589898748977
https://hashdive.com/Analyze_User?user_address=0x7c80e32bf9502bc0bd05136d348a481f7891addf,0.739999,0,5.159990087031,0,1.8600512121447945
https://hashdive.com/Analyze_User?user_address=0x9dbafd403bee4ff90f4cbcfed579d578732e6432,0.5,-5.106732,5.106732,-1,0.12760255265825168
https://hashdive.com/Analyze_User?user_address=0x8a5baeee82c351a25ab5bc2dc83e654fca4209f3,0.5,-5.097406,5.097406,-1,0.11350910749713558
https://hashdive.com/Analyze_User?user_address=0x9b27ce79d96db2b7471e1ea290cfa7a92435abe8,0.67,0,5.092,0,0.5527933389194154
https://hashdive.com/Analyze_User?user_address=0x13eef996cf80e9e4f035bd69335459465a56806a,0.5,-5.053701,5.053702,-0.9999998021252539,-0.0036777006054487995
https://hashdive.com/Analyze_User?user_address=0x015cac1a94b050b95072a438481f28148e8cdd90,0.5,0,5,0,0.34604523082830013
https://hashdive.com/Analyze_User?user_address=0x181148306c306f0b0d917f3060dcb8b02c532816,0.4,7.5,5,1.5,19.690355898237836
https://hashdive.com/Analyze_User?user_address=0xab8a474b51e41c336142bfc12b678ac46ccb88fc,0.4,7.5,5,1.5,4.157495520127681
https://hashdive.com/Analyze_User?user_address=0xa7571d59cd2272e9cefdd5df9cb01c53d8af37e9,0.4,7.4875,5,1.4975,3.724355823917657
https://hashdive.com/Analyze_User?user_address=0x0deff6d9192413b139f69a5fc4693d41b7350674,0.5,0,5,0,1.1437773278278556
https://hashdive.com/Analyze_User?user_address=0x3978a99e028eb590c98d8e9ddbe513298fa92f24,0.5,4.412699,5,0.8825398,14.025964459929618
https://hashdive.com/Analyze_User?user_address=0x0cee32e6966c6e029e40b25bcbfcf3ee81db1832,0.4,7.5,5,1.5,-1.5487735230841784
https://hashdive.com/Analyze_User?user_address=0x9963413fb0f25d9b6896ca4556aa011e834d14ac,0.4,7.5,5,1.5,-3.1723767679153854
https://hashdive.com/Analyze_User?user_address=0xd0ececd1f7392677d12e8c9febf585fa820e6442,0.4,7.4875,5,1.4975,6.86741609380393
https://hashdive.com/Analyze_User?user_address=0xfae53e84eacfbac45b9d96c20ef0bd1e43f3f940,0.5,5,5,1,-3.0166209196958564
https://hashdive.com/Analyze_User?user_address=0x363399f26dfd44ea501e9136e4b3c4121ff68df5,0.4,7.4875,5,1.4975,-0.9425766719600248
https://hashdive.com/Analyze_User?user_address=0x665b616a0f8f339e34a81a1a5261123f39f7bc7a,0.4,7.5,5,1.5,-0.4498393251014451
https://hashdive.com/Analyze_User?user_address=0xe947bbe4323a9b5f709a51715ca7465ca2f7138b,0.4,7.5,5,1.5,4.392161371948495
https://hashdive.com/Analyze_User?user_address=0xc6e3fec2e1a29e7a03e1f2d57f4e4eee39dc8b84,0.333333,-4.999995,4.999995,-1,-2.991533121760675
https://hashdive.com/Analyze_User?user_address=0xd9aa9ff1ccaf0e78028defe319509b3eddbf6db5,0.465346,5.744685,4.999993,1.1489386085140518,-0.9829800146919505
https://hashdive.com/Analyze_User?user_address=0x40574d13f4bfc816fc4a40e99357e21fd9ab03b6,0.899999,0.444005,4.999993,0.08880112432157405,-8.105561330027658
https://hashdive.com/Analyze_User?user_address=0x40c7f01b095e43fd2e0374af314df76ba39bd0f2,0.699999,0,4.999992057144,0,0.7195731137927615
https://hashdive.com/Analyze_User?user_address=0xf984d7a0c7594c3258ccad759788dc5f98156e2c,0.699999,0,4.999992057144,0,-2.3821204954394632
https://hashdive.com/Analyze_User?user_address=0x78a3aea46fb3415ee631c5e963f0341eaa19b12e,0.699999,0,4.999992057144,0,1.0179696818814992
https://hashdive.com/Analyze_User?user_address=0xf878b0f9f1df9c21bd13fec6c7b22fa57138f59c,0.699999,0,4.999992057144,0,-0.26414641623237983
https://hashdive.com/Analyze_User?user_address=0x97a7143b484df1c76f97fb2bf2b8b2beba53fde0,0.699999,0,4.999992057144,0,-1.2594854121338193
https://hashdive.com/Analyze_User?user_address=0x0dbc5fd1af1dac8a190bdecb2c0417f1a727914f,0.699999,0,4.999992057144,0,-9.478396799182962
https://hashdive.com/Analyze_User?user_address=0xba5036d533f729a195792862073a5aac96b586c7,0.699999,0,4.999992057144,0,0.041320148406166574
https://hashdive.com/Analyze_User?user_address=0x7ac08009ff3224f39ca054ee4815bb1c19adeaf2,0.699999,0,4.999992057144,0,-3.7947991598740733
https://hashdive.com/Analyze_User?user_address=0xb392b0234600393289f7a5a0dc32af604ea0fc73,0.699999,0,4.999992057144,0,1.2932865681478742
https://hashdive.com/Analyze_User?user_address=0xd3751f76c7ca9e7ef2c7194ee190073c758f6637,0.699999,0,4.999992057144,0,-0.4852526936460389
https://hashdive.com/Analyze_User?user_address=0xd13c989bd693c4e9c6d28e17198f64011eea8938,0.699999,0,4.999992057144,0,-5.207915190603201
https://hashdive.com/Analyze_User?user_address=0x9a214073c698d3e8d7e5c5427f052a266816c651,0.699999,0,4.999992057144,0,-23.637919311099363
https://hashdive.com/Analyze_User?user_address=0x17291afd14c2869ac57030bf549fc0d3dbed4b10,0.699999,0,4.999992057144,0,-3.665826695596416
https://hashdive.com/Analyze_User?user_address=0x2b2343f7770416238fece630c9f63b94aac3b672,0.699999,0,4.999992057144,0,-0.1363982640112903
https://hashdive.com/Analyze_User?user_address=0x0ee8ad480c12718d1415617e293c658128909d7a,0.699999,0,4.999992057144,0,0.3019182098650346
https://hashdive.com/Analyze_User?user_address=0x354a26b2088cf7c370164c3dfd26c4b44840d64c,0.699999,0,4.999992057144,0,-10.625552114704234
https://hashdive.com/Analyze_User?user_address=0x483eacfc457e8868f322dcf73d5554c491b5086c,0.699999,0,4.999992057144,0,0.9628042852437211
https://hashdive.com/Analyze_User?user_address=0x8d3711063b56e8e36b548d4f2fca50f3a1c61445,0.699999,0,4.999992057144,0,2.6406396018619285
https://hashdive.com/Analyze_User?user_address=0xbea7bc64a0be27e0a8dc85013e87197dbeaaa100,0.699999,0,4.999992057144,0,-1.2394998400153714
https://hashdive.com/Analyze_User?user_address=0xf3abb5b303446ebcb2ad1ee3c6751ec91a16db93,0.699999,0,4.999992057144,0,-20.422301525332
https://hashdive.com/Analyze_User?user_address=0x487df311cc49e751a1b57933143e08f02e090edf,0.699999,0,4.999992057144,0,-6.004368989206742
https://hashdive.com/Analyze_User?user_address=0xc0fbd9716308fbaf8d45f653345055d370b21243,0.699999,0,4.999992057144,0,-6.36947245400759
https://hashdive.com/Analyze_User?user_address=0x2d978d3a9d5a5eeac9bad10aedb8593039969283,0.699999,0,4.999992057144,0,-0.47341673203201534
https://hashdive.com/Analyze_User?user_address=0x6f2c35ae8665c45d39495c228fdf88d3c95ae4d7,0.699999,0,4.999992057144,0,8.33096340627746
https://hashdive.com/Analyze_User?user_address=0x089661fc5a7c0dbb3414d28d863a699505bf52f7,0.699999,0,4.999992057144,0,-15.386424868656949
https://hashdive.com/Analyze_User?user_address=0x2f77a309e6f4543da4568819b3ba525c0dd1e03a,0.699999,0,4.999992057144,0,6.288651828410349
https://hashdive.com/Analyze_User?user_address=0x9eaee7498051522c453161ae41a21c1441f41326,0.699999,0,4.999992057144,0,-1.4734025641523785
https://hashdive.com/Analyze_User?user_address=0x88f1cd32bb639d511e1709a67dcff124e20aa9d7,0.699999,0,4.999992057144,0,-4.573146863841002
https://hashdive.com/Analyze_User?user_address=0x4f7414f00c433064d4ef120ccbe49ac38e9de19a,0.699999,0,4.999992057144,0,-8.026697151278631
https://hashdive.com/Analyze_User?user_address=0x7f49503c3ea0b7c0e14d69183347746cd76f54b7,0.699999,0,4.999992057144,0,-0.3389110885117561
https://hashdive.com/Analyze_User?user_address=0x260c6e42e7fb5651ab1aae37d37d87b3692d0ea3,0.699999,0,4.999992057144,0,-0.6359222487602251
https://hashdive.com/Analyze_User?user_address=0x23e818eae751b33d7810a1367feb05e7a04a4c9a,0.699999,0,4.999992057144,0,-8.22314917781926
https://hashdive.com/Analyze_User?user_address=0xb0d02621ec495192ea365ca97593834bc190fc5f,0.699999,0,4.999992057144,0,-14.760145473350843
https://hashdive.com/Analyze_User?user_address=0xcc57dcbfda52ca0717750cef0dc5024b9f236b7f,0.699999,0,4.999992057144,0,1.0337599079576842
https://hashdive.com/Analyze_User?user_address=0x5c8d3943d09a0c3efd4f60568f378d44c015cfb5,0.699999,0,4.999992057144,0,-3.1641072223264195
https://hashdive.com/Analyze_User?user_address=0x0558d252b2cffc8949ff01d2e741886b66b36070,0.699999,0,4.999992057144,0,2.10247905131727
https://hashdive.com/Analyze_User?user_address=0x9fb3fcfd1052d4db8736100af140d8ad4bc24393,0.699999,0,4.999992057144,0,4.917259019695162
https://hashdive.com/Analyze_User?user_address=0xe64a761630d46e321fe9da2722b87a39a0dba38a,0.699999,2.142863,4.999992,0.4285732857172572,0.06946664808318381
https://hashdive.com/Analyze_User?user_address=0x4fd49a3411f3e83f2a060b85790b648ec79c5d74,0.596729,3.379007,4.999992,0.6758024812839701,-0.19386445974829833
https://hashdive.com/Analyze_User?user_address=0x33ee465034e93896102b220b1952a4579cb4e714,0.679999,0,4.99999184706,0,16.502419278998588
https://hashdive.com/Analyze_User?user_address=0x0bc97ae107ee786dbd54115f8e3062e77e8a112e,0.679999,0,4.99999184706,0,7.556109195134496
https://hashdive.com/Analyze_User?user_address=0x9a8cef3439f7a971b278989c1291840286ea1e55,0.679999,0,4.99999184706,0,-2.0435844711626667
https://hashdive.com/Analyze_User?user_address=0x2dcbcb9b5ea6eaf4ba22d7b054280475e7d83487,0.679999,0,4.99999184706,0,-12.626026233092828
https://hashdive.com/Analyze_User?user_address=0x0f7b0d2cb2be454fbf8e5949b7fa7079b39e5bac,0.679999,0,4.99999184706,0,-8.253244620843358
https://hashdive.com/Analyze_User?user_address=0xe7dcf0b03651c5bc39ae133d0de2c3c84a6749cc,0.679999,0,4.99999184706,0,-4.857247249718542
https://hashdive.com/Analyze_User?user_address=0x2e13cf6698b0e01d62cd4dcd532b1153148a6655,0.679999,0,4.99999184706,0,-9.27702051750597
https://hashdive.com/Analyze_User?user_address=0xd01ebef6b63cdecbbc2bc00d3f695872a6c01176,0.679999,0,4.99999184706,0,6.540391978150726
https://hashdive.com/Analyze_User?user_address=0x33e2df38fc6cca960a733d10a6e464f4ba40f9b6,0.679999,0,4.99999184706,0,-0.003059688680810083
https://hashdive.com/Analyze_User?user_address=0xeafdeba6dae8fd86ebdcfd2e465e4cabf19e2674,0.679999,0,4.99999184706,0,9.323378813694651
https://hashdive.com/Analyze_User?user_address=0x09f75893b989c05cd68424d4acee345e9489dc01,0.679999,0,4.99999184706,0,-6.534608954451555
https://hashdive.com/Analyze_User?user_address=0x9f049d1a5e45262a6b98eb7627a98e7f97121ea5,0.679999,0,4.99999184706,0,0.15315806241557978
https://hashdive.com/Analyze_User?user_address=0x3b62b7c9d8b1a2eb0b51c93b44eb063db6384e9f,0.679999,0,4.99999184706,0,-3.7163247486870903
https://hashdive.com/Analyze_User?user_address=0x38c33b6820363d28e0e3578a0f8be91be30120b3,0.679999,0,4.99999184706,0,13.343946169954833
https://hashdive.com/Analyze_User?user_address=0xf748abb6bdfde35109e1716bb8c6d3dafcc67697,0.679999,0,4.99999184706,0,1.3990985560182994
https://hashdive.com/Analyze_User?user_address=0x7345e2453897a837f1e40520e2c8f5e6957c8dd0,0.679999,0,4.99999184706,0,14.109262216482975
https://hashdive.com/Analyze_User?user_address=0x6304f01f9407e7e96d51cfb944848cff67b9888d,0.679999,0,4.99999184706,0,7.504973273197209
https://hashdive.com/Analyze_User?user_address=0xa23c1fa382ad8badb7e877eae0e5c005f98cd5f2,0.679999,0,4.99999184706,0,18.919503174838304
https://hashdive.com/Analyze_User?user_address=0xf7f47687028d8947c9795ce381d7652b7b6c1c85,0.679999,0,4.99999184706,0,11.486603218297514
https://hashdive.com/Analyze_User?user_address=0x1096c3bee8e67278980a6e1284a23cde295c68c7,0.679999,0,4.99999184706,0,-1.6247833578193227
https://hashdive.com/Analyze_User?user_address=0xa1139a624520be23a2f57f5477ebb1ce5d72f86e,0.679999,0,4.99999184706,0,-2.475823732142323
https://hashdive.com/Analyze_User?user_address=0xbfce218af99a8b804871e77d3b68cb309df9c14f,0.679999,0,4.99999184706,0,-1.2588280449486768
https://hashdive.com/Analyze_User?user_address=0xe0d45af863037ccee628d4cc9e81257b00998172,0.679999,0,4.99999184706,0,11.342553737903103
https://hashdive.com/Analyze_User?user_address=0xf6e2045eeb1a5c972b43f94a17f3e35c9e1206f1,0.679999,0,4.99999184706,0,6.195153573605264
https://hashdive.com/Analyze_User?user_address=0x363d91259317c8e090a7ab3c5a35d8637fabe3c3,0.679999,0,4.99999184706,0,-0.6340268117944724
https://hashdive.com/Analyze_User?user_address=0xa1d6a13038b1ef650d65d7ab1fd924c54abbe859,0.679999,0,4.99999184706,0,3.322147017557453
https://hashdive.com/Analyze_User?user_address=0x309c6c096441ea03ba652b62f48f24b747b60d57,0.679999,0,4.99999184706,0,13.684517507468815
https://hashdive.com/Analyze_User?user_address=0xc79a4cc3784c71300d0d03d4299f2b18eba3d7ff,0.679999,0,4.99999184706,0,-10.389291578218598
https://hashdive.com/Analyze_User?user_address=0xe6f266528ff69bfd9d21ae2f5f5a0ea18134775b,0.679999,0,4.99999184706,0,-6.944689073063004
https://hashdive.com/Analyze_User?user_address=0x6542ffc6f31ae7ffe337cef3b1d676bee4bd8f30,0.679999,0,4.99999184706,0,5.470369084884852
https://hashdive.com/Analyze_User?user_address=0xddd840bcb8e06329403352bab85b0fa677838a75,0.679999,0,4.99999184706,0,1.1644721217878529
https://hashdive.com/Analyze_User?user_address=0x495949bfffd8de934bc3affa5f8a1693c5bfee71,0.679999,0,4.99999184706,0,0.605120790937296
https://hashdive.com/Analyze_User?user_address=0xce0651a5dbe4ee01db8cc8bfc5354c06e65f25b7,0.679999,0,4.99999184706,0,2.8828476292773657
https://hashdive.com/Analyze_User?user_address=0xfaa6a735a8900f2c69f0273308c8c8554d18192a,0.679999,0,4.99999184706,0,0.5329483244701251
https://hashdive.com/Analyze_User?user_address=0x8c0de04ff418d9776d208b58925a0855ba41d311,0.679999,0,4.99999184706,0,-11.521097106990698
https://hashdive.com/Analyze_User?user_address=0x5b8aadd7829995f835be83c76187fcc59bd67fd4,0.679999,0,4.99999184706,0,0.8023892376052735
https://hashdive.com/Analyze_User?user_address=0x1a66caed24c7d0ab2f1b3420309942754cb60a12,0.679999,0,4.99999184706,0,-0.009030316062469002
https://hashdive.com/Analyze_User?user_address=0x80299015ff96a94fb5e463292d777a1563464263,0.679999,0,4.99999184706,0,-10.381494736651046
https://hashdive.com/Analyze_User?user_address=0x222f04ce438d4f1de284a9aa913d1330524844c9,0.679999,0,4.99999184706,0,10.582873459804333
https://hashdive.com/Analyze_User?user_address=0xee654b97f7a08df8f7c720f1899e553330dcc060,0.679999,0,4.99999184706,0,11.728127744758241
https://hashdive.com/Analyze_User?user_address=0x2d7f0f3fb0b3871a1b2e04131f8c65fac84ca3b2,0.679999,0,4.99999184706,0,-2.5248624156370116
https://hashdive.com/Analyze_User?user_address=0xc682a4c415f36a0eef2a8db9d5453c0d1132c6b5,0.679999,0,4.99999184706,0,-7.0690525205437975
https://hashdive.com/Analyze_User?user_address=0x51e030e2b038fc3f355845c6ba7fc9d460678d55,0.679999,0,4.99999184706,0,-0.1720962129840673
https://hashdive.com/Analyze_User?user_address=0x69f39748ba7e92419e38a176e426140b256a6062,0.679999,0,4.99999184706,0,8.103727689185245
https://hashdive.com/Analyze_User?user_address=0x9caed6eba563fe49506668f8a3eaacfb68592fc7,0.779999,0,4.999991709746,0,5.76022931864631
https://hashdive.com/Analyze_User?user_address=0x2ab9f8df1e77c04279aeb8e73602fd24575bfd27,0.779999,0,4.999991709746,0,-6.391066210432817
https://hashdive.com/Analyze_User?user_address=0x3e469b1bb4621aa60727e21a8ab2909374d6d96f,0.779999,0,4.999991709746,0,6.9062053180169025
https://hashdive.com/Analyze_User?user_address=0x2347df15194431f420d9ac1dfda98e33a90690b1,0.779999,0,4.999991709746,0,17.312354272331362
https://hashdive.com/Analyze_User?user_address=0xe8f9249f72ed1b9a749d5f193e2dc0a54dc0e537,0.759999,0,4.999991621055,0,-0.28539026030214604
https://hashdive.com/Analyze_User?user_address=0xd21e2298a3dbf7a66b3a9b9339f81b4e16097563,0.759999,0,4.999991621055,0,-13.592792285046011
https://hashdive.com/Analyze_User?user_address=0x3659a85b486bfa3d476eaac68285585059156bfc,0.769999,0,4.999991586496,0,-5.019429039000767
https://hashdive.com/Analyze_User?user_address=0xeac7b41f12b54e7fc0900a13f4995ead2ede4517,0.689999,0,4.999991503625,0,1.040178415478898
https://hashdive.com/Analyze_User?user_address=0x69449caa40c34cdc4cc79d7b802d9e147c2d3902,0.689999,0,4.999991503625,0,-1.794361936919958
https://hashdive.com/Analyze_User?user_address=0xc243edf3f5b1b3b20ae4e269c3ba149a17112484,0.689999,0,4.999991503625,0,5.706286039912226
https://hashdive.com/Analyze_User?user_address=0x98068deae94b7435cf54caa505cfac425731740d,0.689999,0,4.999991503625,0,3.012758948078184
https://hashdive.com/Analyze_User?user_address=0x365a364186a142e900684e7e6371c64fcd92dd2e,0.689999,0,4.999991503625,0,-0.603680252938177
https://hashdive.com/Analyze_User?user_address=0x57561b4137f3bd14dc059de1b5fdede7fc989481,0.689999,0,4.999991503625,0,-2.9312448713945267
https://hashdive.com/Analyze_User?user_address=0xd479a6ebbd9a7443bc911158e7b32f80074fef12,0.689999,0,4.999991503625,0,-7.0455249182659205
https://hashdive.com/Analyze_User?user_address=0x46298d65d135c9e01f5836f0a261f2d08cb48445,0.669999,0,4.9999914873149995,0,6.656860772955353
https://hashdive.com/Analyze_User?user_address=0x9c0a23de648ba168473511c999b32ba4db51e86c,0.669999,0,4.9999914873149995,0,13.603512558795135
https://hashdive.com/Analyze_User?user_address=0xeea68fe3b6890235e1dcb835e689780c9f27f677,0.669999,0,4.9999914873149995,0,8.186950463928293
https://hashdive.com/Analyze_User?user_address=0x7f57e1c6b2138ceb98456e18973490451e5f2179,0.669999,0,4.9999914873149995,0,9.975893400547204
https://hashdive.com/Analyze_User?user_address=0x4066d503eeb268bc33c57db6d2a0f77992a0ce00,0.669999,0,4.9999914873149995,0,-0.06407941036222331
https://hashdive.com/Analyze_User?user_address=0x3563a46d56e192b0ef1299f4d193022b3e538f84,0.669999,0,4.9999914873149995,0,-0.45032916160870184
https://hashdive.com/Analyze_User?user_address=0xa8cf482de91bb4486d49bd663c8dc8dfd0601dc8,0.669999,0,4.9999914873149995,0,-1.7563252659630355
https://hashdive.com/Analyze_User?user_address=0xb97064f2744d3cee8ec9766a5c38d25016e8ccfa,0.669999,0,4.9999914873149995,0,-0.18656655016810775
https://hashdive.com/Analyze_User?user_address=0x40ede99c6d140d428f933463508ac09acc7aa759,0.669999,0,4.9999914873149995,0,5.383411962478015
https://hashdive.com/Analyze_User?user_address=0x4738b6f64c6749ab0603e1809c7468d71acf35ce,0.669999,0,4.9999914873149995,0,-11.569326262104788
https://hashdive.com/Analyze_User?user_address=0x0140d1a6a6656f7c209f1a27c3c2b413bfa33980,0.599999,3.333341,4.999991,0.66666940000492,-0.16496007650637184
https://hashdive.com/Analyze_User?user_address=0x14506a8e0eb7f36ad5dfeb367ba65aff647deae1,0.599999,3.333341,4.999991,0.66666940000492,-0.33599149753093716
https://hashdive.com/Analyze_User?user_address=0x60ab395327176e2a3c6e0db137fd55f40b82d681,0.599999,3.333341,4.999991,0.66666940000492,-1.2489921169030196
https://hashdive.com/Analyze_User?user_address=0x8022f0954fe42ce39126529a8dd350d6a99ce1d7,0.599999,3.333341,4.999991,0.66666940000492,-0.2807378143566674
https://hashdive.com/Analyze_User?user_address=0xe8f1de5364a325e478c6bf546cbfc58a7814a3fb,0.599999,3.333341,4.999991,0.66666940000492,-0.2127248101794545
https://hashdive.com/Analyze_User?user_address=0xa0c97fff5ae7123252d9f3cb4127cc2985810827,0.599999,3.333341,4.999991,0.66666940000492,0.2629920035056948
https://hashdive.com/Analyze_User?user_address=0xe115183d27491af77ed2885468c9532ef9034641,0.599999,3.333341,4.999991,0.66666940000492,-0.1863137402900477
https://hashdive.com/Analyze_User?user_address=0x6b6c7802ccf9bcff026ba58bc8615f2892bdc715,0.669999,0,4.999990817316,0,-0.0661212571905174
https://hashdive.com/Analyze_User?user_address=0x63015c0869a8929dbe32c1fd26c4aa64dec5c97d,0.669999,0,4.999990817316,0,-2.3452205395613133
https://hashdive.com/Analyze_User?user_address=0x0cd1cdc4259a8f88fdf179ce45696d6b50840b70,0.669999,0,4.999990817316,0,7.785353900729303
https://hashdive.com/Analyze_User?user_address=0x57fcaba10ad7223d375c4b499789e75aa0491bc7,0.669999,0,4.999990817316,0,4.7486987045128775
https://hashdive.com/Analyze_User?user_address=0xad9a5325746615274e2ac61574c65eec718f789d,0.669999,0,4.999990817316,0,-0.8356335201829502
https://hashdive.com/Analyze_User?user_address=0xc101f2931e71825c532606c98cd343fc494e5b1b,0.669999,0,4.999990817316,0,15.572466106735876
https://hashdive.com/Analyze_User?user_address=0x294019750c40a92cdafb72b68f4e6a462ebb793a,0.669999,0,4.999990817316,0,5.993247278559439
https://hashdive.com/Analyze_User?user_address=0x6bc427aeedcebba15b102ef631c27683707f8576,0.669999,0,4.999990817316,0,2.1608053930899387
https://hashdive.com/Analyze_User?user_address=0x172ec9639c6d255187fb822bf4e4fc9025ca36e4,0.669999,0,4.999990817316,0,3.6214043278924555
https://hashdive.com/Analyze_User?user_address=0x6b604862b9758e194f7f6fa77764c77f7d5e4007,0.669999,0,4.999990817316,0,-12.127593673357204
https://hashdive.com/Analyze_User?user_address=0x23b1dfd5c867dfe6a49dec1d0a6f0d096b1e6871,0.669999,0,4.999990817316,0,0.004773373828323841
https://hashdive.com/Analyze_User?user_address=0xb2348ef39f136f89c2714b0467b966bc17e51430,0.689999,0,4.999990813626001,0,-14.34106308604035
https://hashdive.com/Analyze_User?user_address=0x22a53df0908f43d31b178ba246fa13aa1e1b41bc,0.689999,0,4.999990813626001,0,0.04755959325884845
https://hashdive.com/Analyze_User?user_address=0xbac42cd5cd99df5803994d6a4d6921e36de5156b,0.689999,0,4.999990813626001,0,-14.049087667190978
https://hashdive.com/Analyze_User?user_address=0xd3dc5ab222257c9d714a3ba9a6d3449649b3e441,0.689999,0,4.999990813626001,0,4.344880516991353
https://hashdive.com/Analyze_User?user_address=0x48c6709b7681775677eb4e0a9e0f3bce67a17b3d,0.689999,0,4.999990813626001,0,7.253833770867269
https://hashdive.com/Analyze_User?user_address=0x255f3a318200f82d04c44bd9d7e46b5f0b707d08,0.689999,0,4.999990813626001,0,-1.4611230264183432
https://hashdive.com/Analyze_User?user_address=0x5d9d54c762b0f4051e304f83fb9bddfdd67325c8,0.689999,0,4.999990813626001,0,8.728416304556838
https://hashdive.com/Analyze_User?user_address=0x1238937e517b7ad8176df2d16e24413d21a14fcf,0.689999,0,4.999990813626001,0,-10.152827540612057
https://hashdive.com/Analyze_User?user_address=0xf1271ba1a01acdbee3a6efb013bea69235a65f51,0.659999,0,4.999990724245,0,2.7634015742831846
https://hashdive.com/Analyze_User?user_address=0x8ccdbf5897bdaa48c964a8fe73f731aa138d6e3c,0.659999,0,4.999990724245,0,0.8975369252239418
https://hashdive.com/Analyze_User?user_address=0xec445553a81967d620eb1f7e6e09fa6a29b96cd5,0.659999,0,4.999990724245,0,9.570866201118909
https://hashdive.com/Analyze_User?user_address=0x47b7507a4bd3a936fdf33bc51ec3241074ed2e03,0.659999,0,4.999990724245,0,3.132981021778063
https://hashdive.com/Analyze_User?user_address=0xbddd2d611fdc6aa5b627989e0aac0f1392525042,0.659999,0,4.999990724245,0,-0.13019024694672454
https://hashdive.com/Analyze_User?user_address=0x55e3ca7e008b6d6a1baf02e608564a5ef902b990,0.659999,0,4.999990724245,0,1.405037482188372
https://hashdive.com/Analyze_User?user_address=0x275cb89cd985236463bdd8498ae3e5371c726db2,0.659999,0,4.999990724245,0,4.992156221881723
https://hashdive.com/Analyze_User?user_address=0x7260729ad392e11463dc6b6d33a82a7914478dfa,0.659999,0,4.999990724245,0,5.694308357412773
https://hashdive.com/Analyze_User?user_address=0x38bdfb882f5e3ff672e223439ede6cc748350eb4,0.659999,0,4.999990724245,0,6.767471439029413
https://hashdive.com/Analyze_User?user_address=0xb78d3cbc5816c6f4fe0b305bae741a5c43327f14,0.659999,0,4.999990724245,0,2.3053552353537263
https://hashdive.com/Analyze_User?user_address=0x1b07301bae9ec059bb25d1dbcaf2ac2355786d7d,0.659999,0,4.999990724245,0,5.1515381083910725
https://hashdive.com/Analyze_User?user_address=0x9a787ba54545067fabdb046cd7560576f30811b3,0.659999,0,4.999990724245,0,2.4392426681950656
https://hashdive.com/Analyze_User?user_address=0xaca5157e58ac70fee358834c50ae4cb786ef08f1,0.659999,0.227107,4.999990724245,0.04542148426371195,-1.8954832303270186
https://hashdive.com/Analyze_User?user_address=0x667bce805060fc159def812a9cecf7888710f461,0.659999,0,4.999990724245,0,4.406759864089009
https://hashdive.com/Analyze_User?user_address=0x3bd31f3b4f15a6ff2c3c78adb590378c805b0f27,0.649999,0,4.999990557695,0,0.1561987523670279
https://hashdive.com/Analyze_User?user_address=0xd97122e3ff2266466530e94755f3cde308dce600,0.649999,0,4.999990557695,0,3.3144670336268467
https://hashdive.com/Analyze_User?user_address=0x6263591f8adb7cbf297029858ece3c0335816417,0.739999,0,4.999990463246999,0,2.2729761974464733
https://hashdive.com/Analyze_User?user_address=0x05e3dc5b4b7614dfea85c366ab4166df428a93ac,0.549999,4.090917,4.99999,0.8181850363700727,-0.4231795480488164
https://hashdive.com/Analyze_User?user_address=0x60ab395327176e2a3c6e0db137fd55f40b82d681,0.539999,4.259267,4.99999,0.8518551037102075,-1.2489921169030196
https://hashdive.com/Analyze_User?user_address=0x6ec94dc7ecbed46ffaaeef56e7af3fb84378458f,0.549999,4.090917,4.99999,0.8181850363700727,-0.32648582341560317
https://hashdive.com/Analyze_User?user_address=0x5d054161384ce9da727960041a38d13c72eb05c3,0.579999,3.620697,4.99999,0.7241408482816964,0.274434365666278
https://hashdive.com/Analyze_User?user_address=0x4d4f82c017876fbaf01a6112672f58de9a3099f0,0.549999,3.726909,4.99999,0.7453832907665815,-4.088889591081973
https://hashdive.com/Analyze_User?user_address=0x473db5d0607078c1fad512e2cff908aea3a9942a,0.569999,3.771937,4.99999,0.7543889087778175,-0.1633175966617116
https://hashdive.com/Analyze_User?user_address=0x0796350b5bfb056a28ce1281a4625aee8496191c,0.549999,4.090917,4.99999,0.8181850363700727,-0.34697637538029436
https://hashdive.com/Analyze_User?user_address=0x261a78c53079058d2b9cddc5c6598b4d8175c166,0.549999,-4.99999,4.99999,-1,-0.6734600352404069
https://hashdive.com/Analyze_User?user_address=0xd15ca09e8339e5a3413a9cc7b83f7572b24ae6e4,0.559999,3.915888,4.99999,0.7831791663583326,0.9426475798309781
https://hashdive.com/Analyze_User?user_address=0x6cb733bb480dc486bf759e73dc9a23a4c111faf0,0.549999,4.090917,4.99999,0.8181850363700727,-0.4448025137863538
https://hashdive.com/Analyze_User?user_address=0x08497cb41f0d3c18dfce7c7e1455e800d9053b45,0.629999,2.936514,4.99999,0.5873039746079491,-4.638849136926322
https://hashdive.com/Analyze_User?user_address=0x2f8a01d1686cb07ba8fd4213d6fb657e22f4ed61,0.699999,0,4.999989957147,0,6.9446890122760365
https://hashdive.com/Analyze_User?user_address=0x9963413fb0f25d9b6896ca4556aa011e834d14ac,0.459999,5.869575,4.999989,1.1739175826186818,-3.1723767679153854
https://hashdive.com/Analyze_User?user_address=0x1c80fd2ba4f94308baeecdd365bc35f5aeb8e2f3,0.509999,4.80393,4.999989,0.9607881137338502,-1.01324957716743
https://hashdive.com/Analyze_User?user_address=0x0d45f54764ca6783e3e5c487a47957f33f677de2,0.459999,5.869575,4.999989,1.1739175826186818,5.480322757350352
https://hashdive.com/Analyze_User?user_address=0xd191ce7bfeb58d74395cffcd4117be761767a5cb,0.459999,5.869575,4.999989,1.1739175826186818,-1.1861505673809016
https://hashdive.com/Analyze_User?user_address=0x2c8a0fa2f1495acdc3458f88e558c3a530e6bfc4,0.509999,0,4.999989,0,-5.953289078265639
https://hashdive.com/Analyze_User?user_address=0x4d4f82c017876fbaf01a6112672f58de9a3099f0,0.439999,5.223559,4.999988,1.0447143073143375,-4.088889591081973
https://hashdive.com/Analyze_User?user_address=0xe64a761630d46e321fe9da2722b87a39a0dba38a,0.849999,0.876476,4.999988,0.1752956207094897,0.06946664808318381
https://hashdive.com/Analyze_User?user_address=0x899203d69ffd289c506ba11c47d70e0fdbea2dcf,0.849999,0.876125,4.999988,0.1752254205410093,-0.502030860021642
https://hashdive.com/Analyze_User?user_address=0xd93e371c8c00c1f43be7b222ad76cc4df0a092ed,0.449999,6.111121,4.999988,1.22222713334512,0.7381556365237819
https://hashdive.com/Analyze_User?user_address=0x711de8c19bb5ddfaeb60e1197b5987d5a6bfd704,0.439999,1.481784,4.999988,0.296357511258027,-6.430608003529529
https://hashdive.com/Analyze_User?user_address=0xf65e15806c09a32a4c5e08695ebb16826d9b3850,0.449999,6.111121,4.999988,1.22222713334512,-2.9339498421671726
https://hashdive.com/Analyze_User?user_address=0xe4ae9e51c29355a76508b2d8a96c835ff8b6b50f,0.409999,7.195132,4.999987,1.439030141478368,-2.3789252459905956
https://hashdive.com/Analyze_User?user_address=0x9544d305d17ee0aa6d1646acc150e8afa3e7f3fb,0.419999,6.904772,4.999987,1.3809579904907754,-1.227889352252601
https://hashdive.com/Analyze_User?user_address=0xb822850fabf3165af6e9c13dcd49f874e60607c2,0.472221,5.588246,4.999986,1.1176523294265224,-0.35751252836688985
https://hashdive.com/Analyze_User?user_address=0xe4ae9e51c29355a76508b2d8a96c835ff8b6b50f,0.379999,8.157906,4.999986,1.6315857684401518,-2.3789252459905956
https://hashdive.com/Analyze_User?user_address=0x211264e71384564b5ef79e2f5e29dabb17af0bef,0.389999,0.000012,4.999986,0.000002400006720018816,1.9284683199803874
https://hashdive.com/Analyze_User?user_address=0x2d37debd995e9643c5da48fcbcc662ef847fae43,0.389999,7.807392,4.999986,1.5614827721517621,-3.09367105608928
https://hashdive.com/Analyze_User?user_address=0x7f4214a52d042914171fdaf344bee470e465c66b,0.389999,7.820524,4.999986,1.5641091795057027,-4.604076092192522
https://hashdive.com/Analyze_User?user_address=0x94da4f346c054b71b1c51ef2f44cf9e1211c0800,0.389999,7.820524,4.999986,1.5641091795057027,-2.845538430595116
https://hashdive.com/Analyze_User?user_address=0xc0babd29cfa5f8f8ad00fc2f92a3eb6cf95c460d,0.389999,7.820524,4.999986,1.5641091795057027,-4.3472996109412945
https://hashdive.com/Analyze_User?user_address=0x82612e5a01d25e8637fa1982b3b2a9a69823982c,0.389999,7.820524,4.999986,1.5641091795057027,3.9875032465349136
https://hashdive.com/Analyze_User?user_address=0x9544d305d17ee0aa6d1646acc150e8afa3e7f3fb,0.389999,7.820524,4.999986,1.5641091795057027,-1.227889352252601
https://hashdive.com/Analyze_User?user_address=0x9d8e4906659d655e2d4d70b007b8d85c1fd75f70,0.359999,8.888901,4.999985,1.7777855333566004,-5.913693260749291
https://hashdive.com/Analyze_User?user_address=0x70de8fb5a38b715f9fffae5613b09daf6c0cb98e,0.299999,-4.999982,4.999983,-0.99999979999932,-0.3061349373587623
https://hashdive.com/Analyze_User?user_address=0x99a27b281abc78b12b15511cf6e38e81d6699bbf,0.98,0.10204,4.99996,0.020408163265306124,-20.238970394646536
https://hashdive.com/Analyze_User?user_address=0x1bcf251d49b2298bddea44a02a550e22e4ca921b,0.7,0,4.989998999999999,0,-10.385090038571157
https://hashdive.com/Analyze_User?user_address=0x2deb25f5657f3671c9c449890c7e94a01b846632,0.5,-4.987445,4.987445,-1,0.21289626658346886
https://hashdive.com/Analyze_User?user_address=0x12fb7cc7a551558fcbaffea9cb7c552a736422d0,0.5,-4.965572,4.965573,-0.9999997986133725,0.1782246840535856
https://hashdive.com/Analyze_User?user_address=0x3978a99e028eb590c98d8e9ddbe513298fa92f24,0.33,-4.94857,4.948571,-0.9999997979214605,14.025964459929618
https://hashdive.com/Analyze_User?user_address=0x6ab64dea703cb87c6fcdca5269e9da66ecac15b2,0.5,-4.891071,4.891072,-0.9999997955458435,0.15283983355771708
https://hashdive.com/Analyze_User?user_address=0xea3497a4a406315634fb58fb8afe333b7f1f6c05,0.5,-4.889211,4.889211,-1,0.1283841350423015
https://hashdive.com/Analyze_User?user_address=0xe659eea499c5591a7e5b3656fadbdeecfe226735,0.5,-4.858049,4.85805,-0.9999997941560914,0.16348484653179104
https://hashdive.com/Analyze_User?user_address=0x4e27d7f64a5e71f84c1421a01bee06d46de668ca,0.367891,-0.013204,4.849973,-0.0027224893829305855,0.603501147007532
https://hashdive.com/Analyze_User?user_address=0xf49484f52243abc90eb6b700042c6ad37d4e69ca,0.699999,0,4.839991185717,0,-1.3670934793995633
https://hashdive.com/Analyze_User?user_address=0x37ce829742cd9b1d423f7c3250d51d1984b1a5b3,0.4,7.245,4.83,1.5,-24.224749060384013
https://hashdive.com/Analyze_User?user_address=0x50252ece069259d200b9acf289fcd10761139f3a,0.69,0,4.83,0,4.564525130665895
https://hashdive.com/Analyze_User?user_address=0xcfd4456fd6ad1824860e282980223db50617fe7b,0.7,0,4.76,0,-15.307714218101367
https://hashdive.com/Analyze_User?user_address=0x0e48adae6a229343874bf0484feb7aed28bc560e,0.669999,0,4.749992080449,0,-0.17169407474731627
https://hashdive.com/Analyze_User?user_address=0xd9e1b2c40ee9569e2c119ade1361f329b6d3a8b3,0.409999,6.820986,4.739988,1.4390302253929756,-1.0123836972211353
https://hashdive.com/Analyze_User?user_address=0xcd1345f4b51fb4d77b1da19764b43f2bc8036362,0.5,-4.728925,4.728926,-0.9999997885354941,-0.018419552662089896
https://hashdive.com/Analyze_User?user_address=0x082be1c21bddf02dcca57c346957c76c6c155e67,0.789999,1.252031,4.709993,0.26582438657552143,-6.041650612121689
https://hashdive.com/Analyze_User?user_address=0x87ea9c7f26ad9107090d03daf65b9acdf674f625,0.47,-4.7,4.7,-1,1.3485661583574942
https://hashdive.com/Analyze_User?user_address=0xe72751191c2a5d995be382a4167a45a6c3d5a39c,0.375089,-4.689977,4.689977,-1,-1.512557135744278
https://hashdive.com/Analyze_User?user_address=0x7b2ac1f1b38f5346d0f4cee8d5b12513f1ebe7f5,0.5,-4.66963,4.669631,-0.9999997858503166,0.0734478948950745
https://hashdive.com/Analyze_User?user_address=0xc35b969a895714ca624590c6befe0583048ed99a,0.5,-4.662542,4.662542,-1,0.1669979695664942
https://hashdive.com/Analyze_User?user_address=0x7d171bb9e45039285b68dcff8d753fcbb1472b26,0.439999,5.930919,4.659989,1.2727324034455876,5.221367342397069
https://hashdive.com/Analyze_User?user_address=0xa6b52fd18e088ae228f8e58a713e8ce417d7d7d7,0.5,-4.655968,4.655968,-1,0.10140385761431296
https://hashdive.com/Analyze_User?user_address=0x1ac46e80354713bf036d8d7ff33c249b884455d6,0.690032,0,4.649989711696,0,0.5398580878312256
https://hashdive.com/Analyze_User?user_address=0xeda9fc673549ce8280385b9b38d5f19868bea43f,0.379999,7.586853,4.649987,1.6315858517453918,-1.651436491700213
https://hashdive.com/Analyze_User?user_address=0xe14e4940544f05545d8c404c47675986c30f13ec,0.5,-4.626684,4.626685,-0.9999997838625279,0.05663113899680591
https://hashdive.com/Analyze_User?user_address=0xcb875fc0b88877d65e02579e6ba282c839ec7fd3,0.46,-4.6,4.6,-1,0.2722217074879175
https://hashdive.com/Analyze_User?user_address=0xd205144080286035ca33e18c9e9f3bc4fbf1a729,0.38,7.44,4.56,1.6315789473684212,-0.34425693869896656
https://hashdive.com/Analyze_User?user_address=0xef966f4db53ff7b353069ee10f9ef2a0a4d201df,0.5,-4.554077,4.554078,-0.999999780416585,0.11985041006423856
https://hashdive.com/Analyze_User?user_address=0x7ef5a77150774f0e9e333805776261de65a06119,0.65,0,4.55,0,-2.893383760856211
https://hashdive.com/Analyze_User?user_address=0x9751a5c4c0799d02c2c478c584c07b5f56bd4f9c,0.5,-4.53366,4.533661,-0.9999997794277075,0.019074445452327712
https://hashdive.com/Analyze_User?user_address=0xf01eea8b31d46b5261ee951a97a5844d1384b5ea,0.5,-4.500641,4.500642,-0.9999997778094769,-0.06813397369402686
https://hashdive.com/Analyze_User?user_address=0xc64ac615056199fa474a6b4756062578609b6bd4,0.45,5.5,4.5,1.2222222222222223,-0.10578683158364312
https://hashdive.com/Analyze_User?user_address=0xa0ad8cee5150329e7cfdb7b084ffd90aa734aa1e,0.7,0,4.499999,0,-2.71460256522471
https://hashdive.com/Analyze_User?user_address=0xf077b020690c5cc12bf88494f6ffdf7249141d5d,0.689999,0,4.499992698262,0,0.3920788043954107
https://hashdive.com/Analyze_User?user_address=0x5a090839b9841091611c8aaab9333d5802ca335d,0.409999,6.475619,4.499988,1.4390302818585294,-0.6493770749856098
https://hashdive.com/Analyze_User?user_address=0x1c09af2a15ecadb03f14776a2f1acc2a692c33c4,0.5,-4.493782,4.493783,-0.9999997774703409,0.09388216552078875
https://hashdive.com/Analyze_User?user_address=0x93c6c310e3c4c675bcc1a9ae88a685b951dcaf44,0.5,-4.460004,4.460004,-1,0.036683650502751006
https://hashdive.com/Analyze_User?user_address=0x48a816234c182e681956323fcb42ff9ca0943c86,0.5,-4.452332,4.452332,-1,0.05021791205494868
https://hashdive.com/Analyze_User?user_address=0x80e885cef4d50e0bc60a4de66ba55b1621306296,0.5,-4.439331,4.439331,-1,-0.051596199948739034
https://hashdive.com/Analyze_User?user_address=0xb3cc0d905d20ec09871768d12327eb99a8d4a23a,0.44,5.6,4.4,1.2727272727272725,3.4247309904266885
https://hashdive.com/Analyze_User?user_address=0xf4d8921c9480dc5908539efd006d93e48ab0a6e7,0.5,-4.374337,4.374338,-0.99999977139398,0.22626434902406173
https://hashdive.com/Analyze_User?user_address=0x8af9845d9c0ef3bba34ef734553d5cfed369a9be,0.4,6.51,4.34,1.5,1.0359547856277564
https://hashdive.com/Analyze_User?user_address=0xd200048b293e5cc23a5e9f543f408ebcf9e6e73e,0.5,-4.335228,4.335229,-0.9999997693316777,0.12044491070310942
https://hashdive.com/Analyze_User?user_address=0x2e60d1c3cc3db93776d18de87c01e9351f58d4c7,0.389999,6.772574,4.329988,1.564109184598202,1.1441298048299533
https://hashdive.com/Analyze_User?user_address=0x1a72e659e561fbfcc5c105f86e8741951d06833d,0.5,-4.320572,4.320572,-1,0.21262989354111264
https://hashdive.com/Analyze_User?user_address=0xcba64005b01b95f09dd4dac77e81e8cbefedbb05,0.69,0,4.278,0,-2.262463875718959
https://hashdive.com/Analyze_User?user_address=0x8559e20a00f1e1d1648a14b5b8998c1cb155570d,0.389999,6.678727,4.269988,1.5641090794634553,6.587753125014157
https://hashdive.com/Analyze_User?user_address=0x6bfbbb9938671440f4f28a4ef29e28229140e053,0.4,6.345,4.23,1.4999999999999998,-2.7390176458987843
https://hashdive.com/Analyze_User?user_address=0x47b1204a87c4dffd87d096843c439d7ac1960f5f,0.5,-4.218067,4.218068,-0.9999997629246375,0.33153809545777146
https://hashdive.com/Analyze_User?user_address=0x8a5b28eb2ecb983509fda7ff0c3ae5dba59072df,0.7,0,4.199999999999999,0,-2.2698636133167303
https://hashdive.com/Analyze_User?user_address=0xd5d06296b04e61a89a4123b6fa7b6dca66b661a8,0.7,0,4.199999999999999,0,3.9673063303429448
https://hashdive.com/Analyze_User?user_address=0xc7ca081eaca7ab57372c54643d4efe4a8a8a8686,0.7,0,4.199999999999999,0,0.4235393361574724
https://hashdive.com/Analyze_User?user_address=0x1392e617c8e574ef1fe8987b25d516fbac71618b,0.7,0,4.199999999999999,0,1.0260317926181641
https://hashdive.com/Analyze_User?user_address=0x66f1152de68c7e1902df58fa30cd1ee9d9eb33e4,0.7,0,4.199999999999999,0,2.5368369023307604
https://hashdive.com/Analyze_User?user_address=0x83e0c7ed6768d5833305ca33758d5530637d7e21,0.7,0,4.199999999999999,0,2.5368369023307604
https://hashdive.com/Analyze_User?user_address=0x3fac0d1cdedfe0e972466aeaa2f221231371e860,0.7,0,4.199999999999999,0,4.2857142857142865
https://hashdive.com/Analyze_User?user_address=0xd7fc46eafffa1ab58d8b9c9e302d0190b7e3db26,0.7,0,4.199999999999999,0,-1.059667489402316
https://hashdive.com/Analyze_User?user_address=0xc528f9d241c804c8947bda8eeee2c31d770df433,0.7,0,4.199999999999999,0,3.2054015026794946
https://hashdive.com/Analyze_User?user_address=0x2b5e5cf9c1816e0771a18f7c6e7776291be6a97b,0.7,0,4.199999999999999,0,1.0674432813656074
https://hashdive.com/Analyze_User?user_address=0x1674f958d2e294443f9b4b57bad254eed2df091e,0.7,0,4.199999999999999,0,2.9498992846001433
https://hashdive.com/Analyze_User?user_address=0xf419556a9758214628edff29dce8f39a8aa13ce7,0.553636,0,4.199996,0,-0.38055490498311484
https://hashdive.com/Analyze_User?user_address=0x035c642b359182e5212c7c5c9aa71c52c155a64a,0.4,6.24,4.16,1.5,0.7290696273499615
https://hashdive.com/Analyze_User?user_address=0xd370a36ffa671bfb9227ba7ce31ef88c6d5da8d5,0.5,-4.141554,4.141554,-1,0.06473257190498238
https://hashdive.com/Analyze_User?user_address=0x4d58e24ae11b0299c25582727df64ad2ac532073,0.69,0,4.14,0,14.943731527467792
https://hashdive.com/Analyze_User?user_address=0xd0798aa174d0a4aeb00c5352053a76adee018db3,0.69,0,4.14,0,13.533812494133235
https://hashdive.com/Analyze_User?user_address=0xa60bb142539d9dd64f0c1308f7dd7f96475ac728,0.69,0,4.14,0,12.30724868983497
https://hashdive.com/Analyze_User?user_address=0xb3cc0d905d20ec09871768d12327eb99a8d4a23a,0.41,5.9,4.1,1.4390243902439026,3.4247309904266885
https://hashdive.com/Analyze_User?user_address=0x98cc93edf74a688a066708fd44b198027d015fd4,0.41,5.9,4.1,1.4390243902439026,-2.1900489153605482
https://hashdive.com/Analyze_User?user_address=0xfc6550ca157ae47e64ae40eb04c9219046685ade,0.779999,0,4.089991836414,0,-2.8928299195629963
https://hashdive.com/Analyze_User?user_address=0x411f7a1484ce7ceb4c7eb709e8beebb3315d47af,0.5,-4.073767,4.073767,-1,-0.06132420909658701
https://hashdive.com/Analyze_User?user_address=0x871b85fd3b7ba298d34efeed8c629611448624f0,0.5,-4.064547,4.064548,-0.9999997539701831,0.02127479967901282
https://hashdive.com/Analyze_User?user_address=0xb302ab7a7498a9d6210d5838b4916949b77beb76,0.649999,0,4.049992969232,0,0.08971178666313637
https://hashdive.com/Analyze_User?user_address=0x264715f603f5e97c390201e8d6bec58ed42bd4f9,0.5,-4.044602,4.044603,-0.9999997527569454,-0.09252768594719415
https://hashdive.com/Analyze_User?user_address=0xe127b8bf6ccfc5ef0feacb5dfbd3a43a493ccb24,0.69997,-0.086697,4.02880892936,-0.021519263266171405,3.097367107628008
https://hashdive.com/Analyze_User?user_address=0xca219253ea03c245999246dcabdf0b438263c84b,0.539999,3.424451,4.019992,0.8518551778212493,-6.065546423126418
https://hashdive.com/Analyze_User?user_address=0x25262ee5ce0c0edcdcb1f4bcd6e6398390fbec16,0.5,-4.002614,4.002615,-0.9999997501633309,0.19283928012368784
https://hashdive.com/Analyze_User?user_address=0xc0babd29cfa5f8f8ad00fc2f92a3eb6cf95c460d,0.4,6,4,1.5,-4.3472996109412945
https://hashdive.com/Analyze_User?user_address=0xae1c42a164d3ed874deb602d34308db3103439e8,0.5,-4,4,-1,-6.303530776354651
https://hashdive.com/Analyze_User?user_address=0x4f651be5562294478b527507a9775faf358c78fa,0.69,0,3.999999,0,1.4642151384813098
https://hashdive.com/Analyze_User?user_address=0x612efe2a7fa9947c171a89a89aeee645301118f7,0.69,0,3.999999,0,4.49285105652465
https://hashdive.com/Analyze_User?user_address=0x578dad5e7e1b25687581b779ea5565662d3b3565,0.6,2.666666,3.999999,0.6666666666666667,-0.023563620526312168
https://hashdive.com/Analyze_User?user_address=0xc43088fe2d5d3b8a52fb09f7f66f8b335c2fbfd5,0.91,0.395604,3.999996,0.09890109890109891,-15.048387755714398
https://hashdive.com/Analyze_User?user_address=0xf772cd788cddecdcaf1a21b0d4b9780639487da9,0.669999,0,3.9999931898520003,0,2.4001254159398737
https://hashdive.com/Analyze_User?user_address=0xd4e1bd26573f7feb9614a3795eff006afe797c76,0.699999,0,3.9999923857170003,0,-0.597745126499014
https://hashdive.com/Analyze_User?user_address=0xf15e5864e5274f356918f3f120531ab0a2874d7f,0.699999,0,3.9999923857170003,0,-1.3059551665087636
https://hashdive.com/Analyze_User?user_address=0x499dc1582a5a7af63c4e8597cd414538be1765ec,0.699999,0,3.9999923857170003,0,-0.510955160917988
https://hashdive.com/Analyze_User?user_address=0x23188137a4b00a2b9ae056042a527ae7fc33ac2c,0.699999,0,3.9999923857170003,0,-6.360523118883109
https://hashdive.com/Analyze_User?user_address=0xc8f6de665c32e08ab07976acda92c064f3d1d715,0.699999,0,3.9999923857170003,0,-2.8601330790820514
https://hashdive.com/Analyze_User?user_address=0x7822fdb2d6d6b36e952e977ccf897afcbe2dbf4e,0.699999,0,3.9999923857170003,0,1.5098946597019014
https://hashdive.com/Analyze_User?user_address=0xf8c9f21a0d389050100607bb1c54c48d23db77b6,0.489795,4.166673,3.999992,1.0416703333406667,-0.375139799227393
https://hashdive.com/Analyze_User?user_address=0xf366bd4520c006a5c5823285b9e20b6844fcbd1e,0.569999,-3.999991,3.999991,-1,-8.688304371244762
https://hashdive.com/Analyze_User?user_address=0x1667b52b313d2bf723bd830e8f486be8d745d7c5,0.519999,-3.999991,3.999991,-1,-1.7738226847542802
https://hashdive.com/Analyze_User?user_address=0xd51736a188c486acc0b0282a69df3e56700f13c6,0.459999,4.69566,3.999991,1.173917641314693,4.048736901940697
https://hashdive.com/Analyze_User?user_address=0x6e8f7d404a1c983e0d9b49ac6b556f9485abdbb8,0.439999,5.090916,3.99999,1.2727321818304547,4.488007727150499
https://hashdive.com/Analyze_User?user_address=0x44c46a9b48bff9e45a203626115761d4e43fb0dc,0.473683,4.444453,3.999989,1.1111163055698405,-0.21042849493613264
https://hashdive.com/Analyze_User?user_address=0xd3757bc3f2d7618aaf3745ed56a188e5692bede5,0.389999,6.256419,3.999989,1.5641090512998912,0.23635532217583924
https://hashdive.com/Analyze_User?user_address=0xffe14a37d937d3841186333648a36a03a9333559,0.473683,4.444453,3.999989,1.1111163055698405,-1.306737388168164
https://hashdive.com/Analyze_User?user_address=0xbddd2d611fdc6aa5b627989e0aac0f1392525042,0.379999,6.526325,3.999989,1.6315857368607765,-0.13019024694672454
https://hashdive.com/Analyze_User?user_address=0x377dd54057572b35146d20e9362b910d01677147,0.389999,6.256419,3.999989,1.5641090512998912,-0.5560833369046762
https://hashdive.com/Analyze_User?user_address=0x3d27c6d711569b3b3aa0c858ca7c19b836f57aca,0.687399,0,3.999987841581,0,3.1799388255483096
https://hashdive.com/Analyze_User?user_address=0xdb1d3396cb639d83779a29ce042c3639a4a32bd7,0.478123,4.366028,3.999982,1.0915119118036032,-0.22376695551656872
https://hashdive.com/Analyze_User?user_address=0x4290a47dcb7ce94769552aeac614326013537eb0,0.462458,4.635722,3.999982,1.1589357152107185,-0.5117743341898705
https://hashdive.com/Analyze_User?user_address=0xa10dc0692a1c166b3804279778325265ad07dd94,0.5,-3.979335,3.979336,-0.9999997487017934,0.12266376353768743
https://hashdive.com/Analyze_User?user_address=0x4944ad53dc3d6959549e73019a699fb020c6ed5c,0.73,0,3.9785,0,1.4664976480998935
https://hashdive.com/Analyze_User?user_address=0x3a1ad5b9fcebdde14b9bdce068e714c03f798504,0.5,-3.969764,3.969764,-1,-0.13871989886119285
https://hashdive.com/Analyze_User?user_address=0xc84314ccd90dba26a2e0edcdf2dda26143c19bec,0.5,-3.969708,3.969708,-1,0.04430390715836508
https://hashdive.com/Analyze_User?user_address=0xd2e025481c7f63ed01df8e5c04698105fbe9cc47,0.5,-3.967038,3.967038,-1,0.011136726766357723
https://hashdive.com/Analyze_User?user_address=0xb0d8cd3d7d44ba9e2d095789a3daebd8df747173,0.5,-3.964319,3.96432,-0.9999997477499295,0.11045525825993384
https://hashdive.com/Analyze_User?user_address=0x18dd1780783bd615fbaec4a244032cd9dbf463d0,0.709999,0,3.959992442538,0,7.593234544297931
https://hashdive.com/Analyze_User?user_address=0x534efb86e95c41f69267eb63ba7e27a98e30553a,0.89221,0.472011,3.949986,0.11949687922944538,4.848930199330067
https://hashdive.com/Analyze_User?user_address=0x8647fbc29add5e03fa2efecec1b0afff8406edfe,0.5,-3.932729,3.93273,-0.9999997457237085,-0.011162913293180322
https://hashdive.com/Analyze_User?user_address=0xf3218113924f2961ad030afeb439bdbcfc0aa41e,0.5,-3.932195,3.932196,-0.9999997456891773,0.18885295190749352
https://hashdive.com/Analyze_User?user_address=0xe390ec741a342852031558e4d699ad3d8c8226bc,0.5,-3.930572,3.930573,-0.999999745584168,0.24695128369062896
https://hashdive.com/Analyze_User?user_address=0xa969315a22f1ad988c4465025c726922e2741452,0.389999,6.146932,3.92999,1.5641088145262454,0.33576072606108776
https://hashdive.com/Analyze_User?user_address=0xbcb12cbacefedbc6801631f7d1fd63db9df2451b,0.5,-3.920047,3.920047,-1,-0.015516829212625474
https://hashdive.com/Analyze_User?user_address=0xf5e812541b67ed45a468a4178a9f4affe0c9987a,0.5,-3.917844,3.917844,-1,0.0737928778584933
https://hashdive.com/Analyze_User?user_address=0xdd5d053a056f8f404a0bb50d5038d9985ca40ce7,0.5,-3.916572,3.916573,-0.999999744674745,0.018646728402298446
https://hashdive.com/Analyze_User?user_address=0x79c94d97a5fc7c7e26be828eeccf373b94669822,0.5,-3.907263,3.907263,-1,-0.0856130190373615
https://hashdive.com/Analyze_User?user_address=0xacd051e2f8422ad181037743232cac1340e0e030,0.78,1.1,3.9,0.2820512820512821,-9.311646744361106
https://hashdive.com/Analyze_User?user_address=0xd205144080286035ca33e18c9e9f3bc4fbf1a729,0.39,6.1,3.9,1.564102564102564,-0.34425693869896656
https://hashdive.com/Analyze_User?user_address=0xbf84a2c6b64e6f96092081f42626a4b79083c4b6,0.5,-3.877681,3.877682,-0.9999997421139742,0.07839110006937652
https://hashdive.com/Analyze_User?user_address=0x232b75ddaf518ca38645f2657ccf244db8bcd393,0.5,-3.851888,3.851888,-1,0.024954376485044255
https://hashdive.com/Analyze_User?user_address=0x9419ed12e137c08d2a74ba2db1f1fb82e28b4201,0.55,-3.85,3.85,-1,-0.07678531281758143
https://hashdive.com/Analyze_User?user_address=0x35a43aa24a629ed0851b43fa6be3b3bf5b5ae7b7,0.529999,3.387553,3.819992,0.8867958362216465,-5.943211596518595
https://hashdive.com/Analyze_User?user_address=0xc186319e58104ef2a92e8fb046f39e3671d127d3,0.5,-3.813588,3.813589,-0.9999997377798185,-0.11995415849665873
https://hashdive.com/Analyze_User?user_address=0x2bc129e1601953b1cff3d4922074187056ac6034,0.64,0.2336,3.8,0.06147368421052632,-5.409841492375824
https://hashdive.com/Analyze_User?user_address=0x6e4152a11a0f0f32ec4a7f558ce3825f97f06fae,0.38,-3.8,3.8,-1,-4.757782750241469
https://hashdive.com/Analyze_User?user_address=0xc11eea8d1ac9358b3a529d6ede0dec0dc766eb97,0.38,6.2,3.8,1.6315789473684212,3.630357125696983
https://hashdive.com/Analyze_User?user_address=0x6fab38d9ab37a20ce1a83c59e5316a9f7298abd9,0.5,-3.796718,3.796718,-1,0.11610164665846077
https://hashdive.com/Analyze_User?user_address=0xec1893bd8aece2cb72eebea0c64cead6970c12e2,0.669999,0,3.789993393285,0,-8.071845530623321
https://hashdive.com/Analyze_User?user_address=0x26d5cb0df4d618fa84ecb6ddb64c00ce475fd0f7,0.5,-3.78194,3.78194,-1,0.11233257188714706
https://hashdive.com/Analyze_User?user_address=0x62ceed488072ed91d20b61ff8daf7b62836df057,0.5,-3.781784,3.781784,-1,0.07212694224164493
https://hashdive.com/Analyze_User?user_address=0x1f7837b1c367f474ceaa4eee626fed328cd252c1,0.5,-3.774189,3.77419,-0.9999997350424858,-0.02939939585121861
https://hashdive.com/Analyze_User?user_address=0x414900d3e54b9ac35d9c9cfd68f9fb8079614ce4,0.5,-3.756909,3.756909,-1,0.19856759148453476
https://hashdive.com/Analyze_User?user_address=0x8771c514e87eb064ea21abaea4bd553eafc21a60,0.75,-1.25,3.75,-0.3333333333333333,0.5217450556197479
https://hashdive.com/Analyze_User?user_address=0x4ce2a4c67e07ce1a109fd4631ad9c1cdc0aa324b,0.5,-3.748448,3.748449,-0.9999997332229943,0.1217133504964127
https://hashdive.com/Analyze_User?user_address=0xd117c38078aa291bf44a28a9ad053b0b4088442d,0.5,-3.748224,3.748225,-0.9999997332070513,-0.026627853861982773
https://hashdive.com/Analyze_User?user_address=0xcc350fe339fe120e8738aeae086aa80ce54aec96,0.5,-3.734445,3.734446,-0.9999997322226644,0.11854722593674911
https://hashdive.com/Analyze_User?user_address=0xf4193f2b63770df069225ec7e42e5e48ecc1d4f7,0.5,-3.711376,3.711376,-1,0.0473686590639604
https://hashdive.com/Analyze_User?user_address=0xcb14f61711d913773f4b982af340fa7eae175358,0.37,6.3,3.7,1.7027027027027026,-0.5383061566903216
https://hashdive.com/Analyze_User?user_address=0x188bfc7e65eaf78fc3ea94a85e330c6183f07c63,0.689999,0,3.699992677684,0,-2.456518731961758
https://hashdive.com/Analyze_User?user_address=0xf02bd64a408ac2196411390259ba86354f228b8b,0.5,-3.681794,3.681794,-1,0.006958789068933448
https://hashdive.com/Analyze_User?user_address=0x55af829c2632b809905184a1d77eccebd195e758,0.5,-3.679224,3.679224,-1,0.040938683296320194
https://hashdive.com/Analyze_User?user_address=0x52fdc63da708f5cada04fee9e0a5dc444659c420,0.5,-3.67553,3.675531,-0.9999997279304678,0.15447623512873299
https://hashdive.com/Analyze_User?user_address=0x31f520d0fa748fe3d6a2641e2ea28256e1e17e7b,0.5,-3.670635,3.670635,-1,0.19293936444658474
https://hashdive.com/Analyze_User?user_address=0x91d113ea9e4f7c069074af3859419dade3695126,0.5,-3.664067,3.664067,-1,0.06760830195666676
https://hashdive.com/Analyze_User?user_address=0x476c9b0873b0767a6b6bfd4e0ca6b013d0ec5880,0.669999,0,3.659993487315,0,-0.035010477829723614
https://hashdive.com/Analyze_User?user_address=0xbb45eae49d2ab1f1bb467e222e90a370bb75f885,0.459999,4.284789,3.649991,1.1739176891121101,-0.1487509013104758
https://hashdive.com/Analyze_User?user_address=0xb4ab5a3a4d14fe1aa5babcf500ed6acceffe3298,0.5,-3.643868,3.643868,-1,-0.01190794137926027
https://hashdive.com/Analyze_User?user_address=0x80adade03fdb1c04408e15130be436021b73d8e1,0.5,-3.641723,3.641724,-0.9999997254047808,0.05082618235916631
https://hashdive.com/Analyze_User?user_address=0xef59a5e4e1c9b0eeb293909b7dba47ae2ab76d69,0.5,-3.630293,3.630293,-1,0.1572213362382585
https://hashdive.com/Analyze_User?user_address=0xbaef99970c481218110022df7f5e7fc6b1471b1a,0.69,0,3.6224999999999996,0,4.281070045260097
https://hashdive.com/Analyze_User?user_address=0x3e49d8f97537c2644885a23f68fa9bd6a7fcafe8,0.469999,4.070858,3.609992,1.1276639948232572,-9.328179612865897
https://hashdive.com/Analyze_User?user_address=0xf67cb78ebcd0ada957fe019689afe0caefed8acb,0.5,-3.607386,3.607386,-1,0.12726160057461114
https://hashdive.com/Analyze_User?user_address=0x56d7b10bfa4bc16609204752658db7185513aec4,0.5,-3.607352,3.607352,-1,-0.004787081283130448
https://hashdive.com/Analyze_User?user_address=0x7a2acaaf70da2a629fe1a2e227d3bc3e72c05a07,0.5,-3.605336,3.605336,-1,0.1739285160908366
https://hashdive.com/Analyze_User?user_address=0x8deca1e7d5a7d570732eebd28486273760ad06d3,0.5,-3.59619,3.59619,-1,0.012251964171482221
https://hashdive.com/Analyze_User?user_address=0x310a84f3f1b7055fb069720449d2e534bee837c2,0.5,-3.595803,3.595803,-1,0.0759356696190528
https://hashdive.com/Analyze_User?user_address=0x0c08075cb4c069dcd0a8386824f84e7e7722cdf0,0.5,-3.586743,3.586744,-0.9999997211956024,0.03836751100421299
https://hashdive.com/Analyze_User?user_address=0xb62a501c9566bff8b69926270e98ad2948d4d646,0.5,-3.571091,3.571092,-0.9999997199736103,0.09607831342049317
https://hashdive.com/Analyze_User?user_address=0x3ce7242c4628b6609435c48470aa7d6766924813,0.669999,0,3.569993861643,0,-0.2406896338964909
https://hashdive.com/Analyze_User?user_address=0x802317275817c2ba9c3ee79c8e962a89b9f31dbc,0.669999,0,3.55999278657,0,3.237006842469674
https://hashdive.com/Analyze_User?user_address=0x4eceb587c0cc60d2ff493604174adc1ced81ef26,0.5,-3.54766,3.547661,-0.9999997181241387,0.09467662245551389
https://hashdive.com/Analyze_User?user_address=0xc2b14ae351f070d3a800fcd0212e8d4629b6a60c,0.5,-3.546403,3.546403,-1,-0.012743636985788549
https://hashdive.com/Analyze_User?user_address=0xd90e325384277c6a252c23a8d863eaf7365e252a,0.5,-3.517967,3.517968,-0.9999997157449982,-0.05990685040404599
https://hashdive.com/Analyze_User?user_address=0x66dfb1ceebfc11a651dc4c56415b53474e115d51,0.5,-3.505599,3.505599,-1,0.15139841298854328
https://hashdive.com/Analyze_User?user_address=0xac8953b216270027b9c95669a61b60587004b395,0.5,-3.502857,3.502857,-1,0.11834029248770897
https://hashdive.com/Analyze_User?user_address=0xa31d896c96d745cb65a607ce91f08f0ce8dc0150,0.7,0,3.5,0,1.370196054046899
https://hashdive.com/Analyze_User?user_address=0x0db06ec86efcb8866d6106942a4b40f8dee18166,0.7,0,3.5,0,1.7637406916644494
https://hashdive.com/Analyze_User?user_address=0x3a4d513d13aae65f52267095ab77a3e7daddca50,0.7,0,3.5,0,-9.633907141927496
https://hashdive.com/Analyze_User?user_address=0xf62076f9b392231a6341e03bba7ad31ce4c481ba,0.7,0,3.5,0,3.4119084098553594
https://hashdive.com/Analyze_User?user_address=0x14a53192e4eb32ed9c87259b69050175c7e8a603,0.7,0,3.5,0,-1.1106234746111445
https://hashdive.com/Analyze_User?user_address=0x2bf2756b8334d02d9cae0fa676c59486d33f45bc,0.7,0,3.5,0,-2.0642849977600255
https://hashdive.com/Analyze_User?user_address=0xe128ad10835975b7839a4cb4bdaabcb4e16273c9,0.7,0,3.5,0,-0.5106094699365851
https://hashdive.com/Analyze_User?user_address=0x03621672a9a6748a83950415b9e48a500c3c2af9,0.7,-0.05,3.5,-0.014285714285714287,-4.293291391844277
https://hashdive.com/Analyze_User?user_address=0x4b33bf7e147abf4d7f8fe4770cb5fbbaa4a27765,0.7,0,3.5,0,3.7453218690922654
https://hashdive.com/Analyze_User?user_address=0xf9f5ad4791717464b67edf66f84e289f9d1b81bc,0.5,-3.46361,3.46361,-1,0.0964299889035505
https://hashdive.com/Analyze_User?user_address=0x78e8ba42cc4a7e71c92036c26f24f69fd2c50a09,0.5,-3.456341,3.456342,-0.9999997106767792,-0.05939571726776915
https://hashdive.com/Analyze_User?user_address=0x744633e10ebac1b30770f01b2db5104c6b6437a4,0.5,-3.453841,3.453842,-0.9999997104673579,-0.1673062477342825
https://hashdive.com/Analyze_User?user_address=0x20251eddc5367770975d31cc198148bd14acdb59,0.69,0,3.4499999999999997,0,9.069255184480248
https://hashdive.com/Analyze_User?user_address=0x2692d658d36f77977fff7b7d3fedd44090542698,0.69,0,3.4499999999999997,0,3.183735433885864
https://hashdive.com/Analyze_User?user_address=0x1941e95ca98d93edf622ec2b33234e13cca2c47f,0.69,0,3.4499999999999997,0,-4.335488826407642
https://hashdive.com/Analyze_User?user_address=0x0ee5c8c584ae4a41810d5872878056025eca96c2,0.69,0,3.4499999999999997,0,3.4601741053574764
https://hashdive.com/Analyze_User?user_address=0x0fad9b0c3380c0c35b65db470f27b65447c0aa0f,0.69,0,3.4499999999999997,0,0.7218729760861914
https://hashdive.com/Analyze_User?user_address=0x0c2d136dec3c56477e382853a12c0a28a1532570,0.69,0,3.4499999999999997,0,0.9118545010072504
https://hashdive.com/Analyze_User?user_address=0x985b565eb4b4a497c3c9db5db666a569fa5546c4,0.69,-0.05,3.4499999999999997,-0.014492753623188408,-2.8976586194506853
https://hashdive.com/Analyze_User?user_address=0xd2dcda5b064b5de010a19eedef12043efba4b3c5,0.69,0,3.4499999999999997,0,-3.79735489032412
https://hashdive.com/Analyze_User?user_address=0x6b825425031c68047f2412cabf86ad68bd5c2d2a,0.69,0,3.4499999999999997,0,-8.580909512398833
https://hashdive.com/Analyze_User?user_address=0x6afd1c5145e87f323201d83d31ebdcbe5ea65cb1,0.69,0,3.4499999999999997,0,-2.2969795453474786
https://hashdive.com/Analyze_User?user_address=0x31cef7651122a1c9b65dca7baa84bff05f2288cd,0.69,0,3.4499999999999997,0,-7.0235763612435385
https://hashdive.com/Analyze_User?user_address=0xe6018fd661f52925efb6ade3be2ecce92f5ec728,0.69,0,3.4499999999999997,0,-0.3697636335089083
https://hashdive.com/Analyze_User?user_address=0xc383e03d31ff8ad22ff3c8d0e9462e9cbacaa540,0.69,0,3.4499999999999997,0,10.893780269266047
https://hashdive.com/Analyze_User?user_address=0xd2a2ed94f21daf7994f5996b6d02174327c1004a,0.69,0,3.4499999999999997,0,-4.974394649015928
https://hashdive.com/Analyze_User?user_address=0xdcf708db8edf693d50dc0fe9f368f3a103d1bcbe,0.69,0,3.4499999999999997,0,-3.6926343096504026
https://hashdive.com/Analyze_User?user_address=0xe6df670ceaa266226670354080ca8374d02b22a9,0.69,0,3.4499999999999997,0,-8.160430538251045
https://hashdive.com/Analyze_User?user_address=0xa800961217055d1fccfde3e25a3884bbfaa2cc71,0.69,0,3.4499999999999997,0,0.9317176614494899
https://hashdive.com/Analyze_User?user_address=0xf99abdcd33d72bb81486519c96c956f335325487,0.69,0,3.4499999999999997,0,0.7782461287316161
https://hashdive.com/Analyze_User?user_address=0xea2eaeaa3a35ab5ed525e78d54d37035856bd695,0.69,0,3.4499999999999997,0,-1.9602880558425109
https://hashdive.com/Analyze_User?user_address=0xe9ea84ff11509024171646bf05bb1374f1c2810a,0.69,0,3.4499999999999997,0,-0.2775712577659151
https://hashdive.com/Analyze_User?user_address=0x778e9acad89502a04200d1988befc8dd9cbaccd1,0.69,0,3.4499999999999997,0,-2.3569850352983797
https://hashdive.com/Analyze_User?user_address=0x901446cb53b47a5224ae3c02639741846029db4a,0.69,0,3.4499999999999997,0,3.2623430230238397
https://hashdive.com/Analyze_User?user_address=0x7cae95cdf2716bd62e4803fd942d37bfcff1bf8a,0.69,0,3.4499999999999997,0,-7.713956615596564
https://hashdive.com/Analyze_User?user_address=0x8bdf93f194b6001250d93c36f0fc8ef58c738ada,0.69,0,3.4499999999999997,0,1.0186750599237002
https://hashdive.com/Analyze_User?user_address=0xf79e2a4cbf6e7d0d69e85740bf03a65af95a9a84,0.69,0,3.4499999999999997,0,4.306614223360449
https://hashdive.com/Analyze_User?user_address=0xeb01b335bb4830b87b8cda836660adaf06c52783,0.69,0,3.4499999999999997,0,-1.284430771860766
https://hashdive.com/Analyze_User?user_address=0x84fc1dc6c624ff13f62a0ad926b6570925819db4,0.69,0,3.4499999999999997,0,-2.3569143638644037
https://hashdive.com/Analyze_User?user_address=0x3f1fbaa73bcd03efb80a8612ae96a2c724d8f56b,0.69,0,3.4499999999999997,0,4.316520764917641
https://hashdive.com/Analyze_User?user_address=0x739896fc0fc38a92914cc22ea1fd1f07ed92f4b6,0.69,0,3.4499999999999997,0,7.278732432584517
https://hashdive.com/Analyze_User?user_address=0xa48d4f7eb077e7d1be1c84e2c6228d75a03fb023,0.69,0,3.4499999999999997,0,3.3380630924415655
https://hashdive.com/Analyze_User?user_address=0x4edd1c05cc47eb5395bba48b0d986d762ca3b1a1,0.69,0,3.4499999999999997,0,-3.350784073035142
https://hashdive.com/Analyze_User?user_address=0x2d61e0cabcc8ead11acd01ab4094c8c93eaed43c,0.69,0,3.4499999999999997,0,-2.584983471378371
https://hashdive.com/Analyze_User?user_address=0xa2043161dd67cea24a56b1db17495598ab25e66f,0.69,0,3.4499999999999997,0,-2.8123546051881205
https://hashdive.com/Analyze_User?user_address=0x96f427da0c4dfc048f6a8b191f1b8f4c6b748081,0.69,0,3.4499999999999997,0,-3.388966021331165
https://hashdive.com/Analyze_User?user_address=0xa62061205c81fa120956aab37cca841f7b71ca56,0.69,0,3.4499999999999997,0,5.269027997977567
https://hashdive.com/Analyze_User?user_address=0x864cb9cfcd52ddc95270f1d69ec852929176735f,0.69,0,3.4499999999999997,0,4.497130219324882
https://hashdive.com/Analyze_User?user_address=0x9adfacde9365df6d390b303cf1669e4f470c3f2f,0.69,0,3.4499999999999997,0,-1.924810043414951
https://hashdive.com/Analyze_User?user_address=0xd32ec7195a125680310e9896f56f0293ae018de1,0.409999,4.964641,3.449991,1.43903013080324,-0.07285061077759258
https://hashdive.com/Analyze_User?user_address=0x6666750dfa7b573ed04c080f40ac61cf72782b3e,0.5,-3.443995,3.443995,-1,-0.11126324829563417
https://hashdive.com/Analyze_User?user_address=0x937c2e99596ceaa9c2265a29ad7222e89770dc0b,0.5,-3.434586,3.434586,-1,0.1869323648437985
https://hashdive.com/Analyze_User?user_address=0x049b8739c1bd3077cf5c98fa32a2eef5353d22d2,0.7,0,3.43,0,3.0021924008655185
https://hashdive.com/Analyze_User?user_address=0xd851efdafe28db1a3f7e45565434bc850aa1c7e0,0.5,-3.421526,3.421526,-1,0.048839021739592876
https://hashdive.com/Analyze_User?user_address=0x3f4278ea3b4414765ad73e0152161a506c48db98,0.469999,3.856602,3.419992,1.1276640413193948,0.40037904277093
https://hashdive.com/Analyze_User?user_address=0x15247b7efec18b16b4098b3911ff6a62ec17946b,0.459999,4.014789,3.419992,1.17391765828692,0.532709691386569
https://hashdive.com/Analyze_User?user_address=0xb93c004cb8b7b357992f08221511a8b43d760c54,0.449999,4.167784,3.409992,1.2222269143153415,0.018730162772655146
https://hashdive.com/Analyze_User?user_address=0x01c5e97ee16211b5e0152e152f5dcceb85c6254d,0.5,-3.407435,3.407436,-0.9999997065242018,-0.051982582985946636
https://hashdive.com/Analyze_User?user_address=0x7c02346a380996b77d31e1c63f68666dff5ca42f,0.5,-3.404951,3.404951,-1,0.16162297086774832
https://hashdive.com/Analyze_User?user_address=0xc512e35ae933b8e7e6919e098ecaef9ae1fc7fdf,0.68,0,3.4000000000000004,0,-4.082572511378572
https://hashdive.com/Analyze_User?user_address=0x77894402a40eaa0e43f1b74fc452bc394fbbd6c0,0.68,0,3.4000000000000004,0,0.29225007726210744
https://hashdive.com/Analyze_User?user_address=0xcf2043b89f98f04047b9ad3f5fb21a5680d61cde,0.5,-3.392928,3.392928,-1,0.08409025120991052
https://hashdive.com/Analyze_User?user_address=0xb3c3362843e78d2a5428d95ffd2c201d6b2026f8,0.5,-3.39133,3.39133,-1,0.05019231599935843
https://hashdive.com/Analyze_User?user_address=0xf60cf2301b6396812b56021be3288eb5adf4e7d4,0.469999,3.822772,3.389992,1.1276640180861783,-0.599548697387767
https://hashdive.com/Analyze_User?user_address=0xac2b663108e16ff260a0dcb053d6fde7c9c81dbe,0.659999,0,3.379994138789,0,-0.5660947571658995
https://hashdive.com/Analyze_User?user_address=0x444cd24157a57532b44680a024e8af37c5bf55c0,0.469999,3.811495,3.379992,1.12766391163056,-0.1558192257342311
https://hashdive.com/Analyze_User?user_address=0x4b700e753029e95aeb4771355e785b3b5a7d3f14,0.389999,5.286674,3.379991,1.5641088985148184,-3.4039076585293433
https://hashdive.com/Analyze_User?user_address=0x3b347c13dbe1ce81794685be5696c5c3438fd70f,0.5,-3.362176,3.362177,-0.9999997025736598,0.14807572432496593
https://hashdive.com/Analyze_User?user_address=0x21ae57615603e641afa2c2f42384a48c2ff14bd8,0.5,-3.36006,3.36006,-1,0.08128304848083542
https://hashdive.com/Analyze_User?user_address=0x1587e0bf38ee237cdba7d9f52bba4c8dbe5a77bd,0.469999,3.788942,3.359992,1.127663994438082,-0.13001893737720616
https://hashdive.com/Analyze_User?user_address=0xc74ecb07df03faf73c912c8bb953078e0d60b4e2,0.67,0,3.35,0,10.3829093489532
https://hashdive.com/Analyze_User?user_address=0x18b827d1a87c3d4a5f571c79ea16ec769d6d6548,0.5,-3.346909,3.34691,-0.9999997012169435,-0.09029854624829362
https://hashdive.com/Analyze_User?user_address=0xe2847ec6fa265f6d5aeea5ad7888fc830d141392,0.5,-3.333984,3.333984,-1,-0.03843852876657736
https://hashdive.com/Analyze_User?user_address=0xe063deda919e91917512a8c6b82525b9d28d8a04,0.023074,-3.332116,3.332116,-1,2.627735426944269
https://hashdive.com/Analyze_User?user_address=0xc205d3042334602c24a1caf51b1d9117670bda8d,0.48,3.6075,3.33,1.0833333333333333,0.579778572949314
https://hashdive.com/Analyze_User?user_address=0x443c2e55f9870996f4d63a28cbfa8a5601a33133,0.5,-3.329446,3.329447,-0.9999996996498217,-0.1411327730583988
https://hashdive.com/Analyze_User?user_address=0x2eeec207f151f32c1a4baba21e5f724e8ebed0f7,0.459999,3.897397,3.319992,1.1739175877532235,0.5342419251524297
https://hashdive.com/Analyze_User?user_address=0x0b82c0dbc31c1f628518845fe077db6c0a21fe19,0.5,-3.318564,3.318564,-1,0.1332930781502198
https://hashdive.com/Analyze_User?user_address=0x62537b1f70b2c1aea68efca74adb8f7393906780,0.5,-3.308374,3.308375,-0.9999996977368044,-0.01423286479430167
https://hashdive.com/Analyze_User?user_address=0xe1f15793289392361c05b96ce577748ecaa41c92,0.5,-3.30653,3.306531,-0.9999996975682369,-0.017896399623381316
https://hashdive.com/Analyze_User?user_address=0x5d28fac8737e8af55bf995abc8cfd7a32bb419cb,0.5,-3.305121,3.305121,-1,0.016176384761806314
https://hashdive.com/Analyze_User?user_address=0x11dd9603daf51b39295860851bc88af995185f2a,0.5,-3.30342,3.30342,-1,-0.0005503168363055015
https://hashdive.com/Analyze_User?user_address=0x2bd9a0284fffa7e2a307f6e330b38805a5efcdc2,0.5,-3.300951,3.300951,-1,-0.12837764505478663
https://hashdive.com/Analyze_User?user_address=0x8495c2a0d6b76145f0a8514f0629f2ef4cb0df87,0.55,0.18,3.3,0.05454545454545455,-11.798388439334122
https://hashdive.com/Analyze_User?user_address=0xc0b7c0d196a07aed52be5756bf0a634fad6fce1b,0.419999,4.557149,3.299991,1.380958008673357,-0.6242448568688632
https://hashdive.com/Analyze_User?user_address=0x4106ccc55aac57a0cca62a20996dcbd9c6fda5d8,0.5,-3.291991,3.291991,-1,0.09609317526215244
https://hashdive.com/Analyze_User?user_address=0x94377394bfcc9782ebffce1154d1de4eb7367625,0.409999,4.734397,3.289991,1.4390303803262685,0.5563585226439007
https://hashdive.com/Analyze_User?user_address=0x5b56edd1415a34eac5bd37c8f7b66ba0ac5f26dc,0.41,4.72,3.28,1.4390243902439024,-0.25597860477310946
https://hashdive.com/Analyze_User?user_address=0x435088f66692031f8b3926af7644c2b089d1ba55,0.5,-3.274005,3.274006,-0.9999996945637851,0.12530013043598717
https://hashdive.com/Analyze_User?user_address=0xeb771f8e7ca0e60a6c674364915b7f3a844d3a1a,0.5,-3.270465,3.270466,-0.9999996942331767,-0.02430651136787025
https://hashdive.com/Analyze_User?user_address=0xb5d55109185cce5bca17fd4b57e214f3fc965651,0.699999,0,3.2699935285740005,0,-2.357300580401307
https://hashdive.com/Analyze_User?user_address=0xfec26bb64a6226534e1d5f2136f4309dc70db000,0.389999,5.114622,3.269991,1.564108892042822,0.012588630877162006
https://hashdive.com/Analyze_User?user_address=0x4f6730c5ac3df59a902cbf2dd8769b0b9814f4ca,0.5,-3.263691,3.263691,-1,-0.0744900789042484
https://hashdive.com/Analyze_User?user_address=0x79c97d2acb4c6b893d8a86bcdfc7406dddae7f64,0.5,-3.258688,3.258688,-1,0.06306831567117739
https://hashdive.com/Analyze_User?user_address=0x75fc7a8cc5aa7fb40f1ab4aed588eba6dc794b94,0.509999,3.122554,3.249993,0.9607879155432028,0.12834566152088953
https://hashdive.com/Analyze_User?user_address=0x180a5b960acaf1890ebc3d480a1af0a15daca97b,0.5,-3.242736,3.242736,-1,-0.0491825836857623
https://hashdive.com/Analyze_User?user_address=0x366f0a3d1a6e7778e301adfb529c7360af7b6685,0.36,5.76,3.24,1.7777777777777777,-1.6367805162079345
https://hashdive.com/Analyze_User?user_address=0xc07c7d6856cf7080e54fb729beee074ddd7a2c27,0.489999,3.37225,3.239992,1.0408204711616573,-0.5820268183481015
https://hashdive.com/Analyze_User?user_address=0xcf803050fc5b71cb0fd1480a0c8f0556be3eb66e,0.5,-3.236262,3.236262,-1,0.10607442891052424
https://hashdive.com/Analyze_User?user_address=0x5acf79c6615ecc2d29c363cb29b539bc5089cd42,0.459999,3.791745,3.229992,1.1739177682173825,0.7193216597213157
https://hashdive.com/Analyze_User?user_address=0x46d9e340ced160ea4eb0e421ff58e0975bd9e8e9,0.5,-3.222029,3.22203,-0.9999996896366576,-0.1196929858496834
https://hashdive.com/Analyze_User?user_address=0xa32a800254e99d06c2071e6f03fcce9e0224d7bc,0.5,-3.214825,3.214826,-0.9999996889411744,-0.02238720130698968
https://hashdive.com/Analyze_User?user_address=0x561f6be35a8577b597d95e45aa01909e3232a9ab,0.539999,2.734449,3.209993,0.8518551286560438,-0.11177942811763451
https://hashdive.com/Analyze_User?user_address=0xfb15f2265e067957f67542ff339dd8c16eddadde,0.5,-3.20172,3.20172,-1,0.07915388819135674
https://hashdive.com/Analyze_User?user_address=0xb801e4ab77348385ac560d0337206723d7f46af8,0.5,-3.182383,3.182383,-1,0.10863295673547964
https://hashdive.com/Analyze_User?user_address=0xbbc8a30dd939525357709a5ce5ea77545067a97d,0.5,-3.172972,3.172973,-0.9999996848381629,-0.019761156225264337
https://hashdive.com/Analyze_User?user_address=0x47a815bf47af512686619c24fe5edc3e4f0be5df,0.5,-3.172659,3.17266,-0.9999996848070704,0.12238466766401744
https://hashdive.com/Analyze_User?user_address=0xca34e22fe5c608d2d62f11466870c8f9ecd06f74,0.5,-3.171717,3.171718,-0.9999996847134582,-0.06911202498626616
https://hashdive.com/Analyze_User?user_address=0x3d7a85de1836b8140406395aca1a0e4f939c9935,0.5,-3.166809,3.16681,-0.9999996842248194,-0.0693215851837954
https://hashdive.com/Analyze_User?user_address=0xe25c82f134436839adba986419fa58ba63bb63e6,0.5,-3.161947,3.161947,-1,-0.08981457677238408
https://hashdive.com/Analyze_User?user_address=0x47e62a45345b2d5330a191e42572bbfca0bf4748,0.5,-3.15291,3.15291,-1,0.0873724742439161
https://hashdive.com/Analyze_User?user_address=0xeb461e060bda11797a66670d1e782227d7e6b512,0.5,-3.142005,3.142006,-0.9999996817319892,0.04355563573856398
https://hashdive.com/Analyze_User?user_address=0x22de5a3a101c445c6d5bd5145b02bf2f4c119059,0.519999,2.888376,3.139993,0.9198670188118254,-5.377234800759205
https://hashdive.com/Analyze_User?user_address=0xe05f517b0ddae57576aeacb275c6ae093184fdf9,0.5,-3.13755,3.13755,-1,0.19772563162104573
https://hashdive.com/Analyze_User?user_address=0x3182f76c55d223a6901af4d6a079057b7ff97139,0.5,-3.123727,3.123727,-1,0.06654882408159474
https://hashdive.com/Analyze_User?user_address=0x576a06182474adec7e0cdcc95a6596706d299084,0.5,-3.118935,3.118936,-0.9999996793778391,0.06846514376842716
https://hashdive.com/Analyze_User?user_address=0x7af9cf2dcab5559516c72b1b3e9a15fa7f553dca,0.5,-3.110906,3.110906,-1,0.002519034922240218
https://hashdive.com/Analyze_User?user_address=0xb6366608157c50f6b436ef4ebbf0dfb55f9ee910,0.5,-3.107644,3.107644,-1,0.12625624386851
https://hashdive.com/Analyze_User?user_address=0xdd81e7573de63bb4570b85272f7df41c702aa322,0.5,-3.103034,3.103034,-1,-0.02268848192607871
https://hashdive.com/Analyze_User?user_address=0x2eeda317339827ee6b4faf8786922549b4422dd6,0.5,-3.102503,3.102504,-0.9999996776797064,0.055833990270928766
https://hashdive.com/Analyze_User?user_address=0xf5b714bdb53135f42a384b8168f3322e57075c2c,0.5,-3.099505,3.099505,-1,-0.042987485596779215
https://hashdive.com/Analyze_User?user_address=0x6ec08df48d0c4e95e78dc919f8a8a6418d7cbfeb,0.5,-3.098898,3.098899,-0.999999677304746,0.1702362950527908
https://hashdive.com/Analyze_User?user_address=0x99374021d4c053929de69175a7535f541dac9139,0.5,-3.098167,3.098167,-1,0.2488675321188742
https://hashdive.com/Analyze_User?user_address=0x25c6a7b32c01be42131461984637c7d70bfd195d,0.5,-3.0933,3.0933,-1,0.0025817214314630865
https://hashdive.com/Analyze_User?user_address=0x745f14ed9f599732da8764a657be5c94f058bbdd,0.5,-3.092986,3.092987,-0.9999996766879394,-0.16315726405213982
https://hashdive.com/Analyze_User?user_address=0x9735edcc52206893c3513df6913c9abae5cfc5b0,0.5,-3.091047,3.091048,-0.9999996764851274,-0.017293541544933125
https://hashdive.com/Analyze_User?user_address=0x2543b715320ab773bbc8e2ccce3ba8a8c9f3e02c,0.5,-3.085947,3.085947,-1,-0.02908240999989014
https://hashdive.com/Analyze_User?user_address=0xd84906e6ee0f2495f0fc39223e7cf9ba2cc12d94,0.5,-3.083941,3.083942,-0.9999996757396864,0.08299356592269866
https://hashdive.com/Analyze_User?user_address=0x349c7fc069b39b8de84dd5a2ab4e09621c42ec4b,0.5,-3.078679,3.078679,-1,-0.04886264541250225
https://hashdive.com/Analyze_User?user_address=0x330af80ed565e5c7e2dd3176b08254532786914e,0.5,-3.065326,3.065327,-0.9999996737705309,0.06829820822539934
https://hashdive.com/Analyze_User?user_address=0xd4be884dcae9e3a1f08f5eb83e96627a9fce709c,0.5,-3.064236,3.064236,-1,-0.0029557411318572317
https://hashdive.com/Analyze_User?user_address=0xaae2518db1a22bc7fdfee68580d346e2c4392bbc,0.669999,0,3.049993567764,0,6.137140297500859
https://hashdive.com/Analyze_User?user_address=0x9a6104698cc75029a426676ccdc5db10a57ce9e0,0.5,-3.04264,3.04264,-1,-0.19160891885486964
https://hashdive.com/Analyze_User?user_address=0x7b1b9cf4836cb49b2c5787e3be5c9f779e4d4378,0.5,-3.041452,3.041453,-0.9999996712097803,-0.23339808388153122
https://hashdive.com/Analyze_User?user_address=0xb5bd05fd2fa455f797d145310e6263087b775282,0.5,-3.039527,3.039527,-1,0.0666383147004522
https://hashdive.com/Analyze_User?user_address=0x40c55bf4ccf6ddde1ff86dcaaadfc08e367a2966,0.5,-3.035143,3.035144,-0.9999996705263409,0.18847791067482728
https://hashdive.com/Analyze_User?user_address=0x27dae7eff29fa75251a640ca9658c8e6e42995b2,0.699999,0,3.019993785717,0,4.285734693906705
https://hashdive.com/Analyze_User?user_address=0x0e7d4e3212dd22f482a4a26f0dd202179d03dd50,0.5,-3.012334,3.012334,-1,-0.09895571738025088
https://hashdive.com/Analyze_User?user_address=0x56a8518d6d88ab57779bc2a5637f80b088110872,0.5,-3.011341,3.011342,-0.9999996679221423,0.118271287464807
https://hashdive.com/Analyze_User?user_address=0xf598cdf39a6058f10773b8d99a40ba994b95f958,0.5,-3.008705,3.008706,-0.9999996676312009,-0.034112836384485416
https://hashdive.com/Analyze_User?user_address=0xb7f0666a09d24557a8ccf3c9402f3d1c06c16dcc,0.5,-3.003551,3.003552,-0.9999996670608665,-0.03659744982466638
https://hashdive.com/Analyze_User?user_address=0xa7571d59cd2272e9cefdd5df9cb01c53d8af37e9,0.4,4.4925,3,1.4974999999999998,3.724355823917657
https://hashdive.com/Analyze_User?user_address=0x7cccfbc048b067376ea6dd17c64a5e7cd26f45ce,0.75,0,3,0,2.9626118761156324
https://hashdive.com/Analyze_User?user_address=0xf0cdd555d5f2f43bd6db791112989d89c13f3bb2,0.5,-3,3,-1,-6.582356183106701
https://hashdive.com/Analyze_User?user_address=0xe375a371cf06f7f55b95485fc57c58fa821d530f,0.4,4.5,3,1.5,-4.6423721094751915
https://hashdive.com/Analyze_User?user_address=0xf537206e4e83b7a586445a4361e86439cb4f4975,0.64,0,3,0,0.33227257383710385
https://hashdive.com/Analyze_User?user_address=0x18b07c8bb4ec7751c621f93e84fbf8b64f6ff09a,0.859999,0,2.999995571629,0,-4.718731881086723
https://hashdive.com/Analyze_User?user_address=0x3034b5a37eef3aa86c7a713185829e93510add88,0.739999,1.054057,2.999995,0.35135291892153153,-5.462272927000809
https://hashdive.com/Analyze_User?user_address=0x982a890c7ebc0aaccc6864ec3df55a77d1d67224,0.689999,0,2.9999949021750005,0,-3.330796324189525
https://hashdive.com/Analyze_User?user_address=0x764bc7884452356630ffa9923c0215aadad13907,0.689999,0,2.9999949021750005,0,-4.79620673144707
https://hashdive.com/Analyze_User?user_address=0xb6316ed7f23a86571ac3b035f1b7a8ca844f7203,0.689999,0,2.9999949021750005,0,0.06742266871729778
https://hashdive.com/Analyze_User?user_address=0xbc053aff0796271688afc241184ce8b05dc99f3d,0.699999,0,2.9999948142870005,0,4.490437915949034
https://hashdive.com/Analyze_User?user_address=0x9f99b4e92305455075ced92c9829c7f0453b7a10,0.699999,0,2.9999948142870005,0,-0.32285171814513913
https://hashdive.com/Analyze_User?user_address=0x82896618fdf5af8b51e643b6a4f6937c0115a9a4,0.699999,0,2.9999948142870005,0,2.0991413581181533
https://hashdive.com/Analyze_User?user_address=0xc003ea5e54ae4e8eadbd5784e9f349d14e1f6168,0.699999,0,2.9999948142870005,0,2.408587563467819
https://hashdive.com/Analyze_User?user_address=0xd8d2b4b1ef4aa202d95fdb1bc1f440225450088e,0.699999,0,2.9999948142870005,0,-5.662596810431536
https://hashdive.com/Analyze_User?user_address=0xf9c8174de30d11c06724b27eb423a595e6175754,0.699999,0,2.9999948142870005,0,8.35445665539483
https://hashdive.com/Analyze_User?user_address=0x2d7b92d1b9febd5e0ffbd3cf3d4e5a37327f17df,0.699999,0,2.9999948142870005,0,-1.1107036362932883
https://hashdive.com/Analyze_User?user_address=0x9ed1162b413474b37990c19c03b76cb5963539c4,0.699999,0,2.9999948142870005,0,-0.07414716699937254
https://hashdive.com/Analyze_User?user_address=0xd4cef76b78c299aa45a4fbe6542a7255269268ff,0.699999,0,2.9999948142870005,0,3.680711460121997
https://hashdive.com/Analyze_User?user_address=0xd8f1bd81f4bf5a405e244dade297a3d6777c705e,0.699999,0,2.9999948142870005,0,-4.423773475555894
https://hashdive.com/Analyze_User?user_address=0xc7000bd8705be5229b5139ed633c88644f624c2e,0.699999,0,2.9999948142870005,0,0.3833957073140357
https://hashdive.com/Analyze_User?user_address=0x54ab569f39800c42b263e487d3513b46063a26a5,0.699999,0,2.9999948142870005,0,4.437891587615679
https://hashdive.com/Analyze_User?user_address=0x5aa5095ac67d5e19d7d097dc7dc893385093788b,0.699999,0,2.9999948142870005,0,3.4925722182705448
https://hashdive.com/Analyze_User?user_address=0xb7a50f080f2e069e2def1cde2b7e119448d05824,0.699999,0,2.9999948142870005,0,0.48391687187626664
https://hashdive.com/Analyze_User?user_address=0x0afce3ebb03c0137842f9354770d112845e0ca93,0.699999,0,2.9999948142870005,0,-3.2700164285330158
https://hashdive.com/Analyze_User?user_address=0xbc13c7d56f6144af394335ab837d28167b1b5578,0.699999,0,2.9999948142870005,0,-0.11919965915918153
https://hashdive.com/Analyze_User?user_address=0xcc405dc51bbede979d1497877a9efb0d82e3d4db,0.699999,0,2.9999948142870005,0,3.045560995409557
https://hashdive.com/Analyze_User?user_address=0x68a59897aec0cacbb7df3c9df3f67d40c0dcf95b,0.719999,-0.207995,2.9999946333349996,-0.06933179069349818,-1.9177459265753356
https://hashdive.com/Analyze_User?user_address=0xd68bd52bd4c674504e2cb150b1e2835330a4aeee,0.684672,0,2.999994438144,0,-11.012872664839449
https://hashdive.com/Analyze_User?user_address=0x9ea8bfe5c6cf2a97b6913a7f42ccd6fbbc3f06a3,0.669999,0,2.9999942223900002,0,0.3568876507670744
https://hashdive.com/Analyze_User?user_address=0x844724f835845e6f0f298277e0175e185dfe5a0e,0.669999,0,2.9999942223900002,0,9.338571638650718
https://hashdive.com/Analyze_User?user_address=0xd236403f9c332106429659df5d0436042780533c,0.669999,0,2.9999942223900002,0,0.7670416686452728
https://hashdive.com/Analyze_User?user_address=0x62d7bfff295d5eeb1dd403d6a1bbf30b7c71b09d,0.669999,0,2.9999942223900002,0,-2.934728312677511
https://hashdive.com/Analyze_User?user_address=0x10cbc69a106714e80fd2083660d0dd53a1db1a38,0.669999,0,2.9999942223900002,0,-4.766595072661667
https://hashdive.com/Analyze_User?user_address=0x45cc81a74696b0d7d5aa6bf350846b9aa55c4b16,0.759999,0,2.9999942126340002,0,-0.4122977884184279
https://hashdive.com/Analyze_User?user_address=0x74f137b5f927fb582bf039d7fd5f12a73e6b3d6a,0.759999,0,2.9999942126340002,0,0.1704489295772775
https://hashdive.com/Analyze_User?user_address=0x0af1c915cbfc0977278a725ea77f18757ba867df,0.759999,0,2.9999942126340002,0,-0.03703484908030601
https://hashdive.com/Analyze_User?user_address=0x489be3b4f373a78cba64a4100eb0faa60222d50f,0.539999,0,2.999994,0,-0.6719460930202192
https://hashdive.com/Analyze_User?user_address=0x6b8aca0a132befde16abd0f9c76ffab72bb20d66,0.857749,0.497525,2.999994,0.16584199835066335,-2.1698094268462746
https://hashdive.com/Analyze_User?user_address=0x91df2e9e64c236bfc0b1792c45af83e8ded0c5cf,0.539999,2.55556,2.999994,0.8518550370434074,-1.5301247610797795
https://hashdive.com/Analyze_User?user_address=0x3c87bbd3c583449dc643fbfe8e3170910e9970d5,0.529999,2.660382,2.999994,0.8867957735915472,-3.3111465805949702
https://hashdive.com/Analyze_User?user_address=0x64fc77369c21baefadff5591251c982a4cd19b30,0.719999,0,2.9999939133359996,0,-7.294354832373207
https://hashdive.com/Analyze_User?user_address=0xc5da562b1bd9042b9d2a97f7b12792ca7c1f812d,0.659999,0,2.999993774548,0,-7.531542899231849
https://hashdive.com/Analyze_User?user_address=0x107d83ab38b5384b2c6549f8c8d6bed9db91c021,0.659999,0,2.999993774548,0,-3.5522199604728484
https://hashdive.com/Analyze_User?user_address=0xb03099caace85c2b1e64295fe19c59f73962e721,0.679999,0,2.9999937482380004,0,3.423054411498293
https://hashdive.com/Analyze_User?user_address=0x804cea4ad56e4032dbc5f45356a366aea86dc740,0.679999,0,2.9999937482380004,0,-0.30094279772479077
https://hashdive.com/Analyze_User?user_address=0x096adc20c7c9bf618b9c85ebe5a273e9cca20d02,0.679999,0,2.9999937482380004,0,5.680367913877761
https://hashdive.com/Analyze_User?user_address=0xd69cd848e06e535542183949e28bade5a39da42f,0.649999,0,2.999993684618,0,2.692157246223829
https://hashdive.com/Analyze_User?user_address=0x9f813994786e3f814e50f620dfda8975df8191fe,0.669999,0,2.999993552391,0,3.229504813657194
https://hashdive.com/Analyze_User?user_address=0x1ba9e23111b4aa70915336ab006a7ae8d71edb4e,0.669999,0,2.999993552391,0,-0.43801880433979207
https://hashdive.com/Analyze_User?user_address=0x508e18c86b025b62b69f45df79ccebe281c0a99e,0.509999,-2.999993,2.9999931276489997,-0.999999957450236,-4.327793014094289
https://hashdive.com/Analyze_User?user_address=0xf7f84ec3647ab4a0bceb6e6a7472af9c7ae02d23,0.469999,3.382984,2.999993,1.1276639645492506,-0.31809581759597405
https://hashdive.com/Analyze_User?user_address=0x4858314bb421e2bb47c371b8c05ccc4fab4a9b83,0.609999,1.918036,2.999993,0.639346825142592,-3.4570735525654186
https://hashdive.com/Analyze_User?user_address=0x2cdaf611157530ef68014d5f4006170037959c9c,0.469999,3.382984,2.999993,1.1276639645492506,-0.23766061982800352
https://hashdive.com/Analyze_User?user_address=0xf3e1986866ed68879db61f51cafc47a8c78561ed,0.469999,3.382984,2.999993,1.1276639645492506,-1.1979312206931227
https://hashdive.com/Analyze_User?user_address=0x5674af2531668ce482c5151859156ec1549dad22,0.459999,3.521745,2.999993,1.1739177391413913,0.6854113052279733
https://hashdive.com/Analyze_User?user_address=0x4b9dadc4dfa43325b7124798ffdd5eaf7be02d95,0.449999,3.666672,2.999993,1.2222268518626545,-1.2435743339294174
https://hashdive.com/Analyze_User?user_address=0x391cd2d65a634bdeab3bd9ff860d61835b237e29,0.469999,3.382984,2.999993,1.1276639645492506,-1.282333613170963
https://hashdive.com/Analyze_User?user_address=0x9816c66214610e1f9f7a3d2ea766ef64667c28a7,0.469999,3.382984,2.999993,1.1276639645492506,-0.579617402382058
https://hashdive.com/Analyze_User?user_address=0x73300f40afc069261c51d29b2dda84790a8d82fe,0.429999,3.97675,2.999993,1.3255864263683281,-1.164160604041386
https://hashdive.com/Analyze_User?user_address=0xec75a9dd858c45e2760100a6c5ef8eaa85ceaea5,0.469999,3.382984,2.999993,1.1276639645492506,-0.20303685950147599
https://hashdive.com/Analyze_User?user_address=0x263d10bee8055548845f44aa202309e646b4fc47,0.469999,3.382984,2.999993,1.1276639645492506,-0.9595227422327723
https://hashdive.com/Analyze_User?user_address=0x91df2e9e64c236bfc0b1792c45af83e8ded0c5cf,0.449999,3.666672,2.999993,1.2222268518626545,-1.5301247610797795
https://hashdive.com/Analyze_User?user_address=0xc7cfa73344294dd9236a778667759f72eb763efb,0.429999,3.97675,2.999993,1.3255864263683281,-0.09296966255840541
https://hashdive.com/Analyze_User?user_address=0x53eac046b4c845bc8909ac2378222528db8e0c47,0.469999,3.382984,2.999993,1.1276639645492506,-1.4777041156702417
https://hashdive.com/Analyze_User?user_address=0x48a0bb63918154d2f751a3a4469303d44f964f84,0.429999,3.97675,2.999993,1.3255864263683281,-0.25496204694588465
https://hashdive.com/Analyze_User?user_address=0x7bdf9a21d93aa3cd9c45f1c6901ded344929c804,0.439999,3.818187,2.999992,1.2727323939530504,-0.294882838198749
https://hashdive.com/Analyze_User?user_address=0xd1b45a923a2d12baabaebd68ef9d56c27f58df08,0.389999,4.692314,2.999992,1.5641088376235668,-7.303332596986968
https://hashdive.com/Analyze_User?user_address=0x56f03bb850d86c2a62b9a5c093208bb2b5ec2364,0.469999,0.446606,2.999992,0.14886906365083638,3.9399253047482685
https://hashdive.com/Analyze_User?user_address=0xc6fffeac943ec7f4aca350a625cda506f1921eb6,0.419999,4.142863,2.999992,1.3809580158880423,-5.7814364473172555
https://hashdive.com/Analyze_User?user_address=0x6e72e46d8781383571f9524185b4680a47dc57d4,0.439999,3.818187,2.999992,1.2727323939530504,2.0632725180429476
https://hashdive.com/Analyze_User?user_address=0x177dd9bc3274f32db7108972ef3975cb50221641,0.439999,3.818187,2.999992,1.2727323939530504,-0.7106804914581127
https://hashdive.com/Analyze_User?user_address=0x2bcf5567fa8609f4f519cf26ed0b38987653290b,0.439999,3.818187,2.999992,1.2727323939530504,-0.7030235626498061
https://hashdive.com/Analyze_User?user_address=0x23ca5e01b9c45a4a0e8d4110e36f8ccca7dc4937,0.439999,3.818187,2.999992,1.2727323939530504,-0.3541908856077136
https://hashdive.com/Analyze_User?user_address=0x5bd83df13d5b179272fc5fb968e1796ba811da96,0.439999,3.818187,2.999992,1.2727323939530504,-0.29513940983930115
https://hashdive.com/Analyze_User?user_address=0xc4ac1827142a535ede00655cad7d943cb79bf260,0.439999,3.818187,2.999992,1.2727323939530504,-0.29281051812609304
https://hashdive.com/Analyze_User?user_address=0x5095a51ba7510d14bdbab4dd50bb07f8558be1da,0.439999,3.818187,2.999992,1.2727323939530504,-0.26443523519671186
https://hashdive.com/Analyze_User?user_address=0xaf9dc2484a0d28871cf9026ddcc64521f55030ac,0.559999,2.357146,2.999992,0.7857174285798095,-0.8151144787434959
https://hashdive.com/Analyze_User?user_address=0xe3ae4ba030db0162f355ce4a92a85033168972c3,0.389999,-0.076892,2.999992,-0.025630735015293372,-2.3538930331227133
https://hashdive.com/Analyze_User?user_address=0x9678b01a62ed184c9ddbff14e77db9102e2fab71,0.369999,5.108115,2.999991,1.7027101081303242,-0.5514197164834913
https://hashdive.com/Analyze_User?user_address=0x23ca5e01b9c45a4a0e8d4110e36f8ccca7dc4937,0.379999,4.894743,2.999991,1.6315858947576842,-0.3541908856077136
https://hashdive.com/Analyze_User?user_address=0xd817e94fc8a70686594bcf52dbadbadea569b8e7,0.369999,5.108115,2.999991,1.7027101081303242,-0.25794638688118865
https://hashdive.com/Analyze_User?user_address=0xbc9523c395067af58ff573caecc89ba30278b4ae,0.379999,4.894743,2.999991,1.6315858947576842,-12.030304294809078
https://hashdive.com/Analyze_User?user_address=0x79b2707d940f39f411276daa436621784d960532,0.369999,5.108115,2.999991,1.7027101081303242,-0.6980234678546566
https://hashdive.com/Analyze_User?user_address=0x1b7fb1c43b6272252fbad1ca421634623fb7a722,0.369999,5.108115,2.999991,1.7027101081303242,-1.387871307404886
https://hashdive.com/Analyze_User?user_address=0x2c148806acd1385029e9f1489628fd3249284573,0.369999,5.108115,2.999991,1.7027101081303242,-0.29492755513088353
https://hashdive.com/Analyze_User?user_address=0x2bcf5567fa8609f4f519cf26ed0b38987653290b,0.379999,4.894743,2.999991,1.6315858947576842,-0.7030235626498061
https://hashdive.com/Analyze_User?user_address=0xc7cfa73344294dd9236a778667759f72eb763efb,0.369999,5.108115,2.999991,1.7027101081303242,-0.09296966255840541
https://hashdive.com/Analyze_User?user_address=0x7bdf9a21d93aa3cd9c45f1c6901ded344929c804,0.379999,4.894743,2.999991,1.6315858947576842,-0.294882838198749
https://hashdive.com/Analyze_User?user_address=0xc4ac1827142a535ede00655cad7d943cb79bf260,0.379999,4.894743,2.999991,1.6315858947576842,-0.29281051812609304
https://hashdive.com/Analyze_User?user_address=0x5095a51ba7510d14bdbab4dd50bb07f8558be1da,0.379999,4.894743,2.999991,1.6315858947576842,-0.26443523519671186
https://hashdive.com/Analyze_User?user_address=0xea177a12428e097040085482e1aca77440e84652,0.369999,5.108115,2.999991,1.7027101081303242,-7.048678604412943
https://hashdive.com/Analyze_User?user_address=0x73300f40afc069261c51d29b2dda84790a8d82fe,0.369999,5.108115,2.999991,1.7027101081303242,-1.164160604041386
https://hashdive.com/Analyze_User?user_address=0x5bd83df13d5b179272fc5fb968e1796ba811da96,0.379999,4.894743,2.999991,1.6315858947576842,-0.29513940983930115
https://hashdive.com/Analyze_User?user_address=0x14071a2f8687de16c5a5134fa134068b2781ad3d,0.369999,5.108115,2.999991,1.7027101081303242,-0.24621052982617547
https://hashdive.com/Analyze_User?user_address=0x9b39b2def1903e764f37b6b71aed42a724b51400,0.5,-2.99811,2.998111,-0.9999996664566455,0.1001335930768952
https://hashdive.com/Analyze_User?user_address=0xaadd371f9766f513d47cdd08da390dd93531cd94,0.5,-2.996654,2.996654,-1,0.023781527225963172
https://hashdive.com/Analyze_User?user_address=0x240e623949676925ef4dbd4d06eda983ab22ecfd,0.5,-2.99101,2.99101,-1,0.09281738094560245
https://hashdive.com/Analyze_User?user_address=0xc07d4e475517331197ab91156de484b50b328aec,0.429999,3.954556,2.989992,1.3225975186555683,-8.198075780374591
https://hashdive.com/Analyze_User?user_address=0x2f74fa78832a886707070858a25996f50f406c23,0.5,-2.982962,2.982963,-0.9999996647628551,-0.13303923395216047
https://hashdive.com/Analyze_User?user_address=0x1b71d14a7202d8b50936669a05a27a304b152ec8,0.5,-2.981284,2.981284,-1,0.002506985326182339
https://hashdive.com/Analyze_User?user_address=0xcca4fc770054df04766e5ebfb91be66012506732,0.5,-2.967457,2.967458,-0.9999996630112372,0.0432881533704379
https://hashdive.com/Analyze_User?user_address=0xdb18cc6b1bde5bd7aa942421e4995975299568be,0.5,-2.960565,2.960565,-1,-0.296004979237065
https://hashdive.com/Analyze_User?user_address=0x8c11086188a18194730a9cc0ed48e45a2196b35c,0.459999,3.474788,2.959993,1.1739176410214485,0.9423619875760927
https://hashdive.com/Analyze_User?user_address=0x54535345f5cd7124e30ccda9d630df216edc0452,0.5,-2.951115,2.951116,-0.9999996611451397,0.20671963302083962
https://hashdive.com/Analyze_User?user_address=0xe51ced374aa318ce8247bd7c5b10521343995d9f,0.5,-2.938833,2.938833,-1,-0.15646087537199246
https://hashdive.com/Analyze_User?user_address=0x354d5117c7a90c8cc7142aad55afedacf2327be9,0.5,-2.9383,2.9383,-1,0.07809185595439525
https://hashdive.com/Analyze_User?user_address=0x5499321305e42855697a73d925758735450f9352,0.5,-2.933783,2.933784,-0.999999659143277,0.10737978633970977
https://hashdive.com/Analyze_User?user_address=0xf684e3b0e3de774dd8860f7597a149c027d8beca,0.469999,3.304047,2.929993,1.1276637862274757,-0.04557899254771236
https://hashdive.com/Analyze_User?user_address=0xb0a2021456a91c0ca28696f96b84d3d81b4e7b95,0.5,-2.92987,2.92987,-1,0.15909353526820763
https://hashdive.com/Analyze_User?user_address=0x5439e67b12a3253bb6c475cdeb31daa2b4916c07,0.5,-2.921142,2.921143,-0.9999996576682485,0.01754949912184619
https://hashdive.com/Analyze_User?user_address=0xc256e42a0f25aa44c56d3802e1d7e96eb11a38b0,0.5,-2.907924,2.907924,-1,-0.17822852536600334
https://hashdive.com/Analyze_User?user_address=0xc85ae566980313efdb00ae40acaf056ac49788ab,0.5,-2.884036,2.884036,-1,-0.027251758003959525
https://hashdive.com/Analyze_User?user_address=0xc16ef806f5ad946f3d6c0ef66beb089b5d307c79,0.5,-2.871658,2.871659,-0.9999996517692386,-0.08115577559408052
https://hashdive.com/Analyze_User?user_address=0x1149b5cd8d2a64c73d65095f6702df981c67a86e,0.5,-2.870038,2.870038,-1,0.009604836035760313
https://hashdive.com/Analyze_User?user_address=0x3623def7cec1d4c5c7a9f306762731f7908f469d,0.5,-2.865743,2.865744,-0.9999996510504777,-0.07281055669711001
https://hashdive.com/Analyze_User?user_address=0xece1f1655143e2c832197acee3a2984db43623cd,0.5,-2.865247,2.865248,-0.9999996509900715,0.08502703631169577
https://hashdive.com/Analyze_User?user_address=0x65019bb2d602d65dfc32adb66551f50008e4f3f7,0.5,-2.862589,2.86259,-0.9999996506660052,-0.15087409246600184
https://hashdive.com/Analyze_User?user_address=0x72db3c3829e77fb376fef1dc754031d35958b8f2,0.5,-2.856693,2.856693,-1,-0.07443694480115211
https://hashdive.com/Analyze_User?user_address=0xda7fa983db9633fef142c9eaaee2887be9406963,0.5,-2.851593,2.851594,-0.9999996493189423,0.07660159793631183
https://hashdive.com/Analyze_User?user_address=0x47e63c8a194091fed6ae2509f28f8098c60e5c79,0.5,-2.850587,2.850588,-0.9999996491951836,0.08291334338327999
https://hashdive.com/Analyze_User?user_address=0xb0cb0f9c664ecfdd591ba299602b85019ffc0cea,0.529999,-2.839993,2.839994,-0.9999996478865801,2.4153294686486846
https://hashdive.com/Analyze_User?user_address=0x11db10224be608320b911a4f77bd00f16f1968b2,0.469999,3.202558,2.839993,1.1276640470592707,-0.026369801764243337
https://hashdive.com/Analyze_User?user_address=0x3845e54625795adeb2937176be4cc56abad4dd43,0.5,-2.836691,2.836692,-0.9999996474767088,-0.0341698965662056
https://hashdive.com/Analyze_User?user_address=0xf8016203239175db2a83620cbe84e91396245639,0.5,-2.834801,2.834801,-1,0.11941089900490197
https://hashdive.com/Analyze_User?user_address=0x490549431a5154bd61cb21f662e759767c2340db,0.5,-2.832056,2.832057,-0.9999996468997624,-0.10690432692337279
https://hashdive.com/Analyze_User?user_address=0x9493114b417d14ebb8943c2de113ce719903ef44,0.5,-2.828006,2.828007,-0.999999646394086,-0.31008587735300863
https://hashdive.com/Analyze_User?user_address=0xfbd9c5861ac208773bc0be711262ee27ec04ad43,0.5,-2.827778,2.827778,-1,0.007645647574007042
https://hashdive.com/Analyze_User?user_address=0x9b2d506a38f9820f3dc303fbfe0bc6c68b82f2a4,0.5,-2.823191,2.823192,-0.9999996457910053,0.02780190291654681
https://hashdive.com/Analyze_User?user_address=0x54cc9510be3d147c25df3307f4b955ab73669575,0.5,-2.811048,2.811048,-1,-0.2384984579337668
https://hashdive.com/Analyze_User?user_address=0x4f2c9774886327830ee7478b1a8faa10ddbf3d23,0.5,-2.803967,2.803968,-0.9999996433625492,-0.05182960681474584
https://hashdive.com/Analyze_User?user_address=0x4722307e198b73a5920f85828add59f1aa74bdf7,0.5,-2.799587,2.799587,-1,0.1665346217506888
https://hashdive.com/Analyze_User?user_address=0xfdac795c16c4bce105f3df12c7842a52c7d01372,0.5,-2.786161,2.786162,-0.9999996410833253,-0.15790488291562513
https://hashdive.com/Analyze_User?user_address=0x3d475b4adfd4a8209230c315a48a590e9176c3d5,0.5,-2.784594,2.784594,-1,-0.15971880590116727
https://hashdive.com/Analyze_User?user_address=0x33d7c905bef8bd6bf2e9c3b5ab58c63a68f105b8,0.5,-2.78311,2.78311,-1,-0.051992830831550554
https://hashdive.com/Analyze_User?user_address=0xe5ad930a2cbe765232569e6993f3cde3db2044c1,0.469999,3.134898,2.779993,1.1276639905208394,-0.23092403439928155
https://hashdive.com/Analyze_User?user_address=0x88918daf6457ec17ed2fe56631a644fdb238c938,0.5,-2.779184,2.779184,-1,0.05368998971946707
https://hashdive.com/Analyze_User?user_address=0x4569e53e9105b3020c269de1a182e901a2039cff,0.5,-2.778995,2.778996,-0.9999996401578125,-0.1194112605957913
https://hashdive.com/Analyze_User?user_address=0x796a066e489dcda5b5bdac0ed70f8657bc77f480,0.5,-2.776601,2.776602,-0.9999996398475546,-0.2009532925349123
https://hashdive.com/Analyze_User?user_address=0x5548ff2a0506399adce4ac4d9018624fef8e8041,0.5,-2.771697,2.771697,-1,-0.09618647608282864
https://hashdive.com/Analyze_User?user_address=0x460b0e4873c2fc6102a204c9009e5046a4cc3d33,0.5,-2.77126,2.77126,-1,-0.011985899329400402
https://hashdive.com/Analyze_User?user_address=0xa18725add052b5fecc10e8ec0b002809bc27e6a9,0.5,-2.75327,2.75327,-1,0.08568898905421779
https://hashdive.com/Analyze_User?user_address=0x161003df07b86abdd602f66dd061fb7f9258cd19,0.55,-2.75,2.75,-1,-6.743660316929899
https://hashdive.com/Analyze_User?user_address=0xeba2eb5175ba6e8c0a5568224c73a06f2c211565,0.5,-2.749868,2.749868,-1,0.11538029947274839
https://hashdive.com/Analyze_User?user_address=0x37e3c0a5fd0ca161a441dc31881c54dbf6301b06,0.449999,3.348893,2.739993,1.2222268451050786,-0.08392586149609718
https://hashdive.com/Analyze_User?user_address=0xa4fe5cee1a38dde5513ffe2e5a04bc856fb4cd93,0.5,-2.733419,2.733419,-1,-0.04494823651988676
https://hashdive.com/Analyze_User?user_address=0x74ed63c61d52b268c46cfb566cf06da2bd7b0daa,0.5,-2.733202,2.733203,-0.9999996341288956,0.0029602095928006455
https://hashdive.com/Analyze_User?user_address=0x6d5f6d1cf966391ce3f4520be13223bd638811dc,0.5,-2.729089,2.729089,-1,0.05409977609248154
https://hashdive.com/Analyze_User?user_address=0x8261631f0a21bed097cb4910c6604702b1caf123,0.5,-2.728709,2.72871,-0.9999996335264648,0.03513179526001351
https://hashdive.com/Analyze_User?user_address=0xb00b692c51c1b7a69243b07703611f2930a6d7fe,0.5,-2.718965,2.718965,-1,-0.24941190890495812
https://hashdive.com/Analyze_User?user_address=0x069d38cb35d6018688235dd919b49825414b43a2,0.5,-2.714764,2.714765,-0.9999996316439914,-0.09583279833903204
https://hashdive.com/Analyze_User?user_address=0x34b761f49f6fc3cd0ea0c773b841f86a74e1a430,0.469999,3.055962,2.709994,1.1276637512850582,-0.7292352820145869
https://hashdive.com/Analyze_User?user_address=0xa168cc08acd60c6bbe4f959e4a73123707d2dcd1,0.449999,3.312227,2.709993,1.2222271422841315,0.10855731970396708
https://hashdive.com/Analyze_User?user_address=0xb868c5706ed5692a0f01759fb8b77451c4f1157e,0.5,-2.709605,2.709605,-1,0.05606482992217683
https://hashdive.com/Analyze_User?user_address=0xd29a5c1ad2903e2437a6e8265234cc4b712db3b7,0.5,-2.708838,2.708839,-0.9999996308381561,0.06862098803710348
https://hashdive.com/Analyze_User?user_address=0x50121c2eec27ac309b5508f8426ef458ca026167,0.5,-2.70646,2.70646,-1,-0.2230429405946025
https://hashdive.com/Analyze_User?user_address=0x0c201ef95f958be77789dd6c8175c9a64d1ec938,0.5,-2.705944,2.705944,-1,-0.0861794643509563
https://hashdive.com/Analyze_User?user_address=0x0b45e1e82e7ea2c9f207c33e06d92852e775717f,0.5,-2.699087,2.699087,-1,0.11471409568318688
https://hashdive.com/Analyze_User?user_address=0xc4f66606da07ed83586aff56e2d9665c2e6dd579,0.5,-2.696093,2.696093,-1,-0.04354938379485063
https://hashdive.com/Analyze_User?user_address=0x92deb1635331337a760090f21b05bfa55aa0da14,0.5,-2.687077,2.687078,-0.9999996278485402,0.09904684277662493
https://hashdive.com/Analyze_User?user_address=0xe86ea32b4416ba9240dd121bcb193acc92dde06a,0.5,-2.686678,2.686678,-1,-0.17450984608752262
https://hashdive.com/Analyze_User?user_address=0x14538609b521f45b4ec4dbdc7f7be943f60db57a,0.5,-2.6846,2.6846,-1,0.048458600571849225
https://hashdive.com/Analyze_User?user_address=0x4e0649335b89a5723e187c8f2ee6b34b2df6487e,0.5,-2.68045,2.680451,-0.9999996269284535,-0.1618986120871453
https://hashdive.com/Analyze_User?user_address=0xc2e17aff2a015bc91654c483a76092105331b4f2,0.449999,3.27556,2.679993,1.2222270729811608,-0.223523613088363
https://hashdive.com/Analyze_User?user_address=0xf186d7a9dc574f8da1fec3d73b7e1b2f45a91ea4,0.5,-2.678427,2.678428,-0.999999626646675,-0.13565307727246934
https://hashdive.com/Analyze_User?user_address=0x7f62190a951b4581f37bfa44d94c94a2ae027ca3,0.5,-2.677846,2.677846,-1,-0.0011149965868067283
https://hashdive.com/Analyze_User?user_address=0x02c8f6658ac061543f3313852892747aa7c22df8,0.5,-2.672841,2.672842,-0.9999996258663998,-0.12955118890525644
https://hashdive.com/Analyze_User?user_address=0x202a5f4196ae4cff1b891cfc1c4e48bf35757955,0.5,-2.66954,2.66954,-1,0.12160707763888211
https://hashdive.com/Analyze_User?user_address=0xe657a6f1af6fa06ea0b4534dfad7941f4a5fb51e,0.5,-2.668181,2.668181,-1,-0.13305185182357437
https://hashdive.com/Analyze_User?user_address=0xc3b15251deda7bb3bce6667364db5e9e228b9aaa,0.5,-2.651296,2.651296,-1,0.08548243855262402
https://hashdive.com/Analyze_User?user_address=0xf97029eb141e01dd0a0a8bf44b46cb3863501085,0.44,3.36,2.64,1.2727272727272727,0.762551000965141
https://hashdive.com/Analyze_User?user_address=0x074fae3c451f7ae9b0e26ab33f3066467ac799ca,0.5,-2.637569,2.637569,-1,-0.17288252417854716
https://hashdive.com/Analyze_User?user_address=0xeabc98935e8a3b9ac6480bd0f0400e521efc376b,0.5,-2.635411,2.635411,-1,-0.04834456009563276
https://hashdive.com/Analyze_User?user_address=0xe615bf7bbddd5b1f182375dc8e6fddb2106f94be,0.469999,2.965749,2.629994,1.127663789347048,-0.2639407198214506
https://hashdive.com/Analyze_User?user_address=0xcdff959e5651052fa385218507d45b0c51be700e,0.5,-2.62018,2.62018,-1,0.024764792379624506
https://hashdive.com/Analyze_User?user_address=0x52194b2f428f3df9cfc5cab14dc74468fb83c7eb,0.5,-2.61284,2.612841,-0.999999617274836,-0.2676570759494063
https://hashdive.com/Analyze_User?user_address=0x2648bb816349e626e795f5ca8d02967c2dcfda64,0.5,-2.611677,2.611677,-1,-0.013363178256010704
https://hashdive.com/Analyze_User?user_address=0xecf75e9675765260c575e37895dc6f0ac0dcf891,0.5,-2.611519,2.611519,-1,-0.2576522960877483
https://hashdive.com/Analyze_User?user_address=0x0e91e0ccabecdb73ba96fb2dee3e555cda34fd47,0.5,-2.607508,2.607509,-0.9999996164922155,0.05101469442269774
https://hashdive.com/Analyze_User?user_address=0x0023e0a39571e2fe7f446d61335946834588db1d,0.5,-2.598214,2.598215,-0.9999996151203807,-0.06524217789830888
https://hashdive.com/Analyze_User?user_address=0xe690c55cc115ded03ec4a8ffbeba41d4fce0d197,0.5,-2.597728,2.597728,-1,-0.0033733003255394813
https://hashdive.com/Analyze_User?user_address=0x0733a7ed09c7ba08b54cef24d8ad3f327fcb82d3,0.5,-2.595431,2.595431,-1,0.06467212882539529
https://hashdive.com/Analyze_User?user_address=0x738cb19ee90f4ab5485c6a99542780db5db6bcf3,0.5,-2.58834,2.58834,-1,-0.051687049885773204
https://hashdive.com/Analyze_User?user_address=0xb36fe36c50a55fd2b736a076bfa1fd5441af437d,0.5,-2.587006,2.587006,-1,-0.3797127350716866
https://hashdive.com/Analyze_User?user_address=0x253491cdda07d5404e29d8a827231d17e478e0d7,0.5,-2.58349,2.583491,-0.9999996129268497,-0.054916733969784845
https://hashdive.com/Analyze_User?user_address=0xd1f559a59dc2c5e035c509ed541fff9d4213facf,0.43,3.42,2.58,1.3255813953488371,3.946866583485295
https://hashdive.com/Analyze_User?user_address=0x011e85ab94fa28a2231f76c091da82a7af1029dd,0.5,-2.576205,2.576205,-1,-0.005564397693608589
https://hashdive.com/Analyze_User?user_address=0x73625831edc688886cd08cc349ddb8db7407540f,0.5,-2.576135,2.576135,-1,-0.09154511227431357
https://hashdive.com/Analyze_User?user_address=0x8687c53a2ffc1d95cd3865ea41e9e04e943361df,0.5,-2.57321,2.57321,-1,-0.05081255161788699
https://hashdive.com/Analyze_User?user_address=0xcd68f638a82c369c4dac17a00983460db1129b60,0.669999,0,2.569994894181,0,-0.29989882323156514
https://hashdive.com/Analyze_User?user_address=0xe3203de869f53c450c18b12e330a08987bd633e7,0.63,-0.2835,2.5515,-0.1111111111111111,0.10293883906617181
https://hashdive.com/Analyze_User?user_address=0xb85b57b80090597b40698db9cfb87956b874a4d5,0.5,-2.543006,2.543007,-0.9999996067647475,-0.23192640294597816
https://hashdive.com/Analyze_User?user_address=0x781df52165cfb3ccb4e8c7c88d1e83085485f210,0.5,-2.54206,2.542061,-0.9999996066184094,-0.029678453095575187
https://hashdive.com/Analyze_User?user_address=0x2c38778fbf21efd0734bc1f4166a5e3b142ac48e,0.659999,0,2.539994271518,0,1.5664943903223314
https://hashdive.com/Analyze_User?user_address=0x75a0456a95b7f911bbd76c93868ed7f022a44837,0.409999,3.655126,2.539993,1.4390299500825396,12.6049988457854
https://hashdive.com/Analyze_User?user_address=0x49376908c127c431a2511f2715e13c23e4fcccb5,0.5,-2.539506,2.539506,-1,-0.058779380483152885
https://hashdive.com/Analyze_User?user_address=0xbfd3f7a795489cafa1c6a96dd426170577873981,0.5,-2.533792,2.533792,-1,0.06211295611637521
https://hashdive.com/Analyze_User?user_address=0xa53b48b36a9d37a2c2efab1ef132737c86fbcce8,0.5,-2.533383,2.533383,-1,-0.15522041631781894
https://hashdive.com/Analyze_User?user_address=0x8dedbc02f7a874fb220185a37c59c947047c4ee2,0.449999,3.092227,2.529994,1.222227009234014,0.2887024674353444
https://hashdive.com/Analyze_User?user_address=0xefe3d3b9c8d8324b3e9eaf54d13b770c4bd997c2,0.42,3.48,2.52,1.380952380952381,3.937258306880209
https://hashdive.com/Analyze_User?user_address=0x2954ed99045c82d63409ba2c80d27c4e86078818,0.5,-2.516263,2.516264,-0.9999996025854202,0.08176040572547809
https://hashdive.com/Analyze_User?user_address=0xc1fb0edd746ace32f55bddbb70fa656658e8b8fc,0.5,-2.515196,2.515196,-1,0.08087343391145618
https://hashdive.com/Analyze_User?user_address=0xb639ff41bc7459b0efc603ae92a0c44db8691c32,0.5,-2.513603,2.513603,-1,0.03881513006216654
https://hashdive.com/Analyze_User?user_address=0xe9684b0120061d1340b354fd953635a396499718,0.5,-2.510255,2.510256,-0.9999996016342556,-0.1491806336514505
https://hashdive.com/Analyze_User?user_address=0x312dcf465562903ec1dab2bf38cb6ebdc74fa965,0.5,-2.502039,2.502039,-1,-0.19560935591586284
https://hashdive.com/Analyze_User?user_address=0xcecfc54139280d7984040b32ae6b7c0a0e26ad44,0.5,-2.50094,2.500941,-0.9999996001505033,-0.20253353002876517
https://hashdive.com/Analyze_User?user_address=0xc58a1c1fe71928797f5b864e011f9ec890761cc6,0.5,2.5,2.5,1,-0.17099619427878804
https://hashdive.com/Analyze_User?user_address=0x630811a685035aa55e4d4538a8f760a074a6a8b0,0.5,-2.5,2.5,-1,-7.993849634274803
https://hashdive.com/Analyze_User?user_address=0x855f3ef58f90c9c724206494048d001c4cb870ba,0.669999,0,2.499995408658,0,-8.531494680524013
https://hashdive.com/Analyze_User?user_address=0xfedca4e2d71d031d6bc553236ee20edbcc264701,0.699999,0,2.4999946285740005,0,-3.9647133566528514
https://hashdive.com/Analyze_User?user_address=0x67f4f00b93c8087de60b6425b94e07c8496f600e,0.5,-2.493509,2.49351,-0.9999995989588972,0.09810921288592678
https://hashdive.com/Analyze_User?user_address=0x5fb324ce6f04e16490cea5bdbae76d733ca314da,0.5,-2.492663,2.492663,-1,0.06352736931792441
https://hashdive.com/Analyze_User?user_address=0x56ad8eb0ea6881492ee7ed528b51b2e6dad86d26,0.379999,4.062637,2.489993,1.631585711285132,-0.22682101697089796
https://hashdive.com/Analyze_User?user_address=0xf8382f0968162415e505c66b9f5baf09c52202ba,0.429999,3.300702,2.489993,1.3255868590795234,-0.23258660881807414
https://hashdive.com/Analyze_User?user_address=0x88c4b8c917240151d3c8a0beb5dfec423b479668,0.5,-2.483527,2.483527,-1,0.016028395173181033
https://hashdive.com/Analyze_User?user_address=0x6c9215b7f6476ed27951e5511167ababd1599d2f,0.5,-2.482482,2.482482,-1,-0.11918855939573257
https://hashdive.com/Analyze_User?user_address=0xac0c5cf18b7c9db01c6757e32082f78a7591619f,0.669999,0,2.479995268509,0,1.52438360616775
https://hashdive.com/Analyze_User?user_address=0xaab21efcea489ad50d552ddecd549412070707e1,0.5,-2.478852,2.478852,-1,-0.060911780702889315
https://hashdive.com/Analyze_User?user_address=0x40d0b867e2b1f281f1f365a60892b90fc698ffac,0.5,-2.476708,2.476708,-1,-0.34759312747359056
https://hashdive.com/Analyze_User?user_address=0xa7855ca4953a85b909d44bcd332967b601481e59,0.509999,-2.469994,2.469995,-0.9999995951408808,-4.608259857489628
https://hashdive.com/Analyze_User?user_address=0x5e9530f599df37a99801741d1e8e6ec909c7f0ea,0.419999,3.410957,2.469994,1.3809576055650339,-0.4229337401548625
https://hashdive.com/Analyze_User?user_address=0x19089916d107913c9c0804b5488c89895ab3adbd,0.5,-2.469585,2.469585,-1,0.04127856506628251
https://hashdive.com/Analyze_User?user_address=0x0c3da82e4fb92f3857eac3c6bfccb29f4cd85e31,0.41,3.54,2.46,1.4390243902439024,-1.0304372958469752
https://hashdive.com/Analyze_User?user_address=0xe243de4e0bce850a1799c6284640ab63d2a04455,0.41,3.54,2.46,1.4390243902439024,-3.932984471982647
https://hashdive.com/Analyze_User?user_address=0xa15727195bf16bede23dddc4dc8cdb2ff6c609cb,0.5,-2.45297,2.452971,-0.9999995923310958,0.04132539343245458
https://hashdive.com/Analyze_User?user_address=0xc71d11c2007c9232e88e477d246bc52af58881e5,0.5,-2.45246,2.452461,-0.9999995922463191,-0.2013814704525831
https://hashdive.com/Analyze_User?user_address=0x7652062dc9d1db6f89971baecf9e988e48727928,0.5,-2.44493,2.444931,-0.9999995909905023,0.02998483774871464
https://hashdive.com/Analyze_User?user_address=0x97e6d0b87f28f7a93546c8f4c673944e3a1eee02,0.5,-2.442346,2.442347,-0.999999590557771,-0.11369289056784292
https://hashdive.com/Analyze_User?user_address=0x53e71fc535b766d8b887164e6803ff76adc8e583,0.5,-2.433363,2.433364,-0.999999589046275,-0.23752415104072955
https://hashdive.com/Analyze_User?user_address=0xbc6017498d8be926bd65b72c4d4bca2aedc25c64,0.5,-2.432078,2.432079,-0.9999995888291459,-0.14613009042359934
https://hashdive.com/Analyze_User?user_address=0xc1377678391570547d3bdcf5fdd872595e7708a2,0.699999,0,2.429994728574,0,2.4877815250384465
https://hashdive.com/Analyze_User?user_address=0xb76e75dd3545735d185cb8ce11f95da84add6cff,0.669999,0,2.4299945831370002,0,3.0412987440071415
https://hashdive.com/Analyze_User?user_address=0x6b9420b60b639657b828f8a90deb847bc6c549df,0.5,-2.423239,2.42324,-0.9999995873293608,-0.08841915575771753
https://hashdive.com/Analyze_User?user_address=0x117ce375f8b4435c312c9f59b82cb7c18cc82ed8,0.5,-2.420172,2.420172,-1,-0.0731043831699773
https://hashdive.com/Analyze_User?user_address=0x2b37ec6a566f259ae3a5ea1b14e20ab2bd2b5af2,0.5,-2.418981,2.418982,-0.9999995866029594,-0.023320272414487104
https://hashdive.com/Analyze_User?user_address=0x0d4209d4336f12b38801c235c38d17ae8d576e89,0.5,-2.418568,2.418568,-1,-0.2581003593552814
https://hashdive.com/Analyze_User?user_address=0xd9017b5322704c613970f023f5f3ac5dd400bf21,0.5,-2.413944,2.413944,-1,0.06530543358125049
https://hashdive.com/Analyze_User?user_address=0xab4fbbc3f608a424a69ec9aa198b62d39db6ee2f,0.5,-2.412119,2.41212,-0.9999995854269275,-0.2553720214453848
https://hashdive.com/Analyze_User?user_address=0x2593a77c7d09a8424bcd2c4db359a0b0c2d2f9c9,0.5,-2.40294,2.40294,-1,-0.11928456025386514
https://hashdive.com/Analyze_User?user_address=0x3a0bb202dcaed2f112ef26f1d4801bfc0d0fa27e,0.5,-2.401485,2.401485,-1,-0.07586120051289898
https://hashdive.com/Analyze_User?user_address=0x8ebf6b74026d1b17768b70bdf92e5bdfd150866e,0.4,3.6,2.4,1.5,0.8833900128906544
https://hashdive.com/Analyze_User?user_address=0x2e99931ef38809335cbbcf5faa1aecb91ac1b482,0.659999,0,2.399995283638,0,4.301013487345281
https://hashdive.com/Analyze_User?user_address=0x03e82fb51c9dc35666aba2b4aba1f0fb11202cba,0.5,-2.384877,2.384878,-0.9999995806913393,-0.13462395534176028
https://hashdive.com/Analyze_User?user_address=0x8ce1c1f5629101c5c03de74299ac5a4ba391ab8a,0.679999,0,2.369995754707,0,-0.20678226312865694
https://hashdive.com/Analyze_User?user_address=0x137f806aa2917441b77993f17db1b57a83c78148,0.5,-2.361015,2.361015,-1,0.019394581310795658
https://hashdive.com/Analyze_User?user_address=0x86deefa1474690024234d6b7cc63521ad3e51820,0.47,2.65,2.35,1.127659574468085,-10.703128614538402
https://hashdive.com/Analyze_User?user_address=0xdd20b227a5f41fe69000a55d897839ecbe6de9fd,0.449999,2.872226,2.349994,1.2222269503666816,0.12224304814766426
https://hashdive.com/Analyze_User?user_address=0x4dc8c723e2b2de71c22144f4a329ebdc11a9bf5b,0.5,-2.34798,2.34798,-1,0.14160714497352295
https://hashdive.com/Analyze_User?user_address=0x4bac14a08f4c7d599bd2f43cfd2c459b8df4fb48,0.5,-2.339508,2.339508,-1,-0.1859903095612927
https://hashdive.com/Analyze_User?user_address=0x522170614998c2de141864aedc946358aac811ef,0.5,-2.337501,2.337501,-1,0.04649571679206009
https://hashdive.com/Analyze_User?user_address=0xed86fb48ffb6964e5d57918aaec2b6b3332c092e,0.7,-0.666666,2.3333323999999998,-0.28571411428564575,7.985818543960804
https://hashdive.com/Analyze_User?user_address=0x5961305507808a62160d9939fc42f6420af4bce4,0.649999,0,2.329995515386,0,0.015849354777541427
https://hashdive.com/Analyze_User?user_address=0x2f16debd35c6514b0929d68c66e82b0f64243023,0.5,-2.324843,2.324844,-0.9999995698636123,-0.01967112959431746
https://hashdive.com/Analyze_User?user_address=0x20d55d1ae844aee9185f99e5d24e6369cd3c11ce,0.459999,2.723482,2.319994,1.1739176911664428,0.042653784546962115
https://hashdive.com/Analyze_User?user_address=0xaaefe6362874f53fb12bb53b0cce7ac7d560ed8a,0.5,-2.319951,2.319951,-1,-0.3035308379504384
https://hashdive.com/Analyze_User?user_address=0x33a91e6f6324fee9afc977aa88c8d584b5d14de3,0.5,-2.309142,2.309142,-1,0.10494242907836882
https://hashdive.com/Analyze_User?user_address=0xf30f3bb0cf8a3658c659a21a5ffbebab76348934,0.5,-2.301407,2.301407,-1,0.007112721423807578
https://hashdive.com/Analyze_User?user_address=0x35a2e549049d90d1970d2896d6fee990361e3caa,0.5,-2.298543,2.298543,-1,-0.07876375204132116
https://hashdive.com/Analyze_User?user_address=0x1e11e99e70d9af27fb212ec70820d75abd68330c,0.5,-2.293776,2.293776,-1,0.055776228080819515
https://hashdive.com/Analyze_User?user_address=0xa0129e3638bdb59138b1bc195af5d378c82e5b0c,0.5,-2.289538,2.289539,-0.9999995632308513,-0.07068912186835181
https://hashdive.com/Analyze_User?user_address=0x03a44ce726bf176745f3ed94c553917e934888ef,0.5,-2.288263,2.288264,-0.9999995629874876,-0.12778785516956037
https://hashdive.com/Analyze_User?user_address=0xea4429f6ef8878b8e5d3de32747c18864448ff87,0.5,-2.284524,2.284524,-1,-0.09461625137708805
https://hashdive.com/Analyze_User?user_address=0xf97029eb141e01dd0a0a8bf44b46cb3863501085,0.38,3.72,2.28,1.6315789473684212,0.762551000965141
https://hashdive.com/Analyze_User?user_address=0x6e857d3e1ffdf846c326d861fecb975523dbaad6,0.5,-2.278529,2.27853,-0.999999561120547,0.028999945557950674
https://hashdive.com/Analyze_User?user_address=0xa53baa0a8010cc0c11408e2454b6a85dfea9fbb4,0.5,-2.275609,2.27561,-0.9999995605573891,0.08987578513776921
https://hashdive.com/Analyze_User?user_address=0x525856e93227b932bc579262109162ff2a44d8a0,0.5,-2.273161,2.273161,-1,0.11824432708218346
https://hashdive.com/Analyze_User?user_address=0x21c324caef97c2c7f412da57a9f8e8005226ece0,0.5,-2.267565,2.267565,-1,-0.16469462461431633
https://hashdive.com/Analyze_User?user_address=0xf0f155a4c9369a1e4946d9e3ab55634fd63a21a3,0.5,-2.250741,2.250742,-0.9999995557020753,-0.025734386360836962
https://hashdive.com/Analyze_User?user_address=0x4d6199f33f075dbd3a73918b83cfba89fbedb2c2,0.45,2.75,2.25,1.2222222222222223,0.7008991420189574
https://hashdive.com/Analyze_User?user_address=0xcaf6201cf281f319015e3487d0f76dae57f1f2b9,0.45,2.75,2.25,1.2222222222222223,5.763180194865779
https://hashdive.com/Analyze_User?user_address=0xc1c4e241705997a2ae2368b2a1ea30a52d26a7d7,0.5,-2.241169,2.241169,-1,-0.4475807197495845
https://hashdive.com/Analyze_User?user_address=0x211b2b03b2e77657c2e87c7cb611a306b0bec759,0.5,-2.235597,2.235598,-0.9999995526923892,-0.14169111695676118
https://hashdive.com/Analyze_User?user_address=0x349833a1519293bb5a936a6453bf78452e7f2b4b,0.5,-2.229322,2.229322,-1,-0.18993211332004695
https://hashdive.com/Analyze_User?user_address=0x06fb7748ea569499b59bfa9ff5803f7d43398fd1,0.5,-2.223815,2.223815,-1,-0.002984411871893234
https://hashdive.com/Analyze_User?user_address=0x041e8830a74f836d4972dab45299289b673cf8ca,0.5,-2.219903,2.219904,-0.9999995495300698,0.0674121307276755
https://hashdive.com/Analyze_User?user_address=0xd1f559a59dc2c5e035c509ed541fff9d4213facf,0.37,3.778299,2.219001,1.7027027027027026,3.946866583485295
https://hashdive.com/Analyze_User?user_address=0xa5a4abb8c630ffe999f286c0a2dfb60ae2a7c927,0.5,-2.218662,2.218662,-1,-0.0322150398097218
https://hashdive.com/Analyze_User?user_address=0x48a5c7dba648dd12c8f969d9e780f8e0dd0121c2,0.5,-2.212371,2.212371,-1,-0.0200095487601905
https://hashdive.com/Analyze_User?user_address=0x8495c2a0d6b76145f0a8514f0629f2ef4cb0df87,0.44,1.85,2.2,0.8409090909090908,-11.798388439334122
https://hashdive.com/Analyze_User?user_address=0x3f9d75597c475c77119b1e8d1937a9359720309a,0.669999,0,2.1999959864189997,0,5.474950374861264
https://hashdive.com/Analyze_User?user_address=0xa1889958590790b58f6ac1f54dc41ac5b1233fcc,0.579999,0.603203,2.189996,0.275435662896188,-2.363652219292624
https://hashdive.com/Analyze_User?user_address=0x65012bf4a8d47e24f800b720de4d60d3207bec4c,0.409999,3.151467,2.189994,1.439029969945123,-0.5366561176879978
https://hashdive.com/Analyze_User?user_address=0x9c8db447a73285687ee67feee18eedb1b611c3c1,0.5,0.0872,2.18,0.039999999999999994,-0.19354151373406342
https://hashdive.com/Analyze_User?user_address=0x8c3630c6c9d864a1c70cb9711c55c25042d13145,0.4,3.255,2.17,1.5,0.05031451075251824
https://hashdive.com/Analyze_User?user_address=0x21ab53083b6865529ac85001274f63b874116854,0.5,-2.160125,2.160126,-0.9999995370640415,-0.20789561493914535
https://hashdive.com/Analyze_User?user_address=0xefe3d3b9c8d8324b3e9eaf54d13b770c4bd997c2,0.36,3.84,2.16,1.7777777777777777,3.937258306880209
https://hashdive.com/Analyze_User?user_address=0xd3bec8ae1889162e4c7ec19a831cdc7c60fc4d6e,0.43,2.85,2.15,1.3255813953488373,9.523007945080694
https://hashdive.com/Analyze_User?user_address=0xdeb78cd76d3fcee5cf4aa46eed2eb2272f0984d8,0.5,-2.14771,2.14771,-1,-0.06757567834967942
https://hashdive.com/Analyze_User?user_address=0xcda6b6f80450144a3a6e117e2aa5d9b46a83d2ca,0.5,-2.14076,2.14076,-1,-0.11754892657798255
https://hashdive.com/Analyze_User?user_address=0xf16fbbc471cad932a911b6a187139b4c13559ee7,0.5,-2.138854,2.138854,-1,-0.14035441267327756
https://hashdive.com/Analyze_User?user_address=0xcaf2d4a05524ecd72e324fc73cf3173594ccd140,0.5,-2.137369,2.137369,-1,-0.1650826949750159
https://hashdive.com/Analyze_User?user_address=0x99a81064b25cc17cfb71cdac38931c6f4e10faa7,0.95,0.112105,2.129995,0.05263157894736842,-39.941079197519144
https://hashdive.com/Analyze_User?user_address=0x61266b78c540f69702d312cb6e00e055f9bc6af9,0.389999,3.331543,2.129994,1.5641091007768098,-0.12751395835962678
https://hashdive.com/Analyze_User?user_address=0x146d187a1a24a0ad51c51676fb18f4a11cb98ccb,0.389999,3.331543,2.129994,1.5641091007768098,-0.2844350261085064
https://hashdive.com/Analyze_User?user_address=0x0e1d50052351bb356515cdebd3e2ae0c2944a673,0.389999,3.331543,2.129994,1.5641091007768098,-0.20010594693442757
https://hashdive.com/Analyze_User?user_address=0xa22a09233c11f9513c6abe1bcf47cd0fcfedc4de,0.389999,3.315901,2.119994,1.5641086720056754,-0.1619549347456084
https://hashdive.com/Analyze_User?user_address=0x07ac72ce344fca609ea51939135e4bc8c9792d7f,0.5,-2.115485,2.115486,-0.9999995272953827,-0.06506784956473044
https://hashdive.com/Analyze_User?user_address=0x293558a4dfad29504ebb4f24acce2529ef310ca4,0.389999,3.30026,2.109994,1.5641087131053455,-0.5692867243517028
https://hashdive.com/Analyze_User?user_address=0x86e3cffcb17c3be7b4c3f9cd6c56024a9f0dd215,0.669999,0,2.099995955673,0,0.08670365702784014
https://hashdive.com/Analyze_User?user_address=0x15c52aaa7885d570e5dea56ccd6e3f9906647284,0.389999,3.284619,2.099994,1.5641087545964416,-0.1263992990849838
https://hashdive.com/Analyze_User?user_address=0x177dd9bc3274f32db7108972ef3975cb50221641,0.379999,3.42632,2.099994,1.6315856140541354,-0.7106804914581127
https://hashdive.com/Analyze_User?user_address=0x0c3da82e4fb92f3857eac3c6bfccb29f4cd85e31,0.35,3.896997,2.098383,1.857142857142857,-1.0304372958469752
https://hashdive.com/Analyze_User?user_address=0xa6c5847be3b086dd22f26b8918f93a4ed6ad1b4f,0.5,-2.092663,2.092664,-0.9999995221402002,0.015511009393169692
https://hashdive.com/Analyze_User?user_address=0xdb6c8c361d3db9a23d97049df090f868fd7d7ebb,0.67,0,2.089998,0,11.65223303953839
https://hashdive.com/Analyze_User?user_address=0x5b28d35d80819b5e0fe5fbaa97325e0aaec96657,0.379999,3.393688,2.079994,1.6315854757273338,-0.08452693043974963
https://hashdive.com/Analyze_User?user_address=0x90989740e8b8ffb372b57898e3ae66a6aff891c3,0.5,-2.072135,2.072136,-0.9999995174061933,-0.08343280749359881
https://hashdive.com/Analyze_User?user_address=0x09e89f159aa5483a353447262ae6b940103d39dc,0.389999,3.222055,2.059994,1.5641089245891007,-0.04277319108332221
https://hashdive.com/Analyze_User?user_address=0xf61ac864a9208de5100cd66beab5ec3268381d13,0.409999,-0.050194,2.059994,-0.02436609038667103,0.0012090777630764558
https://hashdive.com/Analyze_User?user_address=0x656df916b43f462d9091e90d0a4fb90ef06d78e4,0.5,-2.057787,2.057788,-0.9999995140412908,-0.1259628716259973
https://hashdive.com/Analyze_User?user_address=0x63a3ca0e59c00aadcc85a836fe28cd61308236c7,0.5,-2.055633,2.055634,-0.9999995135320782,-0.06792553672811134
https://hashdive.com/Analyze_User?user_address=0x56575fe2eced9398022fab8eeaf2f21dfe5878ae,0.41,0.5,2.05,0.24390243902439027,-9.875513352796531
https://hashdive.com/Analyze_User?user_address=0xdf9011202b23664dee481ce42e663fc2834725df,0.41,2.95,2.05,1.4390243902439026,-12.696582373440389
https://hashdive.com/Analyze_User?user_address=0x965a111ef342906b0b0ea95fa023986e1d9acfe6,0.389999,3.175132,2.029994,1.56410905647997,-0.12909581340673829
https://hashdive.com/Analyze_User?user_address=0x9b3cbbb9a1bfe65a5e0b4ca0f7afe00efca87344,0.5,-2.023642,2.023642,-1,-0.4147648124662759
https://hashdive.com/Analyze_User?user_address=0x739d16df064d2053605e6e93b754ffd1b1a8e814,0.389999,3.14385,2.009994,1.5641091465944676,-0.31301057000593535
https://hashdive.com/Analyze_User?user_address=0xf4dd0f9307e32744b50245461f4aec9652a22feb,0.4,3,2,1.5,0.05290028273712298
https://hashdive.com/Analyze_User?user_address=0xc850c118eb99d65d3e1c278abef848395a07d0a7,0.4,3,2,1.5,-1.8112345635511278
https://hashdive.com/Analyze_User?user_address=0x9980c79f8440f0b3c0e16eb7407400e319de4f46,0.4,3,2,1.5,7.7473974943851225
https://hashdive.com/Analyze_User?user_address=0x9fafdd70dc0560c8519ea05d6d7260a68175f119,0.4,1.475,2,0.7375,-0.10385400425342067
https://hashdive.com/Analyze_User?user_address=0x57128f891c730af56c1c5f83ef4baa0e65b116fd,0.64,0,2,0,-0.04687681171721825
https://hashdive.com/Analyze_User?user_address=0xc2157c8c422355b5ab99634e1012348ced1dd380,0.5,2,2,1,-11.658401078770297
https://hashdive.com/Analyze_User?user_address=0x67c24e763c97990a075a0be64eca6b2940a3daeb,0.4,3,2,1.5,0.7202794832419566
https://hashdive.com/Analyze_User?user_address=0xfaa5a9eacd9377fcaf3e25d805f45cebd3ca75fe,0.4,3,2,1.5,-4.38474898667217
https://hashdive.com/Analyze_User?user_address=0x7d87c1d8fef47439d518c96c048cb8091707ff0b,0.5,2,2,1,-0.44190409750561077
https://hashdive.com/Analyze_User?user_address=0xf5c2e85aa9754a54238d2eb39301e843e0e14992,0.4,3,2,1.5,0.8068716717926233
https://hashdive.com/Analyze_User?user_address=0x03219d76ad778bb6835775737c7c4df1fa6e57d2,0.8,0.5,2,0.25,4.783053568005189
https://hashdive.com/Analyze_User?user_address=0x3034b5a37eef3aa86c7a713185829e93510add88,0.4,3,2,1.5,-5.462272927000809
https://hashdive.com/Analyze_User?user_address=0xc6fffeac943ec7f4aca350a625cda506f1921eb6,0.4,3,2,1.5,-5.7814364473172555
https://hashdive.com/Analyze_User?user_address=0xd81297fcd2181b637c434f0ea1d2b8214e7ab0e5,0.75,0,1.999998,0,-4.9159686391372
https://hashdive.com/Analyze_User?user_address=0x96410cd0047aa4eb41583d04b706c27e34a4a2b9,0.78,0,1.999998,0,-9.74365008073669
https://hashdive.com/Analyze_User?user_address=0xa3e94c5f5d603cef6ff9d89beefbd74f81f7c9d3,0.75,0,1.999998,0,-0.13167872949832815
https://hashdive.com/Analyze_User?user_address=0x78efecdca0cf2196bd14208f9d7b690a0e51c646,0.77,0,1.999998,0,8.213561890660303
https://hashdive.com/Analyze_User?user_address=0x6ec1b91d113ce4db4ce04a34dda1500c97d55bef,0.74,-0.972,1.999998,-0.486000486000486,-0.2029994264415611
https://hashdive.com/Analyze_User?user_address=0x3420aca111b378b3d7a7c874c02cd85904c2400c,0.75,0,1.999998,0,-1.045061748663085
https://hashdive.com/Analyze_User?user_address=0xb00a8a5401d4ae98eb492a0b0e272cddcc142fcf,0.438487,2.561136,1.999998,1.2805692805692805,1.3570494527717831
https://hashdive.com/Analyze_User?user_address=0x7c221e8496bc98f97be97c0f6a05365d6ffc8f64,0.77,0,1.999998,0,-3.5250022662635985
https://hashdive.com/Analyze_User?user_address=0xd8eab0b57566b68a4092111f523a5ae9960d3969,0.7,0,1.9999979999999997,0,-6.112238205683873
https://hashdive.com/Analyze_User?user_address=0xc3099feda7ab934b921d59610002b381353ba7e2,0.7,0,1.9999979999999997,0,16.295684681201557
https://hashdive.com/Analyze_User?user_address=0xd074f9417d9c3ff30aeeed04e197a9c1fe833608,0.7,0,1.9999979999999997,0,0.6687285623049183
https://hashdive.com/Analyze_User?user_address=0x917d84c90ce7d5a7e3ae8dc8fa1b7f8bd02ee5c4,0.7,0,1.9999979999999997,0,-0.5517598676637597
https://hashdive.com/Analyze_User?user_address=0x2a211203c51831ba66e2a9480fbe8250b5dddd0e,0.7,0,1.9999979999999997,0,1.9551026660244306
https://hashdive.com/Analyze_User?user_address=0x1aab66c5bb6181ea36195fce1ba9e9ca24e4b0f9,0.7,0,1.9999979999999997,0,-0.32419189286953
https://hashdive.com/Analyze_User?user_address=0x3fcb565e5fc8adbe4553efda23fc7716956412dd,0.7,-0.0285,1.9999979999999997,-0.014250014250014252,5.687826522814062
https://hashdive.com/Analyze_User?user_address=0x2b4c08bd0acb66ec8dc11f07bf8684950775dc3e,0.7,0,1.9999979999999997,0,-0.3812597981904594
https://hashdive.com/Analyze_User?user_address=0x374f285b1ba5f10cf736a60c46f417f4757a5c3b,0.7,0,1.9999979999999997,0,19.834342409386643
https://hashdive.com/Analyze_User?user_address=0x0e37d507c7fcc52d5045189561bf5415af9ef9fb,0.7,0,1.9999979999999997,0,7.414298443550944
https://hashdive.com/Analyze_User?user_address=0x828d9b86ce311826bcaa8c4a3bfb91ee459b0095,0.7,0,1.9999979999999997,0,4.1286787210267475
https://hashdive.com/Analyze_User?user_address=0xdc76d1bbcca56103798b57ef9d7d8ef0a096fdb2,0.7,0,1.9999979999999997,0,-4.872621680497859
https://hashdive.com/Analyze_User?user_address=0xf249f14b858f874039a51ff22baab4bbeb77699b,0.7,0,1.9999979999999997,0,-2.709184280172048
https://hashdive.com/Analyze_User?user_address=0x2934485b0114d55df401199c236fc00226e475fb,0.7,0,1.9999979999999997,0,2.000834072146117
https://hashdive.com/Analyze_User?user_address=0x7b4484209b7b63aead4f8e71126f39797b5d67a3,0.7,0,1.9999979999999997,0,20.78839039100999
https://hashdive.com/Analyze_User?user_address=0x6b7ded1b3c9648090d45eec602fe454f0957c346,0.7,0,1.9999979999999997,0,3.7159159786065317
https://hashdive.com/Analyze_User?user_address=0xd7ea36de6b799dad87ee1820ce4ee54f64f83b30,0.7,0,1.9999979999999997,0,-12.16142558699947
https://hashdive.com/Analyze_User?user_address=0xd52ae39a9880cfe7fa0a5f07f16e0407d2001ba1,0.7,0,1.9999979999999997,0,-2.2189163952020237
https://hashdive.com/Analyze_User?user_address=0x1772caf23a08fbc0484344d170eb536082237cd7,0.7,0,1.9999979999999997,0,8.326720156902761
https://hashdive.com/Analyze_User?user_address=0x69b84bac876e7f993b585a571b71039a7583d47c,0.7,0,1.9999979999999997,0,9.450848845262282
https://hashdive.com/Analyze_User?user_address=0xd40bfdd9b9066fd5daa17eb276ace9728ef79081,0.919999,0.171432,1.999997,0.08571612857419286,-3.6819877309089106
https://hashdive.com/Analyze_User?user_address=0x715d2e755cc0eba1f553614565b2f85383a3c37f,0.729999,0,1.999996510275,0,7.396523692289069
https://hashdive.com/Analyze_User?user_address=0xfc3cbe0beb62eae5be2fd645b098798b5930620b,0.659999,0,1.999996289698,0,-2.392990349516189
https://hashdive.com/Analyze_User?user_address=0x8c0a79c3fdba2f9c2bc393e5551693a5c5de76a3,0.659999,0,1.999996289698,0,1.4100342146604525
https://hashdive.com/Analyze_User?user_address=0x94d7bec9a70455990f708c7add42e2894b820c2f,0.659999,0,1.999996289698,0,3.3176971347815893
https://hashdive.com/Analyze_User?user_address=0x3a16f97eaf265073e11b5d06dfb334488a15320f,0.659999,0,1.999996289698,0,1.0099559250690147
https://hashdive.com/Analyze_User?user_address=0x87c2b3a6deeb078cccda715df19db8b5709009f9,0.659999,0,1.999996289698,0,-2.365268559063196
https://hashdive.com/Analyze_User?user_address=0x24061d3db17e5e817260240ccf8f7f1e33aeace2,0.649999,0,1.9999962230780002,0,-7.413616543995635
https://hashdive.com/Analyze_User?user_address=0x189ff371b06d9e31723daefece03f17353dbd8e7,0.739999,0,1.9999960372989998,0,-2.7207711858796833
https://hashdive.com/Analyze_User?user_address=0xd9597473adc82ee33ea28e2b454378462829bcb2,0.739999,0,1.9999960372989998,0,4.900375930667085
https://hashdive.com/Analyze_User?user_address=0x5e30fd80ec55219b49ec6f4452954d4c17c5ac54,0.559999,1.571431,1.999996,0.7857170714341428,-0.43996049059655257
https://hashdive.com/Analyze_User?user_address=0x42e6583f6f87215f489b9ed06ce55b7bc61a8e78,0.559999,1.567233,1.999996,0.7836180672361345,0.4022922782147284
https://hashdive.com/Analyze_User?user_address=0xa481773e559c8b18112122ed28aac931fc4c741f,0.589999,1.389833,1.999996,0.6949178898357797,-0.02528726943973329
https://hashdive.com/Analyze_User?user_address=0x014e5f9aad2f8f57d78acf7e561f19430678f880,0.669999,0,1.9999959249269998,0,0.8369270176159249
https://hashdive.com/Analyze_User?user_address=0x232bba74af376271200e3da65834597c7e181d3c,0.669999,0,1.9999959249269998,0,-1.1314517236041508
https://hashdive.com/Analyze_User?user_address=0xbff369243f8b42407df0e63b39d16a9e2776728a,0.669999,0,1.9999959249269998,0,0.25722048901229944
https://hashdive.com/Analyze_User?user_address=0x497c1f0d7475c53f9df20dc44a45d0bfb3093fb5,0.669999,0,1.9999959249269998,0,-2.2975124456040867
https://hashdive.com/Analyze_User?user_address=0x8c87fa5279904194de66cb9654b676afb4045eb4,0.669999,0,1.9999959249269998,0,-3.5372507888891325
https://hashdive.com/Analyze_User?user_address=0xbd75a1b4a4f512e1060ed1e1ee4a63045899f5d7,0.669999,0,1.9999959249269998,0,2.1456761013760026
https://hashdive.com/Analyze_User?user_address=0x27ce2b06b5bac9af20c46024e9f3528fa7943b89,0.689999,0,1.9999959114510002,0,-4.207522052060808
https://hashdive.com/Analyze_User?user_address=0x9e2f05f2d4d1c2a1b7056d4538090fb81a341a87,0.689999,0,1.9999959114510002,0,1.688085531600988
https://hashdive.com/Analyze_User?user_address=0x226b86b309d4d2393b3df405853a515b8b57bf20,0.724137,0,1.999995428574,0,-0.5060339560682282
https://hashdive.com/Analyze_User?user_address=0xe3f87ce3f8409cddf60844c51602071002fb8de4,0.669999,0,1.9999952549280002,0,-0.738791827128885
https://hashdive.com/Analyze_User?user_address=0xe86567ff010fde839c6d6989f89211b14dfe3fe5,0.669999,0,1.9999952549280002,0,2.192677568469046
https://hashdive.com/Analyze_User?user_address=0x11633860377d769a7ae3969d9f28efc21438ea4b,0.669999,0,1.9999952549280002,0,1.2512985285323728
https://hashdive.com/Analyze_User?user_address=0x21a270a2eaa2eddee64e6864a11f4c2ebfc8866d,0.689999,0,1.999995221452,0,0.1438806252711901
https://hashdive.com/Analyze_User?user_address=0xd703eb3849e96e4f7d9d77b2bb39bb34104bedda,0.689999,0,1.999995221452,0,-0.29205543385415556
https://hashdive.com/Analyze_User?user_address=0xbb805241120a2a71827f0c79869b306114eaa0f2,0.579999,-1.999994,1.999995,-0.99999949999875,-3.1073599948879016
https://hashdive.com/Analyze_User?user_address=0xeda9fc673549ce8280385b9b38d5f19868bea43f,0.429999,2.651166,1.999995,1.3255863139657849,-1.651436491700213
https://hashdive.com/Analyze_User?user_address=0xd488fb5a7f2b6245f0237298d2fcdfc2f6d4f8f9,0.554954,1.603898,1.999995,0.8019510048775123,-8.907288010878773
https://hashdive.com/Analyze_User?user_address=0xc8ed654688180172888285b336859096a592f679,0.519999,1.839363,1.999995,0.919683799209498,-5.633020387603875
https://hashdive.com/Analyze_User?user_address=0x9780b9a0e621756cffe52a873238f6cfe3b8f041,0.429999,2.651166,1.999995,1.3255863139657849,1.505654315974145
https://hashdive.com/Analyze_User?user_address=0xbca40e31f793274848f8b9e488d3f28f8b69e050,0.549999,-1.999995,1.999995,-1,-4.548801955676393
https://hashdive.com/Analyze_User?user_address=0x68be183646326fa22009b610e3e6a34f168239c5,0.559999,1.571431,1.999995,0.7857174642936607,-8.037060867583643
https://hashdive.com/Analyze_User?user_address=0xa481773e559c8b18112122ed28aac931fc4c741f,0.859999,0.325583,1.999995,0.16279190697976745,-0.02528726943973329
https://hashdive.com/Analyze_User?user_address=0x5c9920eff3a52cdcec142b4953285a3078be2d70,0.549999,-1.999995,1.999995,-1,-2.3803871210469296
https://hashdive.com/Analyze_User?user_address=0xc93878f1f334cae03ca54b5c772cd50eb65057eb,0.554954,1.603898,1.999995,0.8019510048775123,-8.597248847119591
https://hashdive.com/Analyze_User?user_address=0x6f5fc20b6ca1225afd7faaacffb61be6377ea26b,0.449999,2.444448,1.999995,1.2222270555676389,0.19905935610565406
https://hashdive.com/Analyze_User?user_address=0x7439caca74957f905d3d15c87297f0e7f77eecc9,0.559999,1.571431,1.999995,0.7857174642936607,-8.657086008507527
https://hashdive.com/Analyze_User?user_address=0xf3d2e7fcf9a7732eb4bcc587eed27611b8839fe9,0.559999,1.571431,1.999995,0.7857174642936607,-0.5869292317365364
https://hashdive.com/Analyze_User?user_address=0x94fcbc575909d6609261ea66f699e49f5672ac00,0.549999,-1.999995,1.999995,-1,0.006086462346309468
https://hashdive.com/Analyze_User?user_address=0x24b46ba31f0c11cf5f8d44980bc9108cc0e46712,0.429999,2.651166,1.999995,1.3255863139657849,4.169349536789741
https://hashdive.com/Analyze_User?user_address=0xf0414cbee56a8c31a4bcce3c99de2172bbe6d15a,0.469999,2.255322,1.999995,1.1276638191595478,-0.33997085332995625
https://hashdive.com/Analyze_User?user_address=0xb8a4e829f4faacd3fe00e1e22be7d36d5dc3d6fd,0.559999,1.571431,1.999995,0.7857174642936607,-11.728151810319673
https://hashdive.com/Analyze_User?user_address=0x24d279efdf1141cd442c3a05f499bb7dc3502d63,0.439999,2.545458,1.999995,1.2727321818304547,-5.2505852253292575
https://hashdive.com/Analyze_User?user_address=0x89e3fb591cb3f1421ca8c4a3f2b99cda901602ff,0.439999,2.545458,1.999995,1.2727321818304547,-0.4216400045191312
https://hashdive.com/Analyze_User?user_address=0xb989aff20aaf9358517f48a6fb293d60bb2c1404,0.429999,2.651166,1.999995,1.3255863139657849,5.277386644709232
https://hashdive.com/Analyze_User?user_address=0x3cbf0e82655ed5cb44ba807efc66b9e6aae19665,0.429999,2.651166,1.999995,1.3255863139657849,-0.22139744553803076
https://hashdive.com/Analyze_User?user_address=0x546e98cc9e842cd5793f752715f077e54d9a0755,0.439999,2.545458,1.999995,1.2727321818304547,-2.018570396448484
https://hashdive.com/Analyze_User?user_address=0xce3f6b3576caccbc7005787d09b519a0997b67c9,0.429999,2.651166,1.999995,1.3255863139657849,7.700756360594985
https://hashdive.com/Analyze_User?user_address=0x39622aa4bfda51dc8e7e2748da47fb892008a181,0.429999,2.651166,1.999995,1.3255863139657849,-0.22736788154066864
https://hashdive.com/Analyze_User?user_address=0x5b8432b1c324eead78c6a3fb8ede3c7a071b7ff5,0.429999,2.651166,1.999995,1.3255863139657849,1.3564472762013924
https://hashdive.com/Analyze_User?user_address=0xd08c6337ee0b94ebd2ae0341d8d10af53144d206,0.559999,1.571431,1.999995,0.7857174642936607,-0.7742849761188699
https://hashdive.com/Analyze_User?user_address=0x423790f1d244d6645d4dd93327512790d3dc11d3,0.429999,2.651166,1.999995,1.3255863139657849,-1.5788370317439084
https://hashdive.com/Analyze_User?user_address=0x63d32f1eca4b08156594f1fd085816039e14362b,0.559999,1.571431,1.999995,0.7857174642936607,-0.6659236225520077
https://hashdive.com/Analyze_User?user_address=0x2970f9c3533d95a4494e2848edffca824da8248f,0.429999,2.651166,1.999995,1.3255863139657849,-0.16535728551300682
https://hashdive.com/Analyze_User?user_address=0x5bf8428fb06889247d9a8bcf3e440618c8b756a9,0.459999,2.347829,1.999995,1.173917434793587,0.24593347348261466
https://hashdive.com/Analyze_User?user_address=0xfca2b969b28924371f662690a997d0c4214c6b1d,0.549999,1.636366,1.999995,0.8181850454626136,-2.5789993609128707
https://hashdive.com/Analyze_User?user_address=0x97ffeb071f6af0da91b3552aaeac9d59c02362b6,0.559999,1.571431,1.999995,0.7857174642936607,-0.6963834595623114
https://hashdive.com/Analyze_User?user_address=0x0f323f04bba6325077b34b4416992bec1a0c483d,0.554954,1.603898,1.999995,0.8019510048775123,-0.7986981195281752
https://hashdive.com/Analyze_User?user_address=0xf2e8c492e115f6bd4eb6ab564e0f76daf9626768,0.549999,-1.999995,1.999995,-1,-2.950182912342841
https://hashdive.com/Analyze_User?user_address=0x9642c3410e1bd3d05ee9e7b4f7a6ef4ecbe5322e,0.559999,1.571431,1.999995,0.7857174642936607,-0.24749944110833882
https://hashdive.com/Analyze_User?user_address=0x7f67fc4841a5e81659524693fcdd721bb39d8ab8,0.429999,2.651166,1.999995,1.3255863139657849,-0.38209290831059817
https://hashdive.com/Analyze_User?user_address=0x56ad8eb0ea6881492ee7ed528b51b2e6dad86d26,0.429999,2.651166,1.999995,1.3255863139657849,-0.22682101697089796
https://hashdive.com/Analyze_User?user_address=0xdfb218de22b33f556c94f9dd8ad324fa74279cd4,0.559999,1.571431,1.999995,0.7857174642936607,-0.3994397295700961
https://hashdive.com/Analyze_User?user_address=0x9d3e4fb265800f911de2026ed4a0ebddce36eec6,0.569999,-1.999994,1.9999948212310001,-0.9999995893834367,0.016299344183466874
https://hashdive.com/Analyze_User?user_address=0x965a607fec1861ab865b4b6c88aaddf59e2314bb,0.389999,3.128209,1.999994,1.564109192327577,-0.9352991882391779
https://hashdive.com/Analyze_User?user_address=0xbf51d516b76692a9ec425c57128222359bccaf8d,0.389999,3.128209,1.999994,1.564109192327577,-1.0380162152215957
https://hashdive.com/Analyze_User?user_address=0x03658f42cc371bf60bbc11cd9f1bb3cbfbfe118e,0.389999,3.128209,1.999994,1.564109192327577,-2.0703931950101073
https://hashdive.com/Analyze_User?user_address=0x4ce892831b76054ce9cd8b20e273225a8ef3f5b0,0.389999,3.128209,1.999994,1.564109192327577,-0.43897614785992045
https://hashdive.com/Analyze_User?user_address=0xdb3eebeaa7603190d4de810709687a368c89cdc2,0.389999,3.128209,1.999994,1.564109192327577,-2.298878325625168
https://hashdive.com/Analyze_User?user_address=0x2e485c329b11c794ed4b44cca1f8a4393bcf3146,0.389999,3.128209,1.999994,1.564109192327577,-1.0801038119020714
https://hashdive.com/Analyze_User?user_address=0x52d6679c6284f6d971fec3b4dae2c7aebef48129,0.389999,3.128209,1.999994,1.564109192327577,-1.7727634855352827
https://hashdive.com/Analyze_User?user_address=0x8906a12ced98503853833c066a4db406a50cf15f,0.429999,2.651165,1.999994,1.3255864767594303,3.2719106773110913
https://hashdive.com/Analyze_User?user_address=0x1e7a5b0abea1b50a35d784e759bbf2eb1bf416c6,0.389999,3.128209,1.999994,1.564109192327577,-0.8495827043326305
https://hashdive.com/Analyze_User?user_address=0x58d0ccdad4eb7dcf47a831f5e6c591596be3c9d0,0.429999,2.651165,1.999994,1.3255864767594303,1.3810143837194304
https://hashdive.com/Analyze_User?user_address=0x689121e5c114c699e0347f65f7c2c693ff24f476,0.389999,3.128209,1.999994,1.564109192327577,-0.28852278447215396
https://hashdive.com/Analyze_User?user_address=0x75f08771e42f2647b5d251498dcf8e10a1b67cbf,0.389999,3.128209,1.999994,1.564109192327577,-0.8942674916039848
https://hashdive.com/Analyze_User?user_address=0x8a13e2b88ec45a0713d3a27e837ed3863dd399a8,0.389999,3.128209,1.999994,1.564109192327577,-0.878619513827119
https://hashdive.com/Analyze_User?user_address=0x7f8b310c9141f5a4a045836dbb61ae53fd69270b,0.389999,3.128209,1.999994,1.564109192327577,-0.6119138756772053
https://hashdive.com/Analyze_User?user_address=0x55a7f56c420ab2578fcffecc55bcba9db06224a0,0.429999,2.651165,1.999994,1.3255864767594303,-0.7259553424245714
https://hashdive.com/Analyze_User?user_address=0x1a0fdf1ea77da3eb4e28a298e8eb9d0fa44fc83a,0.389999,3.128209,1.999994,1.564109192327577,-0.032435207280412735
https://hashdive.com/Analyze_User?user_address=0x6c1314110bc4b706e1803064cdb44b9e5acd7d3f,0.389999,3.118085,1.999994,1.5590471771415315,-2.096590002948978
https://hashdive.com/Analyze_User?user_address=0x2cae390139a498c18d05a866599460aeb509aaad,0.389999,3.128208,1.999994,1.564108692326077,-0.09354466635726229
https://hashdive.com/Analyze_User?user_address=0x215f9a7866147bf8c21a6098e4649ed02e34e206,0.389999,3.128209,1.999994,1.564109192327577,2.068301738242134
https://hashdive.com/Analyze_User?user_address=0xbe810522f5193f6d40b72c1c2e355ff7c549d081,0.369999,3.405409,1.999994,1.7027096081288244,-0.34861385869465183
https://hashdive.com/Analyze_User?user_address=0x59e527ccae6cd3be19ae8ab0112759f08908a641,0.389999,3.128209,1.999994,1.564109192327577,1.4736070316064827
https://hashdive.com/Analyze_User?user_address=0x80c0b86323ba5aa561aa34a07533f3103ecd3aad,0.389999,3.128209,1.999994,1.564109192327577,-2.91900896921582
https://hashdive.com/Analyze_User?user_address=0x6aa040dd0d8a2b2d00ad3fa4ae1f96a981c2afe2,0.389999,3.128209,1.999994,1.564109192327577,-9.582198302963846
https://hashdive.com/Analyze_User?user_address=0x5e30fd80ec55219b49ec6f4452954d4c17c5ac54,0.409999,2.878052,1.999994,1.439030317090951,-0.43996049059655257
https://hashdive.com/Analyze_User?user_address=0xb9d9c5c30af5b5c7fa888c385c0f8d2cdd7bb8c2,0.389999,3.128209,1.999994,1.564109192327577,-9.441960887921141
https://hashdive.com/Analyze_User?user_address=0xb3d205ba9bff8bd37e7e49b723fc260f599241af,0.389999,3.128209,1.999994,1.564109192327577,-2.2930433931124297
https://hashdive.com/Analyze_User?user_address=0xdaeb3a48716b8e123b25459ab1fffc2d48e63446,0.389999,3.128209,1.999994,1.564109192327577,-3.370188324273947
https://hashdive.com/Analyze_User?user_address=0x93c90537779d45f210c34e343b3d5feaefa58c74,0.389999,3.128209,1.999994,1.564109192327577,-0.7713801737155513
https://hashdive.com/Analyze_User?user_address=0xc9db765190fea8e985207ac6eac40f0b6c681def,0.389999,3.128209,1.999994,1.564109192327577,-2.197957432846837
https://hashdive.com/Analyze_User?user_address=0x377dd54057572b35146d20e9362b910d01677147,0.429999,2.651165,1.999994,1.3255864767594303,-0.5560833369046762
https://hashdive.com/Analyze_User?user_address=0xa4c49c3793a2f2f7c3a7dacae9ce94b7179df8ba,0.389999,3.128209,1.999994,1.564109192327577,-0.72515676119651
https://hashdive.com/Analyze_User?user_address=0x61e1fd9a6a630cda5f25e27e9f6f118415349461,0.389999,3.128209,1.999994,1.564109192327577,-3.7490137434727124
https://hashdive.com/Analyze_User?user_address=0x2bb06dc0a41df4fbc32ce21e69bed60f8c10d1d7,0.389999,3.128209,1.999994,1.564109192327577,-1.8987180888562638
https://hashdive.com/Analyze_User?user_address=0xeec401be668d3965ded76bb438a9e5163ad6ae94,0.389999,3.128209,1.999994,1.564109192327577,-0.5081865325540307
https://hashdive.com/Analyze_User?user_address=0x3b83d6633e462edd0ad280d1efb059c2529bed1d,0.369999,3.405409,1.999994,1.7027096081288244,-0.5573188372462086
https://hashdive.com/Analyze_User?user_address=0x9f45fde63a1b705775b0f9039e41ef7b2aef46b6,0.389999,3.128208,1.999994,1.564108692326077,-0.16579638424909882
https://hashdive.com/Analyze_User?user_address=0xbd63e94e517194fa47db109ea3f9159263ac9ea6,0.389999,3.128209,1.999994,1.564109192327577,-3.8738326835242756
https://hashdive.com/Analyze_User?user_address=0x932e2395eed8bd4353c2ea514caa9c8b1ba7d3de,0.389999,3.118085,1.999994,1.5590471771415315,5.7569401604482255
https://hashdive.com/Analyze_User?user_address=0x24b46ba31f0c11cf5f8d44980bc9108cc0e46712,0.379999,3.263161,1.999994,1.6315853947561842,4.169349536789741
https://hashdive.com/Analyze_User?user_address=0xb3005e73923bcfbbed13b1fa78a06071e8481b28,0.389999,3.128209,1.999994,1.564109192327577,-1.8317041366921512
https://hashdive.com/Analyze_User?user_address=0xb26ef834edb3cc23db7c9d7ff32f882124115808,0.389999,3.128208,1.999994,1.564108692326077,0.2193376804294023
https://hashdive.com/Analyze_User?user_address=0x3da064890ce292d4b88915fe14d542d202fcc9ac,0.389999,3.128209,1.999994,1.564109192327577,-1.0497988918778551
https://hashdive.com/Analyze_User?user_address=0xf2a778863c7797c281934fc206cf704d7ecea52f,0.389999,3.128209,1.999994,1.564109192327577,2.0783436060342506
https://hashdive.com/Analyze_User?user_address=0x89d2c9b67371f27cedc3276a551963677ffa924f,0.389999,3.128209,1.999994,1.564109192327577,-1.3978342795716938
https://hashdive.com/Analyze_User?user_address=0x7504ae564c4236f565b9024882e7f0c2e0e4ca92,0.429999,2.651165,1.999994,1.3255864767594303,-0.3713382690908395
https://hashdive.com/Analyze_User?user_address=0xe66a95b9e4c6df2e687bad3d0ecdfb8e5bf3e24b,0.389999,3.128209,1.999994,1.564109192327577,-1.290001321738132
https://hashdive.com/Analyze_User?user_address=0xe5996a1564269a2b95e459245ddaadc0f3b78e25,0.389999,3.128209,1.999994,1.564109192327577,-1.8057075981397497
https://hashdive.com/Analyze_User?user_address=0x9bea3994c41f9062bdc561aa6dff33674ba6ea5c,0.389999,3.128209,1.999994,1.564109192327577,-1.2474930777977706
https://hashdive.com/Analyze_User?user_address=0x9780b9a0e621756cffe52a873238f6cfe3b8f041,0.419999,2.761908,1.999994,1.3809581428744286,1.505654315974145
https://hashdive.com/Analyze_User?user_address=0x54e41c2e588b411842010a35ab94f52369fb5384,0.369999,3.405409,1.999994,1.7027096081288244,8.623744370027751
https://hashdive.com/Analyze_User?user_address=0x71b6414cc8b5c9ba575a33f545823b8e1fefe44f,0.389999,3.128209,1.999994,1.564109192327577,0.15712868145426248
https://hashdive.com/Analyze_User?user_address=0x00822c1a797fc0660388b34bacf449b7f9215f7d,0.389999,3.128209,1.999994,1.564109192327577,1.4554649286720565
https://hashdive.com/Analyze_User?user_address=0x3d2e6a3c755a79da895ebec3211cf0fc90f3a719,0.389999,3.128209,1.999994,1.564109192327577,-3.2618907876748655
https://hashdive.com/Analyze_User?user_address=0xc4d26d42eee7d5c8d513de2be396bd999a96e607,0.389999,3.128209,1.999994,1.564109192327577,2.7381775568637137
https://hashdive.com/Analyze_User?user_address=0xae761ca4773a92c55e60acad3a1214cc4ce8293f,0.389999,3.128209,1.999994,1.564109192327577,-1.492557222208419
https://hashdive.com/Analyze_User?user_address=0xb1f69df47cb24d336769ef0ce36b820969891766,0.389999,3.128209,1.999994,1.564109192327577,-1.3683693496534874
https://hashdive.com/Analyze_User?user_address=0x0dbb414923c001eddd28ec6c542ede64691f4ce8,0.389999,3.128209,1.999994,1.564109192327577,-1.6465869669846205
https://hashdive.com/Analyze_User?user_address=0xa08f955fdfb850f740ca4056ca90581990b55f95,0.389999,3.128209,1.999994,1.564109192327577,-1.6085512167781046
https://hashdive.com/Analyze_User?user_address=0xf97ccf1c1f8025feb1a9e7d368ea7e6e3a845cba,0.389999,3.128209,1.999994,1.564109192327577,-5.829285259103173
https://hashdive.com/Analyze_User?user_address=0xf5c2e85aa9754a54238d2eb39301e843e0e14992,0.389999,3.128209,1.999994,1.564109192327577,0.8068716717926233
https://hashdive.com/Analyze_User?user_address=0x3daf62ed6466512366450bda51c4d98b3f4cb1d2,0.684962,0,1.999993830282,0,5.123684429929861
https://hashdive.com/Analyze_User?user_address=0x39fdbfa302c06a4814d0f63e0740b6299099003d,0.504949,-1.999993,1.999993,-1,-8.31978352605502
https://hashdive.com/Analyze_User?user_address=0x5c42600fc0f40db9a3f2056643c02b988f6ec4ca,0.573113,1.489707,1.999992,0.7448564794259177,-2.6851538396472794
https://hashdive.com/Analyze_User?user_address=0x4f5cb7b3b56c694dff3a57462ebba16fbca73b9c,0.874431,0.284017,1.999984,0.14200963607708864,-0.440419900871794
https://hashdive.com/Analyze_User?user_address=0x2f14dcc62c3560e6c3de6d83a5c10dedec1468c5,0.39,3.1232,1.9968,1.5641025641025643,5.19285703394159
https://hashdive.com/Analyze_User?user_address=0xf01ebc9b965a14c1dae6c0af94c1f5bfdf32b9d6,0.5,-1.98707,1.987071,-0.9999994967467191,-0.0674372635338186
https://hashdive.com/Analyze_User?user_address=0xebc8bd4993ee8c64e5bbb038b3ee6b7c05fffb33,0.389999,3.096927,1.979995,1.5641084952234727,1.0408702040615994
https://hashdive.com/Analyze_User?user_address=0xb5a0653a2e0600bb004777eee19592c78d5d815a,0.389999,3.065645,1.959995,1.5641085819096479,0.5118074579491875
https://hashdive.com/Analyze_User?user_address=0xf3c1d20253731870c9d4f557c8572e75a48cd2e9,0.67017,0.015545,1.9576376080200002,0.007940693382838395,-3.1151104839953314
https://hashdive.com/Analyze_User?user_address=0x86deefa1474690024234d6b7cc63521ad3e51820,0.39,3.05,1.95,1.564102564102564,-10.703128614538402
https://hashdive.com/Analyze_User?user_address=0xf7db8086c733e6d0f6d738c6a72c2429fda965af,0.39,3.05,1.95,1.564102564102564,2.1532538832832375
https://hashdive.com/Analyze_User?user_address=0x4d6199f33f075dbd3a73918b83cfba89fbedb2c2,0.39,3.05,1.95,1.564102564102564,0.7008991420189574
https://hashdive.com/Analyze_User?user_address=0xb1d4aa03edbcadb2315e8b18534ab5b66c4a81f0,0.699999,0,1.899995385717,0,0.36809654545132403
https://hashdive.com/Analyze_User?user_address=0xea68984a0477f2dd882d074e4242c217df2cb219,0.5,-1.869932,1.869933,-0.9999994652214811,-0.2058680734727708
https://hashdive.com/Analyze_User?user_address=0x097401b51e70d1326f22df5d229f7d37c2f6be1b,0.5,-1.845365,1.845366,-0.9999994581020784,-0.12304267012891064
https://hashdive.com/Analyze_User?user_address=0x9e520286c5690152df939c0efd377f243d215535,0.36,3.195,1.8,1.775,-0.9333404608787249
https://hashdive.com/Analyze_User?user_address=0xcaf6201cf281f319015e3487d0f76dae57f1f2b9,0.36,3.2,1.8,1.777777777777778,5.763180194865779
https://hashdive.com/Analyze_User?user_address=0xf1d974149e79becc145436d021a289f80a9c25aa,0.669999,0,1.799996533434,0,8.392977229461234
https://hashdive.com/Analyze_User?user_address=0x83a4785b5452a48995cd1b56fd552acd44f589c6,0.389999,2.768465,1.769995,1.5641089381608422,1.253568346877965
https://hashdive.com/Analyze_User?user_address=0x73ef9f2786c45874d87275077ad8bc50a60a7b1d,0.5,-1.748738,1.748738,-1,-0.08423121316244639
https://hashdive.com/Analyze_User?user_address=0x51e9afb52a1c1d8dbd94892048f00806c888a50e,0.369999,2.911625,1.709995,1.702709657045781,4.680031062008647
https://hashdive.com/Analyze_User?user_address=0xc96e277693976af9e19516c18e6a9a1e7af31269,0.7,0,1.699999,0,-9.732448728620133
https://hashdive.com/Analyze_User?user_address=0x3cbf0e82655ed5cb44ba807efc66b9e6aae19665,0.379999,2.626845,1.609995,1.6315858123782991,-0.22139744553803076
https://hashdive.com/Analyze_User?user_address=0x33bde1fbc672ac3e083b2128610d0c2706255bda,0.5,-1.604053,1.604054,-0.9999993765795914,0.009759749228297587
https://hashdive.com/Analyze_User?user_address=0x9466dc476ee93a844dfc3c58d345abe847f66f7d,0.669999,0,1.5999964719420001,0,6.283031024718257
https://hashdive.com/Analyze_User?user_address=0x39622aa4bfda51dc8e7e2748da47fb892008a181,0.379999,2.610529,1.599995,1.6315857237053866,-0.22736788154066864
https://hashdive.com/Analyze_User?user_address=0xdbffc2f67545f4981ee954e075daea045fad87e4,0.7,0,1.54,0,-0.548362069937497
https://hashdive.com/Analyze_User?user_address=0x2970f9c3533d95a4494e2848edffca824da8248f,0.379999,2.512634,1.539995,1.6315858168370676,-0.16535728551300682
https://hashdive.com/Analyze_User?user_address=0xe8730c9e5ee5b5d3747ecf3f0544642837c35ad9,0.699999,0,1.529996914287,0,-10.765628917679278
https://hashdive.com/Analyze_User?user_address=0x8a4949e2c0c05c3c07503791a1149f7342a01886,0.699999,0,1.4999970571440002,0,2.799051517618551
https://hashdive.com/Analyze_User?user_address=0xdbadfa077fa1a61a17ba69979888bf1bd15d0c4d,0.699999,0,1.4999970571440002,0,6.72810980277991
https://hashdive.com/Analyze_User?user_address=0x0f985262b19c1b6b75515d0088ed32730da3e49a,0.699999,0,1.4999970571440002,0,-2.385573493192152
https://hashdive.com/Analyze_User?user_address=0x483d98d5a23af7a0b7835bb1a00a12817cfb9b92,0.669999,0,1.499996441196,0,-3.7919596260035444
https://hashdive.com/Analyze_User?user_address=0x15e7eae63f3faef6808b6f3cbb49db99d64410cd,0.469999,1.691491,1.499996,1.1276636737697967,-0.9141711159055937
https://hashdive.com/Analyze_User?user_address=0xbd71a789a44d86bdbf1c3958ff69527af1443756,0.669999,0,1.499995771197,0,0.9566922863490486
https://hashdive.com/Analyze_User?user_address=0x868d30cb655c48d3bba470eddef7a4a4c8e1befe,0.409999,-0.035996,1.479996,-0.02432168735591177,-0.028231737661876356
https://hashdive.com/Analyze_User?user_address=0x09e89f159aa5483a353447262ae6b940103d39dc,0.419999,2.043812,1.479996,1.3809577863723954,-0.04277319108332221
https://hashdive.com/Analyze_User?user_address=0x5bf92d1d428388e60c957735ce8c42486f44cf5b,0.5,-1.430798,1.430799,-0.9999993010898107,-0.2647854581564049
https://hashdive.com/Analyze_User?user_address=0x76526f56da4803e9a1b67ca20418e4b74d28f04d,0.689999,0,1.4199972420300002,0,-0.061265570764709745
https://hashdive.com/Analyze_User?user_address=0x5b6d502114857242daf285195731297fbd4f3ddd,0.409999,2.029027,1.409996,1.4390303234902795,-0.25824995936087386
https://hashdive.com/Analyze_User?user_address=0xba86312cec25807bcc6fc9b0a232639f1119a1d1,0.689999,0,1.399996931016,0,5.590353057449175
https://hashdive.com/Analyze_User?user_address=0x79110f8125de031ca5ba8e81eb136da19113a51c,0.699999,0,1.389997114287,0,10.747288088709762
https://hashdive.com/Analyze_User?user_address=0x320f8ffe612e616057bbb3788742242868e91420,0.69,0,1.38,0,-0.08535670832360905
https://hashdive.com/Analyze_User?user_address=0x3a7a27254a0b0957f5a5f4350034187fa1a0b50a,0.409999,1.985856,1.379996,1.439030258058719,-0.11783565747871234
https://hashdive.com/Analyze_User?user_address=0x74537ddd092178981e39e6d2e9fc6a4818998e53,0.389999,2.142823,1.369996,1.5641089463034927,0.20985099684917774
https://hashdive.com/Analyze_User?user_address=0x51e3352b478d92c857d5075349082cf179822548,0.669999,0,1.349997065076,0,0.08512782973430179
https://hashdive.com/Analyze_User?user_address=0x9ddcd4fcf062fd56fb32020791f1fa904d98ba89,0.519999,1.236925,1.339997,0.9230804248069212,-0.003975089043327067
https://hashdive.com/Analyze_User?user_address=0xaf4cb75f2683a453cbc6947fc1e50581c548865c,0.7,0,1.299998,0,-0.6884419020628029
https://hashdive.com/Analyze_User?user_address=0x6a562d7f4bce765ecb6408602b2d21860ec2fcc7,0.469999,1.465959,1.299997,1.1276633715308573,-0.0007723905686960546
https://hashdive.com/Analyze_User?user_address=0x842b4c3c51e149a4437984d76948aa14c7f02e56,0.469999,1.465959,1.299997,1.1276633715308573,-0.0012563244190712762
https://hashdive.com/Analyze_User?user_address=0x59d6cbda8b3682eb6e34ee15fdf15c1088bddd0f,0.479999,1.408335,1.299997,1.083337115393343,-0.002041469587249263
https://hashdive.com/Analyze_User?user_address=0xe9d0c3e8bc2d5d7e07f07ae20815fd2d61e3c4b4,0.679999,0,1.299996248238,0,-0.8145688814680718
https://hashdive.com/Analyze_User?user_address=0x69dd66624eab2933c732c54cace8131990996fe8,0.389999,2.033335,1.299996,1.5641086587958735,-0.37166353009158515
https://hashdive.com/Analyze_User?user_address=0x7f67fc4841a5e81659524693fcdd721bb39d8ab8,0.379999,2.088423,1.279996,1.6315855674548985,-0.38209290831059817
https://hashdive.com/Analyze_User?user_address=0xfb02f3c4b0e0a049e49e15e97c79d5d86c490f3f,0.699999,0,1.2699962857170002,0,-7.835746301697729
https://hashdive.com/Analyze_User?user_address=0x688e824da887141c10775e2038c9becbb48687fb,0.45,1.54,1.26,1.2222222222222223,-1.0568855832132167
https://hashdive.com/Analyze_User?user_address=0x12c932ea442aaf1b99677427c89651db65c060f8,0.409999,0.334403,1.249996,0.2675232560744194,-0.16495258022462306
https://hashdive.com/Analyze_User?user_address=0x52954380a9a360d146d409709748c14bb10f2566,0.539999,-1.239997,1.239997,-1,6.469778226183392
https://hashdive.com/Analyze_User?user_address=0xb7a69352b0558aebb67f8af25cf7a07a7d0bf48b,0.55,-1.21,1.21,-1,-1.7749296992182737
https://hashdive.com/Analyze_User?user_address=0xc19b52aa14c9377246a93a61ac62a8a6f9ba33b3,0.48,1.3,1.2,1.0833333333333335,-0.0033732694472792236
https://hashdive.com/Analyze_User?user_address=0xae372d2fa608b73a272e218d9242e4a3945d65a5,0.669999,0,1.199997018957,0,0.11062466992869531
https://hashdive.com/Analyze_User?user_address=0xdf94a23cb5c141df61a3295aa6fe0a06db88d7cd,0.699999,0,1.199996385717,0,-8.818661603892714
https://hashdive.com/Analyze_User?user_address=0xbccba5b3802e6a00b1eb4ebde5cfeb8466dc1442,0.669999,0,1.1999963489580001,0,0.3710307577393004
https://hashdive.com/Analyze_User?user_address=0x513e49345c6bd41c77f74053ad1a65d0b8f0d5b4,0.7,0,1.139999,0,3.823295488496708
https://hashdive.com/Analyze_User?user_address=0x302127ee364cade458adddfa571e1baeb99c41bf,0.699999,0,1.129996485717,0,7.485373615780087
https://hashdive.com/Analyze_User?user_address=0x4b574547d7b9f3cd0414ed6215a49a4623d0cf49,0.4,1.68,1.12,1.4999999999999998,-0.006361005998841915
https://hashdive.com/Analyze_User?user_address=0xbb7ef1aa9af943b1329200a9bc6bfc927a4edcb6,0.679999,0,1.119996432944,0,-4.889769410154581
https://hashdive.com/Analyze_User?user_address=0x312d268ab4d1823684d6838f24a3c96da7d66814,0.11,-1.1,1.1,-1,9.07990473284774
https://hashdive.com/Analyze_User?user_address=0x9eb0809f0bc1affd777620933301362d7882165c,0.699999,0,1.0999966285740002,0,0.7395594569936212
https://hashdive.com/Analyze_User?user_address=0xdbe2a625f0452020e0b0ec158a19fa88902fe2ad,0.48,1.1375,1.05,1.0833333333333333,-0.005508566136650287
https://hashdive.com/Analyze_User?user_address=0x3fdc6c207f657e2959ad3a709bcefb97aeffe35f,0.48,0,1.05,0,-8.17885162836576
https://hashdive.com/Analyze_User?user_address=0x940db029667924a55e93a19b7e98749d05258971,0.549999,0,1.049996,0,-25.22398136479501
https://hashdive.com/Analyze_User?user_address=0x26d6362b23a1bec88264596f5371b2bf0a678778,0.679999,0,1.029996525297,0,-5.33891413589936
https://hashdive.com/Analyze_User?user_address=0xfbd7ca973c0f295087562ab29cfd4983d5977787,0.9,0.114444,1.029996,0.11111111111111112,0.06020771210627573
https://hashdive.com/Analyze_User?user_address=0xfc25f141ed27bb1787338d2c4e7f51e3a15e1f7f,0.38,0.324,1.026,0.3157894736842105,1.154352518019062
https://hashdive.com/Analyze_User?user_address=0x90245a5f1e0e96896addf10a50a1e87748d066e7,0.389999,1.595386,1.019997,1.5641085218878095,-0.0038008004432922996
https://hashdive.com/Analyze_User?user_address=0x6b6c98556b4e220f00bf55becff5f6150d12593c,0.669999,0,1.009997362539,0,4.095398935996262
https://hashdive.com/Analyze_User?user_address=0x6b6c98556b4e220f00bf55becff5f6150d12593c,0.519999,0.932308,1.009997,0.923079969544464,4.095398935996262
https://hashdive.com/Analyze_User?user_address=0x91268d0ccda62dca52fbf88ac85d303cd880a984,0.479999,0,1.009997,0,10.466152668035136
https://hashdive.com/Analyze_User?user_address=0x7f7416d8c95d9499d0fd212fc87febbbbab8c875,0.05,-1,1,-1,-7.718834383058116
https://hashdive.com/Analyze_User?user_address=0x886e8ceec740852b22a1d22e595847343bb097c0,0.4,1.5,1,1.5,-1.4169247927612851
https://hashdive.com/Analyze_User?user_address=0x17efcd18e38297aa00ec7b4a59576f01c72c1567,0.4,1.5,1,1.5,11.11751268537797
https://hashdive.com/Analyze_User?user_address=0xfe5901db56d4d6116e66cbeb9d7d4599fe036fb4,0.5,1,1,1,-11.255355860416854
https://hashdive.com/Analyze_User?user_address=0x064ec9cb9e994ba67a787e10e1bae4fc3a854347,0.64,0,1,0,0.10807742391702811
https://hashdive.com/Analyze_User?user_address=0xa288c993bd896b55b92bed19ffc7a357b653fae1,0.4,1.5,1,1.5,2.829601930731574
https://hashdive.com/Analyze_User?user_address=0xa7e5e835e5a616a00afe299966527e3b47a81a9f,0.4,1.5,1,1.5,3.7416831391442855
https://hashdive.com/Analyze_User?user_address=0x886e8ceec740852b22a1d22e595847343bb097c0,0.4,1.5,1,1.5,-1.4169247927612851
https://hashdive.com/Analyze_User?user_address=0x013ec08a4000808954992839bd3a9599365cb26f,0.4,1.5,1,1.5,5.693088890105056
https://hashdive.com/Analyze_User?user_address=0x4d58ddf2a558c0da65dc1230c0627968538fa321,0.4,1.5,1,1.5,-1.4527968744173543
https://hashdive.com/Analyze_User?user_address=0x953a9dcb55610bd8ff2c2475261bf9610113f4d2,0.4,1.5,1,1.5,-5.599793331393964
https://hashdive.com/Analyze_User?user_address=0xf757d69d55402a7eb09732d1dce22ed3bc6faea1,0.5,1,1,1,-8.856632722569715
https://hashdive.com/Analyze_User?user_address=0x5197a61e34d612919fa2b0a6a0919e9d1d04592d,0.001,-1,1,-1,-0.049751387991249285
https://hashdive.com/Analyze_User?user_address=0x25ff54a7061c921c0a10f6c006f2fdc6c7e17977,0.5,0,1,0,-0.6347054837516021
https://hashdive.com/Analyze_User?user_address=0x5f0fa48dacf786e0b1fb3ed5528f6ea22527558e,0.5,1,1,1,-13.947869476757448
https://hashdive.com/Analyze_User?user_address=0x21bd5b6a25c53dc90b53a52b39f6ad2158ffae93,0.4,1.5,1,1.5,-4.636869897134256
https://hashdive.com/Analyze_User?user_address=0x99348744a21404ee8e975e3897ac8f533463422b,0.5,1,1,1,-15.899828824047603
https://hashdive.com/Analyze_User?user_address=0xb7c04b1fd047bd600f73339753bebbfaf31c9673,0.8,0.2,1,0.2,-6.190226640817139
https://hashdive.com/Analyze_User?user_address=0x9300d49363ae84628f51f5e81e82d7a433a1557c,0.4,1.5,1,1.5,2.865043790582501
https://hashdive.com/Analyze_User?user_address=0x42f7776f270c4141e0c64dbc24f89d94959edb09,0.4,1.5,1,1.5,-0.007755691202572319
https://hashdive.com/Analyze_User?user_address=0x0231a4c6e0c15f165fcd2cb46262a959a5429143,0.5,1,1,1,-1.5836231026429435
https://hashdive.com/Analyze_User?user_address=0x92415f8e20f7f6fdf911358a66ba667ffd4b4a08,0.66,0,0.9999990000000001,0,17.112848801281903
https://hashdive.com/Analyze_User?user_address=0x822234367d8d4b01f5a6240a2d75c3ba17c90a46,0.66,0,0.9999990000000001,0,-1.339789984134433
https://hashdive.com/Analyze_User?user_address=0xb0d22393541f4f2bf24aa586a298a8f585b34882,0.66,0,0.9999990000000001,0,-7.598234699903006
https://hashdive.com/Analyze_User?user_address=0xf73933c51447d23068aa38f90dbe7922a718ef3b,0.66,0,0.9999990000000001,0,-11.552037398303984
https://hashdive.com/Analyze_User?user_address=0xea372559e10c97f34327cb4cfe4c95ed59d312c5,0.66,0,0.9999990000000001,0,0.35969575356128136
https://hashdive.com/Analyze_User?user_address=0xcd52e0c911283def64bda4dbf78ecc0089e6bb59,0.66,0,0.9999990000000001,0,-1.453879019882636
https://hashdive.com/Analyze_User?user_address=0x36c552c7a3ad1cecb61d038596f4282bcd230c81,0.66,0,0.9999990000000001,0,8.193578478849885
https://hashdive.com/Analyze_User?user_address=0x782511d0e003e351925695540bdd8df0a8755c7f,0.66,0,0.9999990000000001,0,3.5048182204726257
https://hashdive.com/Analyze_User?user_address=0xe178400ed87941804347b24901ca57beb473833a,0.66,0,0.9999990000000001,0,-0.2123655326626292
https://hashdive.com/Analyze_User?user_address=0x6ae8e62e61ffd999cde114a888e723f7659e1c97,0.66,0,0.9999990000000001,0,5.717287798851881
https://hashdive.com/Analyze_User?user_address=0x95889a34a3f9faa573f4b8840f27d08d42c2480b,0.66,0,0.9999990000000001,0,1.7696761314776508
https://hashdive.com/Analyze_User?user_address=0xc326e4061126dad887a2a7469c1a1be2e2579447,0.66,0,0.9999990000000001,0,-3.0825783169674987
https://hashdive.com/Analyze_User?user_address=0x2be895ff10d00ae6b68448de538e16bcee9f68ce,0.66,0,0.9999990000000001,0,8.854585516899236
https://hashdive.com/Analyze_User?user_address=0x74b7d07a85f28274d0ea07fa2486e1fc15b52068,0.66,0,0.9999990000000001,0,3.0350193417828493
https://hashdive.com/Analyze_User?user_address=0x0b3306b2b673cdf4882c19a47e67229e11ce72ca,0.66,0,0.9999990000000001,0,-2.097970666353285
https://hashdive.com/Analyze_User?user_address=0xe776e068c0aa9a9331f4114b9ae1ca0cbf5d3cf2,0.66,0,0.9999990000000001,0,-2.2018859639675816
https://hashdive.com/Analyze_User?user_address=0x8fb60631d291356486c69f86c7718399d17f2d37,0.66,0,0.9999990000000001,0,-5.414374338439476
https://hashdive.com/Analyze_User?user_address=0xbe34ee8d5913bf65e0e01d60f859cc6b8f0ff37b,0.66,0,0.9999990000000001,0,0.00395241792706692
https://hashdive.com/Analyze_User?user_address=0x4a3abbc6fb883a9914ca8c3d8194e488357a14df,0.66,0,0.9999990000000001,0,3.6639512590737002
https://hashdive.com/Analyze_User?user_address=0xf3ad4b73e76a03ebebcd7a1c27fe2cd1b864ac69,0.66,0,0.9999990000000001,0,-2.3950244073600984
https://hashdive.com/Analyze_User?user_address=0x2bfc9c92b7662d1553790d1c6cba7ad4707894b3,0.54,0.851851,0.999999,0.8518518518518519,9.23360563462139
https://hashdive.com/Analyze_User?user_address=0x932e2395eed8bd4353c2ea514caa9c8b1ba7d3de,0.54,0.851851,0.999999,0.8518518518518519,5.7569401604482255
https://hashdive.com/Analyze_User?user_address=0xd830b5b735ebf082ec38b7e4aedd50cd2e65b40a,0.6,0.666666,0.999999,0.6666666666666666,-0.3822321308948956
https://hashdive.com/Analyze_User?user_address=0x4172f1fefbeb5103f6fd75be0b3d73719baf944f,0.74,0.351351,0.999999,0.35135135135135137,-14.378981140643813
https://hashdive.com/Analyze_User?user_address=0x8e7e7908032cf3b1f86cb2c59c83044dc98b220c,0.78,0,0.999999,0,4.401542405492036
https://hashdive.com/Analyze_User?user_address=0xcbc8b30f50343b5866d6c1283fe833c955dc5af6,0.63,0.587301,0.999999,0.5873015873015873,0.32956608364219797
https://hashdive.com/Analyze_User?user_address=0x6e905cb4e634b7a4c3a7a27f8239e649ae56f315,0.78,0,0.999999,0,4.984838110108189
https://hashdive.com/Analyze_User?user_address=0xa9f507e3e9f432fbfafe7041b8fc4f0adb3900e0,0.78,0,0.999999,0,3.6050464251792045
https://hashdive.com/Analyze_User?user_address=0x461327ffb82e2f9bf3dcfd0706c27c1cd71b0845,0.84,0,0.999999,0,-1.5662935707592092
https://hashdive.com/Analyze_User?user_address=0x3217a227301b205ee72716be0d8971944e3f5a90,0.54,0.851851,0.999999,0.8518518518518519,-0.3986492181082556
https://hashdive.com/Analyze_User?user_address=0xbd63e94e517194fa47db109ea3f9159263ac9ea6,0.54,0.851851,0.999999,0.8518518518518519,-3.8738326835242756
https://hashdive.com/Analyze_User?user_address=0x6bcff9d40b2539fc1bf08f9771435bb182879c79,0.78,0.28032,0.999999,0.28032028032028034,-3.5432997462476843
https://hashdive.com/Analyze_User?user_address=0x55b0a5adef8955cc02447e9b3d517aa8d7a76b85,0.54,0,0.999999,0,0.2672068022601615
https://hashdive.com/Analyze_User?user_address=0x8d3aa4d556e7d5a49a6a9b32cb86fa36083e3be9,0.99,0.010101,0.999999,0.010101010101010102,0.05313170485683375
https://hashdive.com/Analyze_User?user_address=0x16b5b0dad079a94712f6ee156c27c9a1027e6fb6,0.54,0.851851,0.999999,0.8518518518518519,-0.11751811523775586
https://hashdive.com/Analyze_User?user_address=0x748435624f9db3d79f2491dd0c6545158a157eec,0.54,0.851851,0.999999,0.8518518518518519,-1.429015463645984
https://hashdive.com/Analyze_User?user_address=0xf223d484196c653c34e724b5a24fc9880c8cf49c,0.63,0.587301,0.999999,0.5873015873015873,-0.3541350636664814
https://hashdive.com/Analyze_User?user_address=0x8df88fa98e74f25682e32f75b7c8528bbce9abbc,0.54,0.638801,0.999999,0.6388016388016388,-3.8102105492706704
https://hashdive.com/Analyze_User?user_address=0xe73225424923ca1858af480d5bd0c884716a1a3a,0.77,0,0.999999,0,-2.968484397221682
https://hashdive.com/Analyze_User?user_address=0xe224bc0a4f5835b6bf72dddbabf08760144bb498,0.54,0.851851,0.999999,0.8518518518518519,-2.1489035705763833
https://hashdive.com/Analyze_User?user_address=0x75adddefa692a8bef12ac98e4932ecfc3406097a,0.63,0.585721,0.999999,0.5857215857215858,-1.2551670783929958
https://hashdive.com/Analyze_User?user_address=0x780a38736af146365583d5599ac1a5b168411ed9,0.54,0,0.999999,0,-0.2111216761954984
https://hashdive.com/Analyze_User?user_address=0xac1827e8e37718956e2bdaa3313710f047c4cdc3,0.55,0,0.999999,0,-0.9521993417072214
https://hashdive.com/Analyze_User?user_address=0x18440905ede98ac553591ba4cb774cdb2af3a2d5,0.75,0,0.999999,0,22.13080415661588
https://hashdive.com/Analyze_User?user_address=0x606aeffb9f86844eb21b120ad2075c0cab8c8aa8,0.55,-0.999999,0.999999,-1,-6.656812215170672
https://hashdive.com/Analyze_User?user_address=0xac77ffd28ac31fadee5f78bf4cbbc2a2a584bbfb,0.75,0,0.999999,0,-0.0011093215047086563
https://hashdive.com/Analyze_User?user_address=0x5c1c47e60ae278bb959c946dba58864d8607e554,0.9,0,0.999999,0,-0.009688005745461834
https://hashdive.com/Analyze_User?user_address=0x82cd30827d698ad32b09570b9312c368d20a676c,0.78,-0.0768,0.999999,-0.07680007680007679,-1.912810873785467
https://hashdive.com/Analyze_User?user_address=0xe0597341522567c6d0106482faf5923e75813fe8,0.7,0,0.999999,0,-0.013959836998108356
https://hashdive.com/Analyze_User?user_address=0xd03fc218c3dca76a1d4f8d5ae9963659df58ae7e,0.74,0.351351,0.999999,0.35135135135135137,-3.828724927863524
https://hashdive.com/Analyze_User?user_address=0x9a89c4ade395eeab84e17778a01f4e7397e32024,0.99,0,0.999999,0,-0.0061469942841501785
https://hashdive.com/Analyze_User?user_address=0x5a65238bc81adc5ef03934552801e29ef723cb3c,0.55,-0.999999,0.999999,-1,-2.660399151323783
https://hashdive.com/Analyze_User?user_address=0x4dc6eba22545cdb705e3f1287c28e4833d6e949a,0.55,-0.999999,0.999999,-1,-0.8078690032445459
https://hashdive.com/Analyze_User?user_address=0xb23d87c93815980f071faa69aaf37086783ae7e3,0.99,0.010101,0.999999,0.010101010101010102,0.04318139416415668
https://hashdive.com/Analyze_User?user_address=0x62af7c2315a1b266d95f0f90472d846f66826321,0.55,0.818181,0.999999,0.8181818181818182,-11.257065115867501
https://hashdive.com/Analyze_User?user_address=0x209330394512ab6944364ce3d53926cc27ae04e7,0.54,0.851851,0.999999,0.8518518518518519,0.03408116183681141
https://hashdive.com/Analyze_User?user_address=0xdade2a871d7ac93759b1a42893904bc528618757,0.55,0,0.999999,0,0.09144891161520356
https://hashdive.com/Analyze_User?user_address=0x0b8526818f5d93642f02a482214556e0a91bd796,0.63,0.58302,0.999999,0.583020583020583,-3.5782220907493683
https://hashdive.com/Analyze_User?user_address=0x189b5b718911888c7608eb4b03619d7d7b978a84,0.55,0,0.999999,0,-3.023564823901916
https://hashdive.com/Analyze_User?user_address=0xf7a66ef9238e3fb259b22ce43ea436ff7a5b3c3a,0.55,-0.999999,0.999999,-1,-14.217194691367292
https://hashdive.com/Analyze_User?user_address=0xde245d79d4af1ac0ba8184a828dc066a97f738e5,0.75,0,0.999999,0,4.058125737697032
https://hashdive.com/Analyze_User?user_address=0x579fe501294be6775f3907b470ed48cbd0fd5366,0.55,-0.999999,0.999999,-1,-2.0261160005970407
https://hashdive.com/Analyze_User?user_address=0x80f9fdf81ed5089cc017d6ebe40bdc0a2ff43ab9,0.55,-0.999999,0.999999,-1,3.834704241205986
https://hashdive.com/Analyze_User?user_address=0x6e4c9917aece9fe25329b8bc8fdc6c34402e3bb8,0.55,0,0.999999,0,0.0987161707626964
https://hashdive.com/Analyze_User?user_address=0x08ecb33bb1a46420c07e9973724e6a2baa194b2e,0.54,0.851851,0.999999,0.8518518518518519,-0.7219471239293141
https://hashdive.com/Analyze_User?user_address=0xd9200ec7141a8c511a58ca8b2c266ed45fc6decd,0.75,0,0.999999,0,1.5388602109044636
https://hashdive.com/Analyze_User?user_address=0x7bc85f90ac5a408b02b0801aafc50915efebcbb7,0.74,0,0.999999,0,-9.459157747560154
https://hashdive.com/Analyze_User?user_address=0x18ff460cc886cba6e3396e87e875c17ad29a57bc,0.78,0.282051,0.999999,0.28205128205128205,-1.153455174285485
https://hashdive.com/Analyze_User?user_address=0x3adf32861742f0cb0d8a3ac1fdd330c0ee4d9ac5,0.75,0,0.999999,0,-0.5208534244210817
https://hashdive.com/Analyze_User?user_address=0x5daa4f22503bda18ea55f017085a598a920c56d4,0.54,0.851851,0.999999,0.8518518518518519,-0.5451936194718883
https://hashdive.com/Analyze_User?user_address=0xfd0a320b1e00dad0c0481c190a4fc14f01cab390,0.74,0,0.999999,0,9.73693307792022
https://hashdive.com/Analyze_User?user_address=0x81da55146623c069cb87691345761e8fe5b5421b,0.74,0,0.999999,0,8.532762546745893
https://hashdive.com/Analyze_User?user_address=0xfe21db163c111e11a40697b86ea09938c18bf7de,0.75,0,0.999999,0,5.704473060827178
https://hashdive.com/Analyze_User?user_address=0xdc8ddd7e505cf10ec4929c51a8b093234c9dc207,0.7,0,0.9999989999999999,0,-0.20934007324266207
https://hashdive.com/Analyze_User?user_address=0xff599cade2fc7e94821426615160db60f9c7c9e5,0.7,0,0.9999989999999999,0,1.1418478081617165
https://hashdive.com/Analyze_User?user_address=0xd505a2b8fd3df89168112627f2a2ecd3a85bf211,0.7,0,0.9999989999999999,0,1.7313344615167134
https://hashdive.com/Analyze_User?user_address=0x54368008e9598d1b061bd6e1709b0703b14032e9,0.7,0,0.9999989999999999,0,4.017280442238626
https://hashdive.com/Analyze_User?user_address=0xbd9f14d305863f3158d1ea1485b22fa46a16ef72,0.7,-0.0142,0.9999989999999999,-0.014200014200014204,-41.27051500176318
https://hashdive.com/Analyze_User?user_address=0x09fc877d0f2065b37c5cb5aafc0e66602c7d4cd4,0.7,0,0.9999989999999999,0,3.6507544030817924
https://hashdive.com/Analyze_User?user_address=0xf18e4b8f1607f12710c36594f32b90146331ce27,0.7,0,0.9999989999999999,0,10.99217628246559
https://hashdive.com/Analyze_User?user_address=0x5f0f5d615cce899db0c69db576ba20379e8bf6bc,0.7,0,0.9999989999999999,0,0.06958074528165285
https://hashdive.com/Analyze_User?user_address=0x461ab6289e3a5ed396eaececf1d37be025786c70,0.7,0,0.9999989999999999,0,0.35482162512839843
https://hashdive.com/Analyze_User?user_address=0x0206383419d6d0b5b53bdb61a7626fb9ee60283b,0.7,0,0.9999989999999999,0,-1.6196520580405338
https://hashdive.com/Analyze_User?user_address=0x002cf9104c2de73782259f0fcc3285018b3d03b9,0.7,0,0.9999989999999999,0,2.852015884975441
https://hashdive.com/Analyze_User?user_address=0x6f64bb4af0b90034328df83985ec32db8eaa6ae6,0.7,0,0.9999989999999999,0,0.14777361537294043
https://hashdive.com/Analyze_User?user_address=0x9084c67299f95dcba161757d67567dc31a30db1b,0.7,0,0.9999989999999999,0,0.3752134965063736
https://hashdive.com/Analyze_User?user_address=0xec9b2af139b886e3a415dfc5f0d258eb63e30b1f,0.7,0,0.9999989999999999,0,1.711000855438464
https://hashdive.com/Analyze_User?user_address=0xd960d6c461ecb71cf1eb4da59b028cbbdd0b40a2,0.7,0,0.9999989999999999,0,2.2180872759081134
https://hashdive.com/Analyze_User?user_address=0xa4181dcb2c79bf98f1ebaa1773f08e5881d6e15d,0.7,0,0.9999989999999999,0,-0.9973875937224532
https://hashdive.com/Analyze_User?user_address=0x6db06fb4e1c8a8070c7cba241cb371bcd74fdfe3,0.7,0,0.9999989999999999,0,5.377743499387342
https://hashdive.com/Analyze_User?user_address=0x974bead1b75ecaa91f472904b12ff0a44fe55c61,0.7,0,0.9999989999999999,0,6.1886569639982225
https://hashdive.com/Analyze_User?user_address=0x6aa2f0881b0167ed2318703a4efa2a87a00e6a2b,0.7,0,0.9999989999999999,0,0.023842543286281197
https://hashdive.com/Analyze_User?user_address=0xfc00db5d90a2888ecd5157d08135a93893a1ac08,0.7,0,0.9999989999999999,0,-0.37537164957975655
https://hashdive.com/Analyze_User?user_address=0x1a07f2a3f8236aa2e4b83c05e65fae2bc0aa9458,0.7,0,0.9999989999999999,0,-1.8185944099033204
https://hashdive.com/Analyze_User?user_address=0x7e46a3360019c51680350d68ce297488fcc87895,0.7,0,0.9999989999999999,0,0.2445349589561802
https://hashdive.com/Analyze_User?user_address=0x3dd6a0b538f9a824ddbabc930efd5b40379ed335,0.7,0,0.9999989999999999,0,-3.6064979432476147
https://hashdive.com/Analyze_User?user_address=0x6272b056b57e8ee7682069716c59f29c5dbfc737,0.7,0,0.9999989999999999,0,10.136741812234673
https://hashdive.com/Analyze_User?user_address=0x0c7df15a55c4deb637c584ca142982b964d35fc1,0.7,0,0.9999989999999999,0,-5.148375635234675
https://hashdive.com/Analyze_User?user_address=0xccde73ec7e1706d03042846424c6662ffd398d5e,0.7,0,0.9999989999999999,0,-6.27457201066877
https://hashdive.com/Analyze_User?user_address=0x100c5be2f79a429ad07671b61aec11016a335b90,0.7,0,0.9999989999999999,0,0.0852726743205185
https://hashdive.com/Analyze_User?user_address=0xe5959770e80abb0b678cb05f87315697f603bf0e,0.7,0,0.9999989999999999,0,-11.457168138432692
https://hashdive.com/Analyze_User?user_address=0x8b5b80a6bfa635febb98ca9c1afa28bf10adab4a,0.7,0,0.9999989999999999,0,7.35104222258003
https://hashdive.com/Analyze_User?user_address=0x9781ec1406c2796334f648b42ac78eef5d6dcbbe,0.7,0,0.9999989999999999,0,1.3175613439364096
https://hashdive.com/Analyze_User?user_address=0xb4dc477fb436f0ed79e94dfb39eb83e600db3e11,0.7,0,0.9999989999999999,0,1.877821124811991
https://hashdive.com/Analyze_User?user_address=0x3ffa4c5729f5259e401d13c5c89ecaf2f5ab921c,0.7,0,0.9999989999999999,0,1.9027664329370118
https://hashdive.com/Analyze_User?user_address=0xa9153654b93c382c3ec28e77a8a88ac6434cf50f,0.7,0,0.9999989999999999,0,3.2634479690602616
https://hashdive.com/Analyze_User?user_address=0x5933af31f72e6628b8759b8804022d0c1f01dda5,0.7,0,0.9999989999999999,0,-0.13674929662170907
https://hashdive.com/Analyze_User?user_address=0x99f44b0775be938eea22efdb8db9de8fd8eb335f,0.7,0,0.9999989999999999,0,1.8534246203252933
https://hashdive.com/Analyze_User?user_address=0xf1ff5ac6283b0a79ac3e5560d25b2d76f1292261,0.7,0,0.9999989999999999,0,5.856415360959867
https://hashdive.com/Analyze_User?user_address=0x50d9b77ac640ee0faa727cdbd195616e13cf27f1,0.7,0,0.9999989999999999,0,-0.21338700706807393
https://hashdive.com/Analyze_User?user_address=0x89fc5497d3512b34990feb55e09933dad5ff1bed,0.7,0,0.9999989999999999,0,2.7114818093883803
https://hashdive.com/Analyze_User?user_address=0x246f7a842ffc90cb66ddb02497cbac0ffeeebf9a,0.7,0,0.9999989999999999,0,-7.174796106243089
https://hashdive.com/Analyze_User?user_address=0x0c296abc4e658b0ce351fe65040a870d731b854b,0.7,0,0.9999989999999999,0,-0.004843365258692748
https://hashdive.com/Analyze_User?user_address=0xca5e56f4c957bf1f7c9d775a7b3db94aa0ac6152,0.7,0,0.9999989999999999,0,12.982155316011891
https://hashdive.com/Analyze_User?user_address=0xa4d051c310b0114c245ea4e51c4b82e9545391ac,0.7,0,0.9999989999999999,0,7.266504621787151
https://hashdive.com/Analyze_User?user_address=0xc2ab3c201f0e113fc56eba0f54a1fd41665950f2,0.7,0,0.9999989999999999,0,-14.198762697864618
https://hashdive.com/Analyze_User?user_address=0xd9a57b5ea9fce120157baa803745c835e4ca7409,0.7,0,0.9999989999999999,0,-5.3432178475598855
https://hashdive.com/Analyze_User?user_address=0xd14fefa3beae3b0ecf223ca78464173b4396ea2f,0.7,0,0.9999989999999999,0,-1.8326158557620502
https://hashdive.com/Analyze_User?user_address=0x2d0060026ac26d0db761fb3395cd6b6eafc5564a,0.7,0,0.9999989999999999,0,3.584908443247622
https://hashdive.com/Analyze_User?user_address=0x592fe3f88e460f606095ef1f6e319f4865359737,0.7,0,0.9999989999999999,0,0.23331191760338466
https://hashdive.com/Analyze_User?user_address=0x214cefc94f52d891b751b5a19a9053ad351183af,0.7,0,0.9999989999999999,0,1.9168569175783037
https://hashdive.com/Analyze_User?user_address=0x5d27eda4a60c0137d2259864aabe8fb83b3c306d,0.7,0,0.9999989999999999,0,-0.12175105644613897
https://hashdive.com/Analyze_User?user_address=0x76161695634640d5e73ffcd19239192f938f69ee,0.7,0,0.9999989999999999,0,-4.031656009452369
https://hashdive.com/Analyze_User?user_address=0x022836cf0e02b419617993adcd7ecac45552589d,0.7,0,0.9999989999999999,0,0.5056528653734015
https://hashdive.com/Analyze_User?user_address=0x7be93abd25a1ca2665d2040db3fbcd8c18bac2da,0.7,0,0.9999989999999999,0,-2.9225351690172574
https://hashdive.com/Analyze_User?user_address=0x44752934267723f582f15dd5a4a8194ef5927e95,0.7,0,0.9999989999999999,0,-0.16403043651903176
https://hashdive.com/Analyze_User?user_address=0x85fad82e76254658ce5f65204f610cfab73e16af,0.7,0,0.9999989999999999,0,-0.5333101355901602
https://hashdive.com/Analyze_User?user_address=0x5ac1754d9fb01043aadb9baf99c5dddfc4feccda,0.7,0,0.9999989999999999,0,1.003606357793392
https://hashdive.com/Analyze_User?user_address=0x868315c41ace0c1df527f2f76b73d37ca2ac56c7,0.7,0,0.9999989999999999,0,0.9920600316626248
https://hashdive.com/Analyze_User?user_address=0x13481d7d3caf631e5e9615d4e6d657e8ff037071,0.7,0,0.9999989999999999,0,-15.60030068796941
https://hashdive.com/Analyze_User?user_address=0x1251df09ee84fc80758b39345bd4af4945b91d87,0.7,0,0.9999989999999999,0,-3.556163309049496
https://hashdive.com/Analyze_User?user_address=0x335ce1f55444ec0757f8548302ae934fcaf838f9,0.7,0,0.9999989999999999,0,0.007907086898306225
https://hashdive.com/Analyze_User?user_address=0x1dffec86fc754071c4a2b46c5315d8e85ce13a14,0.7,0,0.9999989999999999,0,0.03789218156665916
https://hashdive.com/Analyze_User?user_address=0x2ab7eef7cf89d9f2bdc9be1476c8fff4977f76ef,0.7,0,0.9999989999999999,0,-3.9822510055324214
https://hashdive.com/Analyze_User?user_address=0xa3afeb6c2fef7275b00e6afe86fec5bd655c4635,0.7,0,0.9999989999999999,0,1.6919760279668443
https://hashdive.com/Analyze_User?user_address=0x945c36b444af84b5b636102aff606b42215d65c0,0.7,0,0.9999989999999999,0,0.32255535818690106
https://hashdive.com/Analyze_User?user_address=0xdcff9159d818c702ab6b09d380c46bd02ebf7318,0.7,0,0.9999989999999999,0,-4.952756082947467
https://hashdive.com/Analyze_User?user_address=0x9521ac6b35d72667af6641a7ec3370a5541bd126,0.589999,0.691211,0.999998,0.6912123824247648,-2.1210299511981683
https://hashdive.com/Analyze_User?user_address=0x2bfc9c92b7662d1553790d1c6cba7ad4707894b3,0.589999,0.694916,0.999998,0.6949173898347796,9.23360563462139
https://hashdive.com/Analyze_User?user_address=0x81b6924c22daac788f50651032cd0f6cfbb0c986,0.589999,0.574601,0.999998,0.5746021492042984,2.6951083542021097
https://hashdive.com/Analyze_User?user_address=0x0e7ef366f9409d98f923a8c9a4ae7d0a1446153c,0.589999,0.694916,0.999998,0.6949173898347796,-0.15185149844242138
https://hashdive.com/Analyze_User?user_address=0x0d7882a7ebeb5f90052c2f38b49ad272d0138798,0.984999,0,0.999998,0,-0.010323140602936853
https://hashdive.com/Analyze_User?user_address=0xc87a48a93f8b097c4cd1e0e1e0ccfd6856e4a61c,0.679999,0,0.999997689413,0,-3.922791563351165
https://hashdive.com/Analyze_User?user_address=0xd561fc19337abdc59e27254b5304a5fe1d06218c,0.679999,0,0.999997689413,0,1.02070176640117
https://hashdive.com/Analyze_User?user_address=0xbc444bea5ccc0988ff93d3f4c4493578d164fecd,0.679999,0,0.999997689413,0,-15.52071688186282
https://hashdive.com/Analyze_User?user_address=0x8bca7b007ae0c27449c51b4739a2c9bc2e3478b8,0.679999,0,0.999997689413,0,0.2113816765556984
https://hashdive.com/Analyze_User?user_address=0xb19ead925404e2c7245653541735de4391251257,0.679999,0,0.999997689413,0,5.9982010415009785
https://hashdive.com/Analyze_User?user_address=0xd6acb5f522d93cad127ac2310034ae6b6050cb5f,0.679999,0,0.999997689413,0,2.9813649619585627
https://hashdive.com/Analyze_User?user_address=0x76ba5071214d8991ad5b6ad12b3525ddbe08dcfd,0.679999,0,0.999997689413,0,-15.581280499484059
https://hashdive.com/Analyze_User?user_address=0xe7d67e742728bc5c698da1d48db535ad7dc328b6,0.679999,0,0.999997689413,0,-0.2940937742182583
https://hashdive.com/Analyze_User?user_address=0x4309d139c26f952b6dc37cd30054735c0fa1d0c7,0.679999,0,0.999997689413,0,0.08238001699647615
https://hashdive.com/Analyze_User?user_address=0xa5f4b57cd40c6a9e86c6a04ba782037e00e25db5,0.679999,0,0.999997689413,0,0.3807747918276617
https://hashdive.com/Analyze_User?user_address=0x089fbec7868389df6a3d5d4df37ce5bcaf3f6b0c,0.679999,0,0.999997689413,0,0.4614194791700865
https://hashdive.com/Analyze_User?user_address=0x2b2d55dc23edf9278eb88175740f5fba0b9ae778,0.679999,0,0.999997689413,0,-6.518556548859623
https://hashdive.com/Analyze_User?user_address=0xc67729afbba816d292f8bc8867c093856c1c81ae,0.679999,0,0.999997689413,0,0.699326257939723
https://hashdive.com/Analyze_User?user_address=0xc27748b4ac2fdcd70db2ae6190e45e296ade8d4f,0.669999,0,0.9999976274640001,0,-0.20381223953402988
https://hashdive.com/Analyze_User?user_address=0x60385048f6fa75fac0883a05d70f08b3351582cf,0.669999,0,0.9999976274640001,0,4.76073438254173
https://hashdive.com/Analyze_User?user_address=0xac318653e31d13e5058597c42b4122cf5f9248c6,0.669999,0,0.9999976274640001,0,3.051844386271859
https://hashdive.com/Analyze_User?user_address=0xffd82e27bfb1f5d758cc4c408f9de3b2b80c5d86,0.669999,0,0.9999976274640001,0,2.3104385163819523
https://hashdive.com/Analyze_User?user_address=0x285a8aab3ff46fb9fd9dfc163fe0c2cbad88b323,0.669999,0,0.9999976274640001,0,-0.1523508814311622
https://hashdive.com/Analyze_User?user_address=0x5dcadbc83b040c02acb204b12ee56d0eac18c95d,0.669999,0,0.9999976274640001,0,8.546563128001575
https://hashdive.com/Analyze_User?user_address=0x7835bdbaa600c95de5f4fc20761a48fb0d66163c,0.669999,0,0.9999976274640001,0,-17.998091742603187
https://hashdive.com/Analyze_User?user_address=0xbde8d1ada037ad9a879e0142353c2d2919a809ee,0.669999,0,0.9999976274640001,0,7.063412925777434
https://hashdive.com/Analyze_User?user_address=0xfb907044fba3ca365ccadcd955ea963f8390904a,0.669999,0,0.9999976274640001,0,-2.976337796025421
https://hashdive.com/Analyze_User?user_address=0x87c1abcb7a6c36a45234b6872cf4e4e4ee8e4279,0.669999,0,0.9999976274640001,0,1.4679675453410745
https://hashdive.com/Analyze_User?user_address=0xedd11904af61935a622022a2065f5a44f5c0e74f,0.669999,0,0.9999976274640001,0,-19.28918505536317
https://hashdive.com/Analyze_User?user_address=0x8e14941019e5450085c546c3aec091acd3c8273d,0.669999,0,0.9999976274640001,0,-3.715666781020839
https://hashdive.com/Analyze_User?user_address=0xf174ee918c8455d9f414aa53ee6d252f61c4f094,0.669999,0,0.9999976274640001,0,-6.631361269333286
https://hashdive.com/Analyze_User?user_address=0x0f98f607b82541786f966f790b056dde0e322ae1,0.669999,0,0.9999976274640001,0,-17.18092827691568
https://hashdive.com/Analyze_User?user_address=0xcd6ea1f81882106451883bb530ba8c1f11e75d4d,0.669999,0,0.9999976274640001,0,8.887913657640999
https://hashdive.com/Analyze_User?user_address=0x02d0ab4da212debe29c28aeda4ae90ce4859a452,0.669999,0,0.9999976274640001,0,-7.648108322874299
https://hashdive.com/Analyze_User?user_address=0x8a8e1d16497c3ec7b87a0b8ab33e4aaedcac7209,0.669999,0,0.9999976274640001,0,-7.856832429876295
https://hashdive.com/Analyze_User?user_address=0x4ee8633e272c3d65e613586fe251b428aa30a4e4,0.669999,0,0.9999976274640001,0,5.780865107731397
https://hashdive.com/Analyze_User?user_address=0xe13f40252222e16274b80bc16bdcb6f09129d9ed,0.689999,0,0.999997610726,0,-0.3414476205765671
https://hashdive.com/Analyze_User?user_address=0x67f6c01245bb94e6e538eb6fa8d7b0c236e1ec28,0.689999,0,0.999997610726,0,-3.4850909868125783
https://hashdive.com/Analyze_User?user_address=0xc4348e2fd404cdfa301e2cdfb4eecfb4c12f7cac,0.689999,0,0.999997610726,0,4.040589657779622
https://hashdive.com/Analyze_User?user_address=0x8dc6cce4fb452ee108f92f3435de90e298cc25e6,0.689999,0,0.999997610726,0,-16.06710182043374
https://hashdive.com/Analyze_User?user_address=0x31cf41633ff2fbba67539e0849f28f749a20aa08,0.689999,0,0.999997610726,0,0.007713841495655181
https://hashdive.com/Analyze_User?user_address=0xba38cdf39954cccfb517eee962ba88db20e41eae,0.689999,0,0.999997610726,0,-0.017949114067485394
https://hashdive.com/Analyze_User?user_address=0xb71e184bd5d8d8d16a03944d775582a32ce1f4ae,0.689999,0,0.999997610726,0,-3.8430277766723253
https://hashdive.com/Analyze_User?user_address=0xa102bf8371cf224677166baf9aaf100c6ffa3e57,0.689999,0,0.999997610726,0,-4.002711589186538
https://hashdive.com/Analyze_User?user_address=0xfb02deace8d117dce7906b6a409ed8befc7aa41c,0.469999,1.12766,0.999997,1.127663382990149,0.28945958801542654
https://hashdive.com/Analyze_User?user_address=0x17efcd18e38297aa00ec7b4a59576f01c72c1567,0.409999,1.439026,0.999997,1.439030317090951,11.11751268537797
https://hashdive.com/Analyze_User?user_address=0xc147b19a246d289e8a1f75265ad890c16d6a8d50,0.359999,1.777779,0.999997,1.7777843333530001,4.454258024332822
https://hashdive.com/Analyze_User?user_address=0x83f7f5a83952092514871c55796d8b817954eecd,0.389999,1.564104,0.999997,1.564108692326077,-10.004741292412259
https://hashdive.com/Analyze_User?user_address=0xc3f1b86519e743e2f3596d4e4930bc3166eedfbd,0.389999,1.564104,0.999997,1.564108692326077,-6.07619125157427
https://hashdive.com/Analyze_User?user_address=0x416d0d41a93413fcdfbe7df2dc28b7f5f9b7da7f,0.419999,1.380953,0.999997,1.3809571428714287,-0.20591534943732118
https://hashdive.com/Analyze_User?user_address=0xd104c45596ca0fe8edad9109b540b1c6a697a355,0.389999,1.564104,0.999997,1.564108692326077,-0.4471536724048526
https://hashdive.com/Analyze_User?user_address=0x90997280f337344aa9e9e8ba46d8542cf58d0a42,0.429999,1.325582,0.999997,1.3255859767579303,0.6465112853804689
https://hashdive.com/Analyze_User?user_address=0x9a14903998804a3298b09395acffe474f7188e9f,0.389999,1.564104,0.999997,1.564108692326077,-11.778431200924333
https://hashdive.com/Analyze_User?user_address=0x89585edbeeab0c6008b019b6f22559ea2d9b8522,0.409999,1.431272,0.999997,1.4312762938288814,4.4449480332204505
https://hashdive.com/Analyze_User?user_address=0x12c9fe6b23b4df4d4961a0c05c541e91908d75a0,0.469999,1.12766,0.999997,1.127663382990149,0.1920485869902071
https://hashdive.com/Analyze_User?user_address=0x8aa4b6c0d50285d0f40046820046660840344c18,0.469999,1.12766,0.999997,1.127663382990149,-5.075408074967518
https://hashdive.com/Analyze_User?user_address=0x8cce6873cd1439a3da2be56eaf11703d95999d2e,0.389999,1.564104,0.999997,1.564108692326077,-0.2730708144497079
https://hashdive.com/Analyze_User?user_address=0x92e9c73b230012b982e560001284eb6d60364f2c,0.389999,1.564104,0.999997,1.564108692326077,-0.1256746265186819
https://hashdive.com/Analyze_User?user_address=0xe1ce4c3712df5402e7eb56fe8eb859f94b3bbe72,0.389999,1.564104,0.999997,1.564108692326077,-0.3402737525518946
https://hashdive.com/Analyze_User?user_address=0x63b2f0e811dce421a4ffde3a80030bcad4190850,0.389999,1.564104,0.999997,1.564108692326077,-3.155211765140012
https://hashdive.com/Analyze_User?user_address=0xd59a876bec8236be72fd248de2725d04b8cf19d8,0.409999,1.439026,0.999997,1.439030317090951,-8.831393524071196
https://hashdive.com/Analyze_User?user_address=0x97b3986f0c1a10473226a7c391df0d1e720b3ded,0.429999,1.325582,0.999997,1.3255859767579303,0.47615537217534665
https://hashdive.com/Analyze_User?user_address=0x0bc3df29a690e9fd328b311ef24b004789b7b0ba,0.429999,1.325582,0.999997,1.3255859767579303,-0.24113026514283564
https://hashdive.com/Analyze_User?user_address=0x0f5efbfec3349c79516e0252c5e40574ce05525c,0.429999,1.325582,0.999997,1.3255859767579303,-0.32804622947926354
https://hashdive.com/Analyze_User?user_address=0xabb8fd07093deec8d2036baa45189c79c2a5c068,0.429999,1.325582,0.999997,1.3255859767579303,-0.3597363888270505
https://hashdive.com/Analyze_User?user_address=0x362a69abc06e895315521f77d97909ddf82a37ab,0.429999,1.325582,0.999997,1.3255859767579303,-0.2672372123791296
https://hashdive.com/Analyze_User?user_address=0x10fc0afb3cc93428339d59896ef0a18887747def,0.429999,1.325582,0.999997,1.3255859767579303,-0.30127352620925013
https://hashdive.com/Analyze_User?user_address=0xed23753c040745ae46dca1591cda44535683ec72,0.389999,1.564104,0.999997,1.564108692326077,-7.766588189927002
https://hashdive.com/Analyze_User?user_address=0x1bcf7578b70c98737169533ea63dcaa3451e6ca0,0.389999,1.564104,0.999997,1.564108692326077,-12.838449567994166
https://hashdive.com/Analyze_User?user_address=0x01ff6289047b7e6cfc1b7ec2d5e9bf80374ad27a,0.429999,1.325582,0.999997,1.3255859767579303,2.8206068812540996
https://hashdive.com/Analyze_User?user_address=0xc489f59bdd2b16e11dc136ac8be87e6955903b5a,0.429999,1.325582,0.999997,1.3255859767579303,4.351252093866851
https://hashdive.com/Analyze_User?user_address=0x7c1c7d5017c602ddd030f2ec875bd882a9f0c1c7,0.429999,1.325582,0.999997,1.3255859767579303,-1.6309961608346324
https://hashdive.com/Analyze_User?user_address=0xb2a5e6a748f6dc99b2569cfa50a2128b7c17a59b,0.389999,1.564104,0.999997,1.564108692326077,-15.101826279461566
https://hashdive.com/Analyze_User?user_address=0x7439caca74957f905d3d15c87297f0e7f77eecc9,0.429999,1.325582,0.999997,1.3255859767579303,-8.657086008507527
https://hashdive.com/Analyze_User?user_address=0xd488fb5a7f2b6245f0237298d2fcdfc2f6d4f8f9,0.429999,1.325582,0.999997,1.3255859767579303,-8.907288010878773
https://hashdive.com/Analyze_User?user_address=0xeec401be668d3965ded76bb438a9e5163ad6ae94,0.429999,1.325582,0.999997,1.3255859767579303,-0.5081865325540307
https://hashdive.com/Analyze_User?user_address=0x3da064890ce292d4b88915fe14d542d202fcc9ac,0.429999,1.325582,0.999997,1.3255859767579303,-1.0497988918778551
https://hashdive.com/Analyze_User?user_address=0xfc240b4a6284b33d622a3a8173c232f0bbe1e86f,0.459999,1.173914,0.999997,1.173917521752565,-3.6876376993876825
https://hashdive.com/Analyze_User?user_address=0x1007bd3028ff95ca7812a7f543e31b2c5e784e18,0.469999,1.12766,0.999997,1.127663382990149,-3.8223158312691585
https://hashdive.com/Analyze_User?user_address=0x9a3c15d740f6536d5f6a4e372af33883ea31573f,0.389999,1.564104,0.999997,1.564108692326077,-2.212084164171718
https://hashdive.com/Analyze_User?user_address=0xd1a90eb69f6dceb46c45ce6342050391a87700dd,0.429999,1.325582,0.999997,1.3255859767579303,-0.367281797192914
https://hashdive.com/Analyze_User?user_address=0x579da763cab680142e95af2a35cbaa55ae106f5b,0.429999,1.325582,0.999997,1.3255859767579303,-0.4529618225620938
https://hashdive.com/Analyze_User?user_address=0xb90505db35e14ec7fe6c45d30cd75f101642cdba,0.929999,0.075269,0.999997,0.07526922580767742,0.04057174325491157
https://hashdive.com/Analyze_User?user_address=0x8a1bb964bd5e51dbd55fa4a190d5b9a52eaa0d57,0.429999,1.325582,0.999997,1.3255859767579303,-1.2864302677031478
https://hashdive.com/Analyze_User?user_address=0xe83b8b0b8a2edfc7e850063c3e479341e96c3cab,0.419999,1.380953,0.999997,1.3809571428714287,-7.59239003086523
https://hashdive.com/Analyze_User?user_address=0xcf4501c431f76f7ba7ced51248f00740f8dfdbc9,0.429999,1.325582,0.999997,1.3255859767579303,0.9464213192592432
https://hashdive.com/Analyze_User?user_address=0x329d43d735b85affa31e5f4f8fc2cdc4fc67ff1e,0.369999,1.702704,0.999997,1.7027091081273242,-0.8260887468386013
https://hashdive.com/Analyze_User?user_address=0x8dafaa34379ba09ad103a58d81c1f7b27953fb6b,0.369999,1.702704,0.999997,1.7027091081273242,-0.4122679345145749
https://hashdive.com/Analyze_User?user_address=0xc595880f61fca54569cfa98c0da88a385f05880b,0.389999,1.564104,0.999997,1.564108692326077,-4.484925892680613
https://hashdive.com/Analyze_User?user_address=0x41a2b4622e0f77647b4d63795f62f734b467bdcd,0.429999,1.325582,0.999997,1.3255859767579303,-0.09036234183289624
https://hashdive.com/Analyze_User?user_address=0xcac7693961e6b9f9abf25feae64882c0489f810c,0.429999,1.325582,0.999997,1.3255859767579303,-0.14366630308753703
https://hashdive.com/Analyze_User?user_address=0x0a9a55f65d68fe8e3924c6fa1959363b4e7bc338,0.429999,1.325582,0.999997,1.3255859767579303,-1.6035550436774835
https://hashdive.com/Analyze_User?user_address=0x89e3fb591cb3f1421ca8c4a3f2b99cda901602ff,0.429999,1.325582,0.999997,1.3255859767579303,-0.4216400045191312
https://hashdive.com/Analyze_User?user_address=0xc451998faa46fe39d63dbe98b84573249d6d918b,0.429999,1.325582,0.999997,1.3255859767579303,-1.4590889912661464
https://hashdive.com/Analyze_User?user_address=0x184b52788c4bf59a24ad98c3a0e4353aa235977e,0.389999,1.564104,0.999997,1.564108692326077,-0.28498504018226944
https://hashdive.com/Analyze_User?user_address=0xf2a778863c7797c281934fc206cf704d7ecea52f,0.429999,1.325582,0.999997,1.3255859767579303,2.0783436060342506
https://hashdive.com/Analyze_User?user_address=0xb708b72fda8634f49fc7b0e58cdebd1e287e1f11,0.389999,1.564104,0.999997,1.564108692326077,-0.5796385856226318
https://hashdive.com/Analyze_User?user_address=0xf9d25a0d6a1d103f2bace10af37b3f15d86179d6,0.429999,1.325582,0.999997,1.3255859767579303,0.3348503359755964
https://hashdive.com/Analyze_User?user_address=0x2b11a54f3eab2e0e5b2382a3065e62595a5df421,0.429999,1.325582,0.999997,1.3255859767579303,-7.98764201764726
https://hashdive.com/Analyze_User?user_address=0x0ea895e4c62d201de993f19d52a9a6cbbf2dbe71,0.429999,1.325582,0.999997,1.3255859767579303,-0.33540144744049916
https://hashdive.com/Analyze_User?user_address=0x4ee440713c1a48355d72df8ad73f749ca678e18d,0.389999,1.564104,0.999997,1.564108692326077,1.3291388717486163
https://hashdive.com/Analyze_User?user_address=0xb8a4e829f4faacd3fe00e1e22be7d36d5dc3d6fd,0.429999,1.325582,0.999997,1.3255859767579303,-11.728151810319673
https://hashdive.com/Analyze_User?user_address=0x999467d04c317a97f117d3df132e7438cbae7341,0.419999,1.380953,0.999997,1.3809571428714287,-0.22507409455472305
https://hashdive.com/Analyze_User?user_address=0xb70d026643af1e9fbea5c5331a8594559e9a6751,0.389999,1.564104,0.999997,1.564108692326077,-0.2799393152334948
https://hashdive.com/Analyze_User?user_address=0xd0bdc815d7e49082f74db33391932b9bda1b5926,0.389999,1.564104,0.999997,1.564108692326077,-11.49556158704227
https://hashdive.com/Analyze_User?user_address=0x079eedf99b53df6ae93c1c6db60fa1ee61dec4f1,0.389999,1.564104,0.999997,1.564108692326077,-0.48371084688885
https://hashdive.com/Analyze_User?user_address=0x8cce6873cd1439a3da2be56eaf11703d95999d2e,0.429999,1.325582,0.999997,1.3255859767579303,-0.2730708144497079
https://hashdive.com/Analyze_User?user_address=0x02393cd67721fd1bf81bf312f0a0944751a998b2,0.389999,1.564104,0.999997,1.564108692326077,-0.32002538746969406
https://hashdive.com/Analyze_User?user_address=0x8cccad6926ddbaefb99e21a0831baac0168539af,0.509999,0.529201,0.999997,0.5292025876077628,-0.834538327914442
https://hashdive.com/Analyze_User?user_address=0x4c9dd53b798167c6c378bd131d4b8971900f72dd,0.509999,0.529201,0.999997,0.5292025876077628,-0.9752390221948383
https://hashdive.com/Analyze_User?user_address=0x024dce2063b1cb8b15a40dff4e08ac9d3c44cba1,0.509999,0.529201,0.999997,0.5292025876077628,-0.7857227424719337
https://hashdive.com/Analyze_User?user_address=0xad0fbced2aa899cf349fd56e69eec98efd8a50f6,0.509999,0.529201,0.999997,0.5292025876077628,-1.2416062250568063
https://hashdive.com/Analyze_User?user_address=0xf9a9c4b62e5e1a8c93c756523a71b476a2a04cc9,0.489999,1.040817,0.999997,1.0408201224603675,-5.3752961380204
https://hashdive.com/Analyze_User?user_address=0xa08f955fdfb850f740ca4056ca90581990b55f95,0.429999,1.325582,0.999997,1.3255859767579303,-1.6085512167781046
https://hashdive.com/Analyze_User?user_address=0x3e8455974e1158d136bed5be31cb25e7729e8275,0.429999,1.325582,0.999997,1.3255859767579303,-11.896800401572868
https://hashdive.com/Analyze_User?user_address=0xab2ac13f5d40f191c824883e2750e8de48d69e44,0.419999,1.380953,0.999997,1.3809571428714287,-1.8395607222586627
https://hashdive.com/Analyze_User?user_address=0xe4460cd569a665635e1e988ea76b8bc3da6b5502,0.419999,1.380953,0.999997,1.3809571428714287,-9.984755457048522
https://hashdive.com/Analyze_User?user_address=0xa4c29b60116ece52e4522e293c82a0a4c650f2b1,0.389999,1.564104,0.999997,1.564108692326077,-0.16479806288890042
https://hashdive.com/Analyze_User?user_address=0xb61b18ce148affc0ef5da168ce152ff844fb4143,0.389999,1.564104,0.999997,1.564108692326077,-0.1985181332317092
https://hashdive.com/Analyze_User?user_address=0x6c862d240ee77e0047b626458d460b4b2ceee05f,0.429999,1.325582,0.999997,1.3255859767579303,-0.11865383350299297
https://hashdive.com/Analyze_User?user_address=0x75ac6640c4cc2ea6434509276aabbb333196f1ce,0.429999,1.325582,0.999997,1.3255859767579303,-0.20454969699070868
https://hashdive.com/Analyze_User?user_address=0xb00a8a5401d4ae98eb492a0b0e272cddcc142fcf,0.429999,1.325582,0.999997,1.3255859767579303,1.3570494527717831
https://hashdive.com/Analyze_User?user_address=0xb989aff20aaf9358517f48a6fb293d60bb2c1404,0.429999,1.325582,0.999997,1.3255859767579303,5.277386644709232
https://hashdive.com/Analyze_User?user_address=0x6f5fc20b6ca1225afd7faaacffb61be6377ea26b,0.429999,1.325582,0.999997,1.3255859767579303,0.19905935610565406
https://hashdive.com/Analyze_User?user_address=0x546e98cc9e842cd5793f752715f077e54d9a0755,0.429999,1.325582,0.999997,1.3255859767579303,-2.018570396448484
https://hashdive.com/Analyze_User?user_address=0x98abf01ecd454fbe6bea357e677ce2d695df2c9c,0.389999,1.564104,0.999997,1.564108692326077,-0.3138594701988534
https://hashdive.com/Analyze_User?user_address=0xf757d69d55402a7eb09732d1dce22ed3bc6faea1,0.429999,1.325582,0.999997,1.3255859767579303,-8.856632722569715
https://hashdive.com/Analyze_User?user_address=0xef43353844e4e21e33e5e7750b523e1532798bf3,0.409999,1.439026,0.999997,1.439030317090951,-4.354016867964272
https://hashdive.com/Analyze_User?user_address=0xa4099cfd0422536479b64ccc87c8f6eb8c8bb9eb,0.429999,1.325582,0.999997,1.3255859767579303,-12.58813725127485
https://hashdive.com/Analyze_User?user_address=0x9fe113d3132605f4457b3dc12b466bd69e5044e2,0.429999,1.325582,0.999997,1.3255859767579303,0.008900653249531019
https://hashdive.com/Analyze_User?user_address=0x083ba6c5a21c7f784c9c1d44e5b56b8b899a9b57,0.429999,1.325582,0.999997,1.3255859767579303,-21.199749563393265
https://hashdive.com/Analyze_User?user_address=0x1e5b7a02c53d193bcfd04ad31b26c80f58dc6b4e,0.788006,0.269025,0.999997,0.26902580707742124,-0.9283807692603229
https://hashdive.com/Analyze_User?user_address=0x395dc7b617fd63512d87e8f0560f68d607b85159,0.429999,1.325582,0.999997,1.3255859767579303,0.05751163456103814
https://hashdive.com/Analyze_User?user_address=0xca254d3fa97a56ab3c0b504da711610ca1b6b515,0.429999,1.325582,0.999997,1.3255859767579303,-0.10803608478780528
https://hashdive.com/Analyze_User?user_address=0xfddda6d5fb4b1f00f76848f9a4e6c5e840693a7e,0.429999,1.325582,0.999997,1.3255859767579303,-0.21735036104144514
https://hashdive.com/Analyze_User?user_address=0x92e9c73b230012b982e560001284eb6d60364f2c,0.429999,1.325582,0.999997,1.3255859767579303,-0.1256746265186819
https://hashdive.com/Analyze_User?user_address=0x8b168d9fbf50629c0800f1d355a88fc31ab3d6f0,0.559999,0.785715,0.999997,0.7857173571520715,-8.432774058740094
https://hashdive.com/Analyze_User?user_address=0xe1ce4c3712df5402e7eb56fe8eb859f94b3bbe72,0.429999,1.325582,0.999997,1.3255859767579303,-0.3402737525518946
https://hashdive.com/Analyze_User?user_address=0x6b02821d27bd241f4d6e176039b8f78bbe9a3ea5,0.389999,1.564104,0.999997,1.564108692326077,1.121002881865472
https://hashdive.com/Analyze_User?user_address=0x7479355c0205a73a59b5092b46f08f30af01273b,0.389999,1.564104,0.999997,1.564108692326077,-0.5958466694296427
https://hashdive.com/Analyze_User?user_address=0xdca1ec48a519f643515c0557696efa7a331b2837,0.369999,1.702704,0.999997,1.7027091081273242,-0.21537339645101705
https://hashdive.com/Analyze_User?user_address=0xc451998faa46fe39d63dbe98b84573249d6d918b,0.369999,1.702704,0.999997,1.7027091081273242,-1.4590889912661464
https://hashdive.com/Analyze_User?user_address=0x01130b36360dbfe6422133da9f60aa9b0d5a0bc6,0.419999,1.380953,0.999997,1.3809571428714287,-0.1311510725592045
https://hashdive.com/Analyze_User?user_address=0x8edd78495913d58d4dbd6f83d23b8b2d43dea7f0,0.419999,1.380953,0.999997,1.3809571428714287,-0.15214831773781448
https://hashdive.com/Analyze_User?user_address=0x86b0fd11331a6c0a9784ec923e6c7e271bf7ac6d,0.429999,1.325582,0.999997,1.3255859767579303,-1.3911287078608214
https://hashdive.com/Analyze_User?user_address=0x9c96211f29c72ac187cf9dd3797afd0ba80f57d1,0.369999,1.702704,0.999997,1.7027091081273242,-0.5929855050463287
https://hashdive.com/Analyze_User?user_address=0x1ff48cc281c614eeafa8e2f4aa03a1768f3bd9a7,0.429999,1.325582,0.999997,1.3255859767579303,-0.599240119693648
https://hashdive.com/Analyze_User?user_address=0x0a64c1f340ba207d9f3da6633fcd622ced1da57d,0.389999,1.564104,0.999997,1.564108692326077,-1.8687868619890755
https://hashdive.com/Analyze_User?user_address=0xd1a90eb69f6dceb46c45ce6342050391a87700dd,0.389999,1.564104,0.999997,1.564108692326077,-0.367281797192914
https://hashdive.com/Analyze_User?user_address=0xb39f9d6834581a897cd6319bef1d67953e3d6953,0.389999,1.564104,0.999997,1.564108692326077,-0.8124104570141689
https://hashdive.com/Analyze_User?user_address=0x3519c33bff68ec6a353edc696816baaa5a9bd151,0.389999,1.564104,0.999997,1.564108692326077,-1.1829638566888168
https://hashdive.com/Analyze_User?user_address=0x7f4214a52d042914171fdaf344bee470e465c66b,0.369999,1.702704,0.999997,1.7027091081273242,-4.604076092192522
https://hashdive.com/Analyze_User?user_address=0x44f31d0a17a7278ed3a5539224b48bbf939f10fe,0.389999,1.564104,0.999997,1.564108692326077,-0.3257650237198252
https://hashdive.com/Analyze_User?user_address=0x4989d5c4abf0f4f962925e04e648a9bb62db1f56,0.559999,-0.999997,0.999997,-1,-3.2447656395344726
https://hashdive.com/Analyze_User?user_address=0x29fd4a376a941d64e0f144474f67c88a3961de15,0.529999,-0.999997,0.999997,-1,-0.07538315447351378
https://hashdive.com/Analyze_User?user_address=0xe603a970464a07ce2298a4a980b30b1e4b40e2a1,0.429999,1.325582,0.999997,1.3255859767579303,1.1267468924059774
https://hashdive.com/Analyze_User?user_address=0x42699be7884e22bbf992247ef4e092925444730d,0.429999,1.325582,0.999997,1.3255859767579303,3.7994449409926743
https://hashdive.com/Analyze_User?user_address=0x36abbaff9ccd758a8ac2443a08f4c1a40d3ec4f6,0.429999,1.325582,0.999997,1.3255859767579303,-3.976656240471856
https://hashdive.com/Analyze_User?user_address=0x015646c09155ef3cde7f920097441038f6c891b0,0.429999,1.325582,0.999997,1.3255859767579303,-0.11163556527224311
https://hashdive.com/Analyze_User?user_address=0x02393cd67721fd1bf81bf312f0a0944751a998b2,0.429999,1.325582,0.999997,1.3255859767579303,-0.32002538746969406
https://hashdive.com/Analyze_User?user_address=0x984d54c9b5a01edce3e5cc2911af9314eb1c85c3,0.429999,1.325582,0.999997,1.3255859767579303,2.22820881405461
https://hashdive.com/Analyze_User?user_address=0xfe2f0e453ce967fb182811c9395029e25fb3529b,0.389999,1.564104,0.999997,1.564108692326077,0.8722189769636166
https://hashdive.com/Analyze_User?user_address=0x67b86ce5c86c1df88392993259619ac60d44c769,0.369999,1.702704,0.999997,1.7027091081273242,-1.9335038289392847
https://hashdive.com/Analyze_User?user_address=0x802ba23bb9b60222b7e219e5875211f6d55e089b,0.429999,1.325582,0.999997,1.3255859767579303,-0.040704739344486554
https://hashdive.com/Analyze_User?user_address=0x0c8f72e81d658ff999ee6ecce3a3af55156b45ca,0.429999,1.325582,0.999997,1.3255859767579303,2.063349888101685
https://hashdive.com/Analyze_User?user_address=0x67c5b90eeab185cef8d137a7041f26770c8b5130,0.429999,1.325582,0.999997,1.3255859767579303,-0.09670433937496176
https://hashdive.com/Analyze_User?user_address=0x5690e8e8bef041b6d994dc6dbb0c0f2db0dde601,0.429999,1.325582,0.999997,1.3255859767579303,3.4373024444062583
https://hashdive.com/Analyze_User?user_address=0xf784649a6753b01fd4603de1ae8eec2cc89915ac,0.429999,1.325582,0.999997,1.3255859767579303,-15.643298591307964
https://hashdive.com/Analyze_User?user_address=0xb229c89caba408bdb1766e0d061e21b14c117a0f,0.419999,1.380953,0.999997,1.3809571428714287,-0.14905843398494897
https://hashdive.com/Analyze_User?user_address=0x42b05eabee4c65831aa38d0976e617bd9e912c45,0.429999,1.325582,0.999997,1.3255859767579303,-0.21605551691991268
https://hashdive.com/Analyze_User?user_address=0xaf83276b01be80d8665948270cd0898028c6c799,0.429999,1.325582,0.999997,1.3255859767579303,2.0641067080681177
https://hashdive.com/Analyze_User?user_address=0x6b6c98556b4e220f00bf55becff5f6150d12593c,0.409999,1.439026,0.999997,1.439030317090951,4.095398935996262
https://hashdive.com/Analyze_User?user_address=0xeaa825ea382248f2c64557b20ba15dddef552f1e,0.389999,1.564104,0.999997,1.564108692326077,-13.896267505374368
https://hashdive.com/Analyze_User?user_address=0x4800b769d82a90530cc5301ffda53fc992024329,0.389999,1.564104,0.999997,1.564108692326077,-0.10764525084491182
https://hashdive.com/Analyze_User?user_address=0x8f0078598bc0587712976565e1574fd257686856,0.389999,1.564104,0.999997,1.564108692326077,-0.1644461100261671
https://hashdive.com/Analyze_User?user_address=0x4d58ddf2a558c0da65dc1230c0627968538fa321,0.459999,1.173914,0.999997,1.173917521752565,-1.4527968744173543
https://hashdive.com/Analyze_User?user_address=0xad0fbced2aa899cf349fd56e69eec98efd8a50f6,0.389999,1.564104,0.999997,1.564108692326077,-1.2416062250568063
https://hashdive.com/Analyze_User?user_address=0x18cb59f9591a8e762032fdff4c619638460b2171,0.429999,1.325582,0.999997,1.3255859767579303,-0.03260109278658105
https://hashdive.com/Analyze_User?user_address=0x8f0078598bc0587712976565e1574fd257686856,0.429999,1.325582,0.999997,1.3255859767579303,-0.1644461100261671
https://hashdive.com/Analyze_User?user_address=0xfe2f0e453ce967fb182811c9395029e25fb3529b,0.429999,1.325582,0.999997,1.3255859767579303,0.8722189769636166
https://hashdive.com/Analyze_User?user_address=0x3b53ed9fce486d2083fdf8d154c26631b4c2173d,0.429999,1.325582,0.999997,1.3255859767579303,-4.94545346663773
https://hashdive.com/Analyze_User?user_address=0x8aa4b6c0d50285d0f40046820046660840344c18,0.389999,1.564104,0.999997,1.564108692326077,-5.075408074967518
https://hashdive.com/Analyze_User?user_address=0x7be6b073394f2ac9cc32bbcf7927bfb3cc51a8bc,0.449999,1.222223,0.999997,1.2222266666800001,-42.08069074616609
https://hashdive.com/Analyze_User?user_address=0xfc43b0c23dc1a73dd1cd94325ceacc6fd751b2ca,0.429999,1.325582,0.999997,1.3255859767579303,-6.497663433206011
https://hashdive.com/Analyze_User?user_address=0xe5ad6ecd95e75633630b888e88f205ffb4319499,0.389999,1.564104,0.999997,1.564108692326077,-0.1248768239094025
https://hashdive.com/Analyze_User?user_address=0x6a86fe7bc85383def62430a71d2a9ef9a681c5e5,0.389999,1.564104,0.999997,1.564108692326077,-0.12669795405328693
https://hashdive.com/Analyze_User?user_address=0xb61b18ce148affc0ef5da168ce152ff844fb4143,0.429999,1.325582,0.999997,1.3255859767579303,-0.1985181332317092
https://hashdive.com/Analyze_User?user_address=0x0a7b0c5f3c5374194cc949e43fd7f9207a035e62,0.389999,1.564104,0.999997,1.564108692326077,-1.3044877656691587
https://hashdive.com/Analyze_User?user_address=0x5d9a9febaf9865b2c162f119b140bddd9341f45b,0.389999,1.564104,0.999997,1.564108692326077,-1.347644883993171
https://hashdive.com/Analyze_User?user_address=0x1bbcc1653f23473cc03d7d9aaf3b9e3dc2ef7f52,0.429999,1.325582,0.999997,1.3255859767579303,-3.385211693697898
https://hashdive.com/Analyze_User?user_address=0x70737f18cb0c18d16653de04f523eb3b8e48b9f5,0.389999,1.564104,0.999997,1.564108692326077,-12.725459518116866
https://hashdive.com/Analyze_User?user_address=0xc954b51bd3efcd5dd6f759ecb6144829fe893d8c,0.389999,1.564104,0.999997,1.564108692326077,-2.730644874788755
https://hashdive.com/Analyze_User?user_address=0xed23dcf004159d1f1a7d7fee8f88b0ce95939930,0.379999,1.627972,0.999997,1.6279768839306517,6.3423618883822295
https://hashdive.com/Analyze_User?user_address=0x9d65c8a81df7b759f39f9fd6dce02cfa8cfa0abe,0.389999,1.564104,0.999997,1.564108692326077,-0.15428844974962302
https://hashdive.com/Analyze_User?user_address=0x9fe113d3132605f4457b3dc12b466bd69e5044e2,0.389999,1.564104,0.999997,1.564108692326077,0.008900653249531019
https://hashdive.com/Analyze_User?user_address=0x60270a4e55a5110dcbe9a0d64d79b253a12f957b,0.559999,0.785715,0.999997,0.7857173571520715,-6.971736083182874
https://hashdive.com/Analyze_User?user_address=0x024dce2063b1cb8b15a40dff4e08ac9d3c44cba1,0.389999,1.564104,0.999997,1.564108692326077,-0.7857227424719337
https://hashdive.com/Analyze_User?user_address=0x8cccad6926ddbaefb99e21a0831baac0168539af,0.389999,1.564104,0.999997,1.564108692326077,-0.834538327914442
https://hashdive.com/Analyze_User?user_address=0x8edd78495913d58d4dbd6f83d23b8b2d43dea7f0,0.389999,1.564104,0.999997,1.564108692326077,-0.15214831773781448
https://hashdive.com/Analyze_User?user_address=0xbc65c53c9c67313af7d36acdc7af9350d088cef0,0.389999,1.564104,0.999997,1.564108692326077,-0.15203228563381804
https://hashdive.com/Analyze_User?user_address=0xb204ebc2ab7774fd865ac3c9c32af739f6cbf13c,0.389999,1.564104,0.999997,1.564108692326077,-0.050398356772013334
https://hashdive.com/Analyze_User?user_address=0x18ff460cc886cba6e3396e87e875c17ad29a57bc,0.709999,0.408451,0.999997,0.4084522253566761,-1.153455174285485
https://hashdive.com/Analyze_User?user_address=0x7de760d47dfcf9a253698bfa013bf6df1e8683b2,0.369999,1.702704,0.999997,1.7027091081273242,-1.4591107302395905
https://hashdive.com/Analyze_User?user_address=0x950caf06c1030be81daffc35b8a6a3e4943e012e,0.389999,1.564104,0.999997,1.564108692326077,0.6260548476354293
https://hashdive.com/Analyze_User?user_address=0xe0164d87c672290de335ab0bbfcd151c19c86992,0.389999,1.564104,0.999997,1.564108692326077,-4.089593595777716
https://hashdive.com/Analyze_User?user_address=0x4800b769d82a90530cc5301ffda53fc992024329,0.419999,1.380953,0.999997,1.3809571428714287,-0.10764525084491182
https://hashdive.com/Analyze_User?user_address=0xdf6c53f0d1b91dfe6f2c4310c39d78e307394fca,0.429999,1.325582,0.999997,1.3255859767579303,-0.3199707902241854
https://hashdive.com/Analyze_User?user_address=0x3996665b507b1a28a38facae1caf864d9906d131,0.429999,1.325582,0.999997,1.3255859767579303,-0.21605551691991268
https://hashdive.com/Analyze_User?user_address=0x184b52788c4bf59a24ad98c3a0e4353aa235977e,0.429999,1.325582,0.999997,1.3255859767579303,-0.28498504018226944
https://hashdive.com/Analyze_User?user_address=0x98abf01ecd454fbe6bea357e677ce2d695df2c9c,0.429999,1.325582,0.999997,1.3255859767579303,-0.3138594701988534
https://hashdive.com/Analyze_User?user_address=0x3e2400cc6580c4af7a6561dc416eef78163c5ce1,0.429999,1.325582,0.999997,1.3255859767579303,-0.508132994822791
https://hashdive.com/Analyze_User?user_address=0xda060d4cf9c35b139595d4272722909e4919ab89,0.429999,1.325582,0.999997,1.3255859767579303,-0.49069389858559065
https://hashdive.com/Analyze_User?user_address=0xb7fc4c32aa414a1c937126895bf137c9b2299cbd,0.439999,1.272728,0.999997,1.2727318181954546,-7.894280052750449
https://hashdive.com/Analyze_User?user_address=0xe83b8b0b8a2edfc7e850063c3e479341e96c3cab,0.439999,1.272728,0.999997,1.2727318181954546,-7.59239003086523
https://hashdive.com/Analyze_User?user_address=0xef8bc899e24f36cdcde6208abf3df84fafefebac,0.389999,1.564104,0.999997,1.564108692326077,-2.6178797219659042
https://hashdive.com/Analyze_User?user_address=0x329d43d735b85affa31e5f4f8fc2cdc4fc67ff1e,0.429999,1.325582,0.999997,1.3255859767579303,-0.8260887468386013
https://hashdive.com/Analyze_User?user_address=0x85a92bd4016fa04413a644b9bafb6d46661efd5d,0.429999,1.325582,0.999997,1.3255859767579303,-10.06151196426558
https://hashdive.com/Analyze_User?user_address=0x430c83e47e47a23bd23d96db2a1300b8c6b0e71c,0.579999,-0.999996,0.999997,-0.9999989999969999,11.333439035238053
https://hashdive.com/Analyze_User?user_address=0x3ab48eb66c3137adb0a1bdc13e17145afff31d7c,0.389999,1.564104,0.999997,1.564108692326077,-0.015519048826310888
https://hashdive.com/Analyze_User?user_address=0x013ec08a4000808954992839bd3a9599365cb26f,0.409999,1.439026,0.999997,1.439030317090951,5.693088890105056
https://hashdive.com/Analyze_User?user_address=0x1e5b7a02c53d193bcfd04ad31b26c80f58dc6b4e,0.459999,1.173914,0.999997,1.173917521752565,-0.9283807692603229
https://hashdive.com/Analyze_User?user_address=0xfef0dc8d8cde6444e298e1cd2a57cb2978ddfc1d,0.439999,1.272728,0.999997,1.2727318181954546,-3.720592309587783
https://hashdive.com/Analyze_User?user_address=0x6be38d0f599ce607ccd416fc8bf36171acdfb5f5,0.429999,1.325582,0.999997,1.3255859767579303,-0.1654457247407887
https://hashdive.com/Analyze_User?user_address=0x2e485c329b11c794ed4b44cca1f8a4393bcf3146,0.429999,1.325582,0.999997,1.3255859767579303,-1.0801038119020714
https://hashdive.com/Analyze_User?user_address=0xc3cf0f96ba83d3c3805a85755d1dd8428d3fea67,0.419999,1.380953,0.999997,1.3809571428714287,-0.24629503791098095
https://hashdive.com/Analyze_User?user_address=0x2eae640d47eea4fa1a5bd95b4360068d955f40ba,0.419999,1.380953,0.999997,1.3809571428714287,-0.09604130176575304
https://hashdive.com/Analyze_User?user_address=0xfc240b4a6284b33d622a3a8173c232f0bbe1e86f,0.409999,1.439026,0.999997,1.439030317090951,-3.6876376993876825
https://hashdive.com/Analyze_User?user_address=0xcf4501c431f76f7ba7ced51248f00740f8dfdbc9,0.369999,1.702704,0.999997,1.7027091081273242,0.9464213192592432
https://hashdive.com/Analyze_User?user_address=0xccb9287f78fa3ea84e448184c40ff75c45436c31,0.389999,1.536002,0.999997,1.536006608019824,-4.184636465878759
https://hashdive.com/Analyze_User?user_address=0x6c1314110bc4b706e1803064cdb44b9e5acd7d3f,0.359999,1.777779,0.999997,1.7777843333530001,-2.096590002948978
https://hashdive.com/Analyze_User?user_address=0xd1c95b8e0ff7a81ee83c107ef1108d6e54c7dd97,0.389999,0.972802,0.999997,0.9728049184147551,31.30660278632491
https://hashdive.com/Analyze_User?user_address=0x5096180d7d75ffbbf986b62b3c4c4d3ecb0a6634,0.429999,1.325582,0.999997,1.3255859767579303,-1.1938854330226012
https://hashdive.com/Analyze_User?user_address=0x699816d987500e4985c077b4c9dd355633251498,0.439999,1.272728,0.999997,1.2727318181954546,-11.260907914066184
https://hashdive.com/Analyze_User?user_address=0x314ec8ec220963f7209ebf5768af33252e5db106,0.509999,0,0.999997,0,0.4706347838925021
https://hashdive.com/Analyze_User?user_address=0x01130b36360dbfe6422133da9f60aa9b0d5a0bc6,0.389999,1.564104,0.999997,1.564108692326077,-0.1311510725592045
https://hashdive.com/Analyze_User?user_address=0x89d2c9b67371f27cedc3276a551963677ffa924f,0.429999,1.325582,0.999997,1.3255859767579303,-1.3978342795716938
https://hashdive.com/Analyze_User?user_address=0xee41929bde0d82848dcf87c132faa98db94ffa20,0.389999,1.564104,0.999997,1.564108692326077,-18.59431246769768
https://hashdive.com/Analyze_User?user_address=0x78dd04962b9727cf2a78fd4abb21c9a9fcbe7856,0.419999,1.380953,0.999997,1.3809571428714287,-1.7417419549652513
https://hashdive.com/Analyze_User?user_address=0x42699be7884e22bbf992247ef4e092925444730d,0.389999,1.564104,0.999997,1.564108692326077,3.7994449409926743
https://hashdive.com/Analyze_User?user_address=0x0c8f72e81d658ff999ee6ecce3a3af55156b45ca,0.389999,1.564104,0.999997,1.564108692326077,2.063349888101685
https://hashdive.com/Analyze_User?user_address=0x36c31705df71d9a69561fdf66a3d17734176cd81,0.389999,1.564104,0.999997,1.564108692326077,-4.817575636808985
https://hashdive.com/Analyze_User?user_address=0x93a45744b9214ccd590fe96712ed6d27704370bb,0.389999,1.564104,0.999997,1.564108692326077,-1.422219657434326
https://hashdive.com/Analyze_User?user_address=0xceb53e1a987f5cd652ff8508c1064ee5ed86d44e,0.449999,1.222223,0.999997,1.2222266666800001,4.508424229041161
https://hashdive.com/Analyze_User?user_address=0xe0e2e6e1dbfb16406ddaeb38a1a1aad0058592e7,0.429999,1.325582,0.999997,1.3255859767579303,0.6610556138522925
https://hashdive.com/Analyze_User?user_address=0x91b4dace9c604e79d2fd72a527dfa7644395f985,0.429999,1.325582,0.999997,1.3255859767579303,-3.9145019352493886
https://hashdive.com/Analyze_User?user_address=0xdb3eebeaa7603190d4de810709687a368c89cdc2,0.429999,1.325582,0.999997,1.3255859767579303,-2.298878325625168
https://hashdive.com/Analyze_User?user_address=0x8dafaa34379ba09ad103a58d81c1f7b27953fb6b,0.429999,1.325582,0.999997,1.3255859767579303,-0.4122679345145749
https://hashdive.com/Analyze_User?user_address=0x7f8b310c9141f5a4a045836dbb61ae53fd69270b,0.429999,1.325582,0.999997,1.3255859767579303,-0.6119138756772053
https://hashdive.com/Analyze_User?user_address=0x80c0b86323ba5aa561aa34a07533f3103ecd3aad,0.429999,1.325582,0.999997,1.3255859767579303,-2.91900896921582
https://hashdive.com/Analyze_User?user_address=0x3ff784073956e6bc7e261363b91f2091dd6990a3,0.429999,1.325582,0.999997,1.3255859767579303,-0.8673900412621294
https://hashdive.com/Analyze_User?user_address=0x4ce1d8f855c939186b593049fd9524ba85406906,0.429999,1.325582,0.999997,1.3255859767579303,-36.37133545503084
https://hashdive.com/Analyze_User?user_address=0xb3d205ba9bff8bd37e7e49b723fc260f599241af,0.429999,1.325582,0.999997,1.3255859767579303,-2.2930433931124297
https://hashdive.com/Analyze_User?user_address=0xae761ca4773a92c55e60acad3a1214cc4ce8293f,0.429999,1.325582,0.999997,1.3255859767579303,-1.492557222208419
https://hashdive.com/Analyze_User?user_address=0x1a0fdf1ea77da3eb4e28a298e8eb9d0fa44fc83a,0.429999,1.325582,0.999997,1.3255859767579303,-0.032435207280412735
https://hashdive.com/Analyze_User?user_address=0x2bb06dc0a41df4fbc32ce21e69bed60f8c10d1d7,0.429999,1.325582,0.999997,1.3255859767579303,-1.8987180888562638
https://hashdive.com/Analyze_User?user_address=0x7de760d47dfcf9a253698bfa013bf6df1e8683b2,0.429999,1.325582,0.999997,1.3255859767579303,-1.4591107302395905
https://hashdive.com/Analyze_User?user_address=0x1e7a5b0abea1b50a35d784e759bbf2eb1bf416c6,0.429999,1.325582,0.999997,1.3255859767579303,-0.8495827043326305
https://hashdive.com/Analyze_User?user_address=0xc9db765190fea8e985207ac6eac40f0b6c681def,0.429999,1.325582,0.999997,1.3255859767579303,-2.197957432846837
https://hashdive.com/Analyze_User?user_address=0x6b02821d27bd241f4d6e176039b8f78bbe9a3ea5,0.429999,1.325582,0.999997,1.3255859767579303,1.121002881865472
https://hashdive.com/Analyze_User?user_address=0x5b8432b1c324eead78c6a3fb8ede3c7a071b7ff5,0.429999,1.325582,0.999997,1.3255859767579303,1.3564472762013924
https://hashdive.com/Analyze_User?user_address=0x6be06da6e0a7b5b82bdfdda8c352ca5392893935,0.429999,1.325582,0.999997,1.3255859767579303,3.0775208034941217
https://hashdive.com/Analyze_User?user_address=0x7b11250036635975a323dd2e6d1605333cf1ddbc,0.559999,-0.999997,0.999997,-1,4.110517692681578
https://hashdive.com/Analyze_User?user_address=0x356c0855dfb6f161349aa6f5c9e87e952fe1504a,0.439999,1.272728,0.999997,1.2727318181954546,-14.04838182332903
https://hashdive.com/Analyze_User?user_address=0xef8bc899e24f36cdcde6208abf3df84fafefebac,0.429999,1.325582,0.999997,1.3255859767579303,-2.6178797219659042
https://hashdive.com/Analyze_User?user_address=0x26632095b7f6da474cfa10f4c28ce514e84f8f53,0.429999,1.325582,0.999997,1.3255859767579303,0.8063815548748523
https://hashdive.com/Analyze_User?user_address=0xf6d77c67ab37f487f7c7f28b754cdb78619c3669,0.429999,1.325582,0.999997,1.3255859767579303,-4.910523371499475
https://hashdive.com/Analyze_User?user_address=0x01406b0d40eb9101d0466cd9f20938d83c5a4947,0.429999,1.325582,0.999997,1.3255859767579303,-12.995107407847984
https://hashdive.com/Analyze_User?user_address=0xdf6c53f0d1b91dfe6f2c4310c39d78e307394fca,0.389999,1.564104,0.999997,1.564108692326077,-0.3199707902241854
https://hashdive.com/Analyze_User?user_address=0xf8edcc1d61ca143bca3e0ff8c5076b4e1ca10fa2,0.469999,1.038802,0.999997,1.0388051164153491,0.622797916652678
https://hashdive.com/Analyze_User?user_address=0xb39f9d6834581a897cd6319bef1d67953e3d6953,0.509999,0.529201,0.999997,0.5292025876077628,-0.8124104570141689
https://hashdive.com/Analyze_User?user_address=0xbc65c53c9c67313af7d36acdc7af9350d088cef0,0.429999,1.325582,0.999997,1.3255859767579303,-0.15203228563381804
https://hashdive.com/Analyze_User?user_address=0xfe21db163c111e11a40697b86ea09938c18bf7de,0.389999,1.564104,0.999997,1.564108692326077,5.704473060827178
https://hashdive.com/Analyze_User?user_address=0x689121e5c114c699e0347f65f7c2c693ff24f476,0.429999,1.325582,0.999997,1.3255859767579303,-0.28852278447215396
https://hashdive.com/Analyze_User?user_address=0xe66a95b9e4c6df2e687bad3d0ecdfb8e5bf3e24b,0.429999,1.325582,0.999997,1.3255859767579303,-1.290001321738132
https://hashdive.com/Analyze_User?user_address=0x52d6679c6284f6d971fec3b4dae2c7aebef48129,0.429999,1.325582,0.999997,1.3255859767579303,-1.7727634855352827
https://hashdive.com/Analyze_User?user_address=0x0dbb414923c001eddd28ec6c542ede64691f4ce8,0.429999,1.325582,0.999997,1.3255859767579303,-1.6465869669846205
https://hashdive.com/Analyze_User?user_address=0x68be183646326fa22009b610e3e6a34f168239c5,0.429999,1.325582,0.999997,1.3255859767579303,-8.037060867583643
https://hashdive.com/Analyze_User?user_address=0x767a2d37e7d6253ee73d39f6b916714253ff6634,0.429999,1.325582,0.999997,1.3255859767579303,1.5466272988875405
https://hashdive.com/Analyze_User?user_address=0xc595880f61fca54569cfa98c0da88a385f05880b,0.429999,1.325582,0.999997,1.3255859767579303,-4.484925892680613
https://hashdive.com/Analyze_User?user_address=0x75ac6640c4cc2ea6434509276aabbb333196f1ce,0.389999,1.564104,0.999997,1.564108692326077,-0.20454969699070868
https://hashdive.com/Analyze_User?user_address=0x87a1f173f822e960e0cbbd0e6dc16281994576c4,0.439999,1.272728,0.999997,1.2727318181954546,-7.766607514607006
https://hashdive.com/Analyze_User?user_address=0xc209760397856a39f7f631b1a2fc871f565b733a,0.419999,1.380953,0.999997,1.3809571428714287,-0.13768952618468797
https://hashdive.com/Analyze_User?user_address=0x804215689070f024126f64ea3a1fe98d7098581c,0.419999,1.380953,0.999997,1.3809571428714287,-0.15263827508790706
https://hashdive.com/Analyze_User?user_address=0x8a926bf0c9f21be0eb30757fd2305fa3fce544b5,0.419999,1.380953,0.999997,1.3809571428714287,-0.15827338149669853
https://hashdive.com/Analyze_User?user_address=0x8bb6e6c21c8831db9d9d8fe54e9340eaf4fdb294,0.419999,1.380953,0.999997,1.3809571428714287,0.3317886239549448
https://hashdive.com/Analyze_User?user_address=0x5f0fa48dacf786e0b1fb3ed5528f6ea22527558e,0.429999,1.325582,0.999997,1.3255859767579303,-13.947869476757448
https://hashdive.com/Analyze_User?user_address=0x7e8baebacdd0c4df2adbbc33a1c4bb0ec14b1d47,0.429999,1.325582,0.999997,1.3255859767579303,-14.077298133797296
https://hashdive.com/Analyze_User?user_address=0x2275c805b31785dd424cf1fc2d9a848b54db7a5d,0.409999,0.583202,0.999997,0.5832037496112488,-3.087058793525787
https://hashdive.com/Analyze_User?user_address=0x4d774688843796dc1bea413ca58695b798228261,0.409999,1.439026,0.999997,1.439030317090951,-1.6356170391094491
https://hashdive.com/Analyze_User?user_address=0x5cca48e5696ea97e5d3f277865b0df99bcf513dd,0.429999,1.325582,0.999997,1.3255859767579303,-4.396083411682896
https://hashdive.com/Analyze_User?user_address=0xca254d3fa97a56ab3c0b504da711610ca1b6b515,0.389999,1.564104,0.999997,1.564108692326077,-0.10803608478780528
https://hashdive.com/Analyze_User?user_address=0x18cb59f9591a8e762032fdff4c619638460b2171,0.389999,1.564104,0.999997,1.564108692326077,-0.03260109278658105
https://hashdive.com/Analyze_User?user_address=0xd72b79eebf77626845704018842f3772181edd61,0.429999,1.325582,0.999997,1.3255859767579303,-0.3433457458525262
https://hashdive.com/Analyze_User?user_address=0x3ec4ead592ee8e382c458cdf26abf4538c91b9fe,0.429999,1.325582,0.999997,1.3255859767579303,-0.5932088052877795
https://hashdive.com/Analyze_User?user_address=0x34dfe733659fb2d721e5f7085dd4606d8dfe0faa,0.489999,0.958802,0.999997,0.9588048764146293,-0.025754306132161717
https://hashdive.com/Analyze_User?user_address=0x2252856b4ca0b4841a4f6bd04016fb08bf1b2c65,0.429999,1.325582,0.999997,1.3255859767579303,-0.2576643584002266
https://hashdive.com/Analyze_User?user_address=0xf23b2cbb8053658d3aff955e22c892b40453a8f7,0.429999,1.325582,0.999997,1.3255859767579303,-0.31911972508347364
https://hashdive.com/Analyze_User?user_address=0x137b0772a510197f9b6d40aadd2d4a5dbc85e3c8,0.509999,0.529201,0.999997,0.5292025876077628,-0.5191897754375149
https://hashdive.com/Analyze_User?user_address=0x3519c33bff68ec6a353edc696816baaa5a9bd151,0.509999,0.529201,0.999997,0.5292025876077628,-1.1829638566888168
https://hashdive.com/Analyze_User?user_address=0x079eedf99b53df6ae93c1c6db60fa1ee61dec4f1,0.509999,0.529201,0.999997,0.5292025876077628,-0.48371084688885
https://hashdive.com/Analyze_User?user_address=0x395dc7b617fd63512d87e8f0560f68d607b85159,0.389999,1.564104,0.999997,1.564108692326077,0.05751163456103814
https://hashdive.com/Analyze_User?user_address=0xb9d9c5c30af5b5c7fa888c385c0f8d2cdd7bb8c2,0.429999,1.325582,0.999997,1.3255859767579303,-9.441960887921141
https://hashdive.com/Analyze_User?user_address=0xbd5d124c42672d2bd9e1e64fbd5bd4057e8bc2f8,0.419999,1.380953,0.999997,1.3809571428714287,2.1984015541273867
https://hashdive.com/Analyze_User?user_address=0xdca1ec48a519f643515c0557696efa7a331b2837,0.429999,1.325582,0.999997,1.3255859767579303,-0.21537339645101705
https://hashdive.com/Analyze_User?user_address=0x9eb31a70e9186457a526145a0b6b711faab30582,0.379999,1.63158,0.999997,1.6315848947546843,-0.49697861472128735
https://hashdive.com/Analyze_User?user_address=0x87a1f173f822e960e0cbbd0e6dc16281994576c4,0.419999,1.380953,0.999997,1.3809571428714287,-7.766607514607006
https://hashdive.com/Analyze_User?user_address=0x0181d2bba373ceee780636f9cd97f541f0fcb8fb,0.389999,1.564104,0.999997,1.564108692326077,0.3165696554473849
https://hashdive.com/Analyze_User?user_address=0x97b3986f0c1a10473226a7c391df0d1e720b3ded,0.389999,1.564104,0.999997,1.564108692326077,0.47615537217534665
https://hashdive.com/Analyze_User?user_address=0x3223e592b23bb7a9246b27befec4cb77196a358b,0.389999,1.564104,0.999997,1.564108692326077,-4.638278198602103
https://hashdive.com/Analyze_User?user_address=0xa9b43b9e2efc4a8180c20b71286c28c4a98809b0,0.389999,1.564104,0.999997,1.564108692326077,-0.21830098539844722
https://hashdive.com/Analyze_User?user_address=0xe5996a1564269a2b95e459245ddaadc0f3b78e25,0.429999,1.325582,0.999997,1.3255859767579303,-1.8057075981397497
https://hashdive.com/Analyze_User?user_address=0x2d37debd995e9643c5da48fcbcc662ef847fae43,0.359999,1.777779,0.999997,1.7777843333530001,-3.09367105608928
https://hashdive.com/Analyze_User?user_address=0xb229c89caba408bdb1766e0d061e21b14c117a0f,0.389999,1.564104,0.999997,1.564108692326077,-0.14905843398494897
https://hashdive.com/Analyze_User?user_address=0x42b05eabee4c65831aa38d0976e617bd9e912c45,0.389999,1.564104,0.999997,1.564108692326077,-0.21605551691991268
https://hashdive.com/Analyze_User?user_address=0x4ce892831b76054ce9cd8b20e273225a8ef3f5b0,0.429999,1.325582,0.999997,1.3255859767579303,-0.43897614785992045
https://hashdive.com/Analyze_User?user_address=0x3996665b507b1a28a38facae1caf864d9906d131,0.389999,1.564104,0.999997,1.564108692326077,-0.21605551691991268
https://hashdive.com/Analyze_User?user_address=0x015646c09155ef3cde7f920097441038f6c891b0,0.389999,1.564104,0.999997,1.564108692326077,-0.11163556527224311
https://hashdive.com/Analyze_User?user_address=0xaef48ff35f8bc56d93920caaf394ebf3fdf6fe1b,0.389999,1.564104,0.999997,1.564108692326077,-0.01378298485540804
https://hashdive.com/Analyze_User?user_address=0x802ba23bb9b60222b7e219e5875211f6d55e089b,0.389999,1.564104,0.999997,1.564108692326077,-0.040704739344486554
https://hashdive.com/Analyze_User?user_address=0x58d0ccdad4eb7dcf47a831f5e6c591596be3c9d0,0.389999,1.564104,0.999997,1.564108692326077,1.3810143837194304
https://hashdive.com/Analyze_User?user_address=0x90997280f337344aa9e9e8ba46d8542cf58d0a42,0.389999,1.564104,0.999997,1.564108692326077,0.6465112853804689
https://hashdive.com/Analyze_User?user_address=0x0c927ade3752b0c8daf73596667a0e7e08d6ee0e,0.429999,1.325582,0.999997,1.3255859767579303,0.11999938180170139
https://hashdive.com/Analyze_User?user_address=0xdbba20a9407e3d6e6aea92cf3994aa5ffe59d899,0.389999,1.564104,0.999997,1.564108692326077,-0.14742127773343539
https://hashdive.com/Analyze_User?user_address=0x3c0b8d9c425bc78e2b03eb8dad85c5039c89487a,0.389999,1.564104,0.999997,1.564108692326077,-0.11941248213618308
https://hashdive.com/Analyze_User?user_address=0x01ff6289047b7e6cfc1b7ec2d5e9bf80374ad27a,0.389999,1.564104,0.999997,1.564108692326077,2.8206068812540996
https://hashdive.com/Analyze_User?user_address=0x162e1b1aae6a8914395d58e2c7fa334a82b594a4,0.389999,1.564104,0.999997,1.564108692326077,-3.5020404730048944
https://hashdive.com/Analyze_User?user_address=0x2ce366ff62ec2a13bfdd4542e8b5dff8a261ba00,0.419999,1.380953,0.999997,1.3809571428714287,0.6136368092802165
https://hashdive.com/Analyze_User?user_address=0x4c9dd53b798167c6c378bd131d4b8971900f72dd,0.389999,1.564104,0.999997,1.564108692326077,-0.9752390221948383
https://hashdive.com/Analyze_User?user_address=0xbcd22817fae23704e132c9f516cf86af5cc6c7b3,0.389999,1.564104,0.999997,1.564108692326077,-0.0467563200021367
https://hashdive.com/Analyze_User?user_address=0x047829cdc1552ed81bfd55dd20e8b48884bcb896,0.389999,1.564104,0.999997,1.564108692326077,-0.12537775260692008
https://hashdive.com/Analyze_User?user_address=0x23c3ffb2f29da97e246c2fbf49e5192f68c817bf,0.389999,1.564104,0.999997,1.564108692326077,-0.1348162189305379
https://hashdive.com/Analyze_User?user_address=0x137b0772a510197f9b6d40aadd2d4a5dbc85e3c8,0.389999,1.564104,0.999997,1.564108692326077,-0.5191897754375149
https://hashdive.com/Analyze_User?user_address=0x9c96211f29c72ac187cf9dd3797afd0ba80f57d1,0.429999,1.325582,0.999997,1.3255859767579303,-0.5929855050463287
https://hashdive.com/Analyze_User?user_address=0x44f31d0a17a7278ed3a5539224b48bbf939f10fe,0.459999,1.173914,0.999997,1.173917521752565,-0.3257650237198252
https://hashdive.com/Analyze_User?user_address=0xe603a970464a07ce2298a4a980b30b1e4b40e2a1,0.389999,1.564104,0.999997,1.564108692326077,1.1267468924059774
https://hashdive.com/Analyze_User?user_address=0x26e6f3bf2b84c4de21ed091cc4e818fa283362df,0.419999,1.380953,0.999997,1.3809571428714287,2.746466875984575
https://hashdive.com/Analyze_User?user_address=0x036c8b750b907311317470048c3bc01972649057,0.419999,1.380953,0.999997,1.3809571428714287,-0.29562309147305066
https://hashdive.com/Analyze_User?user_address=0xd1ddb57683a53cea359f4bca3855971af6d9b367,0.419999,1.380953,0.999997,1.3809571428714287,-0.3388515804571513
https://hashdive.com/Analyze_User?user_address=0x06e05c5962f877000f9e3637e0ccc3df84e04e46,0.419999,1.380953,0.999997,1.3809571428714287,-0.25044386092983495
https://hashdive.com/Analyze_User?user_address=0x0a43c5225e010b51d40721dc4e4bd5db6057e15c,0.419999,1.380953,0.999997,1.3809571428714287,-0.22305867471243593
https://hashdive.com/Analyze_User?user_address=0xecc3de60e4fd9b849385948200fbc2dde14584c3,0.419999,1.380953,0.999997,1.3809571428714287,-0.21976379113240374
https://hashdive.com/Analyze_User?user_address=0xdaeb3a48716b8e123b25459ab1fffc2d48e63446,0.429999,1.325582,0.999997,1.3255859767579303,-3.370188324273947
https://hashdive.com/Analyze_User?user_address=0x0a64c1f340ba207d9f3da6633fcd622ced1da57d,0.429999,1.325582,0.999997,1.3255859767579303,-1.8687868619890755
https://hashdive.com/Analyze_User?user_address=0xc93878f1f334cae03ca54b5c772cd50eb65057eb,0.429999,1.325582,0.999997,1.3255859767579303,-8.597248847119591
https://hashdive.com/Analyze_User?user_address=0x8a13e2b88ec45a0713d3a27e837ed3863dd399a8,0.429999,1.325582,0.999997,1.3255859767579303,-0.878619513827119
https://hashdive.com/Analyze_User?user_address=0x93c90537779d45f210c34e343b3d5feaefa58c74,0.429999,1.325582,0.999997,1.3255859767579303,-0.7713801737155513
https://hashdive.com/Analyze_User?user_address=0xbf724ffeb1b9c2a6932bf2ee968bc1f5526b7c42,0.359999,1.777779,0.999997,1.7777843333530001,-6.672828312894645
https://hashdive.com/Analyze_User?user_address=0xe44324bacea56cddc40d302cc6e29676412cb3a2,0.419999,1.380953,0.999997,1.3809571428714287,-9.028931090921082
https://hashdive.com/Analyze_User?user_address=0x937f76bf5ff140b5b068032f930772599a165b18,0.459999,1.169632,0.999997,1.1696355089065267,-0.16854570029953583
https://hashdive.com/Analyze_User?user_address=0x411114b1fd36efecf00a135e75a33476977990e2,0.459999,1.173914,0.999997,1.173917521752565,-1.0285675863221373
https://hashdive.com/Analyze_User?user_address=0xfddda6d5fb4b1f00f76848f9a4e6c5e840693a7e,0.389999,1.564104,0.999997,1.564108692326077,-0.21735036104144514
https://hashdive.com/Analyze_User?user_address=0xfe21db163c111e11a40697b86ea09938c18bf7de,0.359999,1.777779,0.999997,1.7777843333530001,5.704473060827178
https://hashdive.com/Analyze_User?user_address=0x2422d60ff4dc279aa22db0b3ec08301031107dcb,0.509999,0.960785,0.999997,0.9607878823636471,-16.608341482016066
https://hashdive.com/Analyze_User?user_address=0x9953cf065d0fb2b1c82cf4cc7799518a108c089e,0.429999,1.325582,0.999997,1.3255859767579303,-0.7278898608195574
https://hashdive.com/Analyze_User?user_address=0x5690e8e8bef041b6d994dc6dbb0c0f2db0dde601,0.389999,1.564104,0.999997,1.564108692326077,3.4373024444062583
https://hashdive.com/Analyze_User?user_address=0x4ce1d8f855c939186b593049fd9524ba85406906,0.389999,1.564104,0.999997,1.564108692326077,-36.37133545503084
https://hashdive.com/Analyze_User?user_address=0x0f5efbfec3349c79516e0252c5e40574ce05525c,0.389999,1.564104,0.999997,1.564108692326077,-0.32804622947926354
https://hashdive.com/Analyze_User?user_address=0x6be06da6e0a7b5b82bdfdda8c352ca5392893935,0.389999,1.564104,0.999997,1.564108692326077,3.0775208034941217
https://hashdive.com/Analyze_User?user_address=0x0ea895e4c62d201de993f19d52a9a6cbbf2dbe71,0.389999,1.564104,0.999997,1.564108692326077,-0.33540144744049916
https://hashdive.com/Analyze_User?user_address=0xbaec6763bdbf46e0de5b3bad81b13aeca9a1dfdc,0.389999,1.564104,0.999997,1.564108692326077,-0.14267238379112587
https://hashdive.com/Analyze_User?user_address=0x190b13d6fbf4b0c52b54b70e228ee18e2d30dc2c,0.429999,1.325582,0.999997,1.3255859767579303,-11.36566364634331
https://hashdive.com/Analyze_User?user_address=0x38225e6f105b5173413334da9f3d21ad950549a3,0.429999,1.325582,0.999997,1.3255859767579303,-11.629774743637334
https://hashdive.com/Analyze_User?user_address=0xc4d26d42eee7d5c8d513de2be396bd999a96e607,0.359999,1.777779,0.999997,1.7777843333530001,2.7381775568637137
https://hashdive.com/Analyze_User?user_address=0x6c862d240ee77e0047b626458d460b4b2ceee05f,0.389999,1.564104,0.999997,1.564108692326077,-0.11865383350299297
https://hashdive.com/Analyze_User?user_address=0xbf51d516b76692a9ec425c57128222359bccaf8d,0.429999,1.325582,0.999997,1.3255859767579303,-1.0380162152215957
https://hashdive.com/Analyze_User?user_address=0x3ff784073956e6bc7e261363b91f2091dd6990a3,0.369999,1.702704,0.999997,1.7027091081273242,-0.8673900412621294
https://hashdive.com/Analyze_User?user_address=0x2cb5047dd3a1888e944ffdb4c38d552830a32b19,0.429999,1.325582,0.999997,1.3255859767579303,1.4035766227171123
https://hashdive.com/Analyze_User?user_address=0x67c5b90eeab185cef8d137a7041f26770c8b5130,0.389999,1.564104,0.999997,1.564108692326077,-0.09670433937496176
https://hashdive.com/Analyze_User?user_address=0xe5a48b9d2f7130868703bdbf544358b0ac0cd559,0.389999,1.564104,0.999997,1.564108692326077,1.6626521026970247
https://hashdive.com/Analyze_User?user_address=0xc489f59bdd2b16e11dc136ac8be87e6955903b5a,0.389999,1.564104,0.999997,1.564108692326077,4.351252093866851
https://hashdive.com/Analyze_User?user_address=0xaf83276b01be80d8665948270cd0898028c6c799,0.389999,1.564104,0.999997,1.564108692326077,2.0641067080681177
https://hashdive.com/Analyze_User?user_address=0x984d54c9b5a01edce3e5cc2911af9314eb1c85c3,0.389999,1.564104,0.999997,1.564108692326077,2.22820881405461
https://hashdive.com/Analyze_User?user_address=0x8906a12ced98503853833c066a4db406a50cf15f,0.389999,1.564104,0.999997,1.564108692326077,3.2719106773110913
https://hashdive.com/Analyze_User?user_address=0xfbf3116dae1659d6efaa7c20b93ae7795ac765e3,0.389999,1.564104,0.999997,1.564108692326077,0.9839310590986912
https://hashdive.com/Analyze_User?user_address=0x9fb3fcfd1052d4db8736100af140d8ad4bc24393,0.429999,1.325582,0.999997,1.3255859767579303,4.917259019695162
https://hashdive.com/Analyze_User?user_address=0xd40fa60b15b54e02d73b4cae59e9586d7e974fa8,0.429999,1.325582,0.999997,1.3255859767579303,-1.2832532583889993
https://hashdive.com/Analyze_User?user_address=0xb3005e73923bcfbbed13b1fa78a06071e8481b28,0.429999,1.325582,0.999997,1.3255859767579303,-1.8317041366921512
https://hashdive.com/Analyze_User?user_address=0x24d279efdf1141cd442c3a05f499bb7dc3502d63,0.429999,1.325582,0.999997,1.3255859767579303,-5.2505852253292575
https://hashdive.com/Analyze_User?user_address=0x62af7c2315a1b266d95f0f90472d846f66826321,0.429999,1.325582,0.999997,1.3255859767579303,-11.257065115867501
https://hashdive.com/Analyze_User?user_address=0x8b168d9fbf50629c0800f1d355a88fc31ab3d6f0,0.429999,1.325582,0.999997,1.3255859767579303,-8.432774058740094
https://hashdive.com/Analyze_User?user_address=0x60270a4e55a5110dcbe9a0d64d79b253a12f957b,0.429999,1.325582,0.999997,1.3255859767579303,-6.971736083182874
https://hashdive.com/Analyze_User?user_address=0x7a241a7c8f0b0b6a4bd76f557572d50206ae40c9,0.419999,1.380953,0.999997,1.3809571428714287,0.12624783233968104
https://hashdive.com/Analyze_User?user_address=0x59e527ccae6cd3be19ae8ab0112759f08908a641,0.429999,1.325582,0.999997,1.3255859767579303,1.4736070316064827
https://hashdive.com/Analyze_User?user_address=0x03658f42cc371bf60bbc11cd9f1bb3cbfbfe118e,0.429999,1.325582,0.999997,1.3255859767579303,-2.0703931950101073
https://hashdive.com/Analyze_User?user_address=0xa4c49c3793a2f2f7c3a7dacae9ce94b7179df8ba,0.429999,1.325582,0.999997,1.3255859767579303,-0.72515676119651
https://hashdive.com/Analyze_User?user_address=0x965a607fec1861ab865b4b6c88aaddf59e2314bb,0.429999,1.325582,0.999997,1.3255859767579303,-0.9352991882391779
https://hashdive.com/Analyze_User?user_address=0x61e1fd9a6a630cda5f25e27e9f6f118415349461,0.429999,1.325582,0.999997,1.3255859767579303,-3.7490137434727124
https://hashdive.com/Analyze_User?user_address=0x6e8f7d404a1c983e0d9b49ac6b556f9485abdbb8,0.429999,1.325582,0.999997,1.3255859767579303,4.488007727150499
https://hashdive.com/Analyze_User?user_address=0x937e1e0c851dc86355488fea5ac73c3850be6609,0.759999,0,0.999996804213,0,-0.5572475782184014
https://hashdive.com/Analyze_User?user_address=0xfccafe3b51726a5803719923e9a1c6e0649faeba,0.299999,-0.999996,0.999996,-1,3.231638168972917
https://hashdive.com/Analyze_User?user_address=0x2aad538124ad0a7f42a75cde465d444fd546195a,0.789999,0,0.999995744181,0,0.37485997569340707
https://hashdive.com/Analyze_User?user_address=0x6b8aca0a132befde16abd0f9c76ffab72bb20d66,0.859999,0.162791,0.999994,0.1627919767518605,-2.1698094268462746
https://hashdive.com/Analyze_User?user_address=0x54cd0c034e053d5ca4f6d942ee4da58d8bb7d366,0.95,0.052631,0.999989,0.05263157894736842,-0.1506531505667094
https://hashdive.com/Analyze_User?user_address=0x0905d9a9a390b19addc77759f24a5f001005e5c0,0.02,-0.5,0.5,-1,-0.8232834731003018
https://hashdive.com/Analyze_User?user_address=0x95428cd79d332fa5f5dd2240289da58a84cf0f7f,0.5,-0.376142,0.376142,-1,0.040742976094018
https://hashdive.com/Analyze_User?user_address=0x44a29008a9362f71192cf8516fe6a5f18e42b7ae,0.5,-0.079865,0.079865,-1,-0.1016628416283233
https://hashdive.com/Analyze_User?user_address=0x2b331851e21f788c55733c01fc1841ae4fbd5103,0.5,-0.075866,0.075866,-1,0.004949163853413879
https://hashdive.com/Analyze_User?user_address=0x285a89ce1613e9f47813d17d5a723d16824b6519,0.5,-0.059233,0.059233,-1,0.07742125457338352
https://hashdive.com/Analyze_User?user_address=0x771f3149cb6fe70fd0f8026e7bd27921c018ab4c,0.5,-0.053811,0.053811,-1,-0.14836907514467967
https://hashdive.com/Analyze_User?user_address=0x39969e8df4c079b66c45fcfc8e83ba41293768b3,0.5,-0.052266,0.052267,-0.9999808674689574,0.037565123425208576
