url,avg_price,realizedPnl,total_invested_usd,ROI,Score
https://hashdive.com/Analyze_User?user_address=0x578d665b6dd21abf12a393579699e35a2686fbb3,0.68279,11668.782572,25116.888032,0.46457915316314136,1.741483401881601
https://hashdive.com/Analyze_User?user_address=0xee00ba338c59557141789b127927a55f5cc5cea1,0.224565,76908.237259,22591.804739,3.4042538056392684,1.4420782042373403
https://hashdive.com/Analyze_User?user_address=0x29bfd318d0cdffbbb9943e7ea3c5fac570c225b0,0.710256,6221.093634,15249.907091,0.40794305151350646,-8.498018152538421
https://hashdive.com/Analyze_User?user_address=0x3168a74556b9b552267cfc9995183491c90c6734,0.693316,6316.168349,15233.689159,0.41461843438419077,-1.45063066444023
https://hashdive.com/Analyze_User?user_address=0xccf25be5f62cb1e2fbdc6b0392aa50584e6e41b7,0.41917,6242.895743,13374.822958,0.46676473868881246,1.5611870045027911
https://hashdive.com/Analyze_User?user_address=0x28c1b571571032daa4f268ce1042799c3018a4cc,0.994628,1263.64016,9631.062494,0.13120464754405112,0.9701122997256318
https://hashdive.com/Analyze_User?user_address=0xb04cc2ab1ac0803dfd2b99305dec86f4e4d9b6cc,0.99822,16.705228,9368.254771,0.001783173964451954,1.0726011272745524
https://hashdive.com/Analyze_User?user_address=0x48b315469f19cae6c5c33e564f0382058edd9a19,0.999,7.13038,7123.24962,0.001001001001001001,0.9969597452653585
https://hashdive.com/Analyze_User?user_address=0x008aab39521901ea08a8c55474740547a11921a8,0.629997,782.242326,5901.640684,0.13254658626045218,-1.9188050683945335
https://hashdive.com/Analyze_User?user_address=0xcf6c5492124794394dd9eac46498a8babbe47e66,0.221458,19113.9535,5437.0065,3.515528903634748,-0.8179048255614496
https://hashdive.com/Analyze_User?user_address=0x25cc572fae8d022da57a888597561908fd669297,0.623872,1227.351519,4992.917227,0.2458185191540729,-12.525743309924643
https://hashdive.com/Analyze_User?user_address=0x4a64afa45a44a01890c2161be88d2b44751d4430,0.28515,9182.82707,4790.294187,1.9169651615386265,2.5400640139767585
https://hashdive.com/Analyze_User?user_address=0xfc25f141ed27bb1787338d2c4e7f51e3a15e1f7f,0.39928,-94.516766,4624.049788,-0.020440256989724265,1.1543525180190621
https://hashdive.com/Analyze_User?user_address=0xaacf24a7c9a2025fc49ee6539608edd6d0ef5f84,0.611914,2758.829848,4349.980695,0.6342165727703304,-3.3389771685574754
https://hashdive.com/Analyze_User?user_address=0xe60a9b0be459d9849bc2339dac20517639ae6a47,0.51274,-2.684104,4271.6735906552,-0.0006283495082282973,-2.4998759232715355
https://hashdive.com/Analyze_User?user_address=0xc58df0b98437f613e20916c242403e0a6c009373,0.38,-4219.411511,4219.411512,-0.9999999997630002,-4.239958580637938
https://hashdive.com/Analyze_User?user_address=0xc2996818c1af209a97ac295787bd6332d5f6dc5e,0.6,2600,3900,0.6666666666666666,-2.498983921663897
https://hashdive.com/Analyze_User?user_address=0x89d04465f9695e48e200c2adc36573f8c9032368,0.599999,2363.339241,3544.994091,0.6666694443863884,-0.6870232644326384
https://hashdive.com/Analyze_User?user_address=0xa6a856a8c8a7f14fd9be6ae11c367c7cbb755009,0.131064,17510.68161,3399.066202,5.151615346502156,3.5826443194321547
https://hashdive.com/Analyze_User?user_address=0x20b90261bfeb0a1fd0b98c34a9aafbb6ef0e9110,0.955085,150.796722,3206.583277,0.04702722772916151,-13.721240031990158
https://hashdive.com/Analyze_User?user_address=0x89961868837749331b85636b9f93f318ea3dfbce,0.282246,7404.375098,2911.659502,2.5430085808158487,5.835789210532589
https://hashdive.com/Analyze_User?user_address=0xe0f3208b94bbd4d1a3dee319d4d574747297d82c,0.589906,1636.564183,2359.895357,0.6934901491057937,-6.227905088799593
https://hashdive.com/Analyze_User?user_address=0xb786b8b6335e77dfad19928313e97753039cb18d,0.14711,8178.605446,2036.020119,4.016957086856762,7.140526754379184
https://hashdive.com/Analyze_User?user_address=0xe59d80b1de361f426b052230023603272fb1fe58,0.818507,423.295793,1919.578987,0.22051491283593636,-3.8462192007187794
https://hashdive.com/Analyze_User?user_address=0x90ba2e712cdb5d167f22ef2053333ff1437463f3,0.363958,-1837.969421,1837.969421,-1,-1.4115837268640694
https://hashdive.com/Analyze_User?user_address=0x727bfdcb0ae1a00eca35c4d0a9b85f4e42d4d1a2,0.332666,-832.76434,1822.91986,-0.4568299233955353,-5.578583944945059
https://hashdive.com/Analyze_User?user_address=0xb00fa072c0166e3671b069940ea826c4ebbedb97,0.102395,-3348.508945,1795.289208,-1.8651640805719143,-6.951465066366332
https://hashdive.com/Analyze_User?user_address=0x3d6989543c6d69357277bc9f3b37d4e070cb9829,0.442247,79.724107,1738.207353,0.04586570575852351,0.4081485168364658
https://hashdive.com/Analyze_User?user_address=0x5ef40ef4b6bd83a4013364f3028a57addfa0412c,0.389404,-1699.998875,1699.998876,-0.9999999994117642,-6.041092636912101
https://hashdive.com/Analyze_User?user_address=0x383df1f0b1786b64db3143d91fa501e4afe4a9f2,0.383181,-1685.9964,1685.9964,-1,-2.837153075833199
https://hashdive.com/Analyze_User?user_address=0xd2bd4fd9b525c94bd04e00d8b57b446009addce0,0.600983,1090.912478,1643.087522,0.6639405773541015,-4.658495870593987
https://hashdive.com/Analyze_User?user_address=0xd9a0cdd2f18d42f7cf0540d38036c597925288ee,0.206041,1415.162746,1546.405161,0.9151306408502087,1.0646916329556793
https://hashdive.com/Analyze_User?user_address=0x16fd601e97eabbf4ac75eea1688beeb620ca5b47,0.597768,904.361233,1499.997785,0.602908378961373,-4.680822744427342
https://hashdive.com/Analyze_User?user_address=0xbd88ce95f23f674a41dcc6735052942115321ca6,0.78,-1427.43832,1488.5052,-0.9589743589743589,-28.321961832223188
https://hashdive.com/Analyze_User?user_address=0xbb367cb2a0b847d805947443342629ffcd909545,0.449073,63.803601,1484.9195405841451,0.04296771593085819,1.128279480101481
https://hashdive.com/Analyze_User?user_address=0x9542a9adc39c2b66ca177f6ffb8a6183c5264295,0.59,1024.945681,1474.921834,0.6949152540649147,18.433807436429884
https://hashdive.com/Analyze_User?user_address=0x011f2d377e56119fb09196dffb0948ae55711122,0.35,-660.004041,1400,-0.47143145785714285,0.900294329360905
https://hashdive.com/Analyze_User?user_address=0x480d013bf6665fb174fb7ec6ea677cfc8140f219,0.269987,3650.064997,1349.934999,2.7038820385454723,-3.2852977146273394
https://hashdive.com/Analyze_User?user_address=0xa6a856a8c8a7f14fd9be6ae11c367c7cbb755009,0.138719,2517.508211,1264.947467,1.9902077174561432,3.5826443194321547
https://hashdive.com/Analyze_User?user_address=0xeecab1d35be7478c1a67ee58d4ed83e2a9cd9826,0.750464,399.009851,1199.997311,0.332508954263815,-1.885585236716005
https://hashdive.com/Analyze_User?user_address=0xe40172522c7c64afa2d052ddae6c92cd0f417b88,0.245105,-1022.528879,1172.619974,-0.8720036343163979,3.3078395897966573
https://hashdive.com/Analyze_User?user_address=0x1875d611c00b4e69e6b9198763edcfc7d1b0eb5e,0.979987,53.078031,1148.734525,0.046205654870519364,-1.7237397608621772
https://hashdive.com/Analyze_User?user_address=0xdbb9b3616f733e19278d1ca6f3207a8344b5ed8d,0.371527,-1101.001052,1101.001053,-0.9999999990917358,1.595977123582494
https://hashdive.com/Analyze_User?user_address=0x1c1d3050257cccc0c87d2134c91895ccecc6c4c8,0.16,3327.0608,1086.3872,3.0625000000000004,-2.417767112696233
https://hashdive.com/Analyze_User?user_address=0x4c86cdfff0fcff0f6b56a9ddb9f805b4b28f6993,0.211923,3951.866624,1062.702541,3.718694998396545,5.1951889161465115
https://hashdive.com/Analyze_User?user_address=0x20cc8d7e69a24d156cf8c17d32152a536befebc0,0.668356,156.026692,1045.335108,0.1492599749170579,-2.8699428496000206
https://hashdive.com/Analyze_User?user_address=0xd2bd4fd9b525c94bd04e00d8b57b446009addce0,0.405676,-467.341929,1037.341929,-0.45051869199051725,-4.658495870593987
https://hashdive.com/Analyze_User?user_address=0x148487d3f19011b864bbcae6c83766888b0fcafe,0.100859,-574.140669,1018.175734,-0.5638915266075276,-2.8677456614758503
https://hashdive.com/Analyze_User?user_address=0x2dbdcea01fdddfbc37ac12998601674a7d2565af,0.748506,-859.632249,1002.079872,-0.8578480348919731,-2.3531718136768145
https://hashdive.com/Analyze_User?user_address=0xe779a62d58d3f8a1b48930566f0198b064b8335e,0.5,0,1000,0,4.061787268505229
https://hashdive.com/Analyze_User?user_address=0xaf2d11699cf7e2e7635c9c4ab984923c7eef673f,0.585712,705.614868,999.999001,0.7056155729099574,-18.35881081889383
https://hashdive.com/Analyze_User?user_address=0xf62d9f31bd575d409426be7feec0947c5b37d3a0,0.387047,-999.997255,999.997255,-1,-6.870034279488403
https://hashdive.com/Analyze_User?user_address=0x1608df8dc34aac33d3cfb0a55b2f5e78ed8fa990,0.27,2673.9691,990.0009,2.7009764334557675,-6.440422552717683
https://hashdive.com/Analyze_User?user_address=0x2005d16a84ceefa912d4e380cd32e7ff827875ea,0.45,0,900,0,5.761778174564228
https://hashdive.com/Analyze_User?user_address=0x994e3e768b592cd326a3dd6be283e95a833e9cf5,0.324632,560.233396,883.569517,0.6340569533251563,1.882302614959488
https://hashdive.com/Analyze_User?user_address=0xcede53c9cf98fb85af6945535774cbdd9d81d9eb,0.728863,314.677188,849.037931,0.3706279501898956,3.5870002587119805
https://hashdive.com/Analyze_User?user_address=0x06727eefe02f5323b99ccc525561e5aca4877b8c,0.625298,507.715797,847.269757,0.5992374834641949,10.927717847457924
https://hashdive.com/Analyze_User?user_address=0xaa5ecbbbf605a4675ff3dc2f5a26dee8ee4b6a2c,0.59,574,826,0.6949152542372882,7.334527342524212
https://hashdive.com/Analyze_User?user_address=0x2fe6d3037aab8ca66fc3a43918d9028a601aab9d,0.132798,5307.27945,812.724252,6.530233885527019,-0.5124285257465229
https://hashdive.com/Analyze_User?user_address=0x61e147f80fc1d07e40dd73b664804eb8ec5badf1,0.51818,456.675757,760.004242,0.600885800055837,-0.3534570592395211
https://hashdive.com/Analyze_User?user_address=0x4b39761a73dfce0d2de6fc2476599148df37eeaa,0.717256,277.912298,704.999093,0.39420234828585804,-0.4069395695550679
https://hashdive.com/Analyze_User?user_address=0x817bd11dac76d41df5459a985e9e9c8a9e2e3c25,0.47,0,704.9892670799999,0,1.933938817051129
https://hashdive.com/Analyze_User?user_address=0xc7b236995b438747166b8c4338861d0c752bece3,0.607407,451.057949,697.86205,0.6463425672738617,-3.417321065798262
https://hashdive.com/Analyze_User?user_address=0x28a42d044be01cb67921c1bd2d957b2f19966aa5,0.67,329,670,0.491044776119403,0.16295338713973784
https://hashdive.com/Analyze_User?user_address=0xde5314ddd05574a22cdaeef4e9ab2c02ce90e5be,0.61,10.9646,668.8406,0.01639344262295082,1.236303009974836
https://hashdive.com/Analyze_User?user_address=0x6ac5bb06a9eb05641fd5e82640268b92f3ab4b6e,0.461578,-26.471561,660.982557322022,-0.04004880417306293,-3.74212381221957
https://hashdive.com/Analyze_User?user_address=0xf9712c6d06a0e6527ae7f85c9d540158e1a40a57,0.455156,11.596245,653.7079918366401,0.01773918193568279,1.0953616897128609
https://hashdive.com/Analyze_User?user_address=0x7662ec80b37fe6dbda60371f574fd08fc5a7356b,0.35,3.204176,635.272701,0.005043780403213014,1.0274630429058602
https://hashdive.com/Analyze_User?user_address=0x4fc19a907012ef58717ee7ceb1f89057f71aec92,0.6,2.430484,600,0.004050806666666667,0.5887318071566944
https://hashdive.com/Analyze_User?user_address=0x08a89458c07ee2b9fb233f2fe06aedd0b95cadce,0.619999,367.742902,599.999031,0.6129058265095766,-9.635754971561004
https://hashdive.com/Analyze_User?user_address=0xc8ec6d4cef5c5fe8409ef69303c37f05b678e8f1,0.39735,-471.029134,590.689384,-0.7974227178594426,13.25919724842053
https://hashdive.com/Analyze_User?user_address=0xb2c72925a836d013efd18186c20acdc539291b5b,0.59,10,590,0.01694915254237288,0.3067738566477022
https://hashdive.com/Analyze_User?user_address=0x37d8bba5fcbd2d8cd99328c1c63ad696afa7b6dd,0.41971,-578.999937,578.999937,-1,-9.961286890167717
https://hashdive.com/Analyze_User?user_address=0x026985b67ade7ba199698b9d7d0451a22214cb2d,0.08,1525.212176,515.759516,2.9572157734070776,5.211858989281283
https://hashdive.com/Analyze_User?user_address=0x31db82c52ea1df876ee4cf3b652491f0d2c379a4,0.485601,545.582339,515.038578,1.0593038314112462,-5.1860291416767605
https://hashdive.com/Analyze_User?user_address=0x5a45565906b8478fe456a0d313ce8839b3e7f628,0.49,0,504.69730892,0,-0.8476899604648913
https://hashdive.com/Analyze_User?user_address=0xe27b91bb3b8f991f49e5e1e8d90524e73e9f858f,0.6,45.280473,503.245605,0.0899768871304897,0.23072365646085857
https://hashdive.com/Analyze_User?user_address=0xb296318abc3f66b51c6977f6feef8db42a3607ba,0.718576,196.173413,502.693525,0.3902445590481795,-1.3847488486343846
https://hashdive.com/Analyze_User?user_address=0x30d81f9d349b08ba72db242e76f230bc36cdf9c5,0.848049,-411.667417,500.129477,-0.8231216833476104,-17.568522814574838
https://hashdive.com/Analyze_User?user_address=0x8a6781932356e49638c37db5ef23a3843e5adc7c,0.609999,319.67295,499.99918,0.6393469485289955,-4.050584015199057
https://hashdive.com/Analyze_User?user_address=0x854fc44c7fc82782b7c8bdb87425aa74485f00a7,0.155482,303.760352,462.478234,0.6568100500055102,1.3419886741071865
https://hashdive.com/Analyze_User?user_address=0xce5474af4185dfe16796945420aeabc68c7890bc,0.6,302.28,453.42,0.6666666666666666,-0.9406087561819718
https://hashdive.com/Analyze_User?user_address=0xf0b0ef1d6320c6be896b4c9c54dd74407e7f8cab,0.609971,19.237912,442.414412,0.0434839179696524,0.7139732428280593
https://hashdive.com/Analyze_User?user_address=0x7b31acc914257ed0f85d908f1fedfd3ff534e8eb,0.733333,-421.9998,439.9998,-0.9590908904958593,-7.64813423572053
https://hashdive.com/Analyze_User?user_address=0xaeb50a7e23d833da8be30e69b55172d1f52858e2,0.155558,2380.068221,438.441779,5.428470403592629,-1.5897723396470216
https://hashdive.com/Analyze_User?user_address=0x97e12cc7391a50e49042b44a2d4a0cef54c8017b,0.03,38.140098,431.5638,0.08837649960446173,2.431420361011138
https://hashdive.com/Analyze_User?user_address=0x994e3e768b592cd326a3dd6be283e95a833e9cf5,0.42,-171.7926,420,-0.40903,1.882302614959488
https://hashdive.com/Analyze_User?user_address=0x24df228f4c96d1a3ee5614617a0593dd4159e8b2,0.371294,-98.502528,406.17115,-0.24251483149406353,1.5429208143406727
https://hashdive.com/Analyze_User?user_address=0xe48e2bd9bd8521ec35d35d430da0a889bda58f7d,0.669987,58.612297,401.98684,0.14580650699908485,2.7725035708089973
https://hashdive.com/Analyze_User?user_address=0x5c57496c97dd151f54b2d727646aa796ced55b16,0.57,-55.915656,398.399051,-0.1403508764884081,0.8011633385578816
https://hashdive.com/Analyze_User?user_address=0xb5e767d1ab98bf46b717e07e8303c28dd35e3c1a,0.34,-388.250315,388.250316,-0.9999999974243421,1.2966571325629836
https://hashdive.com/Analyze_User?user_address=0x7ba5b5b21c2d4bab224ca5ad446cc31c776faaf1,0.61,247.8879,387.7221,0.6393442622950819,-5.437745676198627
https://hashdive.com/Analyze_User?user_address=0xa9d32192852b1c7ae53e9051935dbd28f7c59d4b,0.371977,-355.575637,355.575637,-1,2.364310481073902
https://hashdive.com/Analyze_User?user_address=0xfda54cde1babb601bbc6f5c4ff04502a82959bda,0.7,-335,350,-0.9571428571428572,-27.088504766541895
https://hashdive.com/Analyze_User?user_address=0xead152b855effa6b5b5837f53b24c0756830c76a,0.472711,-12.409029,323.334324,-0.03837832261817029,-4.745066185750246
https://hashdive.com/Analyze_User?user_address=0xbec2ee29d5087ce352abd1e2cdd66bd4d222826b,0.116673,2398.455953,317.156105,7.562383051084575,-1.639513178577371
https://hashdive.com/Analyze_User?user_address=0xef630dba0a48dc47823ba3db64ea3ad5e79496cb,0.62,5.085,315.27,0.016129032258064516,-5.870307416484531
https://hashdive.com/Analyze_User?user_address=0x325f64edd42ac179213e12bc2a8c4f00764dd8ac,0.140355,-225.950224,311.40271,-0.7255884960024914,5.712819393128548
https://hashdive.com/Analyze_User?user_address=0xedbd1e1d2bafd238b99f276319e93d10e0a6dcba,0.4,-309.603997,309.603998,-0.9999999967700676,-0.0576266709919437
https://hashdive.com/Analyze_User?user_address=0x21d6ca1a07d186a196dc632088ce1e9d852286fd,0.617893,190.468012,307.999727,0.6184031844937317,9.522103065118875
https://hashdive.com/Analyze_User?user_address=0xf33f0dfe73e3d1b3d0453e2a02c5d19100d3085c,0.5559,7.4447,304.628258049,0.024438638909206205,-0.06299336969073753
https://hashdive.com/Analyze_User?user_address=0xa9d71818dadc207f9ea3d3f46ff0b12e497025e9,0.355232,-300.995572,300.995573,-0.999999996677692,0.6158016130618288
https://hashdive.com/Analyze_User?user_address=0x24b9b58ab054a12c27c9805caa87aea0dddcbcb1,0.049999,69.161521,300.56217,0.23010720544105734,-1.5434782619314713
https://hashdive.com/Analyze_User?user_address=0xf930d6974fbb9a0d38a34f8579ab0de6fedae346,0.609999,191.803769,299.999507,0.6393469473268167,-1.4485196994663516
https://hashdive.com/Analyze_User?user_address=0x23be85cd6b3814181e43689aa1c44ca9789ada4f,0.611428,190.654239,299.999332,0.6355155450812804,-2.4790940467349643
https://hashdive.com/Analyze_User?user_address=0x0a6bd34bea676515af098e11f61ca6586ad2bfac,0.419999,-299.999285,299.999285,-1,1.85452618961114
https://hashdive.com/Analyze_User?user_address=0x3045b3d70d1790e8e187bd26d4b09d03db958f78,0.349999,25.715057,299.999142,0.08571710181757787,-3.0505823359056383
https://hashdive.com/Analyze_User?user_address=0x8b63073699561fe21e7f8669ee65ded1a7f84cf5,0.6,-0.831483,299.997,-0.0027716377163771637,-5.264203983401084
https://hashdive.com/Analyze_User?user_address=0xb70bb8899850ad794b823ed4a884555798ddda98,0.48,0,288,0,10.436193355437151
https://hashdive.com/Analyze_User?user_address=0x71a24e8f3d8663510bbc11153cae2ccc33e51cbc,0.48,0,288,0,-4.7238014926987235
https://hashdive.com/Analyze_User?user_address=0x2df068b1f24be8dfb63e53ac4489e4b5d0eb4427,0.48,0,288,0,12.2011589245408
https://hashdive.com/Analyze_User?user_address=0xbf1b8a7c5af06e3a6e2c3b9379ecd908cdec09e0,0.48,0,288,0,0.631285904188605
https://hashdive.com/Analyze_User?user_address=0x04707754c5863b5b588a41c91ee966ad30e813a4,0.48,0,288,0,5.055627425484932
https://hashdive.com/Analyze_User?user_address=0x207d370cf98d709d353d0ce5857dc23834569407,0.48,0,288,0,-3.887270832591681
https://hashdive.com/Analyze_User?user_address=0x19c55dbcc66f0a946dd8180b2b875cd89e0c7fe7,0.48,0,288,0,2.4150137050950042
https://hashdive.com/Analyze_User?user_address=0x11cbae61b29b0519817c3ae8904752c4d3c1de33,0.48,0,288,0,18.072707794896683
https://hashdive.com/Analyze_User?user_address=0xfb7ee7d248bbbf09612934a6bc5413e51a605e27,0.48,0,288,0,12.776625865690324
https://hashdive.com/Analyze_User?user_address=0x3be2a8c7ad2cbc7e9cfec54f450187fdd7985a42,0.48,0,288,0,2.05612767466621
https://hashdive.com/Analyze_User?user_address=0x1cde0b50f3f8b46c0f3e7627004cd37a9cf46819,0.48,0,288,0,14.417128334741173
https://hashdive.com/Analyze_User?user_address=0xf8c053fe14d4cdab9124e812fe956f6ba65bb672,0.48,0,288,0,2.1486782931314687
https://hashdive.com/Analyze_User?user_address=0x17341668841f6c9ca9743052f451919c7af1735c,0.48,0,288,0,9.3802935218297
https://hashdive.com/Analyze_User?user_address=0x01fee04b09b65375c7cdbb65d3abfaefb6085209,0.48,0,288,0,-0.19230231968816364
https://hashdive.com/Analyze_User?user_address=0x47f969d65a1953b058569213137e2f18cf64254c,0.48,0,288,0,-5.837655063849613
https://hashdive.com/Analyze_User?user_address=0x9adb2a58cd28561d909692875dc0e8c8c1b6fd1e,0.48,0,288,0,16.318009451874286
https://hashdive.com/Analyze_User?user_address=0xa9226033ca6031f46a81f93d798a9d358957e4b8,0.48,0,283.2,0,7.65764930939273
https://hashdive.com/Analyze_User?user_address=0x3f5b98cc7a87ea52b46f3547ec6ada7c60d4ae93,0.48,0,283.2,0,10.22239311054016
https://hashdive.com/Analyze_User?user_address=0x8b475410588aeae52b03a583826b7d4fcf7adca6,0.48,0,283.2,0,9.457443419048925
https://hashdive.com/Analyze_User?user_address=0xe13c4eab2d78e59d0dc034725529fa6c4beb2878,0.48,0,283.2,0,4.472202836555743
https://hashdive.com/Analyze_User?user_address=0x16928f6ee732eda1a96a00266f4d44b224cf30fc,0.48,0,283.2,0,24.49226876903637
https://hashdive.com/Analyze_User?user_address=0x444bc52827a130bd585bef6c80cd8c64c78615ea,0.48,0,283.2,0,9.836498847582076
https://hashdive.com/Analyze_User?user_address=0xad61629bc48cb3e2c284c87d567684bf0784e605,0.48,0,283.2,0,-4.202509580071161
https://hashdive.com/Analyze_User?user_address=0xbe64fe7b1c65a4ffae21452abfbd57e32df71e32,0.48,0,283.2,0,8.858782020821653
https://hashdive.com/Analyze_User?user_address=0x97f0c5d129566e35e02c01daad2838f537d506fa,0.48,0,283.2,0,9.246011342597383
https://hashdive.com/Analyze_User?user_address=0xff02510cdb1eadc623cf0b2a9b44301377b90677,0.48,0,283.2,0,9.2688264216855
https://hashdive.com/Analyze_User?user_address=0xbe45c6064c08a745b5ab06df9d9bc2d491cab8e5,0.48,0,283.2,0,13.61800750847059
https://hashdive.com/Analyze_User?user_address=0x13381321415caa6fb9cf8e6e3dcaa9229add5eab,0.48,0,283.2,0,-0.8471375870750669
https://hashdive.com/Analyze_User?user_address=0xc85e296936aa05116a9015f54861bd217539fad7,0.48,0,283.2,0,-1.5435896022613163
https://hashdive.com/Analyze_User?user_address=0x7dbd0ca461ce4be3677dc863bc602ba065dd57e1,0.48,0,283.2,0,-6.368273053993173
https://hashdive.com/Analyze_User?user_address=0xb263a92ec0314f90b802f38dae06511e1d62aac8,0.48,0,283.2,0,14.501445868935424
https://hashdive.com/Analyze_User?user_address=0x2d17b0307a5a65263944cf107ee086be17b1402e,0.48,0,283.2,0,9.469407783981161
https://hashdive.com/Analyze_User?user_address=0x22e83ec93755c7bc730fb484eeffe5562014f766,0.48,0,283.19556864,0,2.5663478790717917
https://hashdive.com/Analyze_User?user_address=0x7b91ce981f9cd29be2a83b5d284777d1276425bc,0.48,0,278.4,0,-10.905873234033283
https://hashdive.com/Analyze_User?user_address=0x20e67ac7f2b339a711413eb3bed1c1fa749e398c,0.48,0,278.4,0,14.586237486388285
https://hashdive.com/Analyze_User?user_address=0xa7fb99de7d3c7923d387db4a027e608c970ecd68,0.48,0,278.4,0,7.6269200775268775
https://hashdive.com/Analyze_User?user_address=0xd58f00914a7d7d85a95e8d1ba3c2fab67640862e,0.48,0,278.4,0,-1.1462639725345412
https://hashdive.com/Analyze_User?user_address=0x6bc27a6538b25b4958427efdeb0e8ca55bc12f00,0.48,0,278.4,0,15.461164849251512
https://hashdive.com/Analyze_User?user_address=0x25ac3d48ff3dea393de8e1eb4ea1d4c68a74cf9d,0.48,0,278.4,0,14.296394101601557
https://hashdive.com/Analyze_User?user_address=0x53b1f3712d8f0594d97ec1506fcd82dfcc3567c5,0.48,0,278.4,0,8.486362111632781
https://hashdive.com/Analyze_User?user_address=0xa2d520b0014d1f9c675a933f972993eb012d306f,0.48,0,278.4,0,20.93049530840146
https://hashdive.com/Analyze_User?user_address=0xf5b362e42725d0ca6b83b1e8519e1b668a88d2ce,0.48,0,278.4,0,3.7574882412862727
https://hashdive.com/Analyze_User?user_address=0x2ad60a6330c0ec9a4a8936003885907673cade35,0.48,0,278.4,0,3.912160735107339
https://hashdive.com/Analyze_User?user_address=0x900dda34a1389e80c6c943dfd2e8014ffd442961,0.765866,-267.012569,274.172369,-0.9738857711077369,-11.706103682455442
https://hashdive.com/Analyze_User?user_address=0xc109fd4786f2a6eac6361c5ee41a21171d5ac101,0.48,0,273.59999999999997,0,6.756206928519277
https://hashdive.com/Analyze_User?user_address=0x94b6836500b1e77f89f12bf73534d344981e5179,0.48,0,273.59999999999997,0,-5.790595692576695
https://hashdive.com/Analyze_User?user_address=0x6d64b87ef21981407148f020a1cd56492ec73c42,0.48,0,273.59999999999997,0,3.5915328456470874
https://hashdive.com/Analyze_User?user_address=0x61eaeea46559e6434df035d3c2d7e2292b3b98b1,0.48,0,273.59999999999997,0,-12.38535098914827
https://hashdive.com/Analyze_User?user_address=0x98482dac4b27d412da5237945660abf50287f558,0.48,0,273.59999999999997,0,8.802701292498652
https://hashdive.com/Analyze_User?user_address=0xf32fea2918b8b2a5a44b35322ecef0eb6b4de2bf,0.48,0,273.59999999999997,0,16.057493832843214
https://hashdive.com/Analyze_User?user_address=0xd0cb8584558aabcf8308adcc3b20aeb6f487b60a,0.48,0,273.59999999999997,0,14.319104708324247
https://hashdive.com/Analyze_User?user_address=0x482386191da6694e7219c6ef4e8d34544f5677ad,0.48,0,273.59999999999997,0,8.564074830944575
https://hashdive.com/Analyze_User?user_address=0x01046cb80a27555ac3a7064bae12a4a945d2249f,0.48,0,273.59999999999997,0,-0.012398408221550307
https://hashdive.com/Analyze_User?user_address=0xa99b2831375c0fba2c2b0085ec119e936f52b7a7,0.48,0,273.59999999999997,0,-11.580912634788989
https://hashdive.com/Analyze_User?user_address=0xcda690df6a26983eb2629b74a526bb01ce5a154d,0.48,0,273.59999999999997,0,17.371448739603174
https://hashdive.com/Analyze_User?user_address=0xa31197fcaacce418ec63075a090d32a19d3e122b,0.48,0,273.59999999999997,0,-4.035495253798314
https://hashdive.com/Analyze_User?user_address=0x07062ad8541da230f25bcfddaf0e11a695feddc9,0.48,0,273.59999999999997,0,14.973487095445861
https://hashdive.com/Analyze_User?user_address=0xbdd4c3190abaa42c6426275db70e73de6719f73e,0.48,0,273.59999999999997,0,20.62188327016655
https://hashdive.com/Analyze_User?user_address=0x749597eb15367a39d3814069268f02c8dae48122,0.48,0,273.59999999999997,0,7.651490720336915
https://hashdive.com/Analyze_User?user_address=0x9bc7c08f742c5431f87980908238950c69797ad1,0.48,0,273.59999999999997,0,9.131680768863399
https://hashdive.com/Analyze_User?user_address=0x648f3d25f0e33c162cbfb2dba1bb156b727e3708,0.48,0,273.59999999999997,0,19.922833340416183
https://hashdive.com/Analyze_User?user_address=0xe753f5facf57476cdf87bfdd9ed1c05f3db43aa9,0.48,0,273.59999999999997,0,-6.89057045105785
https://hashdive.com/Analyze_User?user_address=0xc7d5dcfff07a6262af2a2646e56a82b758e08095,0.48,0,273.59999999999997,0,8.101239394275199
https://hashdive.com/Analyze_User?user_address=0x6b1ddba50f2a6e228314aa3e0a8f181145a1b314,0.48,0,273.59999999999997,0,-0.09965407284261571
https://hashdive.com/Analyze_User?user_address=0x4693b809b7e860882644cef1b532ab834b4b8a82,0.48,0,273.59999999999997,0,-1.1116258425421086
https://hashdive.com/Analyze_User?user_address=0x96da9af31407dff49a6220bbe26ee207637eff74,0.619999,167.586569,273.429558,0.6129058256386458,-1.2098440498836556
https://hashdive.com/Analyze_User?user_address=0x04ac0fa59f744194f477f226bdb10b70b1e955e7,0.48,0,268.8,0,3.752950707733201
https://hashdive.com/Analyze_User?user_address=0xbbd2aa9fca6d8f041ad4f4cb98703d7998e92f9a,0.48,0,268.8,0,-3.4660901708567877
https://hashdive.com/Analyze_User?user_address=0x500e3fff3abb2f1c7a9fd7a8c2ec62c6263fb890,0.48,0,268.8,0,0.9990388175393755
https://hashdive.com/Analyze_User?user_address=0x8499a9e3ebcbe5488d6b4decea7221006817c60f,0.48,0,268.8,0,9.452239777418676
https://hashdive.com/Analyze_User?user_address=0xb8d92534c1941c239bff0b826a68717f21e3616d,0.48,0,268.8,0,13.739458809102016
https://hashdive.com/Analyze_User?user_address=0x763cf8accbdf09c760cc410f23d02431cc783549,0.48,0,268.8,0,5.411981073754504
https://hashdive.com/Analyze_User?user_address=0xdea48e99bf85f82ca182895b5f644f1d166bd849,0.48,0,268.8,0,-3.788054397509941
https://hashdive.com/Analyze_User?user_address=0xe3b8e9a6ac062c768aaa60422a330f88e61f4d5e,0.48,0,268.8,0,-8.744038942666183
https://hashdive.com/Analyze_User?user_address=0x4dfecfd37108828892b786e8d5c5c0db0eed5487,0.48,0,268.8,0,8.615306280311518
https://hashdive.com/Analyze_User?user_address=0x491adf31d3d1df531059715fda1bcdd6c874abf0,0.48,0,268.8,0,12.005304273551129
https://hashdive.com/Analyze_User?user_address=0xae3f3a0b99a079b3d448c8d984066420579cec45,0.48,0,268.8,0,7.6885637976385235
https://hashdive.com/Analyze_User?user_address=0xdd729e34b845848e021105e3e39c1e93645d965e,0.48,0,268.8,0,9.39277276053253
https://hashdive.com/Analyze_User?user_address=0x62743da5eb6dcb5811fd257e81723a8ec58a54de,0.48,0,268.8,0,-2.0975362070874546
https://hashdive.com/Analyze_User?user_address=0xb87f093da06c5389bb572b7bfb48e74ac125b069,0.48,0,268.8,0,18.06138728581958
https://hashdive.com/Analyze_User?user_address=0x8c190ca88927c911577b6223eeb5b480afc52cb3,0.909999,26.377216,266.699706,0.09890230625151121,0.2985913586636819
https://hashdive.com/Analyze_User?user_address=0xa9d71818dadc207f9ea3d3f46ff0b12e497025e9,0.647374,144.57666,265.42334,0.5447021350872912,0.6158016130618288
https://hashdive.com/Analyze_User?user_address=0x1a69db1b66e789eaf5f2a1625f9dd8a633cb4594,0.48,0,264,0,-2.3323083762118864
https://hashdive.com/Analyze_User?user_address=0xc3b74547c230fc7e3ff2dc202c0ef34d7f4333c1,0.48,0,264,0,9.256193589073282
https://hashdive.com/Analyze_User?user_address=0xc6ca5fb5e467e64c7d07df7a7ecf3ca4ab467863,0.48,0,264,0,-6.618580530610998
https://hashdive.com/Analyze_User?user_address=0x00d80209033f40b30c38a807545c8cb0a413701e,0.48,0,264,0,5.417727089671499
https://hashdive.com/Analyze_User?user_address=0xc7d653bc93a5131babecb59d70f69d881012ef11,0.48,0,264,0,1.0506717535535741
https://hashdive.com/Analyze_User?user_address=0xa2f4047de7e9523baf1d4b8c4707c0d06f389c1c,0.48,0,264,0,-9.703368582422181
https://hashdive.com/Analyze_User?user_address=0x45441661ad5b1078ecd95819512dfb60d069e55f,0.48,0,264,0,0.8858942102665329
https://hashdive.com/Analyze_User?user_address=0xb72e69555b92b43a35db1f63640dc71d88984113,0.48,0,264,0,-2.134722504805525
https://hashdive.com/Analyze_User?user_address=0xfbb66190f8a7ea1bc05262aa72751595c9fe15d8,0.48,0,264,0,-2.2462839749645527
https://hashdive.com/Analyze_User?user_address=0x311dd9b6d3b9dad5d746f783beb9f1d1a57dfd1e,0.48,0,264,0,11.346996859947254
https://hashdive.com/Analyze_User?user_address=0xbae10a4c8171b9781056426ea89b3db503504e91,0.48,0,264,0,-5.976866895495898
https://hashdive.com/Analyze_User?user_address=0x3d1e176a5d94970951b2af21be642473f838b2fe,0.48,0,264,0,16.756452410383716
https://hashdive.com/Analyze_User?user_address=0x22d256ae8eb5b4319e538541dd3aeb3f36b27870,0.48,0,264,0,12.048491518722882
https://hashdive.com/Analyze_User?user_address=0x40b942b6c8ca63d63cf7b7fb808585afa662c535,0.48,0,264,0,-8.255279824404978
https://hashdive.com/Analyze_User?user_address=0x0d76f8c59f363e4e07da177f1b71dfb3a946920a,0.48,0,264,0,12.87475773014986
https://hashdive.com/Analyze_User?user_address=0x3e27b0bf036f94e58af210d259703334ec49db4f,0.48,0,264,0,4.523749128279666
https://hashdive.com/Analyze_User?user_address=0x5fd03f2a942a0a3b0639924a1a98dc3f04fd3479,0.48,0,264,0,-0.9220380758353433
https://hashdive.com/Analyze_User?user_address=0x9d8ad3ff44907f85606698df4cfdc20d32eaad83,0.48,0,264,0,14.265430584039308
https://hashdive.com/Analyze_User?user_address=0x7122f639b161e6aca5b5fd40fbba65d6c22c43b3,0.48,0,264,0,11.764138096647578
https://hashdive.com/Analyze_User?user_address=0xbb608ed097d94fa55b5f1088280852d329336b17,0.48,0,264,0,4.832370820869155
https://hashdive.com/Analyze_User?user_address=0xa9c029b747a8894327d3d111a1242f7284c91dc0,0.48,0,259.2,0,10.514181373100008
https://hashdive.com/Analyze_User?user_address=0x40dd174625b4e1dec130011d66a29649d0ac22a7,0.48,0,259.2,0,16.747620716623377
https://hashdive.com/Analyze_User?user_address=0x73c897a3544355b685f9feba300488c9f448bb1a,0.48,0,259.2,0,-0.554895877392165
https://hashdive.com/Analyze_User?user_address=0x2981acf4f55fec1dc828b661581f89bc0bba67d1,0.48,0,259.2,0,15.929112656236468
https://hashdive.com/Analyze_User?user_address=0x40b60878c1388f10f7e293dfd701abe7782997f3,0.48,0,259.2,0,7.207042478391611
https://hashdive.com/Analyze_User?user_address=0x720fddd409c0f045a0cf5ad5db7395e40761da60,0.48,0,259.2,0,11.38622891531178
https://hashdive.com/Analyze_User?user_address=0x9ba0c9dc87d4c6d63f17381f99af72b3c24368ec,0.48,0,259.2,0,7.920112846010989
https://hashdive.com/Analyze_User?user_address=0x4608e20d2080b53bd1e0507da3266a6a4d322b3b,0.48,0,259.2,0,14.867399099939863
https://hashdive.com/Analyze_User?user_address=0xf7c162bddc932b54e761055f5996b8d2373a811a,0.48,0,259.2,0,13.973626953308408
https://hashdive.com/Analyze_User?user_address=0x331f3bb4af0673a55039ff7361c1996757a70e97,0.48,0,259.2,0,-5.900269165271391
https://hashdive.com/Analyze_User?user_address=0xa27882ac0a45d56d1b43a0320ba8a4b9c16a407d,0.48,0,259.2,0,3.3688120498075675
https://hashdive.com/Analyze_User?user_address=0xf8dc50c5c37833b0d1b4bac7337641c3d9ae7e11,0.48,0,259.2,0,3.2602531064113927
https://hashdive.com/Analyze_User?user_address=0xcc9e67a9b9e559672cd0eec337fa47ad2a149576,0.48,0,259.2,0,6.422237126124058
https://hashdive.com/Analyze_User?user_address=0x2605ea3a46f872c7c299a12a7623eaf5520e6149,0.48,0,259.2,0,-2.2205235923439
https://hashdive.com/Analyze_User?user_address=0x3886caacded9dc23c283c7194e5e845b083ea4ef,0.48,0,259.2,0,10.714482278204837
https://hashdive.com/Analyze_User?user_address=0x865a7d7250bca2c35c6642cfbf28433e49f5e2a9,0.48,0,259.2,0,11.058631610818367
https://hashdive.com/Analyze_User?user_address=0x29ba8b9226776451676d7b1ce86d0a394d7b2b90,0.48,0,259.2,0,-4.035375767691638
https://hashdive.com/Analyze_User?user_address=0xc0e21e8fc13fe017ba2139906fa939db0f6b2982,0.48,0,259.2,0,13.04421723241022
https://hashdive.com/Analyze_User?user_address=0x5b287db8c22004bed920b370a5b4c9141ad1633f,0.48,0,259.2,0,1.2588337532513485
https://hashdive.com/Analyze_User?user_address=0x7e09300d3330f655055739a805cd8c00ddff5f1c,0.48,0,259.2,0,13.451121218500766
https://hashdive.com/Analyze_User?user_address=0xc131e582b5e45bf54945bdfc519945273a0d71e2,0.48,0,259.2,0,-2.650645230983473
https://hashdive.com/Analyze_User?user_address=0x053a7a04fd97e49af9f1dc8475789062d674eccf,0.48,0,259.2,0,18.55526118884705
https://hashdive.com/Analyze_User?user_address=0xed7654becd770c18d661f0628b9432927e0e49f8,0.48,0,259.2,0,19.14120616105198
https://hashdive.com/Analyze_User?user_address=0x0325ca11c88bd2b0c631944e778cb1a055a90a55,0.48,0,259.2,0,-0.016143921882252967
https://hashdive.com/Analyze_User?user_address=0xc44ec973480494ab9adb8d0b904de5bdabec05bd,0.48,0,259.2,0,14.85263972805421
https://hashdive.com/Analyze_User?user_address=0x2c01763f0ce115744d0273f4b1f31d8a95296f45,0.48,0,259.2,0,-3.7497796454176417
https://hashdive.com/Analyze_User?user_address=0xa5486f3113ebc357869e3e97dcda8d655d121634,0.48,0,259.2,0,12.610823214670425
https://hashdive.com/Analyze_User?user_address=0x3dd4ba9f9aa3b9de1ce743bf8c4ba4c86ac21b50,0.6,169.6,254.4,0.6666666666666666,1.0665909076584192
https://hashdive.com/Analyze_User?user_address=0x367155af46993de93a09a2cd398f2a4ad89916a8,0.48,0,254.39999999999998,0,0.17701653002264686
https://hashdive.com/Analyze_User?user_address=0xa47ce789f00ccf2e5d8d82e24c3915921f0b5b9d,0.48,0,254.39999999999998,0,14.015191857985831
https://hashdive.com/Analyze_User?user_address=0x94b7a403d628015c5722d0ea1ebd43dd459dadee,0.48,0,254.39999999999998,0,1.5168197375258896
https://hashdive.com/Analyze_User?user_address=0x6908f8537a2d06d80412cd0b91800be0c83eb3a4,0.48,0,254.39999999999998,0,14.188757806399032
https://hashdive.com/Analyze_User?user_address=0x9b13257da9d3a21e0da76b799963771ec89f9a6e,0.48,0,254.39999999999998,0,12.347834664970074
https://hashdive.com/Analyze_User?user_address=0xfe716697d01a8f4e3f545b23d83a1add6e66ff4f,0.48,0,254.39999999999998,0,14.353312612619733
https://hashdive.com/Analyze_User?user_address=0xd07e20c8fbf5fe0526919e861ead281aa0d36ba4,0.48,0,254.39999999999998,0,10.542990884494492
https://hashdive.com/Analyze_User?user_address=0xfd29d5128f381c9e4632aa3e4cd2e7a26b5125b4,0.48,0,254.39999999999998,0,12.094103096274418
https://hashdive.com/Analyze_User?user_address=0x6ee1419754bb664ea99c850781ddc35cb5c6da10,0.48,0,254.39999999999998,0,3.4570371539297144
https://hashdive.com/Analyze_User?user_address=0x3ff22fd677a6b151e09fcf1b872fa55e35e6d9cc,0.48,0,254.39999999999998,0,13.142269220924199
https://hashdive.com/Analyze_User?user_address=0xcd639e2381ddf9f2d1860e673a0ee4ef36b40b93,0.48,0,254.39999999999998,0,3.6337075387150666
https://hashdive.com/Analyze_User?user_address=0x5b9b40fdcad9bd5b9db987c297d7e046d37eaaab,0.48,0,254.39999999999998,0,2.3716701894410526
https://hashdive.com/Analyze_User?user_address=0xb674da6f204268ba1f2c5fe0a76e64540bca5dca,0.48,0,254.39999999999998,0,12.429899466539979
https://hashdive.com/Analyze_User?user_address=0x588a7a8a2d8750e6342b5a3d7c19c0e5088dbadd,0.48,0,254.39999999999998,0,8.640573528035452
https://hashdive.com/Analyze_User?user_address=0x33df3b15bf496b1e87042920224877323d0319e4,0.48,0,254.39999999999998,0,-6.7981387583387365
https://hashdive.com/Analyze_User?user_address=0x707987b65c5fcc11d5b0a2d83195d29402c52dea,0.48,0,254.39999999999998,0,4.282026577742613
https://hashdive.com/Analyze_User?user_address=0x4343d746db55633c559901ffbabd53de995a9b9f,0.48,0,254.39999999999998,0,5.367734649717624
https://hashdive.com/Analyze_User?user_address=0x05db350fd4a0a3012486206e0660060544450c4f,0.48,0,254.39999999999998,0,15.904530443103242
https://hashdive.com/Analyze_User?user_address=0x87f9510c6fac242f1b5ec9a44dd06039bba41887,0.48,0,254.39999999999998,0,5.469787451880025
https://hashdive.com/Analyze_User?user_address=0xe6f58888af78b00b67d6f7c56f3df9fae4e6c7a4,0.48,0,254.39999999999998,0,-5.98934100461552
https://hashdive.com/Analyze_User?user_address=0x5c57496c97dd151f54b2d727646aa796ced55b16,0.4,-5.908685,250.907854,-0.023549222974901377,0.8011633385578816
https://hashdive.com/Analyze_User?user_address=0xe59b9db1a289d3eb1061afeba78a4b8ae779488e,0.599999,3.510197,250.797531,0.013996138582400956,4.074552531385495
https://hashdive.com/Analyze_User?user_address=0xe6630b407cb62360485d6266245984c52f596462,0.609999,159.836474,249.999589,0.6393469470863811,-8.801557656227699
https://hashdive.com/Analyze_User?user_address=0x45d73337851922d52d16f4a626488735d5651935,0.409999,-249.999389,249.99939,-0.9999999959999902,-0.9395435600179763
https://hashdive.com/Analyze_User?user_address=0x13d06e13fec5c51fd35635ce4557d12a56f7e3dc,0.6,166.66,249.99,0.6666666666666666,7.341115783518431
https://hashdive.com/Analyze_User?user_address=0x792a811e12a9fc32b51fe79cd957c0b49cb2b6ac,0.48,0,249.6,0,5.523879206632934
https://hashdive.com/Analyze_User?user_address=0x34015ab74c7b9fbd4d6ea61b47210c1ec1b931a7,0.48,0,249.6,0,5.996848776861165
https://hashdive.com/Analyze_User?user_address=0xcfa315c22d0576a4677057344ba8b870062cb524,0.48,0,249.6,0,-3.4010332740138765
https://hashdive.com/Analyze_User?user_address=0x49ed9afcec6cf4c1a259d6355ed3154584a52486,0.48,0,249.6,0,10.771556000322581
https://hashdive.com/Analyze_User?user_address=0x6034079cf43fbc7915b76ad7cb019e95a49b1bce,0.48,0,249.6,0,10.48086889753124
https://hashdive.com/Analyze_User?user_address=0xea79c41e7e655a813d1ab5678433009f0e26e7e5,0.48,0,249.6,0,11.982580598140583
https://hashdive.com/Analyze_User?user_address=0x97e5be8c8c3b3419a9418a2ce0cc9e31a023f5b4,0.48,0,249.6,0,16.826256613708345
https://hashdive.com/Analyze_User?user_address=0x1da63ce4804600bc8ea1e2ba863e0ea2d3f1ac16,0.48,0,249.6,0,-1.9936793771873758
https://hashdive.com/Analyze_User?user_address=0xf8010246f044a8ed07574c963de2ada35d341320,0.48,0,249.6,0,17.05055777599837
https://hashdive.com/Analyze_User?user_address=0xc81d4efb5e16f8c9d1658d9b197d7c5d009d7611,0.48,0,249.6,0,13.002880733382254
https://hashdive.com/Analyze_User?user_address=0xdb2aaddde7ad53029576241a3eb81eaccf830a11,0.48,0,249.6,0,11.231080854856677
https://hashdive.com/Analyze_User?user_address=0x84fe6e116341f8e1b221b2069f3646b3f0f3ca93,0.48,0,249.6,0,4.372365670960617
https://hashdive.com/Analyze_User?user_address=0x6e4e4d360116e84e73b5f568b80f58756493b827,0.48,0,249.6,0,12.250274380452202
https://hashdive.com/Analyze_User?user_address=0x0eec99f7942e56e80c1800582f7ca78222ff2e9f,0.48,0,249.6,0,3.799809122261032
https://hashdive.com/Analyze_User?user_address=0x8715f8774bd7e72e7220f9acaa86b99d1d0c2c37,0.48,0,249.6,0,-3.066584957880747
https://hashdive.com/Analyze_User?user_address=0x1d60b067566080a236408fb87d4cd57ed33d1042,0.48,0,249.6,0,12.476901494394442
https://hashdive.com/Analyze_User?user_address=0x9e91baa5c0cc9b35e37f485730256f65366db344,0.48,0,244.79999999999998,0,8.76114314562446
https://hashdive.com/Analyze_User?user_address=0x56b31bdbe7e08b40578b10157a2e7fe2b7acc9b1,0.48,0,244.79999999999998,0,15.458731611259156
https://hashdive.com/Analyze_User?user_address=0xabd467f7e0ec82f3229ab616fb099befc82f5d90,0.48,0,244.79999999999998,0,4.343065213579259
https://hashdive.com/Analyze_User?user_address=0x46539423c1ead7f8c2a591e9368496fc7165516d,0.48,0,244.79999999999998,0,-8.876977661353397
https://hashdive.com/Analyze_User?user_address=0x5522c16c4b0e347225cd4de5d20974693e5956f9,0.48,0,244.79999999999998,0,16.088665922680075
https://hashdive.com/Analyze_User?user_address=0x90d170203c09d969c24682ef57822b8ec54b6e6f,0.48,0,244.79999999999998,0,2.3491680957503123
https://hashdive.com/Analyze_User?user_address=0x4b5c904aa6e0abb9b994ce033fde361a066b233c,0.48,0,244.79999999999998,0,-12.381392569212837
https://hashdive.com/Analyze_User?user_address=0x48e3ae7ac145ae915f36788fca91ed33ed0577d2,0.48,0,244.79999999999998,0,2.35284600287795
https://hashdive.com/Analyze_User?user_address=0xf46560e9757403c3df2033869ac33c82b47fbf57,0.48,0,244.79999999999998,0,11.609214425981147
https://hashdive.com/Analyze_User?user_address=0x6017014f22b83c75b4355607bd195d34adaae79d,0.48,0,244.79999999999998,0,0.2597346699964788
https://hashdive.com/Analyze_User?user_address=0xf49d176e5d2b000dcf6a1bf492727e1c8cb07119,0.48,0,244.79999999999998,0,1.7036001779110657
https://hashdive.com/Analyze_User?user_address=0x162e44085bb57098a16dde26b75ef9e173df3260,0.48,0,244.79999999999998,0,15.42673145146834
https://hashdive.com/Analyze_User?user_address=0xe2899c6b176c90505b36c8ac4c19e9e5527095bb,0.48,0,240,0,12.29883006664834
https://hashdive.com/Analyze_User?user_address=0xf8db83c320c2a7a3fe80b34464de08367f6dfcbd,0.48,0,240,0,-3.568571443939119
https://hashdive.com/Analyze_User?user_address=0xd82596b3d508686a856589491314a3077e2aa68e,0.48,0,240,0,9.35683981206365
https://hashdive.com/Analyze_User?user_address=0xa4256aa1cb39c086011cd4ee5be5aff41da15230,0.48,0,240,0,8.753303351652042
https://hashdive.com/Analyze_User?user_address=0x3f027a890eab918bc7b6977a057d20fcfe3689b1,0.48,0,240,0,10.59793250212161
https://hashdive.com/Analyze_User?user_address=0x84426022161db014b0c0d760400b86c988551be8,0.48,0,240,0,13.612203685871568
https://hashdive.com/Analyze_User?user_address=0xf459fc33716e2a87817c61331049d17c7fad936e,0.48,0,240,0,9.68983966490098
https://hashdive.com/Analyze_User?user_address=0x68a68d32c2431432cfb3d1c7ac1484132a10a197,0.48,0,240,0,5.357392776589136
https://hashdive.com/Analyze_User?user_address=0x913253d8333801aca88dcf0a1de29c3083592bed,0.48,0,240,0,13.605727918445904
https://hashdive.com/Analyze_User?user_address=0x57103a3dea6744f9c8bbb0bd7554c79bc0845cc6,0.48,0,240,0,6.193976525279171
https://hashdive.com/Analyze_User?user_address=0xa45d2e14cbd30298bae432d327e419019dad8849,0.48,0,240,0,6.071119709663122
https://hashdive.com/Analyze_User?user_address=0xcb826199450ef4982d7146d7fbec091b7b74da63,0.48,0,240,0,-1.7643082523271572
https://hashdive.com/Analyze_User?user_address=0x21847a95ae1c3ed1aa0f84a59d2246f9854a4bb9,0.48,0,240,0,3.6663633619240397
https://hashdive.com/Analyze_User?user_address=0xac99a3b9dcafa7c3019a10294e2cb7ce0780dd7d,0.48,0,240,0,-13.07637293802038
https://hashdive.com/Analyze_User?user_address=0xaeddea36195aa8f167056241d219687701cac07c,0.48,0,240,0,11.354284376481656
https://hashdive.com/Analyze_User?user_address=0xb93bf82a3d7234b25ed733f4accccddbd234021a,0.48,0,240,0,10.441353419554531
https://hashdive.com/Analyze_User?user_address=0x736d9dc906cab8858d8713ff605e18c9fac1b409,0.48,0,240,0,7.465483531986639
https://hashdive.com/Analyze_User?user_address=0x4a324ad3f0d802d0c6b7413486c032af4712ae7b,0.79,35.9988,236.996237,0.15189608263695767,0.6289961673143375
https://hashdive.com/Analyze_User?user_address=0x806430d92aa4fb660fd4908659eff0d998514827,0.48,0,235.2,0,9.889110693529151
https://hashdive.com/Analyze_User?user_address=0x7aaa52c79ebe426cec9bced663cbe3da02a20781,0.48,0,235.2,0,10.22408152569809
https://hashdive.com/Analyze_User?user_address=0x569b1c443c4a6abf8afc425219fed858ce2625ae,0.48,0,235.2,0,8.690447679172891
https://hashdive.com/Analyze_User?user_address=0x7d470b47fcda217e5fc5276214d399407758b4a5,0.48,0,235.2,0,-4.320227700418482
https://hashdive.com/Analyze_User?user_address=0x788066bf5e40dfae97730c126c7545792d70d272,0.48,0,235.2,0,-7.922554581517693
https://hashdive.com/Analyze_User?user_address=0xd4d25ac1f53898da3436239a0bcbc7a6a3d623ab,0.48,0,235.2,0,3.884881044039974
https://hashdive.com/Analyze_User?user_address=0x925c1b0af979eb7a144fad842c195c6e3beca694,0.48,0,235.2,0,-3.7081334029464648
https://hashdive.com/Analyze_User?user_address=0xfde0396218b3f7562e193dbba04319c6973af8b1,0.48,0,235.2,0,-15.139706023395217
https://hashdive.com/Analyze_User?user_address=0xe033df829f26bf04cf70110c9af2d294ed7a3960,0.48,0,235.2,0,4.098549788448189
https://hashdive.com/Analyze_User?user_address=0xb351f9a33a8ceab6db8f395bae992fd8d91bee26,0.48,0,235.2,0,5.0738719058168815
https://hashdive.com/Analyze_User?user_address=0x658094b7c21ea85ee17b31c4c0ac9d04485d68ef,0.48,0,235.2,0,13.223344219833884
https://hashdive.com/Analyze_User?user_address=0x50864853a2756d336883f7a39c454bfcacd86eb5,0.48,0,235.2,0,-2.6280177979480275
https://hashdive.com/Analyze_User?user_address=0x17769af67d8e49e4291c7a2adfa4eefd1c5a319e,0.48,0,235.2,0,8.919473340811312
https://hashdive.com/Analyze_User?user_address=0x47034f18302b5e5239f2025d080ee8c739a3a4a4,0.48,0,235.2,0,-1.589408154941335
https://hashdive.com/Analyze_User?user_address=0x9ef81981a36fbbe7ed53b00490d97581e3982a33,0.48,0,235.2,0,-8.548508091325651
https://hashdive.com/Analyze_User?user_address=0x9c4816de38369ad2e37a79abadfed440cf0dfcd3,0.48,0,235.2,0,13.529441417169984
https://hashdive.com/Analyze_User?user_address=0x978f0e07e065ef908301791a708821fd342b780a,0.48,0,235.2,0,9.486808866751153
https://hashdive.com/Analyze_User?user_address=0x4edd571a39e386f961e2982d676d0eb6d78ab337,0.48,0,235.2,0,8.925021371575436
https://hashdive.com/Analyze_User?user_address=0xe19dd28bf55f7f462de48582c9e1ba5e0e86a03f,0.48,0,230.39999999999998,0,23.375425145569366
https://hashdive.com/Analyze_User?user_address=0xd0b9debfbfe7ad48b440173a5cb67efe2cc4a729,0.48,0,230.39999999999998,0,-5.0563830912073735
https://hashdive.com/Analyze_User?user_address=0xd487bab66d6cf13b11c35a05d435a105803b3afa,0.48,0,230.39999999999998,0,0.07417407420732024
https://hashdive.com/Analyze_User?user_address=0x85eafd00769024a8627fb2e285654f6114e1ac2e,0.48,0,230.39999999999998,0,-10.031779226695647
https://hashdive.com/Analyze_User?user_address=0x2c8a16cbf83aa7265b410777d2443473fc32809f,0.48,0,230.39999999999998,0,15.772192397236358
https://hashdive.com/Analyze_User?user_address=0x298748d113251cee71826b4cf7b3721feff58237,0.48,0,230.39999999999998,0,-1.5268027769576324
https://hashdive.com/Analyze_User?user_address=0xbb68fab67ccd941e873551724a7350b50d1c8f6c,0.48,0,230.39999999999998,0,5.295060070625023
https://hashdive.com/Analyze_User?user_address=0xb1c8e2592acb5dfacce6d2b2d1b3616ce031a2cf,0.48,0,230.39999999999998,0,5.297598507968917
https://hashdive.com/Analyze_User?user_address=0xd2fb2e756be1f9c10cf40eae90f258139b2f8782,0.48,0,230.39999999999998,0,3.859144671254838
https://hashdive.com/Analyze_User?user_address=0xce8b1d47df80aaf3a81d7b564a3045471fae11bd,0.48,0,230.39999999999998,0,1.3596829374166155
https://hashdive.com/Analyze_User?user_address=0x5ccb3b85ff0d3aaab2490063ee11fe02387edf22,0.48,0,230.39999999999998,0,-11.39576571932511
https://hashdive.com/Analyze_User?user_address=0x613e106c6c015cf076e31ff76fa56d24ab901e04,0.48,0,230.39999999999998,0,5.491611354029422
https://hashdive.com/Analyze_User?user_address=0x32feb87a5f09d93fd6b49f8f7ebf2f53eb3021ed,0.48,0,230.39999999999998,0,9.047747046840083
https://hashdive.com/Analyze_User?user_address=0xc9eee02d5a29e9cb711f4330af16a69769e56d7a,0.48,0,230.39999999999998,0,9.9430253225446
https://hashdive.com/Analyze_User?user_address=0xb07b9c4eb4e0ab258698ffa0d092ac23a190af74,0.48,0,230.39999999999998,0,1.7475673655487165
https://hashdive.com/Analyze_User?user_address=0xc1f75e992d1b0fbd0fdae4865e22f24684740f4f,0.48,0,230.39999999999998,0,4.4788075914105105
https://hashdive.com/Analyze_User?user_address=0xd820a71d35e9e6406d6893feb8dab59953e6a6a6,0.48,0,230.39999999999998,0,-6.185152207802988
https://hashdive.com/Analyze_User?user_address=0x7c3083a0fbd36baacc9f3c6096b2c07760b5870a,0.48,0,230.39999999999998,0,6.621175645566291
https://hashdive.com/Analyze_User?user_address=0x240b52aee118e14ffde4e21e4c85255666465333,0.48,0,230.39999999999998,0,-4.239890054144953
https://hashdive.com/Analyze_User?user_address=0xeca4c23e859d8a182575761ef953bebd352806e2,0.48,0,230.39999999999998,0,16.754817213342633
https://hashdive.com/Analyze_User?user_address=0x07e00bee7a838b8cba9649a217080991fe977b0d,0.48,0,230.39999999999998,0,16.84793324508526
https://hashdive.com/Analyze_User?user_address=0x6548f0af058cf47b1fef07e321c34c00f557f057,0.48,0,230.39999999999998,0,4.7513882718222735
https://hashdive.com/Analyze_User?user_address=0xee7c42e27475c8820a893abf60f08ccb408db4bc,0.48,0,230.39999999999998,0,-0.6626017682104011
https://hashdive.com/Analyze_User?user_address=0xca8f0374e3fc79b485499cc0b038d4f7e783d963,0.46,1.005294,229.82311620000002,0.004374207506285653,2.689994981282166
https://hashdive.com/Analyze_User?user_address=0x8b17b37384053ab330c7e1a685d55428e55bec79,0.48,0,225.6,0,10.664773920785716
https://hashdive.com/Analyze_User?user_address=0xf8c01bbf5e9b45fa4bc3a74dea9722325391ec8a,0.48,0,225.6,0,9.251567922610338
https://hashdive.com/Analyze_User?user_address=0x6cadb28da4f3da5ad4997ced307d9c9d72e83297,0.48,0,225.6,0,15.71288132233432
https://hashdive.com/Analyze_User?user_address=0xc6cba47a3e948d824e34bdc98f3a0fd0fdd3380a,0.48,0,225.6,0,11.924740957371544
https://hashdive.com/Analyze_User?user_address=0x7d4b791e303e67c8e8303cf368f67ce539da1688,0.48,0,225.6,0,2.4695452020962843
https://hashdive.com/Analyze_User?user_address=0x0b7377f228285275a379c91cf415e746c56a9cc9,0.48,0,225.6,0,5.339235790261494
https://hashdive.com/Analyze_User?user_address=0xbb36fd762148a55fb4a1c697e79ac6206b8c95cb,0.48,0,225.6,0,4.289374197741002
https://hashdive.com/Analyze_User?user_address=0x9a28dcb4ef7394c4e1f54dcc55ef64c296529d39,0.48,0,225.6,0,0.045736238382305186
https://hashdive.com/Analyze_User?user_address=0x13586b70640a11e5fc5c545d8e3e4b62253828de,0.48,0,225.6,0,10.803612795551821
https://hashdive.com/Analyze_User?user_address=0x07b9afc44cf8d85354ebe869bd2409042f5e4e1e,0.48,0,225.6,0,-4.959873775810597
https://hashdive.com/Analyze_User?user_address=0x3147a9414626dee2c89179e983485efabbda4242,0.48,0,225.6,0,11.389354640990268
https://hashdive.com/Analyze_User?user_address=0xb3d0c8afac70ca581f78fe8d472e4e8bddd5e06a,0.48,0,225.6,0,11.260075306790354
https://hashdive.com/Analyze_User?user_address=0x8e6c7bb2f373fb1aab861b21799fb90cb01d0ed9,0.48,0,225.6,0,0.6830133491314604
https://hashdive.com/Analyze_User?user_address=0xe8fc3489f39da3ff724bbdd72b0a35d0ec43c614,0.48,0,225.6,0,-3.645669862429424
https://hashdive.com/Analyze_User?user_address=0x954e6e41bf826f60316f93121b15e52f1e6f9a43,0.48,0,225.6,0,1.3785449197845052
https://hashdive.com/Analyze_User?user_address=0xadd165b494debbb4088c6526d9d3f95ed5ec2a52,0.48,0,225.6,0,15.086315160546963
https://hashdive.com/Analyze_User?user_address=0x56903ca521b6ec4ef81b0d64b7285d626fa00a91,0.48,0,225.6,0,-2.96704376984688
https://hashdive.com/Analyze_User?user_address=0x3a70226efbb71709db7f304c9241c3ec7b4e3f80,0.48,0,225.6,0,-3.3553103435132217
https://hashdive.com/Analyze_User?user_address=0x8c818a866e6a4e5821a4faac8418903e33e3dcd3,0.16,-222.1008,222.1008,-1,3.054495895333869
https://hashdive.com/Analyze_User?user_address=0x985a234a682af4f902b61c5dc754f3bcb705e1bd,0.48,0,220.79999999999998,0,-0.06966598772865215
https://hashdive.com/Analyze_User?user_address=0x1b69750c13b6499cf93a2cf5c4d0132253439b16,0.48,0,220.79999999999998,0,14.287104281573797
https://hashdive.com/Analyze_User?user_address=0xd49556903d433de4cc586be048f97e5c0b3cec0a,0.48,0,220.79999999999998,0,-6.9201505207843415
https://hashdive.com/Analyze_User?user_address=0xeee34cf5e526441cd1635e507f3f74912d300f15,0.48,0,220.79999999999998,0,-6.993456419831489
https://hashdive.com/Analyze_User?user_address=0x712db269db056d486c96ab36ee74189156d91b04,0.48,0,220.79999999999998,0,4.679662933724818
https://hashdive.com/Analyze_User?user_address=0xeb6a63ec156f69cfc8892fdf296280264a815f39,0.48,0,220.79999999999998,0,13.19755246330395
https://hashdive.com/Analyze_User?user_address=0xb2cacf79ef3998550a3918ad1181606b42e8d402,0.48,0,220.79999999999998,0,8.522280634363584
https://hashdive.com/Analyze_User?user_address=0x61a1c7757b602b9564e07c39a6b09df3f8209687,0.48,0,220.79999999999998,0,8.60594730139566
https://hashdive.com/Analyze_User?user_address=0x25bbe9c20f4a2c00442d4e22b0b891b89cd7ad2b,0.48,0,220.79999999999998,0,15.796367537358552
https://hashdive.com/Analyze_User?user_address=0xfd6e5f00bf50a3be8654d3ffe8794a219c553049,0.48,0,220.79999999999998,0,10.670282352165298
https://hashdive.com/Analyze_User?user_address=0xe7e42f0ab985847771e3d12407124f7b6e5718f8,0.48,0,220.79999999999998,0,9.67529894778181
https://hashdive.com/Analyze_User?user_address=0x2c591cfdd9c6c23f7ced8f71dcee97ef4f46d855,0.48,0,220.79999999999998,0,-1.6658450028216119
https://hashdive.com/Analyze_User?user_address=0x7b88022c86776820932bc0eaf93bb75ba4a21712,0.48,0,220.79999999999998,0,-5.846818648159566
https://hashdive.com/Analyze_User?user_address=0xd47bf38697284dbcdfd502fa30f1c39704b39c0b,0.48,0,220.79999999999998,0,4.235070991259583
https://hashdive.com/Analyze_User?user_address=0xb6409a1a7afdf3f85a4fd6464e8935eccc622de6,0.48,0,220.79999999999998,0,14.885680549471914
https://hashdive.com/Analyze_User?user_address=0xdf3a1184ad144150df2edc619a8290e6835e79ce,0.48,0,220.79999999999998,0,5.909786073779984
https://hashdive.com/Analyze_User?user_address=0xdfdc18f78ab6766dcf8fdede85a5ec639d21b691,0.48,0,220.79999999999998,0,8.563955343821121
https://hashdive.com/Analyze_User?user_address=0x06cd718b83b43f39a84cefc684a7c243b7d7bf7b,0.48,0,220.79999999999998,0,0.5376765454645921
https://hashdive.com/Analyze_User?user_address=0x5255b94347352f9b341bb7df12efe35f1bba1585,0.48,0,220.79999999999998,0,-1.4414351104628407
https://hashdive.com/Analyze_User?user_address=0x768bb2b96e8491decfd66b4094c666261d131c1f,0.48,0,220.79999999999998,0,-16.42107905904393
https://hashdive.com/Analyze_User?user_address=0x355cf1e2be2d25a6ff5965c3a85c1f1947e0c83c,0.48,0,220.79999999999998,0,18.891257638001548
https://hashdive.com/Analyze_User?user_address=0x914fdf8e928a49ad46a7c7c53bd9eb9de92b735d,0.48,0,220.79999999999998,0,7.179996444731255
https://hashdive.com/Analyze_User?user_address=0x5690e124c58cb43fd84f6c09859bd81a6c97ebea,0.48,0,216,0,0.9494706305612893
https://hashdive.com/Analyze_User?user_address=0x07445c8ff6b09d78b8fba0430958e510885b599c,0.48,0,216,0,2.301670059850722
https://hashdive.com/Analyze_User?user_address=0x671e5139d9525365078efa781823b21ea42aa222,0.48,0,216,0,14.10897423133257
https://hashdive.com/Analyze_User?user_address=0x2c72f4e44fbfd5e8c7fad13bcdd4750f5ca5333e,0.48,0,216,0,6.02636572594729
https://hashdive.com/Analyze_User?user_address=0x6ba20334786471216b0132bc6317182d2d1e62b9,0.48,0,216,0,13.926108721941652
https://hashdive.com/Analyze_User?user_address=0x3285f1492e22f186991b4a63edbb7cdb0c19b5a0,0.48,0,216,0,17.17280171941267
https://hashdive.com/Analyze_User?user_address=0x33d390f88573fe8f194a30e01438ecc6e5257a93,0.48,0,216,0,0.13594790403426915
https://hashdive.com/Analyze_User?user_address=0x2efd1b0da90dfd9023446da42ff87fe90b32fb26,0.48,0,216,0,-6.665232453869202
https://hashdive.com/Analyze_User?user_address=0x0e61b8420e0d6ab8b1b80fb4ae9f145742a92534,0.48,0,216,0,-1.6136803849028838
https://hashdive.com/Analyze_User?user_address=0xcff57a8e7925576ad2ee6ff270dd63786ee2a83c,0.48,0,216,0,7.698003976790032
https://hashdive.com/Analyze_User?user_address=0xf57860177194568e356ab273f6f06e4ea74eb20f,0.48,0,216,0,9.703704219466134
https://hashdive.com/Analyze_User?user_address=0x318cea2dd2f4d12228bbfc49696fa197f760b694,0.48,0,216,0,11.585962701534866
https://hashdive.com/Analyze_User?user_address=0x28c6047686bad033e6abb455365ce7e8aae36782,0.48,0,216,0,16.9442117563395
https://hashdive.com/Analyze_User?user_address=0x4b2a7194e90a90eb44aa426f1bf53f1817d71ad9,0.48,0,216,0,9.89857315934942
https://hashdive.com/Analyze_User?user_address=0x97994e31afed88840b2723679304ac54ce87306b,0.48,0,216,0,14.380107259731783
https://hashdive.com/Analyze_User?user_address=0xe9b8005c55e8ef2c311fbbd427521c981828cc82,0.769391,64.753756,212.35861,0.304926444941413,-23.354062123569598
https://hashdive.com/Analyze_User?user_address=0x9a2d67a05e91982546223fe59d4ef3b780dd129d,0.48,0,211.2,0,10.133307308070288
https://hashdive.com/Analyze_User?user_address=0xcef9c2b1906231d0adc8c6b8b6848e6d357f4612,0.48,0,211.2,0,2.4410401221891638
https://hashdive.com/Analyze_User?user_address=0xce0f846c75e37228cd5069682d9f8110d6ee58ad,0.48,0,211.2,0,-5.778500483341578
https://hashdive.com/Analyze_User?user_address=0x11cddc48d263907ae67c4d60441544725db8f973,0.48,0,211.2,0,11.376749939360023
https://hashdive.com/Analyze_User?user_address=0x31e5c7ac779344de958be21103d0faaec813bd1e,0.48,0,211.2,0,11.293018033118331
https://hashdive.com/Analyze_User?user_address=0x9b0d5f48969028910585793d45740b3031ec18ae,0.48,0,211.2,0,-4.651874890339039
https://hashdive.com/Analyze_User?user_address=0xca39ce51b03692395c783d6e998975a97bf5221e,0.48,0,211.2,0,7.117097114150858
https://hashdive.com/Analyze_User?user_address=0xfc4782ac3db22d6ca0e2e5471ccf4c2a0183db80,0.48,0,211.2,0,13.69845957095309
https://hashdive.com/Analyze_User?user_address=0x8212e32270466310f527b158bd188b6f074a145b,0.48,0,211.2,0,9.804983900040714
https://hashdive.com/Analyze_User?user_address=0xfb846c03a22645efe9633843dd25a27f0a0b93ae,0.48,0,211.2,0,1.4500872299544292
https://hashdive.com/Analyze_User?user_address=0x0a44fa6fc44f4196fd2bdeec688aaeeda32e11c1,0.48,0,211.2,0,10.854986179616496
https://hashdive.com/Analyze_User?user_address=0xdb06d03f8764e165800c0c69720628fd32f46a41,0.48,0,211.2,0,6.6434583667308145
https://hashdive.com/Analyze_User?user_address=0x9392a2520e5b1f65261607085b1e567516e1ac15,0.48,0,211.2,0,-2.7036608484491027
https://hashdive.com/Analyze_User?user_address=0xeae6ec163ec38673ed8ec12d59b72fb90548e47e,0.48,0,211.2,0,8.527593768099987
https://hashdive.com/Analyze_User?user_address=0x1fc1d6b028b8907685e70545c4d0e763560774a3,0.48,0,211.2,0,-12.074053652305569
https://hashdive.com/Analyze_User?user_address=0xd163d0597cb5d8a902129f316eb68fe01023eca5,0.48,0,211.2,0,15.25129161515132
https://hashdive.com/Analyze_User?user_address=0xe512546f3afbd97d077f0e60a92ae092ac0aaa72,0.48,0,211.2,0,9.971330396836565
https://hashdive.com/Analyze_User?user_address=0x8978b7b73b54fcde70a2ea67155d48ddcf4411a0,0.48,0,211.2,0,10.898355688115402
https://hashdive.com/Analyze_User?user_address=0x0872161362e388c499d3b678157a68567eb24e02,0.48,0,211.2,0,16.648165518421454
https://hashdive.com/Analyze_User?user_address=0x512b3dedef12469963ad122913af85082873fb7f,0.48,0,211.2,0,9.823236414659789
https://hashdive.com/Analyze_User?user_address=0x430e213845f5218e37d18367eeda721991adc202,0.48,0,211.2,0,5.466347218280046
https://hashdive.com/Analyze_User?user_address=0x9eea0d7ab12d1767cdfe3f300d8d33462492281d,0.7,90,210,0.42857142857142855,-0.5460670114135919
https://hashdive.com/Analyze_User?user_address=0x8bd41f6148bd02dbb220b7b727f4f97469ff8643,0.797974,-9.614903,207.399739,-0.04635928206254879,-5.364614577785732
https://hashdive.com/Analyze_User?user_address=0x46488ea4a71dc5554d886ee116792ad2a55ea1f5,0.48,0,206.4,0,14.144760014327954
https://hashdive.com/Analyze_User?user_address=0x6cc34efef472234767211d84a6a3a9f24aae9ddb,0.48,0,206.4,0,10.739002195112956
https://hashdive.com/Analyze_User?user_address=0x8cab245c6d1cc8fa7387f9f9aad7206b87ff36bb,0.48,0,206.4,0,-4.884108640763297
https://hashdive.com/Analyze_User?user_address=0x0240e6055dd69677319734d0e17745009a6698b1,0.48,0,206.4,0,11.609031424490015
https://hashdive.com/Analyze_User?user_address=0xc0b5789cd9d2e8e36689fc1388ae0df8233bbca3,0.48,0,206.4,0,1.607739329797577
https://hashdive.com/Analyze_User?user_address=0x467226f1686e1378f0e89385cb447be1c16b4dce,0.48,0,206.4,0,6.755155085003191
https://hashdive.com/Analyze_User?user_address=0x6f385657a018e63f57bb3faecd4f8cc0f096682a,0.48,0,206.4,0,7.291902626702601
https://hashdive.com/Analyze_User?user_address=0xca57be7ceb4f3809ae326a19f458948847a47dcf,0.48,0,206.4,0,11.8838869539611
https://hashdive.com/Analyze_User?user_address=0xa4ab3e07a83325840d061cd9837cf5145c7be901,0.48,0,206.4,0,-6.300542240928103
https://hashdive.com/Analyze_User?user_address=0x12d8b9cc2a52f772f35319ee0e8c4c5c9f3fc155,0.48,0,206.4,0,14.904214641246911
https://hashdive.com/Analyze_User?user_address=0xb8776cb7504e1db05a54f433a6cdfc8d09ed889f,0.48,0,206.4,0,10.959437960333187
https://hashdive.com/Analyze_User?user_address=0x95f5be08877427896bd75047fb4ae95f598d63a5,0.48,0,206.4,0,2.720752203933223
https://hashdive.com/Analyze_User?user_address=0x727c627d3ca83c32e39db85aee47d37754462a9a,0.48,0,206.4,0,-6.314901314487551
https://hashdive.com/Analyze_User?user_address=0x4b47480e9714b123f9f00ddefaffb0df11fcfe37,0.48,0,206.4,0,6.734336453600243
https://hashdive.com/Analyze_User?user_address=0x8f37dbf50d921bad7cf28bfb7b5ecec1b831dfed,0.48,0,201.6,0,10.434995254561201
https://hashdive.com/Analyze_User?user_address=0x1da78e3465470681b527c92eaa73db49b271d455,0.48,0,201.6,0,12.660099327566243
https://hashdive.com/Analyze_User?user_address=0xcd6e378b84d0972522f6cf1e8bcaa48065e8cf36,0.48,0,201.6,0,5.2055198647213246
https://hashdive.com/Analyze_User?user_address=0x1414a2722117a49dee77ced70ed7d17ad8854725,0.48,0,201.6,0,-0.7248520238458644
https://hashdive.com/Analyze_User?user_address=0x0a503e37944d18fbf3c0f0ecb66da5013b61bde7,0.48,0,201.6,0,9.773653531538926
https://hashdive.com/Analyze_User?user_address=0xdd66478b85a658b34b7cfd9fe90701f367c41ad3,0.48,0,201.6,0,0.2085415262376948
https://hashdive.com/Analyze_User?user_address=0xe60821f172e944ee80227d2f6a140dfbe469f948,0.48,0,201.6,0,1.8577075474235263
https://hashdive.com/Analyze_User?user_address=0xc462f43493583319ec071436fe2e5703e6fa62ff,0.48,0,201.6,0,16.428184984025354
https://hashdive.com/Analyze_User?user_address=0x2df1f6ea33db95c04ae39b690b1ec5739b0c2489,0.48,0,201.6,0,8.514627627254272
https://hashdive.com/Analyze_User?user_address=0xe053ef2ae6e9121974242e5db0b493e539a843db,0.48,0,201.6,0,-2.9576580288913608
https://hashdive.com/Analyze_User?user_address=0x2296a7653da8a1a9ebca857cd42e05d3075220b8,0.48,0,201.6,0,-2.6232377646606313
https://hashdive.com/Analyze_User?user_address=0x57e0fb93e49290dae661e146d61673e11e9a8853,0.48,0,201.6,0,9.1407928053084
https://hashdive.com/Analyze_User?user_address=0x71e77351dd0c7e1d7a8ae313177ffd79743666ac,0.48,0,201.6,0,-13.315465293213736
https://hashdive.com/Analyze_User?user_address=0x1c201c802c3027db698879dc25be18ef05f0ac72,0.48,0,201.6,0,5.220926062436116
https://hashdive.com/Analyze_User?user_address=0xa461ce886794bf90590686081627bd4a2c4f780a,0.48,0,201.6,0,2.088731469342861
https://hashdive.com/Analyze_User?user_address=0xbf423b66aa14099c1e8b91375f19c07f112eb893,0.48,0,201.6,0,0.7288449772839158
https://hashdive.com/Analyze_User?user_address=0x14f77aff8c8e6cc2ae80b9e39ecf90a92d68d9a8,0.48,0,201.6,0,-9.169342254968276
https://hashdive.com/Analyze_User?user_address=0xb73e832102c377de748f01ca2809bbb1d83339ff,0.48,0,201.6,0,1.0481375861608342
https://hashdive.com/Analyze_User?user_address=0xd41bf5738de060ae60e727bcfa9259a395866462,0.48,0,201.6,0,18.70264630071644
https://hashdive.com/Analyze_User?user_address=0x7304e7ac8c7ed3d414619e016b904b7d5c4caa27,0.48,0,201.6,0,6.36098791559176
https://hashdive.com/Analyze_User?user_address=0x0459bff53898e3423411cf193cb1d8d10e6a6a82,0.48,0,201.6,0,0.20167238303607882
https://hashdive.com/Analyze_User?user_address=0x4f6bbcddce2be1194d72f4cd46e435d888625037,0.48,0,201.6,0,2.0686483054401537
https://hashdive.com/Analyze_User?user_address=0xfcdb6dce25a791fef7705e90ff61864831085ae8,0.4,-200,200,-1,-2.2697970911535474
https://hashdive.com/Analyze_User?user_address=0xd9e0aaca471f489be338fd0f91a26e8669a805f2,0.5,-200,200,-1,4.449652154851833
https://hashdive.com/Analyze_User?user_address=0x52954c6dfc97ae6ce17b385b339343c73ae1d666,0.226121,30.681726,199.999895,0.15340871053957303,-8.385731674842866
https://hashdive.com/Analyze_User?user_address=0x9db066f346fe74f0b204c7626e06bde4457cedb0,0.666666,18.571342,199.9998,0.09285680285680287,-0.32824422773959466
https://hashdive.com/Analyze_User?user_address=0x3458ae6606828ed4d9666573e1585d9419efb5a7,0.479999,0,199.999582533335,0,6.0921534285361645
https://hashdive.com/Analyze_User?user_address=0xe83cc0c82d009a1c349c1a89feaadfcee9655e8f,0.369999,-199.999458,199.999459,-0.9999999949999865,-2.981622283053068
https://hashdive.com/Analyze_User?user_address=0xebd03823738717fc99300b149d44d611acf39135,0.48,0,196.79999999999998,0,1.1329758300972261
https://hashdive.com/Analyze_User?user_address=0x99fd34197a426eb55f728fb4eda19a3ab58bc04d,0.48,0,196.79999999999998,0,2.621021877033491
https://hashdive.com/Analyze_User?user_address=0x48b4dffc219640c56c63aa0d001475bcd28b2082,0.48,0,196.79999999999998,0,-2.7841526501454394
https://hashdive.com/Analyze_User?user_address=0x83ba59080538d85c55ee441852fc5e2996decedb,0.48,0,196.79999999999998,0,-1.9718960281006181
https://hashdive.com/Analyze_User?user_address=0x035360ded0c7359e9c62d1dadd59d8b9812f1615,0.48,0,196.79999999999998,0,2.8313135673631553
https://hashdive.com/Analyze_User?user_address=0x2016b63ed617c8b0cc231d82b35f4dd726f1dcba,0.48,0,196.79999999999998,0,3.661163274367935
https://hashdive.com/Analyze_User?user_address=0x459972cf25ee5cf9226063d39be989fd856ecb1c,0.48,0,196.79999999999998,0,8.046589155817133
https://hashdive.com/Analyze_User?user_address=0x97db1daa9cccbcf3247d8ef90758c5f36b979816,0.48,0,196.79999999999998,0,2.4107283255889405
https://hashdive.com/Analyze_User?user_address=0x933367b69cfb6f20737b90a5266f1cf1919bd088,0.48,0,196.79999999999998,0,8.834341767898685
https://hashdive.com/Analyze_User?user_address=0xbaa3cb0d6d8389443682dd568cd5a3731cfb68d9,0.48,0,196.79999999999998,0,2.7341822961362316
https://hashdive.com/Analyze_User?user_address=0x737edf58bd86ec37aaa8755adfaece6e0d8914c8,0.48,0,196.79999999999998,0,-2.16639296665755
https://hashdive.com/Analyze_User?user_address=0x36faf583412905682efa48caed562b8ce313b9c5,0.48,0,196.79999999999998,0,12.241231277691252
https://hashdive.com/Analyze_User?user_address=0x7f4cd1a5819460f0aed6c98bb554a7d5cb4e9f73,0.48,0,196.79999999999998,0,9.759189646120408
https://hashdive.com/Analyze_User?user_address=0x7f0df79e39d4fcd667fd256d33d873b26d04ffc1,0.48,0,196.79999999999998,0,-7.484094071070988
https://hashdive.com/Analyze_User?user_address=0x9783fdb0808eb57d4c9da379e8dbc54c66e7225d,0.48,0,196.79999999999998,0,5.904961449265142
https://hashdive.com/Analyze_User?user_address=0x762358e5a87de347ba816588cff6030f9f66a507,0.48,0,196.79999999999998,0,3.3920063474919586
https://hashdive.com/Analyze_User?user_address=0xd5fecad4d7d95d8cf7d1859c18d009e7a3da9118,0.48,0,196.79999999999998,0,20.99123998391868
https://hashdive.com/Analyze_User?user_address=0xeff0e9724ef70e9cf379f2c166b70a98af025240,0.48,0,196.79999999999998,0,-5.641072911382094
https://hashdive.com/Analyze_User?user_address=0x53f1c47348ae3b83b647c121ae07efb7cfe3a35a,0.48,0,196.79999999999998,0,11.54138550667973
https://hashdive.com/Analyze_User?user_address=0xe3fa917caea20160f83c649ddb08757bd364ef1b,0.48,0,196.79999999999998,0,-5.497660292185508
https://hashdive.com/Analyze_User?user_address=0x97d08091902a90735649df958a01ad70c64edefe,0.48,0,196.79999999999998,0,2.4535000580588058
https://hashdive.com/Analyze_User?user_address=0xd2856e2f62e632455d07313553f6628c052783c8,0.48,0,196.79999999999998,0,13.798429655100142
https://hashdive.com/Analyze_User?user_address=0x6ec0b27875c555cd8b0b9d082484380866c2665e,0.48,0,196.79999999999998,0,1.8025449987497635
https://hashdive.com/Analyze_User?user_address=0xce0ed392092a47a7064426ff3e214b198b1c6b46,0.48,0,196.79999999999998,0,-6.419431973549166
https://hashdive.com/Analyze_User?user_address=0x702153df0786d6bcb530486d12df765d6b278d18,0.48,0,196.79999999999998,0,7.974067455661174
https://hashdive.com/Analyze_User?user_address=0x5c6ad64a16bd888a280c4ca36a22de5c95f95726,0.695011,37.39692,194.60308,0.19217023697672206,-1.9779639478034214
https://hashdive.com/Analyze_User?user_address=0xe8ff647f1ab7260ad5f45bd637fcb42924568984,0.48,0,192,0,-2.2298667689777547
https://hashdive.com/Analyze_User?user_address=0x70d64651fc7a017aaa83c56ac3889c147456fa6c,0.48,0,192,0,1.6669033360218775
https://hashdive.com/Analyze_User?user_address=0x098b26139929ebb922a7dfa0431764fb6c7873b4,0.48,0,192,0,15.06253478336675
https://hashdive.com/Analyze_User?user_address=0x4a56a8c13273ec47d59ff55af579c360c7a64502,0.48,0,192,0,10.887922680612013
https://hashdive.com/Analyze_User?user_address=0x8c20d7aa71ded25c4325a2de0887181334b08b67,0.48,0,192,0,5.406546473261219
https://hashdive.com/Analyze_User?user_address=0x75cea81a476822e571ad2083c32b0591d2916fcd,0.48,0,192,0,-12.872749156864597
https://hashdive.com/Analyze_User?user_address=0x26626d32f6ec2aa3924512990cb4db457b113efe,0.48,0,192,0,16.102852834483524
https://hashdive.com/Analyze_User?user_address=0x0d00595b5dfcc5e92363560716151ac46af5344d,0.48,0,192,0,6.472062745596755
https://hashdive.com/Analyze_User?user_address=0x64ca6d3c29b17528a031d2af62c12f1d2d0856ea,0.48,0,192,0,0.7322778217427386
https://hashdive.com/Analyze_User?user_address=0xf72864d9213c93bba0dc8aa2991c354570fad60a,0.48,0,192,0,12.371184387225576
https://hashdive.com/Analyze_User?user_address=0x6f38193e60bfeb3a068ee05237d67d2e969e6d4c,0.48,0,192,0,11.906544020107434
https://hashdive.com/Analyze_User?user_address=0x5963f1b16151fed8a7e8562c3a39cb80619d7cb7,0.48,0,192,0,11.990374405903452
https://hashdive.com/Analyze_User?user_address=0xcbe0d40042ac3b9e2719003e38696bb485afeb7c,0.48,0,192,0,-7.3402144970785645
https://hashdive.com/Analyze_User?user_address=0x0b672ef56971b11f89fef0e2f0995fd8920b673f,0.48,0,192,0,3.2774169202729992
https://hashdive.com/Analyze_User?user_address=0xb6740b1d30af2b54649d5bbbd94faf5dfed6630c,0.48,0,192,0,9.758231610553102
https://hashdive.com/Analyze_User?user_address=0x13189e6738164cc18cd9ba12139a534098839841,0.48,0,192,0,-8.92173691961354
https://hashdive.com/Analyze_User?user_address=0x3fc8c5b069a456013e8049cecb9773e1daa058e2,0.48,0,192,0,-0.9162323049409836
https://hashdive.com/Analyze_User?user_address=0x43804f395fad6a256b54e4024affb7b3322d651b,0.48,0,192,0,14.002560249399188
https://hashdive.com/Analyze_User?user_address=0xd28e601c31f3291f14c2a0adbe30326fd6a3aae3,0.39,-182.13,182.13,-1,1.2269248897512157
https://hashdive.com/Analyze_User?user_address=0x330bc9b292f4cc6136243b42e6f292065107e446,0.606663,117.993793,181.987631,0.6483616076083765,3.750425961666395
https://hashdive.com/Analyze_User?user_address=0xee9d308770b569c7d3f30114932c8478dbb763e1,0.609999,115.862263,181.219702,0.6393469458414626,-12.524487958565853
https://hashdive.com/Analyze_User?user_address=0x4109b611161b82518329c157f3f3c415ecaa7e24,0.579796,-27.218407,177.995568,-0.15291620631812586,8.693024549851813
https://hashdive.com/Analyze_User?user_address=0x8c763155f352674f592db823df9a26a9fa8f477a,0.659994,70.900447,175.77702,0.4033544714775572,-5.412420672466824
https://hashdive.com/Analyze_User?user_address=0x7742099ebccf14fc8160c7abe221335123b103e9,0.72671,65.650067,174.57119,0.37606472751889936,-3.655535478342136
https://hashdive.com/Analyze_User?user_address=0xe08ebc105511798f3b4192132cbe8cee4c2e646d,0.746573,5.469266,174.294933,0.03137937463735679,-2.1062277635554243
https://hashdive.com/Analyze_User?user_address=0x4c0340f93e3c590118fc6e35215d51ce7dc80cc1,0.026143,6341.182208,170.227792,37.25115701436109,3.4083810955742653
https://hashdive.com/Analyze_User?user_address=0xf4cd584ea9ad01b30c2be5d2b9dbffc9ba890516,0.410151,9.794121,169.292214,0.05785334581305671,0.6529610544618512
https://hashdive.com/Analyze_User?user_address=0xb13d096b2e90411d0e5f42891d2e73ef4cea2e90,0.578159,-26.648505,167.296088,-0.15928946886074227,1.7518885701468132
https://hashdive.com/Analyze_User?user_address=0xdc9e5921d001c2710e90c3cdeee27f99309cd9f9,0.577541,-25.517324,166.379982,-0.15336775309904768,10.914671821645207
https://hashdive.com/Analyze_User?user_address=0xeaedf0b1269296723d88f6e3d488a9153a0e5bb2,0.249961,154.525854,156.506414,0.9873451831820771,3.1760717160637695
https://hashdive.com/Analyze_User?user_address=0xa59c570a9eca148da55f6e1f47a538c0c600bb62,0.845593,-103.711971,151.183572,-0.6860002686006123,2.4034023417283983
https://hashdive.com/Analyze_User?user_address=0x8e8d3bdc5af219f030cb23db0412813a1eedbf55,0.729999,0,149.999793750549,0,-10.876697423501478
https://hashdive.com/Analyze_User?user_address=0x8b7e69788fa1145068d0d418c822c6f81d996a9f,0.599946,100.0135,149.9865,0.6668166801678816,-1.4153635634346577
https://hashdive.com/Analyze_User?user_address=0x6e177004ee34975409e8a147ad374f80ca99779a,0.749026,40.1948,149.8052,0.2683137835001722,2.1752355621991435
https://hashdive.com/Analyze_User?user_address=0xdc4bc68529c164cfe402ae1215876badc02a5a92,0.598188,100.453,149.547,0.6717152467117361,0.08199808712279058
https://hashdive.com/Analyze_User?user_address=0x1d64ae7c087c2fd66d3c9d92ac6c928b3494b03f,0.546519,34.975941,149.199687,0.2344236888378995,-5.596506778648971
https://hashdive.com/Analyze_User?user_address=0xfba6af103a629a538664136a418300146d2a375c,0.192599,-75.45901,148.511163,-0.5081032864849359,-2.54956353675007
https://hashdive.com/Analyze_User?user_address=0x5de879d7d1323a2948bd9773d4e0ef8ba800cfb9,0.729999,53.999299,145.997365,0.3698648876299925,-0.27432841390554524
https://hashdive.com/Analyze_User?user_address=0x13f4b9fc653b16a75033be8c552d2dd20dd71c68,0.487115,150.945674,143.361382,1.0529033125531673,0.45234621959212906
https://hashdive.com/Analyze_User?user_address=0xbc3107551d71e0fe3821b4ec4bb2767d313e971f,0.71,-13.9993,141.995592,-0.09858968016415609,-1.0853119121817325
https://hashdive.com/Analyze_User?user_address=0x5e4d05db56965fe18366f502995264208ae20f41,0.61,90.3318,141.2882,0.639344262295082,-10.565066187053759
https://hashdive.com/Analyze_User?user_address=0x4673ada08165c01e90c8f6f8d3f6dcd26f20d99b,0.61,89.9223,140.6477,0.6393442622950821,1.3449854835087556
https://hashdive.com/Analyze_User?user_address=0xbe6a3e045d3669ec6a817cc7b4271fef3e4027e9,0.609999,-2.235176,136.359775,-0.01639175482652417,-0.1691160353445989
https://hashdive.com/Analyze_User?user_address=0x6aabd7bc251b99eacb4c557603f34918bd059c4c,0.45,-126,135,-0.9333333333333333,-4.235319365768007
https://hashdive.com/Analyze_User?user_address=0x97317409bfd9e992611596acee93e8b938019b35,0.45,0,135,0,1.531190938082823
https://hashdive.com/Analyze_User?user_address=0xf6129c47f5ef4cab25f3aa67b5e3aaac77b15700,0.6,-22.199225,133.2,-0.16666084834834835,0.23541556883160347
https://hashdive.com/Analyze_User?user_address=0x16d616970270c894c792030ee685958252c6c556,0.669856,32.324214,131.638366,0.2455531391205509,-1.7381059263721987
https://hashdive.com/Analyze_User?user_address=0x2076fd4ab90176b4eca0926a97a39d11d9136ec1,0.619999,79.168916,129.16979,0.6129058195418603,-9.274871634709017
https://hashdive.com/Analyze_User?user_address=0x63411df68bf4b827a026342f377ada5af062227b,0.46,0,128.8,0,-2.301529442955285
https://hashdive.com/Analyze_User?user_address=0x10ae70e96cbc18cc28b77c81fa46bd5f88b8cb95,0.71,7.2,127.8,0.056338028169014086,-8.44200899725529
https://hashdive.com/Analyze_User?user_address=0x55307e57ee66d15af36bc0894bbaca65604dd38d,0.344172,103.244122,125.529498,0.8224690104313171,-2.5631418446567156
https://hashdive.com/Analyze_User?user_address=0x377cfb0e187499348c56b005199c16a0903d91ae,0.277552,325.1016,124.8984,2.6029284602524934,-2.316804351379986
https://hashdive.com/Analyze_User?user_address=0x4f7ebbd3b0e579b1df0ed3de5efef00f8d4ce5ec,0.61,78,122,0.639344262295082,3.7980919863511913
https://hashdive.com/Analyze_User?user_address=0xfdb890f3d336a997e5a7d1906420583becefaf02,0.410998,-120.999767,120.999768,-0.9999999917355213,2.9203732039449215
https://hashdive.com/Analyze_User?user_address=0x5808903d166c4094a0572a86b3740b9661503e2a,0.61,77.315901,120.929999,0.639344262295082,-0.7490996568916939
https://hashdive.com/Analyze_User?user_address=0xb72c95d54a3d33cc50d32c0e7196405bf390309a,0.619742,73.947913,120.519826,0.6135746744274257,0.6148168382854473
https://hashdive.com/Analyze_User?user_address=0xd09bad9ba9286ff1aad7fd1adf09af88b057347f,0.609999,75.685766,118.379804,0.6393469446866124,6.52039851404327
https://hashdive.com/Analyze_User?user_address=0xd2c4e11acf28d05260ad321ca1d4be244c5f909d,0.467028,0,117.98889283238401,0,-0.2419858091217006
https://hashdive.com/Analyze_User?user_address=0x416972328693b3f325e21dcd817fda2cac335b9c,0.609999,74.643633,116.749808,0.6393469443649963,12.847520195856628
https://hashdive.com/Analyze_User?user_address=0x25be0aee32d355537a3efcf8896723005b15801b,0.619315,71.654003,116.569865,0.6146871920972029,15.146294605793988
https://hashdive.com/Analyze_User?user_address=0xc6fd315191694566c9f56d89deea3d58fc0b9fc1,0.610748,74.122118,116.299815,0.637336508230903,5.980425650489723
https://hashdive.com/Analyze_User?user_address=0x3c87bbd3c583449dc643fbfe8e3170910e9970d5,0.59,79.95,115.05,0.6949152542372882,-3.3111465805949702
https://hashdive.com/Analyze_User?user_address=0x75a230436cf4f3f33229649e6b85a204794367a6,0.609999,73.34576,114.71981,0.6393469445250999,3.243901404450077
https://hashdive.com/Analyze_User?user_address=0xa6e1271199c2d5ce9ca9dd2dad23731021df4941,0.609999,73.32658,114.689811,0.639346942510874,5.667402846381188
https://hashdive.com/Analyze_User?user_address=0x72ea60f9124e87d7dbdc1a82dbc6bcad2371a661,0.609999,73.019694,114.209812,0.639346941574512,4.888849647323824
https://hashdive.com/Analyze_User?user_address=0xc948152e4dfe54d77fae9db502d32a23da254d3e,0.609999,72.233298,112.979813,0.6393469424489135,2.8405467191361473
https://hashdive.com/Analyze_User?user_address=0x962d9a59338321e8218e9158840bf123a81d31c6,0.619999,69.111148,112.759816,0.6129058245359322,-0.5211426609290816
https://hashdive.com/Analyze_User?user_address=0x5c2f7c40fa4c3e9db59b0559350d62b61c05c833,0.609999,71.171985,111.319817,0.6393469457464165,-0.34388663293776334
https://hashdive.com/Analyze_User?user_address=0x2b924ff1565a3468b9bcd1e5d79ab245ec32046e,0.22,-93.2085,110,-0.84735,-1.1379845104361577
https://hashdive.com/Analyze_User?user_address=0x7ec037e102367956f28d438850e506843a7da0ea,0.589999,76.440863,109.999812,0.6949181240418846,-0.7975704830256898
https://hashdive.com/Analyze_User?user_address=0x884aa2535b3945ce81a5f1ef499226d4abcb4589,0.518999,96.181699,103.779838,0.9267859813001442,1.3631074286237201
https://hashdive.com/Analyze_User?user_address=0x8f0a427a7bf2b97974f4a130c84375bce8f8e4ea,0.599999,67.333501,100.999831,0.6666694422488687,-6.10428344094643
https://hashdive.com/Analyze_User?user_address=0xbde579ead903b9cf5c3fc4be5a0c515464769c38,0.67,44.945109,100.6206,0.4466790001252229,1.1552893571556284
https://hashdive.com/Analyze_User?user_address=0x64e86fefd50cdb6259eb00ff146d9aac03497819,0.450003,2.759252,100.574188190118,0.027434991518739526,1.9455496261500784
https://hashdive.com/Analyze_User?user_address=0xfb8b7789ab956f9c1a858a57ab7a7eb4ff97425c,0.509999,53.036296,100.179803,0.5294110630263467,-10.06056146543487
https://hashdive.com/Analyze_User?user_address=0xc9adca8d223d6e9082b09223f5c25f02ef7bf186,0.6,66.49734,99.999999,0.664973406649734,1.9340179165709643
https://hashdive.com/Analyze_User?user_address=0xd91de4f092e880f0e2fceb933905b977f0aca524,0.6,66.666666,99.999999,0.6666666666666667,-0.7902881895012288
https://hashdive.com/Analyze_User?user_address=0x9536f4448bdfcd823738b1feb8672410295aa271,0.472627,0,99.999995453164,0,21.76113849701079
https://hashdive.com/Analyze_User?user_address=0xb44aee899f61a911c09446a322e31c5223168e18,0.599983,66.504163,99.999866,0.6650425211569784,-11.832255416534776
https://hashdive.com/Analyze_User?user_address=0x3a7a61eb503d1ecb4e442b549e0503d6be65c5f5,0.618453,61.693687,99.999859,0.6169377398822132,-1.9362462283035007
https://hashdive.com/Analyze_User?user_address=0x559eeff0d61d8b95438df371db8f7ab7d50d7fe2,0.609999,63.934589,99.999835,0.6393469449224591,3.3867042394921407
https://hashdive.com/Analyze_User?user_address=0x8b7e69788fa1145068d0d418c822c6f81d996a9f,0.419999,-99.999761,99.999761,-1,-1.4153635634346577
https://hashdive.com/Analyze_User?user_address=0x725fb97a677317e0f55a49d596f11afbf5ec06c2,0.419999,-99.999761,99.999761,-1,-1.1287126249096429
https://hashdive.com/Analyze_User?user_address=0x637dacb2e4b2e91a21d2260adbde32724dd42392,0.419999,-98.999763,98.999764,-0.9999999898989659,0.23760656374052402
https://hashdive.com/Analyze_User?user_address=0x542ee19ff9be5665efd0c632f5499b939c2ee88e,0.052888,165.912944,97.590813,1.7000877326434407,0.3293598812616403
https://hashdive.com/Analyze_User?user_address=0xe25c28438f4f51bf12efed21efd45f33d8cfae63,0.6,-12.305033,97.577987,-0.1261045998007727,1.0704343101221372
https://hashdive.com/Analyze_User?user_address=0x58c85b9a2f357cb32d92cbb6443d552148060300,0.479974,1.080118,95.245670500046,0.01134033698675551,1.2672175247167596
https://hashdive.com/Analyze_User?user_address=0xf5712dd387c73ed59db2ceb06f746e265a7d3a5d,0.47,0,94,0,5.50754946461233
https://hashdive.com/Analyze_User?user_address=0xf1e9e99094f7d68be6ec56b843bd590d87101eda,0.59,65.3212,93.9988,0.6949152542372882,-6.508621447755981
https://hashdive.com/Analyze_User?user_address=0x177c74e0987119d25e86348469c545d18eeebf64,0.77,27.6,92.4,0.2987012987012987,-15.643399586912762
https://hashdive.com/Analyze_User?user_address=0x0ef2f9f8925cbbb3eb397248fb1b5035b0ecc93b,0.599999,1.525952,91.549847,0.016667990717668814,-0.4061009040338673
https://hashdive.com/Analyze_User?user_address=0x5e19f80f4cdf28c065f5010cf78eebcac0974380,0.609998,58.500426,91.499898,0.639349630750408,9.775654570740912
https://hashdive.com/Analyze_User?user_address=0x6a8bbb938867a6e26aa58c5dbda0c0a6299dc2d0,0.059853,191.694595,91.289192,2.099860791844888,0.11369235422087026
https://hashdive.com/Analyze_User?user_address=0x26d1e79d2417a39e1d6d9a558be3fbf4f4046f56,0.064009,9.459194,86.541401,0.10930252908662758,0.5881825847144916
https://hashdive.com/Analyze_User?user_address=0xd6cd1fd67d33a1d67a35a587963919273a2a49a5,0.590452,58.957506,84.999994,0.693617766608313,4.448973763391972
https://hashdive.com/Analyze_User?user_address=0x67536bb2499213d670c4d45df181f0f3e2817340,0.332172,170.543236,84.826764,2.0104885293042654,-0.016374105290085185
https://hashdive.com/Analyze_User?user_address=0x3a570fa7b0f245d0e3563f7068d39700dbb7c233,0.526341,12.947372,83.047751,0.15590274082196395,-3.456098493188823
https://hashdive.com/Analyze_User?user_address=0xd6a39cef30c927c4d57b5cc519f3a2d0332a9738,0.41,-82,82,-1,4.68565651064676
https://hashdive.com/Analyze_User?user_address=0xcfb32b160727266a8868ff255e7cfd89ba16e68c,0.41,-79.996,81.997915,-0.9755857816628629,-3.119372855011913
https://hashdive.com/Analyze_User?user_address=0x4e2d47baf5df80d534026fd25f3b7bb3a0c79aca,0.619999,49.859808,81.349868,0.6129058254894771,3.3212571340765096
https://hashdive.com/Analyze_User?user_address=0x20b3ca735c5c77ae0de1900bc33c95a7fba3bf06,0.6,53.76,80.64,0.6666666666666666,-7.309527919808075
https://hashdive.com/Analyze_User?user_address=0x9228bd42699c2e5c4abfd41e55a698b4caebe41a,0.39,-6,78,-0.07692307692307693,-0.19591708078536568
https://hashdive.com/Analyze_User?user_address=0x4f5265be24179b0a24d1c63d6e44def5ba4d0380,0.77,23,77,0.2987012987012987,0.21974872333856266
https://hashdive.com/Analyze_User?user_address=0xb39c67b7499827a84d378d69dbbde0cd6028b023,0.6,1.283,76.98,0.016666666666666666,-0.25621037834912425
https://hashdive.com/Analyze_User?user_address=0x977ac477cb8d2f3c9d357afed779ad7570acf2ca,0.510508,73.422276,76.574611,0.9588331568540386,4.360307826344021
https://hashdive.com/Analyze_User?user_address=0x061521b57e8825cd9c6f1423f6004d0d642f5c47,0.854381,12.960091,76.039909,0.1704380130176116,-3.0970014804069983
https://hashdive.com/Analyze_User?user_address=0x714658702f3fb9a4c1c38680c6f98086beb93be4,0.38,-75.0006,75.0006,-1,-7.372403074762297
https://hashdive.com/Analyze_User?user_address=0x552337556e70f851bff6e0e97a2e00df7d5751e9,0.5,13.457948,74.78,0.17996721048408665,0.6112593808279042
https://hashdive.com/Analyze_User?user_address=0x36a666d839e2c34cc08a908baab6aa2a9d7152c7,0.37,-74,74,-1,-1.9890428380132432
https://hashdive.com/Analyze_User?user_address=0x971639c4a072d15ad14be0a8fc7584e70bad378a,0.35,-73.85,73.85,-1,-0.73677303168682
https://hashdive.com/Analyze_User?user_address=0xb786b8b6335e77dfad19928313e97753039cb18d,0.235535,-7.639614,71.490039,-0.10686263578622471,7.140526754379184
https://hashdive.com/Analyze_User?user_address=0x5e128f5ae4c7433692354c1e57067af3c64984de,0.45,0,70.2,0,-2.1504074843865357
https://hashdive.com/Analyze_User?user_address=0x33dcb164d3e51a0989fa542bef93869d6230415e,0.38983,-15.33929,70.154744,-0.21864936175948416,-1.2348278277401286
https://hashdive.com/Analyze_User?user_address=0x2e16576933d5e0db60e21cb19b0fafbdd224e991,0.59,48.5727,69.8973,0.6949152542372881,-10.44385357987158
https://hashdive.com/Analyze_User?user_address=0x0176cd8f1892a5879a9c5ee0f9aff00823f9a80e,0.59,47.2525,67.9975,0.6949152542372881,2.415997793303056
https://hashdive.com/Analyze_User?user_address=0x1979434e52137f3123219657e1f8119134dd8d39,0.619541,41.463893,67.519975,0.6140981687271063,-0.652902606266233
https://hashdive.com/Analyze_User?user_address=0x68ffc0e63dcc902bea569987fb41e4166b0aebc4,0.619539,41.335246,67.309914,0.6141033845326261,-0.7042508723894911
https://hashdive.com/Analyze_User?user_address=0xc1b550b4a09e02ff722d1f372374ca3c708f2e74,0.470803,5.244156,66.818848541446,0.07848318422828232,1.4369124996155929
https://hashdive.com/Analyze_User?user_address=0x44471068e6ac4cb2b9bdf7ff980fbaae3536a0e7,0.33,-49.2,66,-0.7454545454545455,-0.7749280509774757
https://hashdive.com/Analyze_User?user_address=0x79cbe531cca9eb9320b6ce22b6e471a7bb5d331e,0.027323,76.761441,65.674331,1.168819534682432,1.2070173701755889
https://hashdive.com/Analyze_User?user_address=0xc0184ef91c0f76c95a3401bb612372a8a20e018a,0.65,33.326874,65.65,0.5076446915460776,-4.658069154901187
https://hashdive.com/Analyze_User?user_address=0x66ea933c5261fe5de2a3172a7fa55a8801da1958,0.38,-65.0408,65.0408,-1,-7.637010326403248
https://hashdive.com/Analyze_User?user_address=0x26864d2ddf9bf5a9bfeed32cafa3418d662e7a67,0.615908,12.040128,64.999949,0.18523288379810882,-4.878382558707236
https://hashdive.com/Analyze_User?user_address=0x369783571194970f07e35d2c2ccc29693158f189,0.263385,181.786057,64.999655,2.796723413378117,-1.6151700310068673
https://hashdive.com/Analyze_User?user_address=0xddd757c8798761e39009e227548252c4dc3b1596,0.44,2.050472,63.79679944,0.032140671914559604,1.1031358856336468
https://hashdive.com/Analyze_User?user_address=0x9265d583777e66375168c18db067e5310f6dbf8f,0.509999,4.996124,63.699874,0.07843224305278845,-2.2619697988814598
https://hashdive.com/Analyze_User?user_address=0x9dc9f80d8537c7f7f385fcfe7bc77ee03c32bf33,0.619999,37.423968,61.0599,0.6129058187124448,16.324583246694765
https://hashdive.com/Analyze_User?user_address=0x51b19297fcaac96c77309b3a2693ced4806bbce2,0.61,39,61,0.639344262295082,-3.482935053712388
https://hashdive.com/Analyze_User?user_address=0xe4bab5dd20ddb73826bd51221a4897563ca6ce4c,0.609999,38.808295,60.699899,0.639346945206614,-0.8574680159496263
https://hashdive.com/Analyze_User?user_address=0x0bc1f9ed864e7ac97b5fc219165b6488a74606ed,0.638668,34.024666,60.139888,0.5657587190717749,-0.9317116417032656
https://hashdive.com/Analyze_User?user_address=0x40baafd9c27d234238353ab8e347c08f05aef500,0.6,40,60,0.6666666666666666,0.8961541306597756
https://hashdive.com/Analyze_User?user_address=0x662f070c129929c8b3a14abab841174f092bd814,0.6,40,60,0.6666666666666666,2.3233844161104718
https://hashdive.com/Analyze_User?user_address=0x18c6331cb85bee25a07c891df20b0e3f77fa6c18,0.489999,0,59.999876771022,0,-1.7140539655729705
https://hashdive.com/Analyze_User?user_address=0x4dfd9b3ebfde2b33df12e5c783614f69835a0fcf,0.609611,38.323665,59.999836,0.638729495860622,-3.8542343210855896
https://hashdive.com/Analyze_User?user_address=0x5e1268f8900819c5ca8a2303de40ff838a9d141e,0.174641,170.185708,59.999698,2.836442743428475,-3.5527524432371576
https://hashdive.com/Analyze_User?user_address=0x70b091d6ab5f908ecbd1a43226c94e55e56eb71f,0.7475,0,59.800000000000004,0,-2.8054296606472673
https://hashdive.com/Analyze_User?user_address=0xae2fc43d856aeaae774101a7936d56385c0bdc34,0.61948,36.64653,59.65992,0.6142571092954868,16.72211206217504
https://hashdive.com/Analyze_User?user_address=0xe88eb9e298c9731ccd4b03b5060aa8025d8e6d17,0.609999,38.143375,59.659901,0.6393469375686694,-0.30746629805985537
https://hashdive.com/Analyze_User?user_address=0x381d1571fb0d824cf0013c50cec61ee2ba75d9a4,0.609999,38.143375,59.659901,0.6393469375686694,14.465728987601054
https://hashdive.com/Analyze_User?user_address=0x93225ad618c7f4ba7bd707b1be4b6fea5778dbf5,0.609999,38.136982,59.649901,0.6393469454375121,4.634414324510663
https://hashdive.com/Analyze_User?user_address=0xca55b388dcaa71dcc7c6addcb0e5ea118f7c742e,0.61948,36.634255,59.639936,0.6142571145616254,13.608973692668457
https://hashdive.com/Analyze_User?user_address=0x1ee8ad8892d9247cb6c48aa2092676cdc4c4b5f5,0.609999,38.130588,59.639901,0.6393469365416955,4.451173280986316
https://hashdive.com/Analyze_User?user_address=0x4a72b1d5128cf5b03deeee90cc878d5a60301608,0.609999,38.117801,59.6199,0.6393469462377495,-0.6838927841765395
https://hashdive.com/Analyze_User?user_address=0x6c9ebd31037e142a151689a9e1fa3b72789578b0,0.609999,38.111408,59.609901,0.6393469433878106,7.560135785413306
https://hashdive.com/Analyze_User?user_address=0x87f59a618f34875dacbdaa27c3ed1f55f045a4ee,0.609999,38.085834,59.569901,0.6393469413353565,14.02601256166302
https://hashdive.com/Analyze_User?user_address=0xd5a42de834bcdeaa596839dc4c3d569600abd297,0.609999,37.817309,59.149902,0.6393469426204629,16.913296676461425
https://hashdive.com/Analyze_User?user_address=0x6bf8840589b2541989e7273a75ee7c1a84950d70,0.609999,37.721407,58.999902,0.6393469433220414,3.521167275158149
https://hashdive.com/Analyze_User?user_address=0x251de8f41de126ccab7915e4f7c79b230effd87e,0.609999,37.721407,58.999902,0.6393469433220414,7.2826939074473405
https://hashdive.com/Analyze_User?user_address=0x00f09c961f18f64840383549ea2f64927fb3b853,0.38,-58.9988,58.9988,-1,-9.06772552920003
https://hashdive.com/Analyze_User?user_address=0x4e30ef012da43e2e20b8b7c9ab5d8afe9c97ef89,0.152261,324.96379,58.366209,5.567669985213534,-0.9801729994681778
https://hashdive.com/Analyze_User?user_address=0xe4e28c36ed2bc36b7c181fe8a33d9859fa1a0187,0.58,-52.973,58,-0.9133275862068966,1.4331463592259652
https://hashdive.com/Analyze_User?user_address=0x53a1faa99cfac6fc7f18b0d1c1031afc8c8c2111,0.609999,37.082061,57.999904,0.6393469375397587,-1.829828378581926
https://hashdive.com/Analyze_User?user_address=0x9cd7cb415eb7fac5c35397848c9bd8406050d7a0,0.42,-57.33,57.33,-1,1.538863610609544
https://hashdive.com/Analyze_User?user_address=0x9af529b025315290e4c1fed6b292c11419a2499c,0.619456,35.016185,56.999943,0.6143196494073687,3.1311332453488836
https://hashdive.com/Analyze_User?user_address=0xfb2986332e5fcedd8bf09b6421dfd40c55be3bc6,0.419999,-56.309865,56.309865,-1,-1.420929994469453
https://hashdive.com/Analyze_User?user_address=0x2c02c9b3d7f6817c9f70be3153b238ad9589b4d4,0.469355,1.90124,56.19057137721,0.033835569801148394,5.329647976543477
https://hashdive.com/Analyze_User?user_address=0xe27b91bb3b8f991f49e5e1e8d90524e73e9f858f,0.341679,2.835316,56.027326,0.050605948961405016,0.23072365646085857
https://hashdive.com/Analyze_User?user_address=0xde29bc1b0b1c524dc15ec7aac7c64197be462a40,0.59,38.9131,55.9969,0.6949152542372882,0.31602009629056915
https://hashdive.com/Analyze_User?user_address=0xc0f4962e23315f57a6ce036dbe4ac1ac1a9e0eb4,0.41,0,54.53,0,7.594407425874065
https://hashdive.com/Analyze_User?user_address=0x614495b07fb6bb583f2f596a1e3b22d0ade52fff,0.6,36,54,0.6666666666666666,-11.218140932812204
https://hashdive.com/Analyze_User?user_address=0x9d53c08764983f1a785ce503f5a9ef7130b3061c,0.54,0,54,0,9.744801377979753
https://hashdive.com/Analyze_User?user_address=0x5a0b4f076539d1301f68c8940d08e2d1fdb5f974,0.743584,12.371422,53.399757,0.2316756235426315,-18.37089289518086
https://hashdive.com/Analyze_User?user_address=0x603ec0285145af98284b240b4aca656df9e2c256,0.589999,36.83054,53.129909,0.6932166964562277,-2.3141101202410894
https://hashdive.com/Analyze_User?user_address=0x362cf3b065f95a8f0f3ec09d87bc7edc35f2ac6e,0.59,36.9,53.1,0.6949152542372881,-4.407152951705902
https://hashdive.com/Analyze_User?user_address=0x25ac4425cbba2aae31783da62b5a90986ffb3a56,0.59,36.829899,52.999124,0.6949152404858615,-2.485982278327662
https://hashdive.com/Analyze_User?user_address=0x2360867fd49aef169056f08e9789b5d10a1f057e,0.38,-52.9986,52.9986,-1,-2.8964968973042096
https://hashdive.com/Analyze_User?user_address=0x09609524aae274a6b78c5ee7d4dd11f3edd12d2c,0.609999,33.667954,52.659912,0.6393469476363729,6.384069732841908
https://hashdive.com/Analyze_User?user_address=0x8fa9e106aa76c0ad06e1c4e5820d60e7755539a1,0.25,14.98,52.5,0.2853333333333333,0.025122942201083832
https://hashdive.com/Analyze_User?user_address=0xa85e6a13f6923f539b76d8e9f4c9ba4e22fbb18f,0.349999,-52.15985,52.15985,-1,-14.336686410670401
https://hashdive.com/Analyze_User?user_address=0x5635fabf607d40101059eaa2975e13fc80a68f56,0.5,-52.027349,52.02735,-0.9999999807793402,0
https://hashdive.com/Analyze_User?user_address=0x12cd7d93d4cffd641687abccbfba4edece26ab49,0.06,812.46975,51.915,15.65,-1.9816675186959174
https://hashdive.com/Analyze_User?user_address=0x74a1d927a8b68f4cdcd97fb49e741fce60407d64,0.419999,0,51.529877,0,-0.5487975113159005
https://hashdive.com/Analyze_User?user_address=0xf5201f998333d228dafba270d01d8ff82b2c0637,0.384104,-51.114494,51.114495,-0.999999980436078,9.813335968836798
https://hashdive.com/Analyze_User?user_address=0x1bc228c2b4e903dde5f2134a100700f62a8e03d4,0.5,-51.070092,51.070093,-0.9999999804190685,0
https://hashdive.com/Analyze_User?user_address=0x57e434feb147cd012c65b8f2e59cd3e687b3a93c,0.49926,0,50.98993254593999,0,-6.475163624483593
https://hashdive.com/Analyze_User?user_address=0x99231a92691082ea93065c5c8569ceb30665e925,0.56,39.6,50.4,0.7857142857142858,-3.5401077707734574
https://hashdive.com/Analyze_User?user_address=0x41db8190951c41d4b8f38e6ca31ea98da5a01b33,0.5,-50.053668,50.053668,-1,0
https://hashdive.com/Analyze_User?user_address=0x9cf49b206582539bbb4e9f2d3f5d616531b2b8e4,0.662105,-16.016048,49.99999193665501,-0.3203210116571765,-1.649107594664603
https://hashdive.com/Analyze_User?user_address=0x2a9a7d078a2d0dd0ccc6c1699e57d1cfe67f973c,0.465392,0,49.999933563248,0,12.695231096997723
https://hashdive.com/Analyze_User?user_address=0xc17a06facfce497e79ef042faa8badc4d8501db3,0.619999,30.645241,49.999919,0.6129058129074169,-5.9815947404638825
https://hashdive.com/Analyze_User?user_address=0x67b85cd6fa3f3aa364f3f505ecd9c25c0db12449,0.619999,30.645241,49.999919,0.6129058129074169,-6.32202158440692
https://hashdive.com/Analyze_User?user_address=0x8267c28f9734e935d5c604c86080a40af5285346,0.589999,1.694884,49.999914,0.03389773830410989,-0.6623115307551207
https://hashdive.com/Analyze_User?user_address=0x5cae9ddfe6a079e9ddf301ab48cdaf3f8e96fdc1,0.489999,0,49.999897309185,0,4.322631576960788
https://hashdive.com/Analyze_User?user_address=0x2e3cc58aa59a63c2a1e283eec4f331ac50a6d2a5,0.469999,0,49.999892807022995,0,-1.4020394475386735
https://hashdive.com/Analyze_User?user_address=0xdc4bc68529c164cfe402ae1215876badc02a5a92,0.419999,-49.99988,49.999881,-0.9999999799999523,0.08199808712279058
https://hashdive.com/Analyze_User?user_address=0x7096a7c6ba4c3edae559c397a071d0ba27ace019,0.61,-16.392,49.9956,-0.32786885245901637,-4.338483080930961
https://hashdive.com/Analyze_User?user_address=0xcdafa8a0265d29a99c9756042bfa075ab4547269,0.5,-49.964622,49.964623,-0.9999999799858391,0
https://hashdive.com/Analyze_User?user_address=0xd81fb6cadd54e39f48f801d80c57b2ecf307fb2b,0.5,-49.96382,49.96382,-1,0
https://hashdive.com/Analyze_User?user_address=0x51b05350215572ec1cdc4090efa1c7f7858fb75b,0.5,-49.956738,49.956739,-0.9999999799826806,0
https://hashdive.com/Analyze_User?user_address=0x1ee89816d53cfbc50d939bece864101ede1022c2,0.469999,-1.866347,49.739893590214,-0.03752213495621936,-1.1929658352895156
https://hashdive.com/Analyze_User?user_address=0x2d1367407d1b00c1c5969acc5fb6eb0c5ac7d6c1,0.748958,9.561441,49.716542,0.19231910779313655,-2.578503086141009
https://hashdive.com/Analyze_User?user_address=0xc745b258d809e7c62ce091ee2b7da67c77ee9499,0.824702,10.494482,49.659974,0.21132677193910734,-0.6760062881881278
https://hashdive.com/Analyze_User?user_address=0xc98586f374e98c10d2cae8978bfcf8002cc20c94,0.609999,31.749917,49.659918,0.6393469477738566,2.923273249072515
https://hashdive.com/Analyze_User?user_address=0x16584d147e37381d35f45a051c2186a2009c5a79,0.5,-49.591549,49.59155,-0.9999999798352744,0
https://hashdive.com/Analyze_User?user_address=0x38a6cf569745a92b2ba321baf1339166b444eece,0.609999,31.679588,49.549918,0.6393469309071309,15.235310474448715
https://hashdive.com/Analyze_User?user_address=0x42e0dc030056918ff342010344bb486b87a90578,0.352854,-49.39956,49.39956,-1,-6.97537952342217
https://hashdive.com/Analyze_User?user_address=0x83424da14fc31af4182fbad0a0d73796f5c813c9,0.756153,15.850055,49.149945,0.3224836772452136,-16.219426538924235
https://hashdive.com/Analyze_User?user_address=0x348fc17928ca2a539f7167dede5bbabaada9f86d,0.639958,0.003158,48.879985,0.00006460722113560387,2.6003261324633016
https://hashdive.com/Analyze_User?user_address=0x80cdecc56cf9ad97c2b078333bdd24d1083b8c6e,0.44,0,48.84,0,-0.015986335543078815
https://hashdive.com/Analyze_User?user_address=0x9a753d12065a8143ac69ea1732f67daab67b4347,0.234633,-48.099765,48.099765,-1,-1.9727803937479826
https://hashdive.com/Analyze_User?user_address=0x91dece9e0bbe340539cecd301a585b34612fcb7f,0.59,33.350399,47.992038,0.6949152482334674,10.962415001588264
https://hashdive.com/Analyze_User?user_address=0x12ac639308f18fdc7b4916c373f7d42e3dcd7f5a,0.205613,-16.879764,46.879764,-0.3600650378700712,5.654511708301076
https://hashdive.com/Analyze_User?user_address=0xa7d93548366e991901393965fb5411962a32d188,0.44,0,45.76,0,-0.03352509840159417
https://hashdive.com/Analyze_User?user_address=0x7d74f3e3b8e5aafc91df0a0884f5af719b925393,0.779098,12.250865,45.624199,0.268516823714538,-4.403954432833111
https://hashdive.com/Analyze_User?user_address=0x99c427ba2c01e1cba003189cbdf745c946dba688,0.419999,0,45.169892,0,3.0981636776645742
https://hashdive.com/Analyze_User?user_address=0x9c4db21669d5c5b48c0655761b4fedd646e6168c,0.45,0,45,0,-5.999769465655323
https://hashdive.com/Analyze_User?user_address=0x4c2cdf74d79c3bc572ab68e712af2505f99f9cad,0.103676,388.597475,44.999284,8.635636847021832,-5.626653490020884
https://hashdive.com/Analyze_User?user_address=0xa7666a318077e2e50f11d0e65f7cb5d30a8e9e61,0.44,2.132941,44.853848600000006,0.04755313237491063,0.9689551038336535
https://hashdive.com/Analyze_User?user_address=0xde5314ddd05574a22cdaeef4e9ab2c02ce90e5be,0.432381,-2.318223,44.789892,-0.05175772694428466,1.236303009974836
https://hashdive.com/Analyze_User?user_address=0x02c2d8f273e727d63fd416ddc7d2dda209183ab7,0.5,-43.765095,43.765096,-0.9999999771507414,0
https://hashdive.com/Analyze_User?user_address=0x4114f2c451180c325e3b8676dccb32d0361db9ac,0.373599,-42.526774,42.526774,-1,-1.200446445413348
https://hashdive.com/Analyze_User?user_address=0xd3a6d17bf7052626d8cf793c7d0ab1e823f55173,0.4,-42.51,42.51,-1,9.282133853081307
https://hashdive.com/Analyze_User?user_address=0xea48d92dcd455762788514e4ff6623a9b5343216,0.703333,17.80002,42.19998,0.42180162170692975,6.864972952788745
https://hashdive.com/Analyze_User?user_address=0xa33ff64ae806228025a6e5db326b0f565b7cc25e,0.42,-42,42,-1,-7.348266431943671
https://hashdive.com/Analyze_User?user_address=0xaf706d611e9afe163d57e208244fe787a3483bcb,0.609999,26.603182,41.609931,0.6393469385950195,-1.1930423862353599
https://hashdive.com/Analyze_User?user_address=0xe074d6bc76867261fadbc6be63beb7428e07c3eb,0.600023,-0.002708,41.001713,-0.00006604602105282772,-0.7616698502131887
https://hashdive.com/Analyze_User?user_address=0x62a87d3be064b7e21685cf3a3ef6e39168e597d0,0.41,-38,41,-0.926829268292683,-3.0108508996327243
https://hashdive.com/Analyze_User?user_address=0x498de29c7f87de98ff44f93250ffc9c6002f663e,0.41,-41,41,-1,-1.4969622260082756
https://hashdive.com/Analyze_User?user_address=0x0463fddea8a2d0afe0c76788dbe58a2816e0ac35,0.59,3.45,40.71,0.0847457627118644,-0.41439072142953437
https://hashdive.com/Analyze_User?user_address=0xdfaacceff09ac2c037393eee387e81ea024679a7,0.530012,-1.889947,40.64132016000001,-0.04650309075983519,7.320931231105845
https://hashdive.com/Analyze_User?user_address=0xae62cd3b0959724a94160b8d40ceb7da29ada71b,0.599999,26.733399,40.099932,0.6666694347511611,-2.895678457848736
https://hashdive.com/Analyze_User?user_address=0xe9473a70f58272d3c8cbc31da1079fb0578f2cf3,0.408977,-39.999945,39.999945,-1,1.071588045982884
https://hashdive.com/Analyze_User?user_address=0x378556bf4ff1fa1d48c5845a80b9d183bd3d5c5f,0.619999,24.516193,39.999935,0.6129058209719591,-0.11014365549587235
https://hashdive.com/Analyze_User?user_address=0x28e758df3fdf540d36c30f9fe2aa6cfce5639ce2,0.589999,27.796677,39.999932,0.6949181063607808,-1.5909536981218
https://hashdive.com/Analyze_User?user_address=0x97066ef0862aa74e2861bbe1889948ed992213b9,0.059999,119.999467,39.999333,3.000036700611983,-1.2180625486889491
https://hashdive.com/Analyze_User?user_address=0xddd2159fd864b4d457c20602b7c665bfb5bb412b,0.6,-0.649,38.94,-0.01666666666666667,0.05473233881789917
https://hashdive.com/Analyze_User?user_address=0x7ac9dda7a40e29dccccff20b48d55d6240881847,0.60996,-0.249477,38.102635,-0.006547499930122943,-1.1110691909929087
https://hashdive.com/Analyze_User?user_address=0xe46335a6b833e6334a3841b52f5d7e014fc791f9,0.6,-0.6326,37.959999,-0.016664910871046126,-0.18021298741112518
https://hashdive.com/Analyze_User?user_address=0x3f4f9145904c7b3261c3bbe05fcea64d9d91b4b3,0.54,-2.7072,37.6962255,-0.07181620876074184,11.626214825980789
https://hashdive.com/Analyze_User?user_address=0xe0aa482ff9ad90b88d2a3bb549374606718ea9ef,0.6,-0.6241,37.449999,-0.01666488696034411,0.1716941245663408
https://hashdive.com/Analyze_User?user_address=0x748339a8f06625d76acc0458a3ef6735395a25ec,0.44,0,37.4,0,-0.16725019192036297
https://hashdive.com/Analyze_User?user_address=0x2efa8c29e8f3505e2a421f3c7acc92e6e6726a09,0.419999,0,37.139911,0,17.713310977899678
https://hashdive.com/Analyze_User?user_address=0x3f137f1aa44681ff5539f0eccfa33b99a6ae1378,0.44,0,36.96,0,-0.014869449012301476
https://hashdive.com/Analyze_User?user_address=0x5087120a30cd1de84f9ab7020b20e0e457f54ad6,0.41,0,36.9,0,-0.48230346258497225
https://hashdive.com/Analyze_User?user_address=0x77eaa7d107182e543707234abc049666023b779c,0.679962,-0.237585,36.568183,-0.006497041430797915,-1.315554363394516
https://hashdive.com/Analyze_User?user_address=0xb6cb2a1031e223e2f2ce941394503f699757909c,0.44,0,36.52,0,-0.011187319220000467
https://hashdive.com/Analyze_User?user_address=0x7a6192ea6815d3177e978dd3f8c38be5f575af24,0.2,-36.4,36.4,-1,20.675869180464716
https://hashdive.com/Analyze_User?user_address=0x371a0d623144ad877c81614afe52c356619c34b0,0.043964,156.575594,36.357867,4.306512095442783,21.48409429975753
https://hashdive.com/Analyze_User?user_address=0x0c15aebb52b67b63ce6a7d3af5c6e07da2485038,0.430122,47.961966,36.199848,1.324921751052656,-7.088902484797204
https://hashdive.com/Analyze_User?user_address=0xf4b6356c70c074de93a5083635dfabe2bd6d1757,0.44,0,36.08,0,-0.04041820617814961
https://hashdive.com/Analyze_User?user_address=0x50367274fa84b47cc5ef950e66b31ac95367416b,0.36,-36,36,-1,-0.24871554689404746
https://hashdive.com/Analyze_User?user_address=0xc15b2b372916cf2e4c7395b6b990f1e6ccd22793,0.6,24,36,0.6666666666666666,-17.400870345208585
https://hashdive.com/Analyze_User?user_address=0xd3aa6ee2d6fd8d872a2ccbceb7205152b7c5ae92,0.689981,-0.209392,35.195493,-0.0059493981232199246,-0.6430485913700347
https://hashdive.com/Analyze_User?user_address=0xd55c07ded5a2476a449f49ae4042ec9718d734fe,0.35,-35,35,-1,4.665873703655755
https://hashdive.com/Analyze_User?user_address=0xb701c372d94c40bba12dbe41cfb3db9ee39d7cf6,0.35,-35,35,-1,-3.467176751693101
https://hashdive.com/Analyze_User?user_address=0x74c43af89ee27ffcb39f9ebe45d3321694385b0a,0.7,4.05,35,0.11571428571428571,0.09613712966646937
https://hashdive.com/Analyze_User?user_address=0xef75262a7aa508735c9461c6ce3370376d585d78,0.190115,-34.879089,34.87909,-0.9999999713295273,8.35733590050844
https://hashdive.com/Analyze_User?user_address=0xa3c8da153646ed5bf584fbb85cfe559451869049,0.45,0,34.65,0,-0.012459771778589573
https://hashdive.com/Analyze_User?user_address=0x35be9e94e2f6c9f07806c985eb1a61dcda94e8de,0.6998,-0.001185,34.625924,-0.000034222913444851326,-0.8142089004159624
https://hashdive.com/Analyze_User?user_address=0x131d75cbb1bbf5f924342ea035175f6bb7148df5,0.649995,-0.691024,34.524885,-0.020015244076844862,-3.6519596116961743
https://hashdive.com/Analyze_User?user_address=0xabb0634c3437be063b7b5a0cebde410d4a166084,0.550025,-0.001562,34.403099,-0.000045402886524844755,2.645235649940551
https://hashdive.com/Analyze_User?user_address=0xd04d631183d7568356f598a3c77181ec4ab6d0e5,0.417117,6.810975,34.276918,0.1987044167739935,1.2139612180918693
https://hashdive.com/Analyze_User?user_address=0x63841a012b5ecc702353f4a2b89834cf39242e84,0.45,0,33.75,0,-0.020702861925653217
https://hashdive.com/Analyze_User?user_address=0x89fe3360fff726fca76971cbab3ec191020f073f,0.599999,-0.559244,33.559943,-0.016664033070616358,-0.10984485689477483
https://hashdive.com/Analyze_User?user_address=0x7bbf0dbb786ec02fb9fadeb9695238c750dfc692,0.599999,-0.546745,32.809945,-0.0166640023322197,-0.10472115092778957
https://hashdive.com/Analyze_User?user_address=0xb9283a3c6c34ab67471fcc2319b9a690b20c5fd7,0.4,0,32.8,0,1.1242176655157807
https://hashdive.com/Analyze_User?user_address=0x48e94e983a1d755c5cf9640d48d2e13992d08dec,0.590064,-0.316773,31.16128,-0.010165596535187258,-0.006435056832465463
https://hashdive.com/Analyze_User?user_address=0x399932c521416f0b45afff70132d97cba0660a65,0.619165,19.067425,30.999993,0.6150783646951146,-0.9452687018827914
https://hashdive.com/Analyze_User?user_address=0xf4cd584ea9ad01b30c2be5d2b9dbffc9ba890516,0.280636,5.330008,30.86996,0.17266002288308765,0.6529610544618512
https://hashdive.com/Analyze_User?user_address=0xead72a55e54f3a2aaf588e8734e1689f6073efed,0.61,19.496398,30.494367,0.6393442434794596,-0.3900450502455691
https://hashdive.com/Analyze_User?user_address=0x8fa4b8cdfc96666d36fe4ebc43f77e208c66d4a0,0.649999,16.293892,30.259953,0.5384638898811244,2.573411953531704
https://hashdive.com/Analyze_User?user_address=0xecbeba24a9e7d8fc3091db367f2578e911ac42ff,0.098509,275.00028,30.05022,9.151356629003049,1.2538773579162041
https://hashdive.com/Analyze_User?user_address=0xe5342af8e83790f38395d5eb930967ef08d3d122,0.609954,0.002796,30.03413,0.00009309408995699225,-0.7529275342559332
https://hashdive.com/Analyze_User?user_address=0xa3e02e9d993c0c0bd5b4eb39ba4dc6323b1ff11c,0.03,20,30,0.6666666666666666,16.06731118556777
https://hashdive.com/Analyze_User?user_address=0x59653aa497fd038271565411d6026031c4fc3628,0.763636,9.285728,29.999985,0.3095244214288774,-3.76080690907141
https://hashdive.com/Analyze_User?user_address=0xa77dd4330503b84ff4d59773197ac0b0ddda58fd,0.619999,0,29.99995,0,-2.1364942728236556
https://hashdive.com/Analyze_User?user_address=0x6659ad9e5fa53272d88544a78029a8419f875694,0.619999,18.387144,29.99995,0.6129058215097025,-3.2222917639218815
https://hashdive.com/Analyze_User?user_address=0x21a270a2eaa2eddee64e6864a11f4c2ebfc8866d,0.609999,19.180375,29.999949,0.6393469202230977,0.1438806252711901
https://hashdive.com/Analyze_User?user_address=0x5fd46ed469aed20723d8847388ae8fb42852ca01,0.439999,-29.999931,29.999931,-1,-1.564842323128558
https://hashdive.com/Analyze_User?user_address=0xe3eebfe799a410fff7279aa5b63aaca45725373e,0.314285,-29.999931,29.999931,-1,-2.571693413713226
https://hashdive.com/Analyze_User?user_address=0xb5eb09943988e8b0b42d56dd16a4bfe35ed5a613,0.409999,-29.989926,29.989926,-1,-6.931155581959196
https://hashdive.com/Analyze_User?user_address=0xf6c46db0a0c9f1c352f27b1c39b8415430043cbf,0.76,9.350526,29.609999,0.31578947368421056,5.0845708400304055
https://hashdive.com/Analyze_User?user_address=0xc3ad23b2896a1ed48a4065b50cf8954588b6d555,0.769999,8.844583,29.60996,0.2987029702167784,3.1349313366083202
https://hashdive.com/Analyze_User?user_address=0x55c6fb0ff472a321f17fa7f32b207ff41267d8d3,0.609825,-0.001949,29.545883,-0.00006596519724930882,-0.6707716170680779
https://hashdive.com/Analyze_User?user_address=0x32a23c7cdbbc91044d7a8d63de35d03992731e8a,0.59,20.5,29.5,0.6949152542372882,0.1654855018661372
https://hashdive.com/Analyze_User?user_address=0x51381b555caa4e72a2313d3c5379da660ae41d4d,0.6,19.666666,29.499999,0.6666666666666666,-2.995603590896793
https://hashdive.com/Analyze_User?user_address=0xf0b0ef1d6320c6be896b4c9c54dd74407e7f8cab,0.069998,2.479009,29.485426,0.08407573965524527,0.7139732428280593
https://hashdive.com/Analyze_User?user_address=0x698182eddee31d47aff07c223bc92c7c9ce18ac5,0.779999,8.286703,29.379961,0.2820528931267131,-9.711516829624857
https://hashdive.com/Analyze_User?user_address=0x16182d490b7e9627a042ffe77f98f7b1fd098302,0.600008,0.001655,29.334389,0.00005641842412330456,-0.18581976408030806
https://hashdive.com/Analyze_User?user_address=0x54e7767240cd6f74b4f934676a4dddb82f22e35f,0.243333,69.160093,29.19996,2.3684995801364113,-1.6119571771143764
https://hashdive.com/Analyze_User?user_address=0x162986d71b8775003ebe03b67cd407408b4afeef,0.44,0,29.04,0,-0.013926076049494246
https://hashdive.com/Analyze_User?user_address=0x629439ac61ed113f3b60fe62078c2a8573143994,0.44,0,29.04,0,-0.007679662645316228
https://hashdive.com/Analyze_User?user_address=0xd5fd8335f86e24c5bf42d414deaef9f871b51433,0.599999,19.333381,28.999951,0.6666694367862898,-8.082524146693387
https://hashdive.com/Analyze_User?user_address=0x9147a9f7d77d487e5472276d8e378b70e81a2ace,0.590048,-0.104557,28.717538,-0.0036408761781737695,-0.6863233672035023
https://hashdive.com/Analyze_User?user_address=0x5f7f31b9aea38885252e617b1ed581f03a66472e,0.6,19.066666,28.599999,0.6666666666666667,0.6881487527218766
https://hashdive.com/Analyze_User?user_address=0xa1077790a79ba4d4477341737aa91f820d929f95,0.600184,0.468226,28.586,0.016379556426222627,-0.8479321901397834
https://hashdive.com/Analyze_User?user_address=0xfa5fb435a6704588210689abcde3e87754e2276f,0.419999,-28.439931,28.439932,-0.999999964838172,-5.450739004004912
https://hashdive.com/Analyze_User?user_address=0xb6e918d473c8934f61c9ceb790a33afd55dd9a86,0.599874,0.072229,28.199755,0.0025613343094647452,-1.9021782320695317
https://hashdive.com/Analyze_User?user_address=0xfdbf7de09b7253eb0ce1b51e03c612710962c88e,0.2,56,28,2,-1.5201772834472485
https://hashdive.com/Analyze_User?user_address=0xf68f99759d0b411a08265ab3ca0db96e3d23a9d9,0.619999,17.161334,27.999954,0.612905792630945,-1.8066262222518152
https://hashdive.com/Analyze_User?user_address=0x24b9b58ab054a12c27c9805caa87aea0dddcbcb1,0.289999,-27.999903,27.999903,-1,-1.5434782619314713
https://hashdive.com/Analyze_User?user_address=0x03c54fad238521db952dd9e070269efa934c3f14,0.6,-25.984,27.84,-0.9333333333333333,-4.421005404405137
https://hashdive.com/Analyze_User?user_address=0xb652e5dabc3fccd3c939acab0108f99866842db4,0.203703,-27.499905,27.499905,-1,-0.7515026990172652
https://hashdive.com/Analyze_User?user_address=0x4c6fb1235881c48b7a94d91d9aa7e00afcb57785,0.369999,-27.389925,27.389926,-0.9999999634902264,-2.5352335054712265
https://hashdive.com/Analyze_User?user_address=0x4b700e753029e95aeb4771355e785b3b5a7d3f14,0.349999,-27.269921,27.269921,-1,-3.4039076585293433
https://hashdive.com/Analyze_User?user_address=0xc8b438e4a1c10643ea0ea3e59bcaadc73174f05d,0.19,-27.221603,27.221604,-0.9999999632644719,1.2824366577722126
https://hashdive.com/Analyze_User?user_address=0xcbedcc1f8be4bf7e577170626d73beeaa906aa02,0.0675,373,27,13.814814814814815,-0.9226776556894484
https://hashdive.com/Analyze_User?user_address=0xeef2f2d814a147e25401d0314b6061ab179ec47f,0.610026,-0.003391,26.993284,-0.00012562384035969836,-0.03549821078137381
https://hashdive.com/Analyze_User?user_address=0x4ebb205e049e91ee26adda0de8ca4723f1e9267f,0.369999,-26.919926,26.919927,-0.9999999628527967,-6.812131566845851
https://hashdive.com/Analyze_User?user_address=0xab5b1df24b6e471309ae83ad9cf8903c6dec490f,0.5,-26.777146,26.777147,-0.9999999626547219,0
https://hashdive.com/Analyze_User?user_address=0x1e310f5cba2e14e87610532682dd4696850668bb,0.260085,32.820572,26.195227,1.2529218395396993,-0.0548006417396377
https://hashdive.com/Analyze_User?user_address=0xb8805f733b06d27c7b7e324e10daf54f4af08d80,0.5,-25.842364,25.842364,-1,0
https://hashdive.com/Analyze_User?user_address=0x8c82f2e3f5e61b9276960b386134e97a655305cf,0.469089,0,25.799895,0,2.0508795158401125
https://hashdive.com/Analyze_User?user_address=0x704180422ba3470c21d3d3ebe4cd51695ad03c45,0.649935,-0.000361,25.711382,-0.000014040474370455854,-0.44685417032183095
https://hashdive.com/Analyze_User?user_address=0xc520ac381cce408ab14c94dcf06ca56395dc5b34,0.689883,-0.11315,25.187345,-0.00449233533744823,-0.27262430315961744
https://hashdive.com/Analyze_User?user_address=0x1e837c420c460cc929921d8c34d04d479e509084,0.349999,-25.149927,25.149927,-1,-0.5517063660998042
https://hashdive.com/Analyze_User?user_address=0xdff6bc8d861a60c8809de6657ede105307280d4e,0.639984,0.000627,25.093771,0.00002498628045980016,-0.12606344800358327
https://hashdive.com/Analyze_User?user_address=0xf8abebe90845a35a74c624af27d787f9e60848b9,0.644219,0.224476,25.021459,0.008971339361145967,4.563194108594079
https://hashdive.com/Analyze_User?user_address=0xe6d7a1c8db04f59da9488257dfa0334edb2cb646,0.05,475,25,19,-2.9861057691133053
https://hashdive.com/Analyze_User?user_address=0x904ec63eb5b1380adc763e28ce022aa0c9ea7ff3,0.6,16.666666,24.999999,0.6666666666666666,-3.9213261248512983
https://hashdive.com/Analyze_User?user_address=0xb2cfeaf12e3dd2db178f8a4f68414e7250a5b630,0.639964,14.064693,24.999993,0.5625878775246057,-7.35069712383016
https://hashdive.com/Analyze_User?user_address=0x71e90ea0f8bcbf42ae44397ac173ef9b8e8f1248,0.049999,475.000497,24.9995,19.00039988799776,-3.264245299970688
https://hashdive.com/Analyze_User?user_address=0xdb31dcd83cbe3e473a6e150fe03876ddf379a22f,0.409999,-24.859938,24.859939,-0.9999999597746398,-0.48740688598136594
https://hashdive.com/Analyze_User?user_address=0x6ed739140425334d5868a00b8653e3b1ead3e62b,0.62,15.2,24.8,0.6129032258064515,-6.372212005642695
https://hashdive.com/Analyze_User?user_address=0xf39c24b8be86677b79c5a00a780beff913dd0498,0.619995,15.2002,24.7998,0.612916233195429,-0.15342500746508747
https://hashdive.com/Analyze_User?user_address=0xa3a547029cda95b7f498baa1fd10c33ceab3877d,0.48,0.8,24.7384608,0.03233830942303412,3.6232264051328906
https://hashdive.com/Analyze_User?user_address=0x2d5c7115dc690f033698cf5cce2a62e4d5c9676d,0.609962,0.524152,24.501663,0.02139250711268047,-0.13458551010682904
https://hashdive.com/Analyze_User?user_address=0xe350ea3bb7a6a64a4b60f933abf3de37fb7a15dd,0.630034,-0.841602,23.890746,-0.035227112623440054,-1.0722995149875427
https://hashdive.com/Analyze_User?user_address=0xe484c74ae7c55e71e1d2a42e53e8698c4fea3f80,0.590104,-0.004189,23.792875,-0.00017606111073167915,-0.7156507639270987
https://hashdive.com/Analyze_User?user_address=0xfe6abc9fbe2ffc81659326ab7abbfe33e919de56,0.610012,0.386534,23.613499,0.016369196280483462,-0.8466043071422789
https://hashdive.com/Analyze_User?user_address=0x9a7be5fabe8a4be93d1ce8ddea1a8cf945147bc3,0.769999,7.01951,23.499968,0.2987029599359455,-0.9919491570789513
https://hashdive.com/Analyze_User?user_address=0x05a9f58f3ca778a957b6e06152f37197ac189ffd,0.639934,0.002413,23.408784,0.00010308096311196687,-0.7252499424681057
https://hashdive.com/Analyze_User?user_address=0x0fa3bcb1326ae9841f800a351653a7eb3199072d,0.197736,-23.14986,23.149861,-0.9999999568031963,2.359627480936433
https://hashdive.com/Analyze_User?user_address=0x2931f64bd2ee235d6e5a641155577ce888044064,0.689946,0.001806,23.09249,0.00007820724400010566,-0.21774320201951386
https://hashdive.com/Analyze_User?user_address=0x5d6494faf5f88b5d3505b96f756d2b8db4a1701d,0.590002,0.000665,23.033604,0.000028870861893779193,-0.9383003735536876
https://hashdive.com/Analyze_User?user_address=0xb9153bfe82e7673d69996357581cc673ab504ff4,0.589948,-0.094993,22.92972,-0.004142789358090722,-0.10179017376721623
https://hashdive.com/Analyze_User?user_address=0x91bcc939bdfa99330c229e7b0290754d30936f6d,0.590097,-0.003765,22.913408,-0.00016431427398316305,-0.9533104383467261
https://hashdive.com/Analyze_User?user_address=0xece02e8da4faa0d250def1d67f65bc9d835e2b56,0.689758,-1.713571,22.789593,-0.0751909435153142,-0.44283020610162477
https://hashdive.com/Analyze_User?user_address=0x343c1e14fc2b8911759fc0ca8906f8d7341fd9e9,0.55,0,22.7755,0,0.6246515133496233
https://hashdive.com/Analyze_User?user_address=0x04a90c1c52590a653bcf6b41ec4ff48de7305d92,0.570077,0.002515,22.660561,0.00011098577833090715,-2.2376809656255405
https://hashdive.com/Analyze_User?user_address=0xe4bad3778c3aa763fdee8528d70fe208aae0e0a5,0.610121,-0.004489,22.610866,-0.0001985328646855012,-0.5554943373522693
https://hashdive.com/Analyze_User?user_address=0xf28aee88b1b240b85edfe295d2bee10b2cdede8c,0.590096,0.378431,22.55341,0.016779325166349567,-0.09449293763641482
https://hashdive.com/Analyze_User?user_address=0x2e6b50c2720b1d44deab88f4855653b37f7dd464,0.699729,-0.040182,22.503072,-0.0017856228696242007,-0.471151501282261
https://hashdive.com/Analyze_User?user_address=0x8e7ec8064b560e64f9f79e64bb7bc6a8aa4a54dd,0.060039,-24.792467,22.144114,-1.1195962502721943,-5.491780310717836
https://hashdive.com/Analyze_User?user_address=0xdd006cd99e838f056477b3d4c516f44bef629c5c,0.599869,0.255892,22.075177,0.011591843635047637,-1.5899388047075829
https://hashdive.com/Analyze_User?user_address=0x2c02c9b3d7f6817c9f70be3153b238ad9589b4d4,0.22,27.997946,22,1.2726339090909091,5.329647976543477
https://hashdive.com/Analyze_User?user_address=0x3efd3137bb3841b22f2c84744fdd368623feecce,0.700102,-0.003214,21.913193,-0.0001466696341331909,-0.9642189871361105
https://hashdive.com/Analyze_User?user_address=0x42336d15b8fe5c5aa7b223cd33b7357d81e71a99,0.580111,-0.004181,21.864221,-0.00019122565583287873,0.014220403980404315
https://hashdive.com/Analyze_User?user_address=0x70792d733ec3bc9817c46bff075f4de6373fffb1,0.6,14.4,21.6,0.6666666666666666,-0.1762676350548124
https://hashdive.com/Analyze_User?user_address=0x3d09ac1085ab136b66ead684d7398ecb240ed2db,0.650103,-0.003394,21.427395,-0.00015839536257207187,-1.1229230162348138
https://hashdive.com/Analyze_User?user_address=0x76de3afb1e5bead0adf4454032f6ea2927a3430b,0.609999,-0.701764,21.409964,-0.032777448855121856,-0.3400782123345691
https://hashdive.com/Analyze_User?user_address=0x8582a4245d9bb5daf4cdf303e670b817768c75b0,0.589942,0.0021,21.367697,0.00009827919218435191,-1.2598512193233866
https://hashdive.com/Analyze_User?user_address=0xc23745a025d6df564288271fe47e489365193eba,0.680109,-0.003395,21.185395,-0.00016025190939324003,-0.5195731688027065
https://hashdive.com/Analyze_User?user_address=0xdfaacceff09ac2c037393eee387e81ea024679a7,0.58,0.3647,21.1584,0.017236653055051423,7.320931231105845
https://hashdive.com/Analyze_User?user_address=0x8667c6e297ae24916c042f0449fe05c74e62ba14,0.610171,-0.005899,21.0509,-0.00028022554855136833,-0.13074842686258134
https://hashdive.com/Analyze_User?user_address=0xfeffd6b409e9ca7c5de1e3baf75ab5e2e61900a9,0.610023,1.820425,21.021262,0.08659922510836884,-0.4560723320433075
https://hashdive.com/Analyze_User?user_address=0x7ff9761dea5a8c7ed04db1fca4908a958f80e494,0.7,8.97,21,0.42714285714285716,-1.3438828420821445
https://hashdive.com/Analyze_User?user_address=0xaab29ce85ffe220ef9e8c9167ffa466ff5fba999,0.6,14,21,0.6666666666666666,-1.3413376442789369
https://hashdive.com/Analyze_User?user_address=0x0dc4f5414f0e23b815ebd0412fb397cd77383c1d,0.409999,-20.999948,20.999948,-1,1.102937122405083
https://hashdive.com/Analyze_User?user_address=0xefacfbd141008db5f10dd6d33b0d2a53c144d647,0.219999,-16.624904,20.999904,-0.7916657142813606,-1.5314715246174022
https://hashdive.com/Analyze_User?user_address=0xdf9b67d3b5460fc810a2d0db3c0d39e6ca53fe0f,0.038181,481.391346,20.99955,22.923888654756887,48.066762941751186
https://hashdive.com/Analyze_User?user_address=0x49ef7872e8f2693e8bb73bf3b84a6d8c2809e39e,0.419999,-18.46295,20.959949,-0.8808680784480916,-3.12843672921985
https://hashdive.com/Analyze_User?user_address=0x9cac9336572ea5adf5165a475d7394f22c65344f,0.6,13.926666,20.889999,0.6666666666666667,-12.86315068840448
https://hashdive.com/Analyze_User?user_address=0xcc7184a74b7ec75f4749541c2e1a976eb9896c88,0.609999,13.298394,20.799965,0.6393469412087953,-10.673684830909714
https://hashdive.com/Analyze_User?user_address=0x0403e4b18564ec340a2354d0302a4d45da7fc1eb,0.61,-0.348481,20.746095,-0.01679742621442734,-0.09077305584191214
https://hashdive.com/Analyze_User?user_address=0x9f016fa0fed4adb2e33babd386f14957f50b8e6e,0.610053,-0.001796,20.68065,-0.00008684446572037146,-0.58397920977487
https://hashdive.com/Analyze_User?user_address=0x25fddfa934df7396d350d801cbb153e6ac99f626,0.590022,-0.000768,20.656586,-0.00003717942548686409,-2.636408016966917
https://hashdive.com/Analyze_User?user_address=0x3df761f7eef3483c2f77177c3c9dd3eed93c286c,0.660144,-0.004476,20.530445,-0.0002180176805714635,-0.7105348858075662
https://hashdive.com/Analyze_User?user_address=0xd206309e90808101e268dc904378689ea1348a30,0.6,13.6,20.4,0.6666666666666667,0.4302071135605544
https://hashdive.com/Analyze_User?user_address=0x2761bb069d478c16ca182dd49f6240512746e5d0,0.609866,-0.004501,20.363423,-0.00022103356591865716,-1.6763469955428607
https://hashdive.com/Analyze_User?user_address=0x59b71a68c830db23efd3064b3d3f2b9976c3edcb,0.610144,-0.004784,20.286988,-0.0002358161793165156,-2.272172467160864
https://hashdive.com/Analyze_User?user_address=0x812663655df619d356c3e94402d10eb7de8b658f,0.61012,-0.003985,20.262085,-0.00019667275110137974,-0.3839084753216029
https://hashdive.com/Analyze_User?user_address=0x8aa6068be15c3e2006705a003301e49f2ae8a404,0.580051,-0.00178,20.255381,-0.00008787788291911171,-0.3567000721165587
https://hashdive.com/Analyze_User?user_address=0x0ab6687e48815a0e6cd09a1dc7ddf41f3083d47c,0.58989,0.003729,20.003168,0.00018642047099739402,0.0006889169377190058
https://hashdive.com/Analyze_User?user_address=0x62175657265a7f33fdce2b6a27b3f6d0594a1e1f,0.16,70,20,3.5,-4.577834113518594
https://hashdive.com/Analyze_User?user_address=0xdf33ef306d40867297bac5732dabfa615a6a261f,0.32332,-16.899307,19.999987,-0.8449658992278345,3.605243645567146
https://hashdive.com/Analyze_User?user_address=0xc22405f28fd086339bddaa3afd916df666bacd43,0.659993,10.303345,19.999987,0.5151675848589301,-3.6659497422913523
https://hashdive.com/Analyze_User?user_address=0x7d768a700886c2a77f53181bd869b7be7ec4e652,0.495584,0,19.9999861376,0,-4.6605028759545
https://hashdive.com/Analyze_User?user_address=0xcd64e2e5e9eb28ebc526a4be607ff6882bd876a8,0.666666,10.00002,19.99998,0.5000015000014999,1.6971450546543005
https://hashdive.com/Analyze_User?user_address=0x2636a18dbde37eddd0f474657fbd416ad5c50236,0.814723,2.338097,19.999976,0.11690499028598833,-5.613494559647965
https://hashdive.com/Analyze_User?user_address=0xe5a19d28d5cbf6cf0166a21dd1603ffea9ea3726,0.709999,8.169041,19.999971,0.4084526422563313,-4.638435397193545
https://hashdive.com/Analyze_User?user_address=0x4eee03ccf6ae1aee39ac9c4221d250ce8bff2782,0.679999,9.411793,19.999969,0.4705903794150881,-1.3791586576108643
https://hashdive.com/Analyze_User?user_address=0x2a7005537ef38ef3793705e59cc8f428fe910c53,0.619999,12.258096,19.999967,0.6129058112945885,-0.2056076954016126
https://hashdive.com/Analyze_User?user_address=0xf23b6a74a6e594a95345ff79954fb465e2154957,0.599999,13.333366,19.999966,0.6666694333380366,-8.145470908261217
https://hashdive.com/Analyze_User?user_address=0x889923b7fe554c8c4d62bc9b00c7e38fd79608d6,0.609999,12.786917,19.999966,0.6393469368897927,0.46877844152991843
https://hashdive.com/Analyze_User?user_address=0x2385cdd727625e9ed5ed0360209f87a894d86c0f,0.599999,13.333366,19.999966,0.6666694333380366,5.028313380425397
https://hashdive.com/Analyze_User?user_address=0x23767daa8c8db05c7376d7b5996dd3919a2f30f5,0.599999,13.333366,19.999966,0.6666694333380366,-5.158610638783631
https://hashdive.com/Analyze_User?user_address=0x2db8f5b0fc0ebc26e309321843492a1a62a9e042,0.599999,13.333366,19.999966,0.6666694333380366,-10.12027129444589
https://hashdive.com/Analyze_User?user_address=0x75b46fbff538119587ab987364cbfb6b35755aab,0.639859,11.256864,19.999961,0.5628442975463802,-1.2175122659743074
https://hashdive.com/Analyze_User?user_address=0x2bad90ea9daa7a2b01c2b47cf53d331b61f108a1,0.489999,-0.408059,19.999958433675,-0.02040299240387066,2.2222109516458435
https://hashdive.com/Analyze_User?user_address=0xa9ca2b12624ad074129745ddaea811cc80782d49,0.469999,0,19.99995674681,0,-3.3896148613953514
https://hashdive.com/Analyze_User?user_address=0x87764c9adcfa8e497651a489e10e727df0492a17,0.449999,-19.999954,19.999955,-0.9999999499998874,0.5861891516284888
https://hashdive.com/Analyze_User?user_address=0x71c1ed9c3aee435e8530ba50365efe1f9e08e358,0.389999,-19.999948,19.999948,-1,-1.8360407599884945
https://hashdive.com/Analyze_User?user_address=0x6c4aeac89f4fe431e31a2a6532bea3ddefce74dd,0.259999,-19.229923,19.999923,-0.9614998517744293,9.361748838965445
https://hashdive.com/Analyze_User?user_address=0x51dd83ee49f723f7f692d1ff85c2bc6ecd802f92,0.239999,-19.999916,19.999916,-1,-4.20981123701531
https://hashdive.com/Analyze_User?user_address=0x645ec819510e01fc006518719a71bac76edfd120,0.03972,480.14,19.86,24.17623363544814,-2.0588400462434153
https://hashdive.com/Analyze_User?user_address=0x657a939f1e529044a2839dc839a36da40071f5eb,0.60003,-0.331391,19.827723,-0.016713517734739385,-1.6330958018852937
https://hashdive.com/Analyze_User?user_address=0xf11c2dab623f314b399d3a9b22647922f629cd34,0.60006,-0.001974,19.762088,-0.00009988823043395011,-0.1937187029505903
https://hashdive.com/Analyze_User?user_address=0x643c85b30ea06659a517e8c2bccb327af14843c9,0.610161,-0.005177,19.628494,-0.00026374922090304024,-1.0469618247434336
https://hashdive.com/Analyze_User?user_address=0x7fd2302f501fd89b4c6db1d321db25843c1d21d5,0.58997,0.00099,19.492606,0.00005078848872233913,-0.46031535570959714
https://hashdive.com/Analyze_User?user_address=0xa8ca57a5965d60f065965a1f61fd23276814277d,0.610179,12.36902,19.36098,0.6388633220012623,0.018822601464896706
https://hashdive.com/Analyze_User?user_address=0xe72f3f82988d632792a75edb4de9006b68fc49da,0.600055,-0.001768,19.315273,-0.00009153378261855268,-0.7858608265939248
https://hashdive.com/Analyze_User?user_address=0x7591b81b78430b1dbc42cf3c92c51bd6febb509d,0.52,0,19.250400000000003,0,11.214141843350397
https://hashdive.com/Analyze_User?user_address=0x4ca9b1c6498e8f762fc285e29351334155e3970a,0.57,0.6624,18.8784,0.03508771929824561,-0.17100553154594658
https://hashdive.com/Analyze_User?user_address=0x333666a29d317b13c62c17f8c0997c3e8fb67e23,0.599958,0.315117,18.83268,0.016732456559554985,-0.6268452824178677
https://hashdive.com/Analyze_User?user_address=0x6ebda39ac4f452dbd71c29c254f6e1009e132937,0.660063,0.847216,18.68632,0.04533883611112301,-0.2861981003926911
https://hashdive.com/Analyze_User?user_address=0x1b1b90d6567b23cae1faeb3fe0933fa49a3da708,0.650136,-0.003899,18.639399,-0.0002091805642445875,-7.772207562480084
https://hashdive.com/Analyze_User?user_address=0x2c796005274573ee8c999276c9cf245072f52793,0.660046,-0.001289,18.520816,-0.00006959736547245002,-0.25990838892609325
https://hashdive.com/Analyze_User?user_address=0x189ad20aee9d4b1259015bd7a9abdc51dc910fbf,0.63998,-2.102136,18.27772,-0.11501084380327524,1.7953143322782807
https://hashdive.com/Analyze_User?user_address=0x075511c472c0d681225f1769fb770a01d26e991c,0.6103,-0.005006,18.266122,-0.0002740592666576956,-1.2707824000623278
https://hashdive.com/Analyze_User?user_address=0xf112dc9333662650e76e9255a10346568c3c21eb,0.619999,11.160996,18.209969,0.6129058209819028,10.369072832075492
https://hashdive.com/Analyze_User?user_address=0xbdf71b65a67a26647910b9f2ea6f2bf4ce0ea5d6,0.629988,-2.014254,18.137353,-0.11105556582595047,-0.4688781541268092
https://hashdive.com/Analyze_User?user_address=0xe87ceba3efa7b034c238671239264de1502574e7,0.610104,-0.003071,18.028551,-0.0001703409220186359,-0.32022254232332836
https://hashdive.com/Analyze_User?user_address=0x396e029e3b15e69fb7a67bb3d9c3a289894ade17,0.6,-2.4,18,-0.13333333333333333,-3.965971371921067
https://hashdive.com/Analyze_User?user_address=0x6ab1f6af42f52a47bd0d299860b59e36f5de5b18,0.570117,-0.003677,17.935824,-0.0002050087021371307,-0.3829856748184519
https://hashdive.com/Analyze_User?user_address=0x1e67a83af1418cec588b9785fa09278324f9cd13,0.609915,0.317155,17.900855,0.017717310150827992,-2.0589150177828133
https://hashdive.com/Analyze_User?user_address=0xc886bbf27852b3372faaa832bd6558e23637dfaf,0.610202,-0.00588,17.76298,-0.0003310255373816781,-1.074137498373
https://hashdive.com/Analyze_User?user_address=0x9228bd42699c2e5c4abfd41e55a698b4caebe41a,0.59,12.3,17.7,0.6949152542372882,-0.19591708078536568
https://hashdive.com/Analyze_User?user_address=0x16c7d18981a11ad075084abba34147aae36e5afe,0.639839,0.003187,17.685144,0.0001802077495099842,0.00025041330471138026
https://hashdive.com/Analyze_User?user_address=0x7a95fe80194a91ee9ce815e46c5c0755581c0d1c,0.609982,0.000517,17.555279,0.000029449831016641777,0.027411640605917664
https://hashdive.com/Analyze_User?user_address=0xcdfb9151e8a12c0c95cde0b78feccf647e86bef6,0.599879,0.003509,17.402488,0.00020163783477397023,-0.483780413750282
https://hashdive.com/Analyze_User?user_address=0xb682f8a662bdd4140774872fcdddd02018a0b339,0.609954,0.001309,17.371488,0.00007535336063323994,-0.10409938554822336
https://hashdive.com/Analyze_User?user_address=0x28ea1d4a4ed5720d9ee5c2fb510ff82b9c2e2b39,0.61021,-0.282775,17.366433,-0.016282848642550835,-1.3299580949993235
https://hashdive.com/Analyze_User?user_address=0x99808bf8b3657b9786c706e6fc24b1aa51c42364,0.649968,-0.064627,17.315141,-0.0037323981364055887,0.008569071657719274
https://hashdive.com/Analyze_User?user_address=0xc65ef2d2ba5c6ebfc8f641bdc55f2cfb94b333c9,0.609853,-0.402796,17.295427,-0.023289161927022673,-1.1050774944699906
https://hashdive.com/Analyze_User?user_address=0x051619fbe321051c85ebff455d5fb3677b85dbc2,0.349999,-8.742551,16.999951,-0.5142691881876601,-9.303715175764117
https://hashdive.com/Analyze_User?user_address=0x2cf2b053a023ba0241f3ee093732aab14a10acc4,0.61876,10.431156,16.929972,0.6161354549198309,1.6952952276897193
https://hashdive.com/Analyze_User?user_address=0xf91db9f0eaadc58ae70ae34bfa1131cf4fe23358,0.609919,0.002237,16.852059,0.00013274342322205256,-0.3060836405448354
https://hashdive.com/Analyze_User?user_address=0x1bb8abd57aa8fff48b02bf7c3243e18ddea1c07a,0.609902,-0.273097,16.827194,-0.01622950326715197,0.5232955340387632
https://hashdive.com/Analyze_User?user_address=0xa223659c6931ab30a73c5a6ca797a2463118b449,0.61017,-0.004678,16.797944,-0.0002784864623908735,-0.7293128705867957
https://hashdive.com/Analyze_User?user_address=0xa86bac31880bd713b8e72e5e2c2693b72d38da86,0.629868,0.003504,16.729292,0.00020945297625267107,0.0119676694340595
https://hashdive.com/Analyze_User?user_address=0x8dd8557d45f772310392eb57f269e9ad8ea9ace0,0.589983,-0.213255,16.714214,-0.012758900897164534,-0.9949865161410109
https://hashdive.com/Analyze_User?user_address=0x3fec59dab7884ee97210e204537033b27ccb3ab4,0.6,0,16.692,0,-0.18093024389893897
https://hashdive.com/Analyze_User?user_address=0x3b72f5d193133b7c6dfc78c52e5f33c0df48d5e3,0.629952,-0.06898,16.681126,-0.004135212455082469,-0.8695746585296406
https://hashdive.com/Analyze_User?user_address=0x9f4de67b8d06da187a2cef9d2ef5971b062fe39b,0.6,11.066666,16.599999,0.6666666666666666,-2.4366046314110115
https://hashdive.com/Analyze_User?user_address=0x87b4246671ef42b4864334f62121492c5d68af9e,0.609954,-0.264278,16.200376,-0.016313078165593197,-1.647957548080258
https://hashdive.com/Analyze_User?user_address=0x84c4f164b0ce7d96ce82d77dbb1a1adf10e5e135,0.589854,0.004007,16.197389,0.000247385550844028,-0.8924649547773955
https://hashdive.com/Analyze_User?user_address=0x3078db4a9737866b4d6529f655025b3a20f80389,0.46,0.3109,16.1,0.01931055900621118,1.170077790698127
https://hashdive.com/Analyze_User?user_address=0x9ae3416a592d74a9acdec091bb1c6f57e8ee37e2,0.62003,9.83741,16.052555,0.6128251857726075,0.0001420962567002048
https://hashdive.com/Analyze_User?user_address=0x8b0a5f8d8bdb87c45804de5f2a18ceb8ce279066,0.689918,0.234305,16.04059,0.014607006350763905,-1.2156399274279353
https://hashdive.com/Analyze_User?user_address=0x7c44e095f247bda964640d6b97968dbcb23d2f92,0.600024,-0.00035,15.906631,-0.0000220034022289195,-0.452088318186495
https://hashdive.com/Analyze_User?user_address=0xb66e41422ac48fc7b6e6b413e699a22146c47666,0.609976,-0.253789,15.523887,-0.01634828957464068,-1.0575402791310227
https://hashdive.com/Analyze_User?user_address=0xad9de61ec4726832485906b8dc2c023651dc9b95,0.31,0,15.5,0,6.56758292510637
https://hashdive.com/Analyze_User?user_address=0x89e18468365ac71b0702c452b6e8127b666d09ad,0.610159,-0.003977,15.271858,-0.0002604136313996633,-0.8117079634334239
https://hashdive.com/Analyze_User?user_address=0x89c50dfea431c9fad2942f20bbaa45209438ff89,0.610074,-0.00185,15.254752,-0.00012127368573412404,0.023423533158881557
https://hashdive.com/Analyze_User?user_address=0xf0cd4c556dbd1cc5875e79ca36bf8d3c52856d22,0.714025,6.100058,15.230681,0.4005111787187979,-6.581919533568794
https://hashdive.com/Analyze_User?user_address=0x174ef02adaca56460527136af3164d4c9d412ad0,0.639977,0.000543,15.135454,0.00003587602988321328,-0.20528705440145747
https://hashdive.com/Analyze_User?user_address=0x3573b1be4441ccfdb8324bc0a4f8a3c0c2526ca1,0.48,0,15,0,7.574767783042527
https://hashdive.com/Analyze_User?user_address=0x5234ff00638e862897c8ae4c6dcd506309f69d07,0.6,10,15,0.6666666666666666,-5.114787999748906
https://hashdive.com/Analyze_User?user_address=0xc6688ada9b5829879fd1fe816db6522247ea117f,0.619999,9.193572,14.999975,0.6129058215097025,-2.9116951695553404
https://hashdive.com/Analyze_User?user_address=0x6c028263319de92459e0676481f9c074f26fb865,0.489999,0,14.999968457757,0,6.330890937456032
https://hashdive.com/Analyze_User?user_address=0x614e77bf58d7c240dc8b67de3fbf1e6147bae5a0,0.349999,-14.999956,14.999956,-1,4.569203918495996
https://hashdive.com/Analyze_User?user_address=0xf8c860fb134ec5514e29366bd117d2483ab97c4c,0.448925,0.351825,14.97247926125,0.02349811236075991,-0.9757570918242664
https://hashdive.com/Analyze_User?user_address=0x28a770c3ae89e90d3f42654def8829d2a5e8adfa,0.699864,0.002619,14.837111,0.00017651684347444726,-0.46793619486473637
https://hashdive.com/Analyze_User?user_address=0x6ff8b29252f55a241b933487c1c71d2961fb9ab5,0.599869,-0.059122,14.822758,-0.003988596454182144,-0.6808204086022309
https://hashdive.com/Analyze_User?user_address=0x54c2d6086f36a913fad83556bc12b8c6f0dd1785,0.660139,-0.00309,14.687987,-0.00021037600319226863,-0.9011454163594708
https://hashdive.com/Analyze_User?user_address=0x0c444df6652b0562ce8a13e266cba9c0c79fdc5f,0.600032,-0.000779,14.643116,-0.000053199059544430296,-3.124845312001235
https://hashdive.com/Analyze_User?user_address=0x753fbbe0a01deefe307a716ec552c9e512a0aee8,0.60997,0.000717,14.602678,0.000049100582783514095,-3.485514174103468
https://hashdive.com/Analyze_User?user_address=0x5370e52274f7ef57d4ac752ad6ecbc698d8969a9,0.649815,0.003534,14.568847,0.0002425723875060257,-0.07881096227804342
https://hashdive.com/Analyze_User?user_address=0x652ca1cd937f919c71fe7a0bbced33db97f3d888,0.609942,-0.236719,14.528816,-0.016293068891504992,-0.6799372683767957
https://hashdive.com/Analyze_User?user_address=0x59d8a7ade70cc8e894cc7682ca87fbe42346dc11,0.589953,-0.240862,14.28276,-0.016863827439514492,-0.6348106363659766
https://hashdive.com/Analyze_User?user_address=0x8a4f6206fae87a9cac859ee231ddb2d95bc6fc83,0.429999,-14.269966,14.269966,-1,-8.335034288133846
https://hashdive.com/Analyze_User?user_address=0x45c5cfcbc01f2ed0908dce20705cb8fd6254b957,0.600215,0.231316,14.1944,0.016296285859212084,-0.41305091986926346
https://hashdive.com/Analyze_User?user_address=0x3ff0bfb6123a1aac010aa3ac9920c2b3878e880f,0.609961,0.001636,14.187687,0.00011531125545693248,-0.3583751637464979
https://hashdive.com/Analyze_User?user_address=0xf3d72ad58d38b71a429616f1cc73f02ae2763ccf,0.660275,-0.005887,14.136488,-0.00041644006630218197,-0.4806646123407879
https://hashdive.com/Analyze_User?user_address=0xb7331b6b7c6983e01e20f3b3ea20447b30418529,0.609921,-0.229373,14.10747,-0.016258974855165385,-0.16100455374762193
https://hashdive.com/Analyze_User?user_address=0x2bbc8dc8457304d254a5b931b39aea4d7b80050f,0.629924,0.001697,14.078798,0.00012053585824585309,-0.2379119528406871
https://hashdive.com/Analyze_User?user_address=0x5d2a3263534e7ec3175cfe54b7a9c9da2041b13a,0.689905,0.001931,14.032664,0.0001376075134414962,-0.43599866211136873
https://hashdive.com/Analyze_User?user_address=0xc97a0dba39044e97f5742bc63420e0c221cedbe3,0.47,0,13.9308,0,-9.83082988983977
https://hashdive.com/Analyze_User?user_address=0x3f4f9145904c7b3261c3bbe05fcea64d9d91b4b3,0.369989,5.545319,13.80429,0.401709830784488,11.626214825980789
https://hashdive.com/Analyze_User?user_address=0xabc311c0db19a9a71c837f3155dbe7e0ccff2318,0.669995,0.234895,13.754991,0.017077074059881243,0.16930265461570368
https://hashdive.com/Analyze_User?user_address=0x7dcb8802910d531373ab5973f2569e857eebeb6d,0.610177,-0.00398,13.734723,-0.00028977650295531986,-0.6161320230126869
https://hashdive.com/Analyze_User?user_address=0xe5b2ea8ec1110f0e126c4297dc87dc2c124b3930,0.689941,-0.794027,13.72278,-0.05786196382948645,-0.3424636737853614
https://hashdive.com/Analyze_User?user_address=0xa6d76383646e9e388ea42dac90ebe65ad418e18e,0.610187,-0.00418,13.649863,-0.00030623017974612635,-0.33408985078009684
https://hashdive.com/Analyze_User?user_address=0x2fb402b5d277f93c9d0c6806dbb15c0fd1cf2794,0.34,-13.558783,13.558784,-0.9999999262470736,0.861272301729177
https://hashdive.com/Analyze_User?user_address=0x9173bac35f46c2b3905ba8a162af3eee0c70ba27,0.610031,-0.000687,13.542645,-0.000050728642742979675,-0.22989139025585337
https://hashdive.com/Analyze_User?user_address=0x5949c9a62bab81bfd02b963cbd9fcd91b9a489da,0.45,0,13.5,0,3.5758031567415087
https://hashdive.com/Analyze_User?user_address=0xa99921bb909749c808c5788db9eb375fceb73617,0.580064,-0.001477,13.399391,-0.00011022889025329585,0.005349535381046381
https://hashdive.com/Analyze_User?user_address=0x93bc1f104bc72c9141fc41c2acb2265f54a28ca3,0.2,-13.35,13.35,-1,-0.6045469830601423
https://hashdive.com/Analyze_User?user_address=0x5e8ba20dc0de21f0e85d66400debc7e520ec5a78,0.469999,0,13.329971108299,0,12.654183410014303
https://hashdive.com/Analyze_User?user_address=0xdfaacceff09ac2c037393eee387e81ea024679a7,0.35,5.140574,13.322345,0.3858610477359654,7.320931231105845
https://hashdive.com/Analyze_User?user_address=0x99397ee2c57aa0cf75793e000f42afcd5a41a91d,0.680346,-0.006691,13.157892,-0.00050851610577135,-0.09303857636927285
https://hashdive.com/Analyze_User?user_address=0xcdf800b7e2c36863772705815e73503067bc1fa4,0.609999,8.311496,12.999978,0.6393469281255707,-10.244200788766292
https://hashdive.com/Analyze_User?user_address=0xf9e2e79499d3986779ce17b110a96d77a380c6e0,0.639916,0.001696,12.932699,0.00013114045258456877,-0.7645423866022263
https://hashdive.com/Analyze_User?user_address=0x2f0be897a19426d39b361286ac77fb8f04b1751d,0.689885,-0.370059,12.845571,-0.028808295092526446,-0.6497199242825265
https://hashdive.com/Analyze_User?user_address=0x8b2005b5f211a01ad16d599848920a072ba2bcfa,0.570004,0.223369,12.74522,0.01752570767707423,-1.4672415687843352
https://hashdive.com/Analyze_User?user_address=0xb484cfa40be6ce317d4f7893eee112b950ebad1e,0.639926,0.001471,12.728126,0.00011557082323037972,0.02847632513526291
https://hashdive.com/Analyze_User?user_address=0xc31046421d75e5094c7f7036f94f8db7318aced7,0.669978,0.379817,12.716178,0.029868801773614687,-0.5856171502452775
https://hashdive.com/Analyze_User?user_address=0x8e831006ad3eb03bd95fbf8ec6c63672169727a4,0.660031,-0.000595,12.692166,-0.00004687931122237134,-0.49643097810250114
https://hashdive.com/Analyze_User?user_address=0xbed0aabdb4afc2eb0753865ffd2e8297385d824e,0.4865,-0.716,12.542480825,-0.057085995186283246,-1.0647001171229757
https://hashdive.com/Analyze_User?user_address=0x9aa12032b58d44db55224a9719e6a62ae3a689b9,0.610141,0.202208,12.513992,0.016158552762379902,-0.304194709347812
https://hashdive.com/Analyze_User?user_address=0xa787892aed4fad032668dbccfca235e36bb04562,0.600217,-0.004493,12.441941,-0.0003611172886931388,-0.370013852218558
https://hashdive.com/Analyze_User?user_address=0x4cc47646d5be279d8a113b9f7ff5e3f6200eb001,0.610135,-0.010759,12.413701,-0.0008667036526818231,-1.4184764529625404
https://hashdive.com/Analyze_User?user_address=0x912082a5bc66139e0623051c8d4f16311b47628b,0.700174,-0.00308,12.406434,-0.0002482582827587685,-1.0350417232841473
https://hashdive.com/Analyze_User?user_address=0x4a3bb32c2a90fde300a3593e8393151e4eab9b8a,0.580028,0.210109,12.232713,0.017175993583761835,-0.7811193013932083
https://hashdive.com/Analyze_User?user_address=0x779c9d8627564a7feda9625c92eadc029d91cc8a,0.47,0,12.219999999999999,0,9.734793992163437
https://hashdive.com/Analyze_User?user_address=0x99adfe7db86c2e493efc5509473ae71a39506e92,0.4,-12.21,12.21,-1,-13.612380470742897
https://hashdive.com/Analyze_User?user_address=0xc834c69fc6a6ec5acad8b04634cb184d3afde332,0.689971,0.175106,12.05379,0.014527049168767667,-0.9875621051786143
https://hashdive.com/Analyze_User?user_address=0x8f7a908742d03ec31c10c63085682707bb43d063,0.589901,-0.20198,12.039876,-0.016775920283564384,-1.5835083042257514
https://hashdive.com/Analyze_User?user_address=0x526ddfc4a5c40158b9679e8e97db67017dc373f1,0.6,8,12,0.6666666666666666,28.66843666229762
https://hashdive.com/Analyze_User?user_address=0xfe1445aba01bf1e13a2475830d03629054a9c524,0.6,8,12,0.6666666666666666,-0.07431644033531791
https://hashdive.com/Analyze_User?user_address=0x3240fecb30d2290bb1ac36e451d9302c1c524fe5,0.6,8,12,0.6666666666666666,-0.36869902328237386
https://hashdive.com/Analyze_User?user_address=0xc3fa490679baf4a32bccdeded0cee5fa20fb919e,0.599906,0.001871,11.950125,0.00015656739992259497,-1.726590052300363
https://hashdive.com/Analyze_User?user_address=0x75a869a1a55b0a39a8e0abd2704af1d6c5ecb60e,0.629982,0.00034,11.931857,0.000028495145391031758,-0.7667738495093251
https://hashdive.com/Analyze_User?user_address=0x90e9aa4086da3c5751c4eda0546317073427518f,0.610056,0.194405,11.926595,0.016300125895110883,-1.2118628478359805
https://hashdive.com/Analyze_User?user_address=0x0aa1eec92f8b0590cc6dcd623dc1a8dd16b529af,0.609826,-0.192,11.922096,-0.016104550743426323,0.03514558069918376
https://hashdive.com/Analyze_User?user_address=0x761bf62a9c351ba41b483f108463d31560ace8f7,0.28,11.466657,11.88949,0.964436405598558,9.986720997261214
https://hashdive.com/Analyze_User?user_address=0x8c446919c4381be791eb9e6a93318776017ffd3b,0.62993,-0.562887,11.861579,-0.04745464326461089,-0.6154337750317131
https://hashdive.com/Analyze_User?user_address=0xc599189695501d6b334094897202e0f3171a2cec,0.37,4.16,11.84,0.35135135135135137,3.280920219193657
https://hashdive.com/Analyze_User?user_address=0x3bdd2cf0faba1a1fe2d6786dbdc2146abc3554f0,0.599839,0.003174,11.834734,0.00026819360705530014,-1.1083008714608042
https://hashdive.com/Analyze_User?user_address=0x7dcb1d7c477e599332e3f6c720974282b602f0c8,0.469999,4.027225,11.829974,0.34042551572809876,1.1564826754598505
https://hashdive.com/Analyze_User?user_address=0xfc6550ca157ae47e64ae40eb04c9219046685ade,0.62311,0,11.799971777310002,0,-2.8928299195629963
https://hashdive.com/Analyze_User?user_address=0xcdb1095b258c88a8dc0ba9a832b08ef0f32b966c,0.599983,0.001431,11.771538,0.00012156440390372099,-0.22093561290338848
https://hashdive.com/Analyze_User?user_address=0xf9f207b77137caa79c6c4516abdef3133db45cba,0.00235,-11.75,11.75,-1,11.592439261399171
https://hashdive.com/Analyze_User?user_address=0x41789e1a17234b2a4534411b765f9530b7bf1496,0.459999,13.793503,11.749974,1.1739177465413966,-5.429611148724777
https://hashdive.com/Analyze_User?user_address=0x0da35500403f3382c84197465704d94a8c1f453d,0.570199,-0.004083,11.700483,-0.0003489599531916759,-0.6004389904852151
https://hashdive.com/Analyze_User?user_address=0x0867844bee8daf7bef4462b9ad118b9ebe57bc19,0.589999,8.130527,11.699979,0.6949180848957079,2.898509336300103
https://hashdive.com/Analyze_User?user_address=0x118791cad238ce8d31695def9798477fd4afcb53,0.389999,-11.69997,11.69997,-1,-2.8439504735976104
https://hashdive.com/Analyze_User?user_address=0x65c199a92458532d3b60c6dc710916847754d716,0.599983,0.000331,11.699667,0.000028291403507467352,-0.8259029825532112
https://hashdive.com/Analyze_User?user_address=0xda3d3040201c8002e6596adf00fc5bab714e2628,0.609937,0.001201,11.637596,0.00010320000797415549,-0.3887669364517788
https://hashdive.com/Analyze_User?user_address=0xa3a40f90e72a21d33179f9708e8a1a6055d5fe21,0.610152,-0.002896,11.635502,-0.0002488934297806833,-0.8122694128930684
https://hashdive.com/Analyze_User?user_address=0xeb8984bd4aad72274f170bfc71ef4fa21a4646f1,0.45,0,11.619,0,-1.6552574751026001
https://hashdive.com/Analyze_User?user_address=0xaa45a390c5a4c230a6bf38fe3d0b4a232a7a5689,0.58,-1.295,11.6,-0.11163793103448276,0.5205957737635761
https://hashdive.com/Analyze_User?user_address=0x581df1283626b050e88bee11180739f0116224c3,0.29,28.4,11.6,2.4482758620689653,0.06431371161656214
https://hashdive.com/Analyze_User?user_address=0x6f4c8ffaefb98ca3f75eed5050ebf02d167d9494,0.700249,-0.004087,11.511777,-0.0003550277250853626,-1.0707677323304967
https://hashdive.com/Analyze_User?user_address=0x30c711f0e8987b7491306c6e7ae30fb68a468801,0.599999,7.613351,11.41998,0.6666693812073226,-16.359164296780857
https://hashdive.com/Analyze_User?user_address=0xe6eeca66c5a5630a5ae9cba25bf2fcf6fac2743f,0.610154,-0.002877,11.415884,-0.0002520172769800394,-0.2669617378636324
https://hashdive.com/Analyze_User?user_address=0xce8fc92d5d4761cc24f4286e785395ec642bb07c,0.709993,4.65649,11.399985,0.40846457254110424,-0.3723686717542428
https://hashdive.com/Analyze_User?user_address=0x2dde24448ad1501fd932ed6cef6fc6969cc197b7,0.469999,0,11.139975517874,0,-10.601231502164763
https://hashdive.com/Analyze_User?user_address=0x63709cfddffec8102a69c4290baa8a973ba573be,0.599886,-0.182495,11.079892,-0.01647082841601705,-1.8100027227194915
https://hashdive.com/Analyze_User?user_address=0xb955612482ca63a542b2eb4ad664cce1e4b9269b,0.419999,-11.069972,11.069973,-0.9999999096655431,-8.657269641663943
https://hashdive.com/Analyze_User?user_address=0xfb1c3c1ab4fb2d0cbcbb9538c8d4d357dd95963e,0.59,7.649999,11.008536,0.694915200349983,1.2207737127763807
https://hashdive.com/Analyze_User?user_address=0x40ac589b783cfff033c0f7026b63d0a24c23ee4b,0.619999,6.741952,10.999981,0.6129057859281757,3.0589130944174183
https://hashdive.com/Analyze_User?user_address=0x44f7a79ec5a1659bc23fb90e2a611123f369266f,0.027499,354.492619,10.99938,32.22841823811888,-0.13979424973173007
https://hashdive.com/Analyze_User?user_address=0xa0ed0376696dcd20bedfc030cef2e7a850fcff87,0.609903,-0.178452,10.996548,-0.016228001732907452,-0.15922911872525486
https://hashdive.com/Analyze_User?user_address=0x85b19c3255730283b7ed83efeb5d735d3f391f15,0.363961,-10.91992,10.919921,-0.9999999084242458,1.2917793583595791
https://hashdive.com/Analyze_User?user_address=0x37c97140eb003b225759f6fa5dc19b63d872e1f5,0.609882,0.002099,10.855898,0.0001933511166003955,-0.7133801915077045
https://hashdive.com/Analyze_User?user_address=0xf4761a530c8d61cd1a8bd0ada99cf1393e3dd265,0.600022,0.180003,10.82498,0.016628483378260284,-0.9584662842151412
https://hashdive.com/Analyze_User?user_address=0x9f1977c7ad0cbffc0c88bfd0c40fe3bd17c172d9,0.36,-0.6,10.8,-0.05555555555555555,1.2726171058459768
https://hashdive.com/Analyze_User?user_address=0x49e7d31bc97830d01cc99feff82d84a5def27295,0.83,-0.13,10.79,-0.012048192771084338,-0.33696343272402446
https://hashdive.com/Analyze_User?user_address=0x21add79f91f0113c0de7ccc9b0e47b0744268a7b,0.599999,-0.177282,10.639981,-0.01666187185860576,-4.412971601106035
https://hashdive.com/Analyze_User?user_address=0xe59b9db1a289d3eb1061afeba78a4b8ae779488e,0.34,1.244,10.574411,0.11764248618670109,4.074552531385495
https://hashdive.com/Analyze_User?user_address=0x485847aa57086ebacbb18163f55f721d87ad859d,0.57027,-0.004988,10.544154,-0.00047305834114334827,-0.31094876006190453
https://hashdive.com/Analyze_User?user_address=0x792bd92ba83cb065692bb6e475027cfcb7d20775,0.42,-10.5,10.5,-1,0.14595053997053173
https://hashdive.com/Analyze_User?user_address=0x413b54e72e4d0641d7e003e7f2fe0679761cc139,0.609962,0.000652,10.485244,0.00006218262541148304,0.0542332153890305
https://hashdive.com/Analyze_User?user_address=0x588f0a4fffc0d41ac21acd21263298d7a4d1cc26,0.609978,0.000377,10.473319,0.00003599623003939821,-0.2698511458259985
https://hashdive.com/Analyze_User?user_address=0x887df22523d3afe75ed4c031fdbbdc26ecbf3dd2,0.610264,-0.004485,10.368385,-0.00043256495587306996,-0.2621570465775548
https://hashdive.com/Analyze_User?user_address=0x7c1a8f1f245e031d1d8ae729a28edde33f60bae6,0.409999,-10.329974,10.329974,-1,-2.1927400135031894
https://hashdive.com/Analyze_User?user_address=0xcb44469af087eaede4956928b06c18e1131d0931,0.86,-0.84,10.32,-0.0813953488372093,0.00566265201582758
https://hashdive.com/Analyze_User?user_address=0x3f4f9145904c7b3261c3bbe05fcea64d9d91b4b3,0.58,0.35194,10.208,0.03447688087774294,11.626214825980789
https://hashdive.com/Analyze_User?user_address=0xe0d3a3eb19e83acb18a22e6392dbcc1d7517b187,0.51,9.78,10.2,0.9588235294117647,-5.103404190733438
https://hashdive.com/Analyze_User?user_address=0xfe6cf3fe1ee0ca1396102bd847166002222d6f94,0.689934,-0.144142,10.017838,-0.014388533733526136,-0.4927871896596967
https://hashdive.com/Analyze_User?user_address=0xf65e15806c09a32a4c5e08695ebb16826d9b3850,0.2,-10,10,-1,-2.9339498421671726
https://hashdive.com/Analyze_User?user_address=0x977ac477cb8d2f3c9d357afed779ad7570acf2ca,0.01,-10,10,-1,4.360307826344021
https://hashdive.com/Analyze_User?user_address=0xef87956192307e23c679bd8e7ce2e94867a8e248,0.5,0,10,0,7.053488826681212
https://hashdive.com/Analyze_User?user_address=0x51e6d06aba0a94f1a43434d3e0be4a70fcd04e2a,0.75,3.333333,9.999999,0.3333333333333333,-11.64599004069618
https://hashdive.com/Analyze_User?user_address=0x9797002d41bb2276b29030fc406cb9451d994e3d,0.707453,4.135213,9.999997,0.4135214240564272,-41.086401690558475
https://hashdive.com/Analyze_User?user_address=0x4e922b33fe31cde840f33d71ec1f09b5ed1baea3,0.85,1.764705,9.999995,0.1764705882352941,-0.4266854449914009
https://hashdive.com/Analyze_User?user_address=0x5a790009fe3643c953bdecd8d3202e6cd72e42f8,0.739999,3.513526,9.999985,0.3513531270296905,-0.4536894290148782
https://hashdive.com/Analyze_User?user_address=0x841acf8fbd3b8fa32e59770874b51887b66b42ac,0.709928,4.085928,9.999984,0.408593453749526,-0.031764456626843116
https://hashdive.com/Analyze_User?user_address=0x058f997655db0603c692373a8f5c298007219edf,0.619999,6.129047,9.999983,0.6129057419397612,-11.985835297933608
https://hashdive.com/Analyze_User?user_address=0xde4bf21a870661f5f17817c98ebd178bf34364cf,0.609999,6.393458,9.999983,0.6393468868897076,-7.262915351109505
https://hashdive.com/Analyze_User?user_address=0x11b0aebc4c22f8bf9e880487d6fbe5f0a2c89044,0.609999,6.393458,9.999983,0.6393468868897076,-2.076579852135869
https://hashdive.com/Analyze_User?user_address=0x01721ed9c5bcc1384974d304e951fa9451456408,0.589999,0,9.999982140849001,0,0.3053471594039543
https://hashdive.com/Analyze_User?user_address=0xb21556c0641a5b958bf42b02581cd42fcb2cb819,0.369999,-9.999972,9.999973,-0.9999998999997299,-1.4862339336090078
https://hashdive.com/Analyze_User?user_address=0x8d2dfa5467067189df7af810feb880466edc569c,0.799498,-2.618725,9.999968,-0.26187333799468154,-64.13964553395707
https://hashdive.com/Analyze_User?user_address=0x5c479b8691a826ebf4cdd38b0f85345f4b7f174b,0.101514,-5.074128,9.999959,-0.5074148804010096,-2.1511484551693294
https://hashdive.com/Analyze_User?user_address=0x192a4ae36841515334a1765aa84175c78a359f3d,0.649876,-0.744648,9.709145,-0.07669552777304284,-0.3868751037964927
https://hashdive.com/Analyze_User?user_address=0x96cf3db4f3b96d84f41aff43eb6d0ba7e013d3fb,0.609978,0.000343,9.521704,0.00003602296395687159,0.07702669589325721
https://hashdive.com/Analyze_User?user_address=0x79ed391a5aff5ae6119337a654a6974a30fad8b1,0.119999,-3.636785,9.413521,-0.38633631347930286,-4.887293298405368
https://hashdive.com/Analyze_User?user_address=0x9f53b63c1b4fb2fe35c774d559867083bbb67ae1,0.609872,-0.059611,9.3797,-0.006355320532639637,-0.27796235806391917
https://hashdive.com/Analyze_User?user_address=0x93164adb2bb7a8035876921d45a3065b32277f2a,0.609964,0.001359,9.326347,0.00014571621664945556,-0.12104123537478152
https://hashdive.com/Analyze_User?user_address=0x7c695d6c18ef1c4be166a04ae8fc1bb3a3207074,0.62,5.7,9.3,0.6129032258064516,12.278138349387069
https://hashdive.com/Analyze_User?user_address=0x1823b08c7046ee6d23cda62a7f1eb5dcfd910c9a,0.6,-0.1535,9.21,-0.016666666666666666,-7.322075786224557
https://hashdive.com/Analyze_User?user_address=0xa3a547029cda95b7f498baa1fd10c33ceab3877d,0.23,10.799999,9.2,1.1739129347826087,3.6232264051328906
https://hashdive.com/Analyze_User?user_address=0xff1effb8cf40cf92c37135cc2272b12081751746,0.45,0,9,0,-0.18373519619335046
https://hashdive.com/Analyze_User?user_address=0x519d98cfe6eb112fdc8d5f8e5e2c900036c937a1,0.02,21,9,2.3333333333333335,99
https://hashdive.com/Analyze_User?user_address=0xe72751191c2a5d995be382a4167a45a6c3d5a39c,0.177672,28.992287,8.999924,3.2213924250915897,-1.512557135744278
https://hashdive.com/Analyze_User?user_address=0x103d4914218a89e445d7f02d3ebab549ae93b623,0.355423,-8.959951,8.959952,-0.9999998883922593,-0.5637863910007197
https://hashdive.com/Analyze_User?user_address=0x91332b17e845be1eecc834df420131da2bebb4a8,0.609864,0.001989,8.928407,0.00022277210257104092,-0.8191274559698478
https://hashdive.com/Analyze_User?user_address=0x2b21817639bdbdceed2924df72ec78e826482201,0.649908,0.001607,8.85824,0.00018141301206560219,-0.14716012627022704
https://hashdive.com/Analyze_User?user_address=0x95769f8809c2e51d99a38b9baef746dafe1bce79,0.619986,-0.139005,8.636403,-0.016095242429052928,-0.21935241556563245
https://hashdive.com/Analyze_User?user_address=0x2856edfe74f3858cf109f80c390d9f648a8ced0e,0.286666,-5.89998,8.59998,-0.6860457815018174,-6.718204505989014
https://hashdive.com/Analyze_User?user_address=0xb3de51d4ef8166c331e09f321f35b1e9239f1bf2,0.59995,-0.01919,8.585282,-0.002235220695138494,-1.7011124330812375
https://hashdive.com/Analyze_User?user_address=0x5482e3563af2e7ab2a3ecae3ebb6fe5b6d7cb6ee,0.018639,-0.689585,8.57394,-0.08042801792408158,86.50085708876605
https://hashdive.com/Analyze_User?user_address=0xaffe5bb892f15e585643f601952e3276cb78ad4b,0.619999,-0.276386,8.569985,-0.032250464849121675,-8.117932772436326
https://hashdive.com/Analyze_User?user_address=0x3b1a463b61674c400ed9c38126b1a2cca437e331,0.669929,-0.254094,8.548291,-0.029724537922258376,-1.1072287466030255
https://hashdive.com/Analyze_User?user_address=0x9e7cd0aadc0e3f55ba346039b9a96b5a2d17d46a,0.589953,-0.144019,8.542413,-0.01685928788505075,-0.3865428923128932
https://hashdive.com/Analyze_User?user_address=0x7155031f66148e7fa68bb0d243bbebfded5a153a,0.354734,-8.489966,8.489967,-0.9999998822139121,0.09981675418420322
https://hashdive.com/Analyze_User?user_address=0x96adebb440fbca6a729901ce19ef23b36136f6f9,0.363827,-8.479972,8.479972,-1,-0.3607071476667991
https://hashdive.com/Analyze_User?user_address=0x30cf3e5e273ed3c31941631c0706a75fe09a39a5,0.609985,0.000207,8.45439,0.000024484321163324615,-0.24409810496209092
https://hashdive.com/Analyze_User?user_address=0xc424abf5339e1d5a221f8ead5a15e20d3416b633,0.689799,0.001265,8.318771,0.00015206573182504965,-0.7489834436097053
https://hashdive.com/Analyze_User?user_address=0xe7ec2c0c785ef5b90f8fcb6e5aac9a66f1dc9fad,0.6,-0.1385,8.31,-0.016666666666666666,-4.386492069828562
https://hashdive.com/Analyze_User?user_address=0x3c2567fbdbfcacda761256a512a7059385caead5,0.679947,0.122646,8.302147,0.014772805155100242,-3.3895725355451174
https://hashdive.com/Analyze_User?user_address=0xbd71d955b3bf7b764f412ff8e5371f6789ad2531,0.62996,0.000517,8.15168,0.00006342250922509225,-0.4956779037482547
https://hashdive.com/Analyze_User?user_address=0x71b1e39cd44878c76074af783c8065210e41ac2c,0.405,0.9,8.1,0.11111111111111112,-0.16291490883676538
https://hashdive.com/Analyze_User?user_address=0xa56821d95ef78f57e62545ae9252e8e704938ab3,0.609974,-0.074162,8.06385,-0.009196847659616685,-1.0986556700732293
https://hashdive.com/Analyze_User?user_address=0x42991f5272cd44f0d32989b4a4c8addc5471c922,0.369999,-8.039976,8.039977,-0.9999998756215346,0.08550192303497908
https://hashdive.com/Analyze_User?user_address=0x3f7e69b9fb78bf98a5ae9676be360072b9b9e359,0.719999,0,7.9999880888899995,0,0.39897775697637755
https://hashdive.com/Analyze_User?user_address=0x5fb8aa002b23935fef511ac1959ae04ab72d3ec7,0.599965,0.000464,7.967533,0.000058236344926340436,0.006924426447960374
https://hashdive.com/Analyze_User?user_address=0x0875cd4bd852b14566ed28d24e99c595203a9577,0.55,6.48,7.92,0.8181818181818182,-0.6128125098957786
https://hashdive.com/Analyze_User?user_address=0x22c59fa0b94143d51c0aa06a2e092f4d5f5f2dad,0.609985,0.000193,7.856604,0.000024565321098021486,-0.7873392932490411
https://hashdive.com/Analyze_User?user_address=0x75f2c3d26e5c3e7703786919f1f2fdd75d3c2348,0.6,5.226666,7.839999,0.6666666666666666,-14.226668845547037
https://hashdive.com/Analyze_User?user_address=0xd56a4f9a0d42332b7fec0a35c92403ed7b873af2,0.589884,0.001527,7.774669,0.00019640707533658344,-0.2344169391286356
https://hashdive.com/Analyze_User?user_address=0x84302c503b3abf965ef90a184258bed51a7ca720,0.359896,-7.689956,7.689957,-0.9999998699602611,-0.49027036336919394
https://hashdive.com/Analyze_User?user_address=0xf9b0613b34bed8877978aae898bfed33b6fcdce8,0.659926,0.001249,7.681531,0.00016259779463234606,-20.488366693942268
https://hashdive.com/Analyze_User?user_address=0x3b917602cc586c1595625931c38889c357806f8e,0.419999,-7.499981,7.499981,-1,0.6371981801987643
https://hashdive.com/Analyze_User?user_address=0x83592c66207fc3f85b969e3c3861533c06d32308,0.61999,4.529533,7.389978,0.6129291589230712,-8.00666319813832
https://hashdive.com/Analyze_User?user_address=0x86a31d98d4cfcad57ed9b5f5c8853f70a53f9f40,0.42,0,7.2817857,0,-0.796855176742325
https://hashdive.com/Analyze_User?user_address=0xaabe19a4e4d3e3399b86b22645df5f17f35a5dea,0.469999,0,7.129983999789,0,8.310962714017833
https://hashdive.com/Analyze_User?user_address=0x3d4c48233763c8355dd16a8d3dc64d35f02614c3,0.349999,-7.079978,7.079979,-0.9999998587566432,-0.16429380068716723
https://hashdive.com/Analyze_User?user_address=0x3b0f29b17b2178de458109887a26d026bfdf85ca,0.650704,3.757577,6.999996,0.5367970210268691,0.02140710926154157
https://hashdive.com/Analyze_User?user_address=0xd22902aa669116e3d49ed9ebb2403c919bc18917,0.609999,4.47542,6.999987,0.6393469016442459,-4.510878518502813
https://hashdive.com/Analyze_User?user_address=0xf419556a9758214628edff29dce8f39a8aa13ce7,0.609999,4.47542,6.999987,0.6393469016442459,-0.38055490498311484
https://hashdive.com/Analyze_User?user_address=0x2720bce23635e441773fae557bc43b4a0aa23942,0.589884,-0.235028,6.978325,-0.0336797154044846,-1.043580424027117
https://hashdive.com/Analyze_User?user_address=0x8ce40167e837626bdfcfe4ba0a9df85dfce0725c,0.629905,0.001035,6.872261,0.00015060545575902893,-0.020929001467756295
https://hashdive.com/Analyze_User?user_address=0xc5820bbc30ca7d6c205d83998f633d36fd067d99,0.369999,-6.84998,6.849981,-0.9999998540141938,-0.3115433489955528
https://hashdive.com/Analyze_User?user_address=0xef4d8b41fc924ec9269574ed91b8b7adfbe7ed0e,0.609963,-0.111386,6.825482,-0.016319140538353188,-1.9749886066888733
https://hashdive.com/Analyze_User?user_address=0x54dc4ce3e50898f4003d06cfbb80e1a478f3776e,0.69985,0.001458,6.809537,0.00021411147336448868,-0.6515327830085613
https://hashdive.com/Analyze_User?user_address=0x94f86418f1a7f8789bbb1f2e948dca63dd2f281e,0.346575,-6.729961,6.729961,-1,-0.8198231645498438
https://hashdive.com/Analyze_User?user_address=0x9873e6c8cbd618b72d8debd932eba874ae43352d,0.69,-0.309302,6.6999,-0.04616516664427827,-0.257107958739222
https://hashdive.com/Analyze_User?user_address=0x16d9b21e0c30d3c947f220b446f8f7b60177afd5,0.599965,0.00012,6.64161,0.000018067908233094084,-1.0514737835550467
https://hashdive.com/Analyze_User?user_address=0x40ba0b30a6796d2bd354cb5cbb46ed5adceb2708,0.6,0,6.6,0,0.003096474731591383
https://hashdive.com/Analyze_User?user_address=0x33ad5373b47b4398cc64005ad521cf89554b1f28,0.65997,0.000296,6.5205,0.00004539529177210336,-0.48776592251895373
https://hashdive.com/Analyze_User?user_address=0x4bd954cd606ac59b70c8857229b76f2af6ef5844,0.359936,-6.519982,6.519983,-0.9999998466253669,-0.24917491135662329
https://hashdive.com/Analyze_User?user_address=0x423ad64d87080dfd068b9f4f5fd8d3396fc5c7de,0.599999,4.333343,6.499988,0.6666693846204024,-2.0478959821814033
https://hashdive.com/Analyze_User?user_address=0xd19f11a55aa0c58d3971708fd1cb378d0d7d80ba,0.599869,-0.164787,6.49058,-0.025388640152343857,-0.39067296549887043
https://hashdive.com/Analyze_User?user_address=0x586963ec8cd7f81a8018af2d3a492b9d3938930f,0.589884,-0.217729,6.465126,-0.03367745655691784,-0.09144144382007639
https://hashdive.com/Analyze_User?user_address=0xc3e3532b0819fbe80466ba11db892f953d3a8c0a,0.599995,0.000053,6.437943,0.000008232443188763864,-2.727953164030787
https://hashdive.com/Analyze_User?user_address=0xe5d3b4c0c5225813ee7b293ec656ca47edf20201,0.615186,3.997099,6.389995,0.6255245896123549,5.6248095292461695
https://hashdive.com/Analyze_User?user_address=0xc655e5c0fd764c731fbf91bba8f8a2baed10960d,0.369999,-6.389981,6.389982,-0.9999998435050365,-0.531523579148848
https://hashdive.com/Analyze_User?user_address=0xce5b459f032e203eaaad162d043ef8d700050482,0.609942,-0.103695,6.367793,-0.016284291904589236,-1.0389351176629287
https://hashdive.com/Analyze_User?user_address=0x5d2b5a0498486c3e72d7cd15efa40a93bc1b7ba7,0.609999,4.027878,6.299988,0.6393469320893945,2.3957302792094097
https://hashdive.com/Analyze_User?user_address=0x7d4ded2c710502a689235107820f7f73c4eed789,0.61,3.995901,6.249999,0.639344262295082,8.04900920605357
https://hashdive.com/Analyze_User?user_address=0x5da6d0051cca06e202c2388ed19eb2a3ae843f4b,0.373491,-6.219978,6.219979,-0.999999839227753,1.8738276900825224
https://hashdive.com/Analyze_User?user_address=0x58a1fe4351946310f3256e971b2be766cf7f4106,0.639916,0.000812,6.194373,0.00013108671369967552,-0.20753013529046346
https://hashdive.com/Analyze_User?user_address=0xd4dfae7465eafdfeb627ab5e6ddd49146a8e0003,0.669929,-0.183346,6.170043,-0.0297155141382321,-0.8749515983232735
https://hashdive.com/Analyze_User?user_address=0xc7e7a8ace17e0cc6d4058892ebc6c82ac5b221ef,0.609999,3.925582,6.139988,0.639346852143685,-3.714772955377792
https://hashdive.com/Analyze_User?user_address=0xe6406a95c8317e96b97f1e5e74cf60a1129bc7bc,0.609936,0.000641,6.123756,0.00010467432079266384,-0.983868411197233
https://hashdive.com/Analyze_User?user_address=0x49840124b7bd3d73b56493c4a33e6b8b848f4487,0.61,3.9,6.1,0.639344262295082,-4.248889335381814
https://hashdive.com/Analyze_User?user_address=0x6c6fe606009cb2d08a67b0a5fc1f6bfd8c8698cd,0.61,3.9,6.1,0.639344262295082,-8.244649415704409
https://hashdive.com/Analyze_User?user_address=0x2ce90abc378042296bca8e052477237fa5e5e414,0.61,3.9,6.1,0.639344262295082,-4.15039278469874
https://hashdive.com/Analyze_User?user_address=0x3717d4f768691a8c4153c384e27dade6a1287453,0.609999,3.893615,6.089989,0.6393468034178715,-5.767585354691642
https://hashdive.com/Analyze_User?user_address=0x3cbaba2b7d3d5f47823a25e9d8919ecbc30b09b3,0.60997,0.000298,6.075298,0.00004905109181475542,-0.656578077755954
https://hashdive.com/Analyze_User?user_address=0x520fca5e11698729c2fea1b5cef8c97e1b1f2094,0.639848,0.001033,6.072092,0.00017012258707542642,-2.6809129811105996
https://hashdive.com/Analyze_User?user_address=0x43a480ad9cd6aa21c51da9adbb0b0d81dcea19e8,0.59995,0.000503,6.047493,0.00008317496192223785,0.007604680227585601
https://hashdive.com/Analyze_User?user_address=0x2b50e82ab8d0b8ea0ffd151d394fcae294f46c55,0.6,4,6,0.6666666666666666,-1.8000105594564313
https://hashdive.com/Analyze_User?user_address=0xaa38923a7a0fe3ee2845f882be6ed5e296c1ffb3,0.03,-6,6,-1,-4.4942606584505915
https://hashdive.com/Analyze_User?user_address=0x37e9c1ce48bc3a444fec7904a3b7eba9d5d3ab9f,0.06,72,6,12,-0.0013596298786428763
https://hashdive.com/Analyze_User?user_address=0x2474bd39bcc923da610427e98e417ac00b854957,0.6,4,6,0.6666666666666666,0.7580972259878803
https://hashdive.com/Analyze_User?user_address=0x35518515042ff739b4c1de12ecaba374e75a1ec8,0.589999,4.169501,5.999989,0.6949181073498635,6.65633772460269
https://hashdive.com/Analyze_User?user_address=0x50a832e2f544cd4a6842fac5fcc5a4425684143f,0.829999,1.22892,5.999983,0.20482058032497757,0.10416235324260685
https://hashdive.com/Analyze_User?user_address=0xd8d0c74f34b21684a4804d64ca4eba56faa09562,0.629916,0.000798,5.990499,0.00013321093952273425,-0.618378691242879
https://hashdive.com/Analyze_User?user_address=0x483c57feebb2dd3a846dea4ef7ab70c7ca1c6734,0.3662,-5.94997,5.949971,-0.9999998319319541,-0.3290614028117185
https://hashdive.com/Analyze_User?user_address=0xf60dbcd2c81f03cd1e5b21059027f6bc31a29aad,0.609919,0.000777,5.861205,0.0001325665968004873,-0.37831550392096297
https://hashdive.com/Analyze_User?user_address=0xc8835b2223ebcc1375410feecac7cf9edf913f29,0.6,-0.141102,5.85,-0.024120000000000003,3.907852808270115
https://hashdive.com/Analyze_User?user_address=0x07a8a1c652cf8cc7a0378c891bd9666d74d6189d,0.609936,0.00061,5.824886,0.00010472307955898191,-1.0305060992721968
https://hashdive.com/Analyze_User?user_address=0xe0265f8dea549638630807869dc8ba5700940404,0.45,0,5.7555,0,8.36576253286471
https://hashdive.com/Analyze_User?user_address=0xf97029eb141e01dd0a0a8bf44b46cb3863501085,0.575,4.25,5.75,0.7391304347826086,0.762551000965141
https://hashdive.com/Analyze_User?user_address=0xd47ffff5614ad198ef52011de6180eccc77e0f54,0.349999,-5.729983,5.729983,-1,-0.3427941121110122
https://hashdive.com/Analyze_User?user_address=0x51f4ecfd0b3f5fc7ce937c5d5f89f411cd7e52a0,0.362233,-5.679973,5.679973,-1,1.1188127049269396
https://hashdive.com/Analyze_User?user_address=0xee4ee18eb3330b9dcccda284dc7cf7f9a4a9fdc2,0.6,-0.0941,5.649999,-0.016654870204401807,5.3388290714940725
https://hashdive.com/Analyze_User?user_address=0x91de222909258ed5f16620b689b883c4e6e90b43,0.7,0.08,5.6,0.014285714285714287,0.0031202481469776652
https://hashdive.com/Analyze_User?user_address=0xffb9bf9b392aabc75fa22b9e419fbb64b628fe81,0.619986,-0.089374,5.555072,-0.016088720362220327,-0.3625052853185196
https://hashdive.com/Analyze_User?user_address=0xa41b573fa50954dcdc490f7c02a64f0e1e42cbe1,0.372063,-5.549982,5.549983,-0.9999998198192679,-0.5340153368390197
https://hashdive.com/Analyze_User?user_address=0xdbb4ffff593ba2e9e5f2abf2489d93d4a7babe0d,0.639957,0.000371,5.535624,0.00006702044792059576,0.5489511138309934
https://hashdive.com/Analyze_User?user_address=0x8d39e4955043cf630d7d3d02d2f8cb228bf6b61b,0.599869,-0.133001,5.53079,-0.024047378403446888,-0.7636301867664336
https://hashdive.com/Analyze_User?user_address=0x95dab294434d9074deb805225687025f8d7e9c30,0.614631,3.467263,5.529993,0.6269922945652915,-0.48801799917337707
https://hashdive.com/Analyze_User?user_address=0xd8905d335d7a689f49772faa93511cbf5e4f14f3,0.609975,0.000225,5.501972,0.00004089442839767269,-0.6899198450125283
https://hashdive.com/Analyze_User?user_address=0xe63c260cbab8f017e993961c7245ebde8594dcf0,0.373803,-5.429979,5.42998,-0.9999998158372592,-0.056722914653465475
https://hashdive.com/Analyze_User?user_address=0x3bbeeb5bcd7e01fe7e8dbfd550185fa6398bc492,0.6,-0.27,5.4,-0.05,-10.181188311057433
https://hashdive.com/Analyze_User?user_address=0xd62199c940c7f32a65d907231aedde279a587149,0.349999,-5.299984,5.299984,-1,0.011529537285107553
https://hashdive.com/Analyze_User?user_address=0x5aaeef3d3633acfa7ec1b39411a8973d44387afb,0.6,-0.0881,5.289999,-0.016654067420428624,-24.248548298547902
https://hashdive.com/Analyze_User?user_address=0x6102f2a097ddf293c76596138df1508377eab7f9,0.589901,-0.088118,5.255901,-0.016765536489366906,-1.666554167055678
https://hashdive.com/Analyze_User?user_address=0xa42fa90bf7e988f422f0254bd51209d4070fe76c,0.609999,3.260663,5.09999,0.6393469398959606,-7.6191977456473445
https://hashdive.com/Analyze_User?user_address=0xe041d7cea1764da2caab13d3d5129b5d7f94b249,0.374883,-5.089981,5.089982,-0.999999803535651,0.5267665438803082
https://hashdive.com/Analyze_User?user_address=0xde9739313f87417dee746c4c0cbeb2a1ccbeddec,0.609999,3.241483,5.069991,0.6393468943041517,-12.528964929835517
https://hashdive.com/Analyze_User?user_address=0xbfde0e11f0912f0ca49f41684fc5b5dd50b7c5ee,0.609999,3.209515,5.019991,0.6393467637690984,-10.214267209334015
https://hashdive.com/Analyze_User?user_address=0xd4a4060fee08cf5ee5ff14b6307f7cf829712603,0.64,-0.3124,5,-0.06248,-1.5368039649115797
https://hashdive.com/Analyze_User?user_address=0xdbb8c952f2cae82329752943c523bceba3f3e7c2,0.02,245,5,49,0.21361059745044692
https://hashdive.com/Analyze_User?user_address=0x7eba00dd2ee90397dac8638f9fd2a29c53ed73f2,0.64,0,5,0,0.2905871032008111
https://hashdive.com/Analyze_User?user_address=0x06d54e04903b161ec76c9db62307eae777a1e90f,0.5,0,5,0,7.198366704432216
https://hashdive.com/Analyze_User?user_address=0xf2c52bba853002e84e013355cf159e4465c2217c,0.8,1.25,5,0.25,-1.4558216586324133
https://hashdive.com/Analyze_User?user_address=0xe2bef49680abfc782b9283585809342d4394489c,0.618404,3.085326,4.999995,0.617065817065817,5.389120781193846
https://hashdive.com/Analyze_User?user_address=0xfca2b969b28924371f662690a997d0c4214c6b1d,0.609975,3.197053,4.999994,0.6394113672936407,-2.5789993609128707
https://hashdive.com/Analyze_User?user_address=0x44f4de051224d75c79eec8129baf1682c9db3e0e,0.979999,0.102045,4.999993,0.02040902857264,-0.5735505879031316
https://hashdive.com/Analyze_User?user_address=0x379963f7dd8d4934c5b877399634056cf975b40a,0.729999,0,4.999992370686,0,0.2670025806549347
https://hashdive.com/Analyze_User?user_address=0x7f388352808216e3f15239ab9821c366a4516e9a,0.719999,0,4.999991295557999,0,0.6332757853075937
https://hashdive.com/Analyze_User?user_address=0x45107c2f8488a7d64a209ca304c93a344f6ce1e4,0.709999,2.042259,4.999991,0.40845253521456343,-0.0125806695225799
https://hashdive.com/Analyze_User?user_address=0x9261f57d1f6e06c9d0d97f941e9e1f49222d638f,0.609999,3.196728,4.999991,0.6393467508241515,-12.932467876580029
https://hashdive.com/Analyze_User?user_address=0xf39c612ee0de55a9603e1a462d832eea252b9be0,0.609999,3.196728,4.999991,0.6393467508241515,3.5797124928189468
https://hashdive.com/Analyze_User?user_address=0x41583f2efc720b8e2682750fffb67f2806fece9f,0.589884,3.476236,4.999991,0.6952484514472127,17.219350584677656
https://hashdive.com/Analyze_User?user_address=0x6d528dc46a0460b6d555606b2635365c9de0b63b,0.609999,3.196728,4.999991,0.6393467508241515,-14.280675401814833
https://hashdive.com/Analyze_User?user_address=0x531b910fb9666d7c8830b16ef52dbc2e62ca2c77,0.609999,3.196728,4.999991,0.6393467508241515,-0.5784311389501542
https://hashdive.com/Analyze_User?user_address=0x1a5b9c7f604a363145864d1d2942342afb51dfc8,0.619999,3.064523,4.999991,0.6129057032302658,11.101411984551177
https://hashdive.com/Analyze_User?user_address=0x49d716946beffae96420f8b5455a5c707426a87d,0.609999,3.196728,4.999991,0.6393467508241515,-10.54143193077103
https://hashdive.com/Analyze_User?user_address=0x12c879cf99ec301cd144839e798dc87e9c2e4a62,0.599999,3.333341,4.999991,0.66666940000492,-5.93142750947858
https://hashdive.com/Analyze_User?user_address=0x160d3d1274cb40d310fcc33d67f2986ea48c77c0,0.599999,3.333341,4.999991,0.66666940000492,6.093593421648123
https://hashdive.com/Analyze_User?user_address=0x0abe026bf217c98bc0729933eb5a87fe96b1aac6,0.589999,3.474584,4.999991,0.6949180508524916,2.8018385793389715
https://hashdive.com/Analyze_User?user_address=0x966b1f427dfefd5c54961a0d92af05e21c2a9d9e,0.599999,3.333341,4.999991,0.66666940000492,4.62304240908061
https://hashdive.com/Analyze_User?user_address=0xb701c372d94c40bba12dbe41cfb3db9ee39d7cf6,0.599999,3.333341,4.999991,0.66666940000492,-3.467176751693101
https://hashdive.com/Analyze_User?user_address=0x5168e495804887feb2c18b7c61045d7f49a23670,0.599999,3.333341,4.999991,0.66666940000492,2.1912591360886537
https://hashdive.com/Analyze_User?user_address=0x4259d94329bfcc0e09d7af04a8d7282b1705aad0,0.589999,3.474584,4.999991,0.6949180508524916,9.823749354731746
https://hashdive.com/Analyze_User?user_address=0xd9a855e25c1d8e8bf00f436eeba5f06ea9f06b00,0.609999,3.196728,4.999991,0.6393467508241515,-0.4773514765974396
https://hashdive.com/Analyze_User?user_address=0x0266f64b6de2b2484d305c3d4cbcbeb32d5c7505,0.609999,3.196728,4.999991,0.6393467508241515,0.40832504657547775
https://hashdive.com/Analyze_User?user_address=0x2a4c146c88770ba5be15fd06630989590c9c7dc7,0.619999,3.064523,4.999991,0.6129057032302658,8.260553617455953
https://hashdive.com/Analyze_User?user_address=0x4b851dac1f0cbf9629e34cc11e496d2f1743518c,0.649999,2.692314,4.999991,0.5384637692347847,-2.6525344853483617
https://hashdive.com/Analyze_User?user_address=0xaf839b903448617b2d8f916573dc00b334a1caf7,0.609999,3.196728,4.999991,0.6393467508241515,-0.46425964086928007
https://hashdive.com/Analyze_User?user_address=0xd4208faacb9a0db6a924106eb1e64e3fb58edf90,0.609999,3.196728,4.999991,0.6393467508241515,2.078146781311578
https://hashdive.com/Analyze_User?user_address=0xa40efe84ba90fd1642e4aca5d9dc58802e6853dd,0.609999,0.573308,4.999991,0.11466180639125152,-2.578731722958235
https://hashdive.com/Analyze_User?user_address=0xee741e8eb0207e62689750f998eb488f7516ea31,0.609999,3.196728,4.999991,0.6393467508241515,-19.284657811702
https://hashdive.com/Analyze_User?user_address=0xc47d6fb38fe52398ab885750fc991a812741feee,0.599999,3.333341,4.999991,0.66666940000492,-0.8224845462283645
https://hashdive.com/Analyze_User?user_address=0x418ff12d3dd65336fe0b8c8f64994c7ae4addf7c,0.599999,3.333341,4.999991,0.66666940000492,1.6875072284929677
https://hashdive.com/Analyze_User?user_address=0x006732b2108185a003c84f5dfd02ed0068dcc9c7,0.609999,3.196728,4.999991,0.6393467508241515,-11.27188447484518
https://hashdive.com/Analyze_User?user_address=0x3fcd8015d9e0ce0608fc28b44751473f2baadf2a,0.649999,2.692314,4.999991,0.5384637692347847,-0.6218249414045017
https://hashdive.com/Analyze_User?user_address=0xee1109e1b4fef0ad8840d5da5d8b0baf9e79f8c8,0.609999,3.196728,4.999991,0.6393467508241515,-9.17974927969183
https://hashdive.com/Analyze_User?user_address=0xc28811f5ba74d81cc972c11ff79071761804b345,0.609999,3.196728,4.999991,0.6393467508241515,-10.207804399817388
https://hashdive.com/Analyze_User?user_address=0x2bfa9775e3996fbbba1b763a5cac450d4bf3cd7f,0.739999,0,4.999990463246999,0,-3.8777292578741807
https://hashdive.com/Analyze_User?user_address=0xd3dc5ab222257c9d714a3ba9a6d3449649b3e441,0.579999,0,4.999990419312,0,4.344880516991353
https://hashdive.com/Analyze_User?user_address=0xe6e4593fbcee868179bf26ba409dc5ed36b6c6b6,0.789999,1.329119,4.99999,0.26582433164866326,-1.8177881051640403
https://hashdive.com/Analyze_User?user_address=0x3500d8a334fb6852a44718c3f1732703e57accb8,0.489999,0,4.99998899592,0,-0.1509233728411491
https://hashdive.com/Analyze_User?user_address=0x68253a01c2fa2c3b8006366198cdc4660c779edc,0.479999,0,4.9999887833350005,0,1.0092975595150997
https://hashdive.com/Analyze_User?user_address=0x0dc4a0e5fca0dcf68f6efd36fcfe7cf74cd6bb0a,0.479999,0,4.9999887833350005,0,-0.7762497141820648
https://hashdive.com/Analyze_User?user_address=0x34818ce646acb00a352c9cefe33cb62ba5a96b3c,0.459999,0,4.999988570436,0,10.34894028438165
https://hashdive.com/Analyze_User?user_address=0xc614dc2c38eba2b0870b806b4371184ca875b14b,0.369999,-4.999985,4.999986,-0.99999979999944,-1.3222094155492408
https://hashdive.com/Analyze_User?user_address=0x05e561ccce96f16726b1153d91aacfa551ae1dd0,0.379999,-4.999986,4.999986,-1,6.737124834441466
https://hashdive.com/Analyze_User?user_address=0x578dad5e7e1b25687581b779ea5565662d3b3565,0.369999,-4.999985,4.999986,-0.99999979999944,-0.023563620526312168
https://hashdive.com/Analyze_User?user_address=0xaab66edcd70fa11864483b496fe6a79d55ac923f,0.379999,-4.999986,4.999986,-1,-0.2123081967877864
https://hashdive.com/Analyze_User?user_address=0xec6c974130c918edf44b46f001c1228cf59064fe,0.379999,-4.999986,4.999986,-1,27.398643150217346
https://hashdive.com/Analyze_User?user_address=0x097cf62888e66f6d0d885efc1e943b3fd27b2542,0.379999,-4.999986,4.999986,-1,-5.845201372918568
https://hashdive.com/Analyze_User?user_address=0xa62c95b6bc7c36512514c196d9f85e6985ab11ac,0.349999,-4.999985,4.999985,-1,6.058965916596678
https://hashdive.com/Analyze_User?user_address=0xcade24dde69858b440b5c3aab6bbb853eba2ffe0,0.063843,-4.99997,4.999971,-0.9999997999988399,0.7004067976424017
https://hashdive.com/Analyze_User?user_address=0x78559d64d5c09de6be656d49214895ec3eb9ea21,0.83,-0.12,4.98,-0.024096385542168672,0.001956123935662043
https://hashdive.com/Analyze_User?user_address=0x31b20ceb7fe9e779439357abdcb745e6e7d7f885,0.365085,-4.90998,4.90998,-1,0.1755698109630567
https://hashdive.com/Analyze_User?user_address=0xd90c9c2ecdd9ac8b1025cb4ecef9feef81b82c83,0.699889,-0.068036,4.822232,-0.014108819318523041,0.007126058975597039
https://hashdive.com/Analyze_User?user_address=0x5458db61c95bc865bb409a37f12d708124809cca,0.699889,-0.067739,4.801236,-0.014108658687054748,-2.552801862612335
https://hashdive.com/Analyze_User?user_address=0x722700c836b0d04b4b7968f220fb172eece95285,0.48,0,4.79815248,0,11.49293489488583
https://hashdive.com/Analyze_User?user_address=0xfaf6ad544b1354781d682ea747af6794378f4aec,0.365737,-4.769979,4.76998,-0.9999997903555151,1.633523395038767
https://hashdive.com/Analyze_User?user_address=0xc7f460d9e92457c2f5fe0bbf91f2d598c81c2c3d,0.64997,0.000219,4.751277,0.00004609287145329561,0.01767413952652248
https://hashdive.com/Analyze_User?user_address=0x0349b977e7ef73eb0d8fb58563c20449ea43ac4b,0.59,3.28,4.72,0.6949152542372882,6.94474922509274
https://hashdive.com/Analyze_User?user_address=0x9de016cc742f0e4dc0cde7884c130555522cd8b7,0.47,0.9,4.7,0.19148936170212766,0.49527473848459946
https://hashdive.com/Analyze_User?user_address=0x4dfaaef1743cd72f459c23c7ce3a8270476cefb9,0.599999,-0.078292,4.699991,-0.016657904238540033,-13.680734237915768
https://hashdive.com/Analyze_User?user_address=0xe7b56e3b8c791ea3664a3b3cf3140a668fdb5083,0.58997,0.000236,4.660718,0.00005063597497209657,-1.0604456573534673
https://hashdive.com/Analyze_User?user_address=0x3940883c92236b1710ec47d28cc84585cacb1ff8,0.679947,0.068561,4.643913,0.014763627139440379,-0.8755862864753988
https://hashdive.com/Analyze_User?user_address=0x5ce73dce53f26990b26ddda06e7e9ae2edd8a1d1,0.609903,-0.075262,4.641359,-0.016215509293721946,0.08992453298282499
https://hashdive.com/Analyze_User?user_address=0xad703ba9fa7af1447bfcfe22522d052df64f4ccf,0.58,3.352,4.64,0.7224137931034483,-0.5518632244491833
https://hashdive.com/Analyze_User?user_address=0x2e7782dc0155c4766f4cbeb60f4c086707336c17,0.639926,0.000534,4.626662,0.00011541798385099236,-1.1897702974258382
https://hashdive.com/Analyze_User?user_address=0x51e2b8a9e5e8fde4698c2345b8b649d9dff150aa,0.349999,-4.599986,4.599986,-1,0.07216264602753178
https://hashdive.com/Analyze_User?user_address=0xd40ed78376d4281e76fd124f28d82695bf3cf3a9,0.360246,-4.579991,4.579992,-0.9999997816590073,0.3661087805617342
https://hashdive.com/Analyze_User?user_address=0xef89ea9b4ba0a7ad6ea14e203e7b2c105ba3de11,0.369999,-4.579986,4.579987,-0.9999997816587689,0.8616724361740956
https://hashdive.com/Analyze_User?user_address=0x85a3c827475ddccd4ac12a0f6652fe92e559b179,0.64997,0.00021,4.562786,0.00004602451221687802,-0.21171036236782223
https://hashdive.com/Analyze_User?user_address=0x245c603579c9cdafecc48fbc6235238322d12b57,0.599983,0.000127,4.517869,0.000028110598160327358,-1.7019010049029701
https://hashdive.com/Analyze_User?user_address=0xb18d706b291b22d39f7a917b5717eaf98e8d211d,0.360364,-4.509975,4.509975,-1,0.5646444639700583
https://hashdive.com/Analyze_User?user_address=0x73a293addda20e656e6bcba70052308aa8b73b68,0.45,0,4.5,0,3.140054344398529
https://hashdive.com/Analyze_User?user_address=0xbb50c64242edcd6f027cd72dcef6edad26fe0837,0.369999,-4.489987,4.489987,-1,0.1126680944994899
https://hashdive.com/Analyze_User?user_address=0x3909dd929927aebca0c586dcac108b296887b536,0.379999,-4.479987,4.479988,-0.9999997767851165,-0.27716584066008204
https://hashdive.com/Analyze_User?user_address=0xdc5c38e36614ad17dbe60d981b0019b7c0e46300,0.379999,-4.479987,4.479988,-0.9999997767851165,0.465310145583993
https://hashdive.com/Analyze_User?user_address=0x23ff1f28c570aea59f8e9267d22099dee45dba09,0.369999,-4.449987,4.449988,-0.9999997752802928,0.5460956585923484
https://hashdive.com/Analyze_User?user_address=0xac670fa0f91c8651323e5ec1d8c8bd9950c3f2df,0.639977,0.000159,4.441437,0.00003579922444019807,-0.7349909759979488
https://hashdive.com/Analyze_User?user_address=0x94c14a590211d9151f19f507297ea4865fb62fef,0.374267,-4.439987,4.439988,-0.9999997747741662,1.0942589587594083
https://hashdive.com/Analyze_User?user_address=0xa6d5f3de309d51fd094e7fdf7d51389a5d06e0d2,0.379999,-4.419987,4.419988,-0.9999997737550418,-0.1158759777440707
https://hashdive.com/Analyze_User?user_address=0xf6cdef23bd65cb893a0139f28f2a1eecc2d63bb3,0.6,-0.2205,4.41,-0.049999999999999996,-0.6355427914934052
https://hashdive.com/Analyze_User?user_address=0x16bc2bdf49138ad0fd0ea57aa0551fe20d320928,0.589991,-0.148932,4.401331,-0.033837945839565356,-0.4679715871027998
https://hashdive.com/Analyze_User?user_address=0x9e251ae2e38fa7853c1d150c22443d1689936750,0.370859,-4.389994,4.389994,-1,-0.043824569616917
https://hashdive.com/Analyze_User?user_address=0x3396703ea0523e0a3818b87b916366f46e3c759f,0.35,-4.375,4.375,-1,0.4995697206515839
https://hashdive.com/Analyze_User?user_address=0x335f275aeaffbc94561f5ffc7991e6e8effdbb19,0.369999,-4.359987,4.359988,-0.9999997706415705,0.21825836441300583
https://hashdive.com/Analyze_User?user_address=0xbba75c0c9a24a69b66e67ee26b3d67826e197687,0.379999,-4.349988,4.349988,-1,0.13654740332024437
https://hashdive.com/Analyze_User?user_address=0x3c87bbd3c583449dc643fbfe8e3170910e9970d5,0.405319,-4.329992,4.329992,-1,-3.3111465805949702
https://hashdive.com/Analyze_User?user_address=0xae0f0dfcadf68e52edba31c22ab5f107e95a5276,0.379999,-4.329987,4.329988,-0.9999997690524777,0.675382635001719
https://hashdive.com/Analyze_User?user_address=0x93880eb2bf062d403fd0ec2c55caa5743c3ecd1e,0.369999,-4.259987,4.259988,-0.9999997652575546,-0.6568525705653165
https://hashdive.com/Analyze_User?user_address=0x2c50c6526d7803d36ecee19960282e610a847fbf,0.349999,-4.249987,4.249987,-1,-0.7017312415025827
https://hashdive.com/Analyze_User?user_address=0xed5ec1fbaf1c4d2732b3d84ef77c1ad9f63f448d,0.369999,-4.209988,4.209988,-1,-1.009253191819378
https://hashdive.com/Analyze_User?user_address=0x6df777f9cf6c4c7a8411d30bee0eafd77f65451e,0.359999,-4.169987,4.169988,-0.9999997601911564,0.1663572316319094
https://hashdive.com/Analyze_User?user_address=0xb0d49000d106a2631a59ff1910af338f0b4510f7,0.689941,-0.238447,4.125844,-0.05779350843124462,-0.9237527540618812
https://hashdive.com/Analyze_User?user_address=0x207e6a3060af2f29d856d64dd9a2c55931fc3486,0.369999,-4.099988,4.099989,-0.9999997560969066,-0.1062830542936457
https://hashdive.com/Analyze_User?user_address=0x34f851293551d52c62351ea0d316e8002bf9ccf9,0.379999,-4.099988,4.099989,-0.9999997560969066,-0.20924164270883078
https://hashdive.com/Analyze_User?user_address=0xe53cab143eea0bc77f2c8a4be06312f9ec4a13cb,0.359999,-4.059988,4.059988,-1,-0.3874736028551722
https://hashdive.com/Analyze_User?user_address=0x63e5caa85e317967a878f913b3df578c356e5b3d,0.629988,-0.447923,4.03822,-0.11092090079292362,-0.43698758813156485
https://hashdive.com/Analyze_User?user_address=0xbaed66cca4ce270e615b6e89a40f4ac08c5d7ce6,0.349999,-4.029987,4.029988,-0.9999997518603033,-0.08683212843670726
https://hashdive.com/Analyze_User?user_address=0x7c714359d0df839452f0924672c8819802f7a71b,0.369999,-4.029988,4.029988,-1,0.03454849441521656
https://hashdive.com/Analyze_User?user_address=0xaa807bb90722d5536031a60ae7cc1c9d32f0073e,0.379999,-4.009988,4.009989,-0.9999997506227573,0.9232672507953087
https://hashdive.com/Analyze_User?user_address=0xe59a5e163c6f5396dacddfb89a54102ab1244bec,0.369999,-4.009988,4.009988,-1,0.13107642125474428
https://hashdive.com/Analyze_User?user_address=0xbf9ba87aafac58ec0a3a86291a800849fb22ec93,0.6,2.666666,3.999999,0.6666666666666667,6.735494177311888
https://hashdive.com/Analyze_User?user_address=0x20bc9eefb04db380fd236291ae1768a3bc3d7d76,0.6,2.666666,3.999999,0.6666666666666667,-0.697297557799404
https://hashdive.com/Analyze_User?user_address=0x839ca0c1831cfea834439d7205ce7d375d204c02,0.6,2.666666,3.999999,0.6666666666666667,8.412377363803147
https://hashdive.com/Analyze_User?user_address=0xd8f5f446a5aaedca955a4d479941206a715737df,0.6,2.666666,3.999999,0.6666666666666667,4.023436024961549
https://hashdive.com/Analyze_User?user_address=0xc20e92c2f2787d0aa82d55de372fa751f461e18f,0.609999,2.557383,3.999993,0.6393468688570205,0.06643241218018675
https://hashdive.com/Analyze_User?user_address=0xc2e6155f2ae196acfcf73a01687946e7fecf5a80,0.589999,2.779667,3.999993,0.6949179661064406,4.164323272770471
https://hashdive.com/Analyze_User?user_address=0xa0d83d98413a9fcf189283b98ea4240c8df211f9,0.589999,2.779667,3.999993,0.6949179661064406,6.6016763557939715
https://hashdive.com/Analyze_User?user_address=0x50d85250018cd4fc779d2499575beda24dd969a2,0.589999,2.779667,3.999993,0.6949179661064406,3.4597197467584673
https://hashdive.com/Analyze_User?user_address=0x7a066acd5e9cafe1fb80294d03f4fdd0815b6e7e,0.589999,2.779667,3.999993,0.6949179661064406,6.190568495507643
https://hashdive.com/Analyze_User?user_address=0xeaab3e55f0221dfe0d8018e17656a9015688e0d2,0.589999,2.779667,3.999993,0.6949179661064406,5.188327525974521
https://hashdive.com/Analyze_User?user_address=0x69449caa40c34cdc4cc79d7b802d9e147c2d3902,0.479999,0,3.9999910266680003,0,-1.794361936919958
https://hashdive.com/Analyze_User?user_address=0xe0a43e8ecc6762d5d5ee43918f30dc5778d6b500,0.369999,-3.989988,3.989989,-0.9999997493727426,0.2396002904813223
https://hashdive.com/Analyze_User?user_address=0x8746040b0be0623a228767f132f5701890dfe5ff,0.6,-0.0661,3.969999,-0.01664987824933961,1.0061159455063589
https://hashdive.com/Analyze_User?user_address=0xae0c057f5c25140434a46748fa26ecf404820517,0.369867,-3.879987,3.879987,-1,-0.6328801681090135
https://hashdive.com/Analyze_User?user_address=0x23b0673732e7e431b8f8b04720028b931ecd24cd,0.349999,-3.809987,3.809988,-0.9999997375319817,0.818067438827218
https://hashdive.com/Analyze_User?user_address=0x9e29558e48367e8336f8208d16959f130d210a99,0.363245,-3.80998,3.80998,-1,-0.33552641645247094
https://hashdive.com/Analyze_User?user_address=0x9f1e97789eb10b40b63e803e5a8bdce1f41108b1,0.599906,0.000595,3.803402,0.00015643889339070653,-2.9942752489877527
https://hashdive.com/Analyze_User?user_address=0xa249a8e76da6522914254f5a6c104fdf22f3f2f3,0.041758,41.700022,3.799978,10.973753532257291,-2.676913375847686
https://hashdive.com/Analyze_User?user_address=0xe21e700ef23ab6103ff06b6c5767f3657ccd4d48,0.06818,3.7501,3.7499,1.0000533347555935,0.8694032988495513
https://hashdive.com/Analyze_User?user_address=0xd377f9bb55d438caeaafdbc526b71f661bb685af,0.599965,0.000217,3.73778,0.00005805585133421443,-0.7991852505489018
https://hashdive.com/Analyze_User?user_address=0x3eb44dc9175d470554e0d43523c129519204e7a3,0.609893,0.000654,3.732545,0.00017521557007350213,-0.8596129607012298
https://hashdive.com/Analyze_User?user_address=0x810e5845036e7c6032c2dc3cbddd765d409ade55,0.649755,-0.081788,3.710097,-0.022044706647831577,-0.3358443928120505
https://hashdive.com/Analyze_User?user_address=0xaf266e037b2d8a60f01756439b45ad398f659970,0.369999,-3.689989,3.689989,-1,-0.5401345661977809
https://hashdive.com/Analyze_User?user_address=0x5d3050f51b34eee7df22425f109864a8a43e1a5e,0.49,0,3.675,0,-7.741282876892653
https://hashdive.com/Analyze_User?user_address=0x0d5c14437d88a3c3b56f53b93e086063cec6b7dc,0.599999,-0.060793,3.649993,-0.016655648380695526,1.783844537806433
https://hashdive.com/Analyze_User?user_address=0x02655c228bc3dde7eafd72172374a093bc7aef4b,0.61,-0.0597,3.6417,-0.01639344262295082,-0.36195408122347617
https://hashdive.com/Analyze_User?user_address=0xbac4d107cfac9c88332cb42ba5ed74413a0518ed,0.36374,-3.619984,3.619984,-1,-0.14886183136560213
https://hashdive.com/Analyze_User?user_address=0x9b7e64323bf1a9ad2aff482ae4b36b7dd34249f9,0.609984,-0.176905,3.605002,-0.04907209482824143,-0.37789667971131624
https://hashdive.com/Analyze_User?user_address=0x00f743917880c6eb038324664be17e325a785301,0.6,0,3.5999999999999996,0,-0.6501415832510722
https://hashdive.com/Analyze_User?user_address=0x9daa6dffb8399dd9410f8e7255f6bbf06a55dc14,0.58986,2.496187,3.589996,0.6953174878189279,-0.6730199750852837
https://hashdive.com/Analyze_User?user_address=0xf70d0e30fc4658472d65248ace19e9e27c5682c2,0.599999,2.393338,3.589993,0.6666692664860349,-2.223510974725288
https://hashdive.com/Analyze_User?user_address=0xec64a76a679adb784be138c7248c7fa23350decd,0.6,-0.0595,3.57,-0.016666666666666666,-2.1774130375359584
https://hashdive.com/Analyze_User?user_address=0x44bc236960ad43820d4c0a9e62bf2038e641299a,0.418914,-3.519994,3.519994,-1,0.16415455302721813
https://hashdive.com/Analyze_User?user_address=0x96c887fb208fafb37b9cd0c5ac13414cb5756a30,0.589999,-0.058594,3.459992,-0.01693472123634968,-0.8711396339984968
https://hashdive.com/Analyze_User?user_address=0x4d1add2d21d7c9d2cd765a1cdd7c678d0010f57b,0.609975,0.000139,3.415858,0.00004069255806301081,-1.1110461151666555
https://hashdive.com/Analyze_User?user_address=0x9ef541967c6645e275bc1b25e36f8588c9e01eb8,0.599906,0.000533,3.413463,0.00015614641201618416,-1.6984491024781292
https://hashdive.com/Analyze_User?user_address=0xff91b1e3ed72bd19c74b8236d5cb285278ae7a9a,0.609999,2.173775,3.399994,0.6393467164942056,-1.756558437220184
https://hashdive.com/Analyze_User?user_address=0x2dc3ddcda432fa7aadc6944019d73c20cea875b6,0.589999,2.355767,3.389993,0.6949179541078698,-24.31897116831337
https://hashdive.com/Analyze_User?user_address=0xc34d1b544a55d5972073fc1bedf19f58a7847ee0,0.439999,-3.289991,3.289992,-0.9999996960478932,-2.0577581162079928
https://hashdive.com/Analyze_User?user_address=0x2f255f5ed5ef62a849df3c7a01dc59af78a64347,0.629906,-0.050916,3.244013,-0.01569537483357804,0.012607842626859135
https://hashdive.com/Analyze_User?user_address=0x994873f77affa05bbf949846aefa07256ba5d5c0,0.356623,-3.229984,3.229985,-0.999999690401039,-0.061500097624466246
https://hashdive.com/Analyze_User?user_address=0x1d142ac60e11b1805bfcfa02b09514907ab17aeb,0.609864,0.000716,3.220057,0.00022235631232614823,-3.434739257088802
https://hashdive.com/Analyze_User?user_address=0x0fce287f689387b6f53031a319b123a15ded5664,0.64,-0.75,3.2,-0.234375,-2.010036436072245
https://hashdive.com/Analyze_User?user_address=0x721d32c88075c8737703eadd9a1ec9c30d63c432,0.599999,-0.053294,3.199994,-0.016654406227011677,7.147005399926785
https://hashdive.com/Analyze_User?user_address=0x3978a99e028eb590c98d8e9ddbe513298fa92f24,0.506861,2.537501,3.186262,0.7963880559727982,14.025964459929618
https://hashdive.com/Analyze_User?user_address=0x50252ece069259d200b9acf289fcd10761139f3a,0.45,0.07,3.15,0.022222222222222227,4.564525130665895
https://hashdive.com/Analyze_User?user_address=0xaf527238f5eef1ea1eff17f0bb84249433ddc975,0.439999,-3.039992,3.039992,-1,0.9669531652995127
https://hashdive.com/Analyze_User?user_address=0x6e775af6ab5514d992aa1f5353e1d91862eb2d72,0.35,-3.01,3.01,-1,-3.5978120792494153
https://hashdive.com/Analyze_User?user_address=0x6330411055515c227a52f7f82ef2f4cff954db7a,0.05,56.94,3,18.98,-1.5672184763041053
https://hashdive.com/Analyze_User?user_address=0x43693952abd147105ee0583139c7af2325e06055,0.6,2,3,0.6666666666666666,-1.7447914635673025
https://hashdive.com/Analyze_User?user_address=0x8db28c8f2f0e8e4664a80d3084c98ecf39a22a31,0.6,2,3,0.6666666666666666,-6.627274781682798
https://hashdive.com/Analyze_User?user_address=0xe72751191c2a5d995be382a4167a45a6c3d5a39c,0.4,-3,3,-1,-1.512557135744278
https://hashdive.com/Analyze_User?user_address=0x1efde7ea45f96ebc076b1f7a1086ca5ffd351a07,0.5,0.7201,3,0.24003333333333332,-1.9887541807734803
https://hashdive.com/Analyze_User?user_address=0x9f5aa44b370ef137dcf56e262da304e3143438a4,0.6,2,3,0.6666666666666666,26.898145907733294
https://hashdive.com/Analyze_User?user_address=0x06be68a8bc98353332c239255a6ff31ee7888a46,0.03,55.78,3,18.593333333333334,-1.2607549390200008
https://hashdive.com/Analyze_User?user_address=0x4059c38e4c362b8051b20be82c319d4796eb23da,0.06,-3,3,-1,-0.06060223854617973
https://hashdive.com/Analyze_User?user_address=0x2729b7e05e63dab1161e639a3b9ed0d4dc7ebd72,0.589999,2.08475,2.999994,0.6949180565027797,6.0944825677788375
https://hashdive.com/Analyze_User?user_address=0x8ff49b1c516a79e1e503ecac3962aa907fadeb67,0.609999,1.918037,2.999994,0.6393469453605574,-9.951719287819785
https://hashdive.com/Analyze_User?user_address=0xdb267338a67d3d3209cee30769d1493647130dc7,0.559999,0,2.9999936028590004,0,-1.59531209331436
https://hashdive.com/Analyze_User?user_address=0x487df311cc49e751a1b57933143e08f02e090edf,0.589999,2.084749,2.999993,0.6949179548085612,-6.004368989206742
https://hashdive.com/Analyze_User?user_address=0xa1ac031ae9488f76a2f84c1c035578abca9d3e2f,0.589999,2.084749,2.999993,0.6949179548085612,0.5556092345203003
https://hashdive.com/Analyze_User?user_address=0x1db9942f89f57f59967d22b7b866b9f6a74ea4f1,0.589999,2.084749,2.999993,0.6949179548085612,6.892405870325344
https://hashdive.com/Analyze_User?user_address=0x4ede885d1f4ec383a7b0bb10bef060bc372eafac,0.589999,2.084749,2.999993,0.6949179548085612,5.7796492450503
https://hashdive.com/Analyze_User?user_address=0xef16146a5612d4d2f3c618f0a99bb71f3b51e83a,0.589999,2.084749,2.999993,0.6949179548085612,8.016920799809732
https://hashdive.com/Analyze_User?user_address=0x965ceff45ec9219f04f54bbf0bb2d61884b537dc,0.369999,-2.999991,2.999991,-1,-4.130415051914441
https://hashdive.com/Analyze_User?user_address=0x6b10146b0d58771c6da66ae22168ddd2f48dc396,0.169369,14.712705,2.99998,4.904267695117968,-8.360267115117274
https://hashdive.com/Analyze_User?user_address=0xd5475685436880d755de711ce30b61c9708564c4,0.59,2.05,2.95,0.6949152542372881,1.2041727107042919
https://hashdive.com/Analyze_User?user_address=0x5ec00e80304e5f2c40065ae6ab57247fd7eed184,0.379999,-2.949991,2.949992,-0.9999996610160298,1.5671856037720278
https://hashdive.com/Analyze_User?user_address=0x1eb95daa60e43a942067cf5142e3d714fffc9808,0.609921,-0.047323,2.909323,-0.016265983529501534,-0.3216719971579788
https://hashdive.com/Analyze_User?user_address=0x002952b47363a1d13eddd873f7249c4817c7b15d,0.374036,-2.889986,2.889987,-0.9999996539776822,0.09649221508125685
https://hashdive.com/Analyze_User?user_address=0x8eb013e99b60cb1f85239988fcb89aac85dae8e3,0.4,-2.81,2.81,-1,0.36811828849527506
https://hashdive.com/Analyze_User?user_address=0x370b22aaec663037c678dce86d0057849dd6e34b,0.55,0,2.75,0,-2.0272020026608812
https://hashdive.com/Analyze_User?user_address=0xc883c72e951511e9db2cee9542767e77db8035ff,0.55,2.25,2.75,0.8181818181818182,-11.22983839471781
https://hashdive.com/Analyze_User?user_address=0xf1498664950fcd2ee6913cbcd4bf8d3fd04d2f13,0.609904,-0.04427,2.732367,-0.016202069487737187,-0.35333991080914334
https://hashdive.com/Analyze_User?user_address=0x8dc211600b26daa43cb3586ad6bfd1f7bcfacce7,0.369999,-2.719992,2.719992,-1,4.08508759506028
https://hashdive.com/Analyze_User?user_address=0x49c155fd19d8f6e45420c0578e3a7b2fd519f155,0.379999,-2.689992,2.689992,-1,-0.11800345089293783
https://hashdive.com/Analyze_User?user_address=0xd8911d1042c0edbd55e425e3e01b7d1767067f92,0.379999,-2.689992,2.689992,-1,0.7440162033267883
https://hashdive.com/Analyze_User?user_address=0xe744394371056c2ec6abcab26d868e8b934f0200,0.379999,-2.679992,2.679992,-1,-0.167888968980015
https://hashdive.com/Analyze_User?user_address=0x5c735e573c8a39622edf0bbd5ba04243c150502c,0.379999,-2.669992,2.669992,-1,-0.14333018438075784
https://hashdive.com/Analyze_User?user_address=0x108422d4177ce3d7c11b9d1bddbfcd75110116bb,0.379999,-2.649992,2.649993,-0.9999996226405128,-0.5989322156752274
https://hashdive.com/Analyze_User?user_address=0xda893351a72aa3d2128e21bd8af4939176bd9c4b,0.6,-0.044,2.64,-0.016666666666666666,1.5912921233064727
https://hashdive.com/Analyze_User?user_address=0x656c3c0c1b9acb20132593c9a1fbad1e64fb0e4c,0.358495,-2.599987,2.599987,-1,0.41051691361166065
https://hashdive.com/Analyze_User?user_address=0x47eded8c35923a7cdc5fd72751fcf94dfa8474f5,0.639926,0.000298,2.591697,0.0001149825770527959,-0.947291627372916
https://hashdive.com/Analyze_User?user_address=0xda2fdcbd7e969212448d66818874afac1dec4195,0.379999,-2.589992,2.589993,-0.9999996138985703,-0.3534078099425009
https://hashdive.com/Analyze_User?user_address=0xa55f443258706b87654319700379bb370d50c3d6,0.47,2.9097,2.5803,1.127659574468085,14.565437419314328
https://hashdive.com/Analyze_User?user_address=0x66e76ec9bdc87d85a7397a2358ccfc99cdf8f4b7,0.379999,-2.569992,2.569993,-0.9999996108938818,0.09934709737852443
https://hashdive.com/Analyze_User?user_address=0xa215ab17186dec8ba99bbd643b4592deee7133de,0.379999,-2.569992,2.569993,-0.9999996108938818,-1.1724906396025527
https://hashdive.com/Analyze_User?user_address=0xc5e90777d9606d6a8b84a5b578de442703b57c09,0.609942,-0.041656,2.561754,-0.016260733856568583,-0.7925856929714652
https://hashdive.com/Analyze_User?user_address=0x132c1814c3447798fa70b2260059c0c2dc9a33ad,0.369999,-2.559992,2.559992,-1,0.529596056139351
https://hashdive.com/Analyze_User?user_address=0xd166aebcea295f6978b281b8f499b449b767202e,0.589999,1.772037,2.549994,0.6949181056896605,1.828984399736266
https://hashdive.com/Analyze_User?user_address=0x9fa9bea90168be9c03c340b8768c13d2d8aa0948,0.379999,-2.549992,2.549993,-0.9999996078420607,0.09276511313752524
https://hashdive.com/Analyze_User?user_address=0xb9df40999425faf951915fdf9d2ba3ac522c3767,0.379999,-2.549992,2.549993,-0.9999996078420607,-0.2883232369717326
https://hashdive.com/Analyze_User?user_address=0xf33184da0e2731be1015d7e49182513d608dad93,0.369999,-2.539992,2.539992,-1,0.6428038044392468
https://hashdive.com/Analyze_User?user_address=0xf3b293980ae0c27756e58a77c4e7da924207d1ad,0.379999,-2.529992,2.529993,-0.9999996047419893,-1.1558749513206186
https://hashdive.com/Analyze_User?user_address=0xeef7a190280bc040eec3eac6562a38575cb2c573,0.369999,-2.529992,2.529992,-1,-0.09465817388986829
https://hashdive.com/Analyze_User?user_address=0xb54ea697463a1781731415631ed916e7cf10035f,0.389999,-2.519992,2.519993,-0.9999996031735008,0.10434381156837273
https://hashdive.com/Analyze_User?user_address=0x28c0e79669e29b313756ee496623a81ecc4362a6,0.75,0.833333,2.499999,0.33333333333333337,-6.463342002722866
https://hashdive.com/Analyze_User?user_address=0x34cdc9e4ef9753bd4e12daf4c8e53f966ef4dcca,0.369999,-2.499992,2.499993,-0.9999995999988801,-0.3542337127967815
https://hashdive.com/Analyze_User?user_address=0xf15e5864e5274f356918f3f120531ab0a2874d7f,0.589999,1.730342,2.489995,0.694917861280846,-1.3059551665087636
https://hashdive.com/Analyze_User?user_address=0x915a801a93a69409a150e8bb29704bba3754200a,0.379999,-2.459993,2.459993,-1,0.3013905304503942
https://hashdive.com/Analyze_User?user_address=0x2a864ccfb69bc2377880b1fa20e641410bf1b5d4,0.369999,-2.449992,2.449993,-0.9999995918355684,-0.30870126811342363
https://hashdive.com/Analyze_User?user_address=0x7b7fc6a444d35c385b1c42102637bc7001c3d00d,0.379999,-2.439992,2.439993,-0.9999995901627587,-0.042601664248082226
https://hashdive.com/Analyze_User?user_address=0x95fc40db19acdbe179e72f8c4e02e9d14bfd0269,0.379999,-2.439992,2.439993,-0.9999995901627587,0.2802823008506048
https://hashdive.com/Analyze_User?user_address=0x3e151f169982258475f8d98850bfa73fdb429c85,0.379999,-2.419993,2.419993,-1,1.2845133252132324
https://hashdive.com/Analyze_User?user_address=0x636884ba026717d4d309859d7b07f71e47b3f6d3,0.369999,-2.419992,2.419993,-0.9999995867756644,0.7346652992132298
https://hashdive.com/Analyze_User?user_address=0x959b6ec7de120564e1af2b5df4979c8a9e7d8a68,0.359999,-2.419992,2.419993,-0.9999995867756644,-0.160283951605856
https://hashdive.com/Analyze_User?user_address=0x71a8cdb86a48952a6017a8a9e6b72d864f125e69,0.349999,-2.419992,2.419992,-1,-0.5210134685642219
https://hashdive.com/Analyze_User?user_address=0xbe92dad8cceb05e5bc2211c33f69d06a88a6856f,0.349999,-2.419992,2.419992,-1,-0.3755733936045026
https://hashdive.com/Analyze_User?user_address=0x45d35e07b60821fa77570a70b0f4f373ec395ef5,0.629982,0.000068,2.419128,0.000028109302194840452,-1.4788179927060996
https://hashdive.com/Analyze_User?user_address=0x8baee94140ebf50e865f754f09b48c15e6c0e3a0,0.369999,-2.409992,2.409993,-0.9999995850610354,0.04394178862814863
https://hashdive.com/Analyze_User?user_address=0x25b4a300666d8526b858bbb0d183123601cbe89c,0.359999,-2.409992,2.409993,-0.9999995850610354,-0.5043896666385534
https://hashdive.com/Analyze_User?user_address=0x7601bc7d9f156006cc0ae6891b1f17a88949dfb2,0.6,1.6,2.4,0.6666666666666667,0.48049861394245597
https://hashdive.com/Analyze_User?user_address=0xdd1af34d9f837106848a5b7e939b524030cb962f,0.48,0,2.4,0,-0.016845554428067795
https://hashdive.com/Analyze_User?user_address=0x7a341c0bd601306afe77c562bc2b1f3ddbc3e790,0.419999,-2.399993,2.399994,-0.9999995833322916,-3.485656298360566
https://hashdive.com/Analyze_User?user_address=0x45c6586dbca6129c0727ef300f7ccbfb52db1d61,0.369999,-2.399992,2.399993,-0.9999995833321181,-0.25515634080077815
https://hashdive.com/Analyze_User?user_address=0xd4318bcc1173074951f6121708088a36f42ecf90,0.599839,0.000642,2.399354,0.00026757202146911207,-0.3958117424377856
https://hashdive.com/Analyze_User?user_address=0xf81d7536894b25b5f82a7d74058a5aa3d5cf77b8,0.379999,-2.389993,2.389993,-1,-0.2977282372167301
https://hashdive.com/Analyze_User?user_address=0xba18e6043add9835494245e856d31d0bf6d0d92b,0.369999,-2.379993,2.379993,-1,-0.479281344691117
https://hashdive.com/Analyze_User?user_address=0x90cb96af77aa02cd722b084a22b69740499cba0c,0.369999,-2.379993,2.379993,-1,-0.4056765853076833
https://hashdive.com/Analyze_User?user_address=0xac671ec86b8af3122e54f956bc3f870e345aa37a,0.369999,-2.369993,2.369993,-1,-0.021568620323585485
https://hashdive.com/Analyze_User?user_address=0x1fe37eb614eeb5b8c540ba56e3522563f93fe0fd,0.47,0,2.3499999999999996,0,-5.499208434259683
https://hashdive.com/Analyze_User?user_address=0x84fc1c6d1a1161655a606679234233bfee788702,0.369999,-2.349993,2.349993,-1,0.24359612673050368
https://hashdive.com/Analyze_User?user_address=0xb325a84f3d96a2f531caa26a14f7e25a624b4790,0.349999,-2.349992,2.349993,-0.9999995744668175,0.02827364711569362
https://hashdive.com/Analyze_User?user_address=0xfa0ba1da1a41dfc0c85adeac2410148188884972,0.349999,-2.349992,2.349993,-0.9999995744668175,0.04581350508255419
https://hashdive.com/Analyze_User?user_address=0x35a1c40b79952e625eade0528f475ba04f171228,0.6,-0.039,2.34,-0.016666666666666666,-0.4168394994082508
https://hashdive.com/Analyze_User?user_address=0xaff0a6a82f101ff0098f76cb6f0696beb0d92e6b,0.379999,-2.339993,2.339993,-1,0.008965948559907157
https://hashdive.com/Analyze_User?user_address=0x550539e54b2065206b7701258bcbab13a8581612,0.369999,-2.329993,2.329993,-1,-0.3133980800721358
https://hashdive.com/Analyze_User?user_address=0xe41d88002912812b519fa510fd7a0dac67a8895d,0.35,-2.31,2.31,-1,0.021953715400278358
https://hashdive.com/Analyze_User?user_address=0xa288a3f422db6b1767fa18fb5c7f46c3fb3cbd00,0.369999,-2.309993,2.309993,-1,0.537203255154008
https://hashdive.com/Analyze_User?user_address=0x0acadfee722a94d6680b9171b00d1569dc42175f,0.419999,-2.299993,2.299994,-0.9999995652162572,-3.3674183960943123
https://hashdive.com/Analyze_User?user_address=0xed68641b3274b0bac8be89586a861ec8d859b870,0.209999,-2.299988,2.299989,-0.9999995652153119,-0.06760206264290718
https://hashdive.com/Analyze_User?user_address=0x8396e6eec7aaad53b4122bc4c0bb49e7f5416c18,0.369999,-2.289993,2.289993,-1,-0.2974409386589758
https://hashdive.com/Analyze_User?user_address=0x7ead8b646813f516fd74379cf30454de88fe0c84,0.349999,-2.269993,2.269993,-1,-0.30711858127528013
https://hashdive.com/Analyze_User?user_address=0xb39dac92a4d4b1096e32a774212e2ffe191e281f,0.369999,-2.259993,2.259993,-1,-0.2273449921506408
https://hashdive.com/Analyze_User?user_address=0x3b92ae071c184f8a08534cab7d16ce2521741dd6,0.349999,-2.259992,2.259993,-0.9999995575207533,-0.01907038082430607
https://hashdive.com/Analyze_User?user_address=0xefacfbd141008db5f10dd6d33b0d2a53c144d647,0.62,1.37956,2.2568,0.6112903225806451,-1.5314715246174022
https://hashdive.com/Analyze_User?user_address=0x0e19b764141173eedf495f21f7bb0d098c8b3fd5,0.639871,0.00045,2.239546,0.00020093358207422398,-0.6595247570723997
https://hashdive.com/Analyze_User?user_address=0x1ffbaed61d1d84145b34eea3c9e5cdf8ab38e97e,0.359999,-2.229993,2.229993,-1,1.2918000251519888
https://hashdive.com/Analyze_User?user_address=0x37b15b4400c7302c8111ad18e703c93c4c337f7a,0.6,-0.037,2.22,-0.016666666666666663,-0.29744372358043847
https://hashdive.com/Analyze_User?user_address=0x9c8f4b8db6b2495e00808a23dcd5f7c53d6f4b68,0.349999,-2.209993,2.209993,-1,-0.3426267226721986
https://hashdive.com/Analyze_User?user_address=0x3d845e27fa05855e01ccfc221a844bc2349c2a0d,0.419999,-2.199994,2.199994,-1,-1.4386897377041943
https://hashdive.com/Analyze_User?user_address=0x6553e90f4bbc50d921d2da746a12cd66253634d5,0.369999,-2.199993,2.199993,-1,-0.11804861346283688
https://hashdive.com/Analyze_User?user_address=0x2d3902ffed4a745f609c05b9f1b67426b10cf707,0.359999,-2.189993,2.189993,-1,-0.5461191961460544
https://hashdive.com/Analyze_User?user_address=0x040952ae5c614a6c6c74f44d5efc063724c94588,0.349999,-2.179993,2.179993,-1,0.8344516344880913
https://hashdive.com/Analyze_User?user_address=0xfede483077f48f2c8d160d0f540fc9ec9f8f5e76,0.35,-2.17,2.17,-1,0.8588287024375896
https://hashdive.com/Analyze_User?user_address=0x1c27ea0d456c3bc42affa846f24bb763fdabbcb6,0.379999,-2.159993,2.159994,-0.999999537035751,-2.0922656489041995
https://hashdive.com/Analyze_User?user_address=0x2be86bb6452d1a99bf1c33f8f8af7b8bc20ab233,0.349999,-2.159993,2.159993,-1,1.1492037943795355
https://hashdive.com/Analyze_User?user_address=0x7ed215ec0c325d7007c73df33ec9951ab5194209,0.359999,-2.139993,2.139994,-0.9999995327089701,-10.080327745702654
https://hashdive.com/Analyze_User?user_address=0x22bff01ff056cfc95703dcd4653088ed27fc240e,0.349999,-2.139993,2.139993,-1,0.0871634629812683
https://hashdive.com/Analyze_User?user_address=0xab1df35a0fcb4e14d9cfe26c8e9d6e09a70fb90a,0.349999,-2.129993,2.129993,-1,-0.854956913831544
https://hashdive.com/Analyze_User?user_address=0x450388cba75c1ef45e4a848e3ac7aad1617ea427,0.339999,-2.129993,2.129993,-1,0.34014718468619665
https://hashdive.com/Analyze_User?user_address=0x4414894606b0b0ae028450415898dd5df0aa00cf,0.349999,-2.129993,2.129993,-1,0.18557804906875458
https://hashdive.com/Analyze_User?user_address=0xb0d306b45b0a03e56849fe6c178a563fbc2b3efa,0.369999,-2.119992,2.119993,-0.9999995283003292,-0.27242447392393293
https://hashdive.com/Analyze_User?user_address=0x84252c5fa020d547f499de85a0d9782502ffff33,0.349999,-2.109993,2.109993,-1,-0.4144350229663116
https://hashdive.com/Analyze_User?user_address=0x340f62804efb116b47e4ecc13dbca7107ff1190d,0.35,-2.1,2.1,-1,-0.14549421677928306
https://hashdive.com/Analyze_User?user_address=0x874ee91936b46d9a47247fc43734c2ad7eb140f3,0.35,-2.1,2.1,-1,-0.5653698800061082
https://hashdive.com/Analyze_User?user_address=0x0b659ea5ad55a233486fad69d8a4e79299bcc4b2,0.42,0,2.1,0,-0.010605286291704524
https://hashdive.com/Analyze_User?user_address=0xfc2cdf66be8759f4ed7b8296234be201b5594baa,0.609999,1.342625,2.099995,0.6393467603494294,-0.06648785601697285
https://hashdive.com/Analyze_User?user_address=0x3fd8e532cca6d0e9f1897e3a9fc36579c4db025a,0.379999,-2.099993,2.099994,-0.9999995238081631,0.7103581281396825
https://hashdive.com/Analyze_User?user_address=0x3fe379db9d8473dd4be87626cfe7eaea5c48d5ff,0.589999,1.41068,2.029995,0.6949179677782458,-5.731568276458178
https://hashdive.com/Analyze_User?user_address=0xcaa89712f982e637de93261c59960e82e51193e4,0.614739,1.259678,2.009997,0.6267064080195146,0.016515528882372205
https://hashdive.com/Analyze_User?user_address=0xcf8fc6988bf459f11ade049cea095a8294296cb9,0.279999,5.019007,2.009992,2.4970283463814784,-1.7194381047168892
https://hashdive.com/Analyze_User?user_address=0x037986f8b5029396976c7c338dd7d1444aa23c3c,0.5,0,2,0,3.4276946611138137
https://hashdive.com/Analyze_User?user_address=0xaea54b9b7bf2cd20e366e76361bb87b39318f48b,0.64987,1.077538,1.999999,0.5387692693846348,-0.012071082772150772
https://hashdive.com/Analyze_User?user_address=0x6da7cc92e73288beda6906e6748ce41b63755e4f,0.68,0.941176,1.999999,0.47058823529411764,3.189838374993167
https://hashdive.com/Analyze_User?user_address=0x97f5dcef3262378b2e6b3ff8e933e494a1944eb4,0.624,1.205127,1.999998,0.6025641025641026,5.785813407143649
https://hashdive.com/Analyze_User?user_address=0x8b1768189440dead46b680770b3db95f0d0278fb,0.58986,1.390633,1.999998,0.6953171953171954,-4.760211946713344
https://hashdive.com/Analyze_User?user_address=0x3dd8e00f3accd8944503aa220860afe154275ddc,0.609999,1.278691,1.999996,0.6393467786935574,-0.7043337245450569
https://hashdive.com/Analyze_User?user_address=0x4a7672a5e9ad98b68e5efff2e90786467be1f226,0.609999,1.278691,1.999996,0.6393467786935574,-0.5242936140834888
https://hashdive.com/Analyze_User?user_address=0x83b04c250ddb89814357ad087db5d05e72ca6d5b,0.599999,1.333336,1.999996,0.6666693333386666,-7.870517441720716
https://hashdive.com/Analyze_User?user_address=0x07742b48fb3007337a173d38096b7613b72f7ac5,0.599999,1.333336,1.999996,0.6666693333386666,4.715756770722336
https://hashdive.com/Analyze_User?user_address=0xf15e22293cb49823847613a42fc6d55e9c444a50,0.599999,1.333336,1.999996,0.6666693333386666,-9.138168064117597
https://hashdive.com/Analyze_User?user_address=0x0356e71168911d67e6c0f8d241853004807bfd34,0.599999,1.333336,1.999996,0.6666693333386666,-1.434974480025528
https://hashdive.com/Analyze_User?user_address=0x255731519f083dd69e2b45cba2601bada356c07c,0.659999,1.030305,1.999996,0.5151535303070606,-8.64422917672962
https://hashdive.com/Analyze_User?user_address=0xac912c9de1f221d80166c9c53c492f20ba410228,0.609999,1.278691,1.999996,0.6393467786935574,-0.3053113813338604
https://hashdive.com/Analyze_User?user_address=0x38dbf1a415b32591cdecca1e4e870636fa543090,0.599999,1.333336,1.999996,0.6666693333386666,2.039587007471522
https://hashdive.com/Analyze_User?user_address=0xaa13cf4870d1cbcf7703ec1ef7b0ab9dd501a4a3,0.609999,1.278691,1.999996,0.6393467786935574,-7.177818390291371
https://hashdive.com/Analyze_User?user_address=0x58d71d66722aa4c1e6ebde57071693667d2917e1,0.599999,1.333336,1.999996,0.6666693333386666,3.4261008145645415
https://hashdive.com/Analyze_User?user_address=0x10314852c34275d492c5e60388d1ab134f7e45f0,0.619999,1.225809,1.999996,0.6129057258114515,-3.3348448978317027
https://hashdive.com/Analyze_User?user_address=0x8c16c07c9cd9da06e5f0c22c84ccb1f9c1a231a4,0.599999,1.333336,1.999996,0.6666693333386666,3.188436750423789
https://hashdive.com/Analyze_User?user_address=0x982a890c7ebc0aaccc6864ec3df55a77d1d67224,0.599999,0,1.9999958666679998,0,-3.330796324189525
https://hashdive.com/Analyze_User?user_address=0x78efecdca0cf2196bd14208f9d7b690a0e51c646,0.489999,0,1.999995108369,0,8.213561890660303
https://hashdive.com/Analyze_User?user_address=0x179e41284c8b940482ed0de6949ffe82b316530f,0.489999,0,1.999995108369,0,2.418210363217561
https://hashdive.com/Analyze_User?user_address=0x27ce2b06b5bac9af20c46024e9f3528fa7943b89,0.479999,0,1.999995033335,0,-4.207522052060808
https://hashdive.com/Analyze_User?user_address=0xa62fc01fc8e6455df79eef2d747f9b33be2778bf,0.409999,-1.999994,1.999994,-1,-3.4612098006771963
https://hashdive.com/Analyze_User?user_address=0x95eab3a49cc4e9d50b7989b26567555a7459d7b7,0.419999,-1.999994,1.999994,-1,13.534397239436025
https://hashdive.com/Analyze_User?user_address=0xe75f695efe5b9e38c555411efb38008f8bb3d4d7,0.349999,-1.969993,1.969994,-0.9999994923842408,-0.15388829908061016
https://hashdive.com/Analyze_User?user_address=0x178fc7e977d7e9f171ce654196f1a5dceaa31fce,0.599983,0.000053,1.877944,0.000028222353808207272,-0.5280447545245778
https://hashdive.com/Analyze_User?user_address=0x84f4838ee78a2eefda0ba3b9211682644c3daf2b,0.489999,0,1.869995433675,0,2.7363206495022574
https://hashdive.com/Analyze_User?user_address=0x344d206bb69b313eca334e49bf1d79e3c8feec22,0.02,87.92399,1.7962,48.95,26.438859493734444
https://hashdive.com/Analyze_User?user_address=0x1079849d3932a6f3ff6dc6c93c808996edc59749,0.58986,-0.029678,1.781374,-0.016660173551427158,-0.8115259127194507
https://hashdive.com/Analyze_User?user_address=0xb69862c4305f8c2bf15db0f2bd87c11d67aa8828,0.6,-0.0296,1.779999,-0.016629222825406083,0.7152435823599146
https://hashdive.com/Analyze_User?user_address=0x4354e3f690129d29529d3b2c38f1be1618442828,0.05,-1.75,1.75,-1,-0.8567285883780918
https://hashdive.com/Analyze_User?user_address=0x2869d7ecb0644163957cd622908002f31de91d1f,0.469999,0,1.72999581915,0,4.512450656712919
https://hashdive.com/Analyze_User?user_address=0xdf322bd38000d8bfbf622004321da8ab461410c5,0.609964,0.00025,1.726196,0.00014482712276010372,-0.9535956705149713
https://hashdive.com/Analyze_User?user_address=0x6a11b111039b62c3e2065f7cc82e2f33d406b3fa,0.619889,1.036292,1.689997,0.6131916210502149,-7.107864188650681
https://hashdive.com/Analyze_User?user_address=0xb87345869dcf44956584d783b8ae86cbb8d1ab63,0.409999,-1.669995,1.669995,-1,-0.03525196325924684
https://hashdive.com/Analyze_User?user_address=0x2f6d87a6327ba0450c90d8bda8c436e315274fad,0.409999,-1.649995,1.649995,-1,-0.030356094290241543
https://hashdive.com/Analyze_User?user_address=0x72ea8b942ae7473ae94ae1a43d727d8b49bf9d37,0.41,-1.64,1.64,-1,-0.032680074999770894
https://hashdive.com/Analyze_User?user_address=0xbd5cd50d02b09e677d5f2c77a826012204678c73,0.41,-1.64,1.64,-1,-0.03206138295306412
https://hashdive.com/Analyze_User?user_address=0xb36bd1973510b4f66bdf7d68f772cba70a2f6791,0.41,-1.64,1.64,-1,-0.025235707883671528
https://hashdive.com/Analyze_User?user_address=0xbdae2ae4cd894681d60f7363a047780385041d34,0.41,-1.64,1.64,-1,-0.031007145179116413
https://hashdive.com/Analyze_User?user_address=0x3f06d166f3931cb67eaf2a6b3aad23fecbb83e0f,0.41,-1.64,1.64,-1,-0.03349685366716681
https://hashdive.com/Analyze_User?user_address=0xc19fc233b32dc5b0d7a1906cb0e8d77e91afe7ec,0.62998,-0.025748,1.631644,-0.015780403078122434,-1.0516489176696329
https://hashdive.com/Analyze_User?user_address=0x73e709d1cb9e7ddbf197263a55559fb9ea14111a,0.409999,-1.629995,1.629995,-1,-0.019668220532888876
https://hashdive.com/Analyze_User?user_address=0x4816b4e1fd689fe255a342dfe724e14f1cccf1ad,0.409999,-1.619995,1.619995,-1,-0.01771012966447897
https://hashdive.com/Analyze_User?user_address=0x330fb8d42d8fb061c33494d684364c289b514752,0.409999,-1.619995,1.619995,-1,-0.01778929523782126
https://hashdive.com/Analyze_User?user_address=0xe5b017fe5a493daad3810d5a40e25e036ee00427,0.629906,0.000327,1.618856,0.00020199449487786435,-1.0087129156923125
https://hashdive.com/Analyze_User?user_address=0x134b38efc56fdcef6a891c4e5b52d2439d41afa9,0.8,0.4025,1.61,0.25,-1.5814762343507502
https://hashdive.com/Analyze_User?user_address=0xc8995296c8b5c04ab23f0b0565d84e08cf80b4fe,0.489999,0,1.5799958955120001,0,8.222171181015101
https://hashdive.com/Analyze_User?user_address=0x45c77d0da2b7e23388268b0e1ebd9a387679c92f,0.599999,0,1.519996666668,0,-1.83598188467195
https://hashdive.com/Analyze_User?user_address=0x029cf6cbe938c85b3f2f2b4941f5e291ce2a6503,0.439999,-1.509996,1.509996,-1,0.3412917815214717
https://hashdive.com/Analyze_User?user_address=0x2bc7f68f8f4bcbce930ab9429581e052d0537ca7,0.3,-0.55,1.5,-0.3666666666666667,-9.256309258397504
https://hashdive.com/Analyze_User?user_address=0x5799e61cf4a0683ff634823fadcd95754a0207a4,0.639701,0.844843,1.499997,0.5632297931262529,0.214047024932293
https://hashdive.com/Analyze_User?user_address=0x31a12b5567b297140126cdecc2772c4b8b077975,0.579999,1.086208,1.499996,0.7241405977082606,-4.328053110130302
https://hashdive.com/Analyze_User?user_address=0x2f167f0e072432f36c6aeef9f9656ddaa63d7dfe,0.369999,-1.469995,1.469995,-1,0.43986622400623554
https://hashdive.com/Analyze_User?user_address=0x930a15f5cc4717969da9b9d22ae0fd404475391f,0.369999,-1.459995,1.459995,-1,1.3588711847725015
https://hashdive.com/Analyze_User?user_address=0x892089ae2fe9360190803ed404fb67a94b69ca8a,0.389999,-1.449995,1.449996,-0.999999310342925,-0.039106638887579495
https://hashdive.com/Analyze_User?user_address=0x025a38daa9d8425975cc581c47305bfeb7f8134c,0.6,-0.024,1.44,-0.016666666666666666,-0.2497948541712972
https://hashdive.com/Analyze_User?user_address=0xa981e3818530729a2f96544c65baba52cee521ca,0.379999,-1.439995,1.439996,-0.9999993055536265,0.3043706853229177
https://hashdive.com/Analyze_User?user_address=0x872c5a7d5caae17acdfa4b97878cac3c7efb8eab,0.609984,-0.023462,1.43956,-0.016298035510850538,-0.41381220939758034
https://hashdive.com/Analyze_User?user_address=0xb7338806786d6874e4d142aec6bae56a7092332f,0.379999,-1.419995,1.419996,-0.999999295772664,0.39504522639334505
https://hashdive.com/Analyze_User?user_address=0x475bb2367381ea31898548a31aeda0c520cc0e81,0.409999,-1.419995,1.419996,-0.999999295772664,0.4649932133820423
https://hashdive.com/Analyze_User?user_address=0x85f327cb969c8ba93adbd04a26efa870f6f58da0,0.16,-1.4,1.4,-1,5.824799192520863
https://hashdive.com/Analyze_User?user_address=0xdcd182f3a3b964dd966147f8aa104fa7e2ace4b4,0.619999,0.858066,1.399997,0.6129055990834267,-0.010656199303553078
https://hashdive.com/Analyze_User?user_address=0xb06443db77e6e3660c8fd09505a0032bd39c33df,0.609999,0.895083,1.399997,0.6393463700279358,-0.004938847286741197
https://hashdive.com/Analyze_User?user_address=0xb84136915f1ac9ee4fe932db2402517ae4e8df98,0.609999,0.895083,1.399996,0.6393468267052191,-0.0224813957966794
https://hashdive.com/Analyze_User?user_address=0x3eae6d629fa356c321cc84003dc7bd6a7c00c169,0.609999,0.895083,1.399996,0.6393468267052191,-0.05957481120565138
https://hashdive.com/Analyze_User?user_address=0xb83e7d121c076ddbd17078ff8514a14de429110d,0.609999,0.895083,1.399996,0.6393468267052191,-0.04854271171355955
https://hashdive.com/Analyze_User?user_address=0x1614cca7a9aaf123ea8beb89e1e81074dc99cde8,0.349999,-1.389995,1.389995,-1,0.7140149168655424
https://hashdive.com/Analyze_User?user_address=0x41becc51a05f46a4b36258e4c010e59cfa0d369b,0.349999,-1.369995,1.369995,-1,-0.6043647806572932
https://hashdive.com/Analyze_User?user_address=0x95cd16593220ebfb7dafedded6f181dc6fda1f6a,0.349999,-1.349995,1.349995,-1,-0.22198766067762774
https://hashdive.com/Analyze_User?user_address=0x2b3b8a3b8c005fe5e8de4058687c3afddd4110dc,0.349999,-1.339995,1.339996,-0.9999992537291157,-8.440233084493308
https://hashdive.com/Analyze_User?user_address=0x83e2d102d368bff2d6971a41fd7d9e0a3c4ed5ca,0.609999,0.850328,1.329996,0.6393462837482218,4.328296502212265
https://hashdive.com/Analyze_User?user_address=0x379b7b08315debd84cccd539a1d0d833f954760b,0.609999,0.831149,1.299997,0.6393468600312154,-0.02176697177901441
https://hashdive.com/Analyze_User?user_address=0xbab1c0772c94a9be18c323c2ac5adc69166aae81,0.619999,0.796775,1.299997,0.6129052605506012,-0.019268192522358972
https://hashdive.com/Analyze_User?user_address=0x5ede7cd165a7ef935da0d14fe32652cbcdf3347f,0.609999,0.831149,1.299997,0.6393468600312154,-0.015136921845036365
https://hashdive.com/Analyze_User?user_address=0x518649c17c241e7ef92754678d485d2643abff02,0.609999,0.831149,1.299997,0.6393468600312154,-0.0026077041083595117
https://hashdive.com/Analyze_User?user_address=0xf44172edb59516fcd4ce959c98922f7e56ed9162,0.609999,0.831149,1.299997,0.6393468600312154,-0.00666278772791264
https://hashdive.com/Analyze_User?user_address=0x5350e5e38cc8ab7ca47e1619b75b3855eb1057c1,0.609999,0.831149,1.299997,0.6393468600312154,-0.0042281952169785685
https://hashdive.com/Analyze_User?user_address=0x4d9a6b2b39968d22a6eefb4324348c0bde570fb4,0.669978,0.038442,1.293054,0.029729616860548747,-0.45187374607083997
https://hashdive.com/Analyze_User?user_address=0x10f5814bae621291586f598dd98af973e2c3d8d6,0.349999,-1.289995,1.289996,-0.9999992248037979,1.0024914665795073
https://hashdive.com/Analyze_User?user_address=0xed72c34aace973d6b16578cdcfffed81d92207b4,0.379999,-1.279996,1.279996,-1,0.06807426715669447
https://hashdive.com/Analyze_User?user_address=0x1de9f17eaafe3c84f157ab8e2b6f9f43f21b280d,0.599999,0.644802,1.249997,0.5158428380228113,-0.9801449346136184
https://hashdive.com/Analyze_User?user_address=0xc7d7cf2623a05618cfb088b671af79a0fe649bdc,0.379999,-1.219996,1.219996,-1,-0.2877993844568595
https://hashdive.com/Analyze_User?user_address=0x8f19df5088b81721175218d225443ec28e55b0ca,0.011422,-1.204198,1.204199,-0.999999169572471,0.15981177546849343
https://hashdive.com/Analyze_User?user_address=0x5fd4ed228ada1cf2cfa4284237d02d69b7bc67c3,0.609999,0.767214,1.199997,0.6393465983664959,0.021900092499424935
https://hashdive.com/Analyze_User?user_address=0x8e45512396a3e5ad7d35e08a645facf285964b1b,0.609999,0.767214,1.199997,0.6393465983664959,0.05237154930119975
https://hashdive.com/Analyze_User?user_address=0x03445360ad1131521c3bfd84363e46256f71f6f6,0.609999,0.767214,1.199997,0.6393465983664959,-0.040502580114067516
https://hashdive.com/Analyze_User?user_address=0xe8f90852902fe362e3958510f23710b68e904b2b,0.609999,0.767214,1.199997,0.6393465983664959,-0.10579373268834794
https://hashdive.com/Analyze_User?user_address=0xab5d6ea71d95b277568f97e00e6978210d56d81a,0.609999,0.767214,1.199997,0.6393465983664959,-0.06814341112177483
https://hashdive.com/Analyze_User?user_address=0xf0ec5ea2c932d23e6fb024b4335f87c78d244800,0.609999,0.767214,1.199997,0.6393465983664959,-0.06848540701503117
https://hashdive.com/Analyze_User?user_address=0xb694322a2e2920f023258847075e77c75696023e,0.469999,0,1.19999674681,0,0.29248381379798505
https://hashdive.com/Analyze_User?user_address=0xf3ccf869fcde03a76ba7153aebcd786222ea7899,0.48,0,1.17,0,17.46190879952861
https://hashdive.com/Analyze_User?user_address=0x197707a46d63c192fa730381785e05ec85e993d4,0.6,-0.0558,1.119999,-0.04982147305488666,5.134507525618801
https://hashdive.com/Analyze_User?user_address=0x1922baef485c872b0adf615d3735e81c2130f893,0.614414,0.690322,1.099998,0.6275665955756283,0.028511160101822027
https://hashdive.com/Analyze_User?user_address=0xf61fc560c28ff9cb5eab507b26a864e686be99ee,0.609999,0.703279,1.099997,0.6393462891262431,-0.038698926856826146
https://hashdive.com/Analyze_User?user_address=0x70f195c9cd28048271980c71de8cb6e434ce00c0,0.619999,0.674194,1.099997,0.6129053079235671,-0.04107777769773141
https://hashdive.com/Analyze_User?user_address=0xb6741dbab0eb9294f9ca3f64108cd9e87b00f5e5,0.609999,0.703279,1.099997,0.6393462891262431,-0.0489342790346389
https://hashdive.com/Analyze_User?user_address=0xbd4ed198c719dac2fbd96af18274c6790a8f9b6b,0.609999,0.703279,1.099997,0.6393462891262431,-0.010369559924697402
https://hashdive.com/Analyze_User?user_address=0x42ef245e90e40b4de4e434e94bfdfaa8c0d2d318,0.609999,0.703279,1.099997,0.6393462891262431,-0.0916869875585402
https://hashdive.com/Analyze_User?user_address=0xf293c13ef321cfb655d6acb6fe025b890614ac90,0.609999,0.703279,1.099997,0.6393462891262431,-0.08017235726126709
https://hashdive.com/Analyze_User?user_address=0x7602c8ae8bdbb46dfebf59857203055c37c0ede5,0.609999,0.703279,1.099997,0.6393462891262431,-0.026691780988927605
https://hashdive.com/Analyze_User?user_address=0x8faf226551019c7929e7eac4dc990028f0b21978,0.609999,0.703279,1.099997,0.6393462891262431,-0.010572066306477942
https://hashdive.com/Analyze_User?user_address=0x0a9b25d5d4b35324ec3468ca9ee3729b483a5239,0.609999,0.703279,1.099997,0.6393462891262431,0.03418093217223089
https://hashdive.com/Analyze_User?user_address=0x5ff2b4b295ddba0f1b6429472fb87d1f735704c0,0.609999,0.703279,1.099997,0.6393462891262431,-0.07485819047831817
https://hashdive.com/Analyze_User?user_address=0xb30f5168c6ddbc6e0c833554fa048448c845ff8a,0.609999,0.703279,1.099997,0.6393462891262431,0.036559621809363535
https://hashdive.com/Analyze_User?user_address=0x9d3546fa018b082b4bb98f220df5dcce53e67e18,0.609999,0.703279,1.099997,0.6393462891262431,-0.019995085794364407
https://hashdive.com/Analyze_User?user_address=0x36057e9186d87c004e69c895c8191a6649a868e1,0.609999,0.703279,1.099997,0.6393462891262431,-0.03887001201179094
https://hashdive.com/Analyze_User?user_address=0x9c94c90bb9d034e33f5b33cf5b2775fdb04fd588,0.609999,0.703279,1.099997,0.6393462891262431,-0.08053346619979217
https://hashdive.com/Analyze_User?user_address=0xe9bedddd323f26ef9e0d1bcea9859fe452e7f301,0.609999,0.703279,1.099997,0.6393462891262431,-0.0920885317553578
https://hashdive.com/Analyze_User?user_address=0xa113118e6526f3b4ba3496412a087aeb7d27ba31,0.609999,0.703279,1.099997,0.6393462891262431,-0.00556164901665631
https://hashdive.com/Analyze_User?user_address=0x5862658b8a3df53d956b1ffe2cb1442b41df327a,0.709999,0.449296,1.099996,0.40845239437234315,0.09534286292584951
https://hashdive.com/Analyze_User?user_address=0xf553b8b565a9d3342c58ca730f23de170aa288d6,0.379999,-1.059996,1.059997,-0.9999990566011034,0.4149360175659005
https://hashdive.com/Analyze_User?user_address=0x7b07ddf6ae802300a5f1a06cdfad6495e89d4209,0.369999,-1.059996,1.059996,-1,-0.042521945214578735
https://hashdive.com/Analyze_User?user_address=0x0d6c9bfbd041d0a902dde2624aea47dd68d3f62d,0.419999,-1.039996,1.039997,-0.9999990384587647,-0.46308306570452407
https://hashdive.com/Analyze_User?user_address=0xb6d075dc709d29a3a587ee31935b59d0f20e3b0c,0.349999,-1.039996,1.039996,-1,-9.63974508455142
https://hashdive.com/Analyze_User?user_address=0xac801d489f55e2b98e808bb2bb1c8259c3247894,0.369999,-1.029996,1.029997,-0.9999990291233857,-0.3980443041936512
https://hashdive.com/Analyze_User?user_address=0x0b4bec03383333a8db1dce537c9c51174c8b2088,0.599999,0.673334,1.009998,0.6666686468686077,-8.26223530722975
https://hashdive.com/Analyze_User?user_address=0x33b7035b2969e6a018e6fe23783672fe15d37d27,0.359999,-1.009996,1.009997,-0.999999009898049,-0.47111038039769604
https://hashdive.com/Analyze_User?user_address=0x6b6c98556b4e220f00bf55becff5f6150d12593c,0.609999,0.645738,1.009997,0.6393464535043174,4.095398935996262
https://hashdive.com/Analyze_User?user_address=0x5dd85afc31c76d2822a8dc070dfb3a5a8fe2858e,0.18,-1.0098,1.0098,-1,-0.39227424775945713
https://hashdive.com/Analyze_User?user_address=0x2701360ab850f29b5cb87399b8cc2b916adf0679,0.59988,0.667,1,0.667,-6.549959311211651
https://hashdive.com/Analyze_User?user_address=0xcacf2bf1906bb3c74a0e0453bfb91f1374e335ff,0.01,-1,1,-1,99
https://hashdive.com/Analyze_User?user_address=0xf17e889cc8c0947341e23b7ba3d8d0c7c3f2721d,0.5,0,1,0,-3.03600512117233
https://hashdive.com/Analyze_User?user_address=0xfd0a320b1e00dad0c0481c190a4fc14f01cab390,0.5,0,1,0,9.73693307792022
https://hashdive.com/Analyze_User?user_address=0x132dbe3268a395569d20f8c6fb9054bbc4b87dc6,0.64,0.5625,1,0.5625,-2.5778443326281186
https://hashdive.com/Analyze_User?user_address=0x175e734993497f4c061bbd47c4de210cb4341ec9,0.8,0.25,1,0.25,-2.237122381568909
https://hashdive.com/Analyze_User?user_address=0xacd051e2f8422ad181037743232cac1340e0e030,0.64,0.5625,1,0.5625,-9.311646744361106
https://hashdive.com/Analyze_User?user_address=0x71aefc9b5dea52f5a0f0affea5454fa79b9c5d00,0.59988,0.667,1,0.667,0.20409493844895132
https://hashdive.com/Analyze_User?user_address=0x9795e114fc2c9a2c38ad3910e8cf47d24bd5434e,0.6,0.666666,0.999999,0.6666666666666666,9.812838030814122
https://hashdive.com/Analyze_User?user_address=0xdb6331786eda47c66b24726fd2f48036a1c809e1,0.6,0.666666,0.999999,0.6666666666666666,7.2376495562303464
https://hashdive.com/Analyze_User?user_address=0xd104c45596ca0fe8edad9109b540b1c6a697a355,0.63,0.587301,0.999999,0.5873015873015873,-0.4471536724048526
https://hashdive.com/Analyze_User?user_address=0x0b6488f6eb317b780f4fde706e2eaba74049a9ee,0.6,0.666666,0.999999,0.6666666666666666,-0.044012350833830025
https://hashdive.com/Analyze_User?user_address=0x7a2ed1616296b82d8af94e5280c587b36eaab8d7,0.6,0.666666,0.999999,0.6666666666666666,-0.15399260759673372
https://hashdive.com/Analyze_User?user_address=0x27abc7b9286940bd158d866d1e842c28a28b7ca1,0.6,0.666666,0.999999,0.6666666666666666,-0.06860827335159776
https://hashdive.com/Analyze_User?user_address=0x44f31d0a17a7278ed3a5539224b48bbf939f10fe,0.6,0.666666,0.999999,0.6666666666666666,-0.3257650237198252
https://hashdive.com/Analyze_User?user_address=0x8ceae86e1db21ca34410de0d981e28d750dfb709,0.6,0.666666,0.999999,0.6666666666666666,1.0424356992999484
https://hashdive.com/Analyze_User?user_address=0x7a18a9d04286594eed79914fcf6087acfc82458f,0.6,0.666666,0.999999,0.6666666666666666,-14.00643194250092
https://hashdive.com/Analyze_User?user_address=0x2cafd65fa9b5a4114cbacb18cbb24a14801353d8,0.6,0.666666,0.999999,0.6666666666666666,-5.828733456312513
https://hashdive.com/Analyze_User?user_address=0xe0d8c02e05290f4bc147047ff9f34ceff3704762,0.6,0.666666,0.999999,0.6666666666666666,0.09204781333880961
https://hashdive.com/Analyze_User?user_address=0xa547bb4f4533caefdbbcfab66c944ffe8bf2c25a,0.7,0.428571,0.999999,0.42857142857142855,-0.42100405821353226
https://hashdive.com/Analyze_User?user_address=0x7ecd78058872fbb8a08a86e0c5e26155d09c4243,0.6,0.666666,0.999999,0.6666666666666666,1.2175537009282071
https://hashdive.com/Analyze_User?user_address=0x27219af655a4630c7a5f433a4e4deade48effcf3,0.6,0.666666,0.999999,0.6666666666666666,-0.31016538989464315
https://hashdive.com/Analyze_User?user_address=0xb635e8312feb707ec6bef691c0fb3b0a81b4ff33,0.6,0.666666,0.999999,0.6666666666666666,0.3327198880081553
https://hashdive.com/Analyze_User?user_address=0xd82115af32a100fc20aaf8b1fac2f8e84696029a,0.66,0.515151,0.999999,0.5151515151515151,-5.326054832442009
https://hashdive.com/Analyze_User?user_address=0x514fa57df047a7a1216b44274140f1ab73ad3213,0.6,0.666666,0.999999,0.6666666666666666,2.75311237821152
https://hashdive.com/Analyze_User?user_address=0x3a871eaad51335354cdbcd4eaeead5037865d014,0.6,0.666666,0.999999,0.6666666666666666,1.2995784604265206
https://hashdive.com/Analyze_User?user_address=0x63010e572a8af399de8ed6c370f1395289443074,0.65,0.538461,0.999999,0.5384615384615384,-0.0056583335873245585
https://hashdive.com/Analyze_User?user_address=0x3149ee64f42cb02ab76eb6811720ad7a2e7dee7d,0.6,0.666666,0.999999,0.6666666666666666,-2.2514438928324854
https://hashdive.com/Analyze_User?user_address=0xf223d484196c653c34e724b5a24fc9880c8cf49c,0.65,0.538461,0.999999,0.5384615384615384,-0.3541350636664814
https://hashdive.com/Analyze_User?user_address=0x89ea3a3bbb9af5ad59af2049c3b98efd0d7acbc5,0.6,0.666666,0.999999,0.6666666666666666,-15.377470502168645
https://hashdive.com/Analyze_User?user_address=0x8888ed4f13c17b513c436f743d5e53e3481c85f2,0.65,0.538461,0.999999,0.5384615384615384,-0.2083142521936553
https://hashdive.com/Analyze_User?user_address=0x4ad870980a5ce0f7b1e630502d2d51a63eea5af8,0.619999,0.612904,0.999998,0.6129052258104516,-0.13490360673986418
https://hashdive.com/Analyze_User?user_address=0x992cdd463b712edbde57143eaf3937d598908968,0.619999,0.612904,0.999998,0.6129052258104516,7.71748326050438
https://hashdive.com/Analyze_User?user_address=0x91ea40428b1f1ba2c2f6aa9b9092f4992af1b635,0.589999,0.694916,0.999998,0.6949173898347796,-2.2144367959186186
https://hashdive.com/Analyze_User?user_address=0xa106e59f57eeef8a5f4217a916c3b81bca4132c1,0.609999,0.639345,0.999998,0.6393462786925574,1.9061277495149354
https://hashdive.com/Analyze_User?user_address=0xb7d86a37321a5b53929eb6b668e0a99cb2ca1a7b,0.669999,0.492538,0.999998,0.4925389850779701,-0.8962985134779409
https://hashdive.com/Analyze_User?user_address=0x599c6ab480d55e4c5391d626a0ef0b934b2c85f5,0.589999,0.694916,0.999998,0.6949173898347796,-0.04261533534199928
https://hashdive.com/Analyze_User?user_address=0xea0b51a9597517045be2a34064ede6f4ced41f5b,0.609999,0.639345,0.999998,0.6393462786925574,-9.941882108718723
https://hashdive.com/Analyze_User?user_address=0xb7fc4c32aa414a1c937126895bf137c9b2299cbd,0.609999,0.639345,0.999998,0.6393462786925574,-7.894280052750449
https://hashdive.com/Analyze_User?user_address=0xc4348e2fd404cdfa301e2cdfb4eecfb4c12f7cac,0.729999,0,0.9999978901379999,0,4.040589657779622
https://hashdive.com/Analyze_User?user_address=0x7bdfdc5fc4f56d39837808fa0cb927e27658943e,0.529999,0,0.999997343209,0,2.053983285815564
https://hashdive.com/Analyze_User?user_address=0xfc00db5d90a2888ecd5157d08135a93893a1ac08,0.529999,0,0.999997343209,0,-0.37537164957975655
https://hashdive.com/Analyze_User?user_address=0xc67729afbba816d292f8bc8867c093856c1c81ae,0.489999,0,0.999997309185,0,0.699326257939723
https://hashdive.com/Analyze_User?user_address=0x1dffec86fc754071c4a2b46c5315d8e85ce13a14,0.479999,0,0.999997276668,0,0.03789218156665916
https://hashdive.com/Analyze_User?user_address=0xd6acb5f522d93cad127ac2310034ae6b6050cb5f,0.479999,0,0.999997276668,0,2.9813649619585627
https://hashdive.com/Analyze_User?user_address=0xf3ad4b73e76a03ebebcd7a1c27fe2cd1b864ac69,0.469999,0,0.9999971323419999,0,-2.3950244073600984
https://hashdive.com/Analyze_User?user_address=0x4a4384cbe62939188813df1fcb6d4350b5596351,0.469999,0,0.9999971323419999,0,-2.082253500987715
https://hashdive.com/Analyze_User?user_address=0x6e905cb4e634b7a4c3a7a27f8239e649ae56f315,0.569999,0,0.9999971256160001,0,4.984838110108189
https://hashdive.com/Analyze_User?user_address=0x26ab15ae1c1ea4788916951bc4ff0a077693653b,0.569999,0,0.9999971256160001,0,-16.248922255798107
https://hashdive.com/Analyze_User?user_address=0x95f4bc8b9113edcc54692cd56441eb0597c82701,0.829999,0.20482,0.999997,0.20482061446184338,-0.8788657732399787
https://hashdive.com/Analyze_User?user_address=0x21a270a2eaa2eddee64e6864a11f4c2ebfc8866d,0.409999,-0.999996,0.999997,-0.9999989999969999,0.1438806252711901
https://hashdive.com/Analyze_User?user_address=0x57cde47b18c4774e7f571063c767884d6a25ac32,0.379999,-0.999996,0.999997,-0.9999989999969999,-1.6350135531009369
https://hashdive.com/Analyze_User?user_address=0xfb5b2fecb96d7ef05f3ee74009e998e195314d43,0.619937,0.613065,0.999997,0.6130668392005175,-9.111531128295441
https://hashdive.com/Analyze_User?user_address=0x8aa4b6c0d50285d0f40046820046660840344c18,0.409999,-0.999996,0.999997,-0.9999989999969999,-5.075408074967518
https://hashdive.com/Analyze_User?user_address=0xa248462189e4377bce7fec5354e6602cf8af175c,0.419999,-0.999997,0.999997,-1,-1.9856437870928467
https://hashdive.com/Analyze_User?user_address=0xb6577faead18a80ebf2a9a297638ea790b8f0b1e,0.379999,-0.999996,0.999997,-0.9999989999969999,-0.031023544621035824
https://hashdive.com/Analyze_User?user_address=0xa0a31ca36405964019c29e54b951d57dd9c24556,0.389999,-0.999996,0.999997,-0.9999989999969999,-17.721731240361326
https://hashdive.com/Analyze_User?user_address=0xf934d0f574ad93eadc9bebcc76bea6b0d3a2cb98,0.439999,-0.999997,0.999997,-1,-4.410146272471124
https://hashdive.com/Analyze_User?user_address=0x5e3df9de68553825994167de9b6e5448393a5d39,0.359999,-0.999996,0.999997,-0.9999989999969999,-1.615776862852468
https://hashdive.com/Analyze_User?user_address=0x958af589c61140e9648f5ce124ecd64c5235ebbd,0.349999,-0.999996,0.999996,-1,-6.372518591135032
https://hashdive.com/Analyze_User?user_address=0xb9b0caebb8f787ef3fc8fa0c83ca905647f21a26,0.349999,-0.999996,0.999996,-1,-2.503979461314199
https://hashdive.com/Analyze_User?user_address=0xc3099feda7ab934b921d59610002b381353ba7e2,0.719999,0,0.9999958111149999,0,16.295684681201557
https://hashdive.com/Analyze_User?user_address=0xef1f1e4601280c02e3212c80bc1ca24d6c1a12b7,0.719999,0,0.9999958111149999,0,6.6264702715200166
https://hashdive.com/Analyze_User?user_address=0x1772caf23a08fbc0484344d170eb536082237cd7,0.719999,0,0.9999958111149999,0,8.326720156902761
https://hashdive.com/Analyze_User?user_address=0x1db0cf47c92abf14153960c440988a559bc8f54f,0.239999,-0.999995,0.999995,-1,-18.833436660332016
https://hashdive.com/Analyze_User?user_address=0x9f10d935cc5d55e5afba8dbffe416bc81de8bf5a,0.209999,-0.999994,0.999995,-0.9999989999950001,-3.187035360064778
https://hashdive.com/Analyze_User?user_address=0x1400b26875c1fef739a4e9271b8ef60eb5a240d8,0.149999,-0.399993,0.999993,-0.39999579997059975,-5.766584290484451
https://hashdive.com/Analyze_User?user_address=0xb28a8cb5de261e0bfd18bca7cf3dc4629bb22fc3,0.609999,0.626558,0.979998,0.6393462027473524,-1.4468388265198677
https://hashdive.com/Analyze_User?user_address=0x0641040eb12793ddb291d438da172e7309e61985,0.06,-0.96,0.96,-1,-0.6157744855654965
https://hashdive.com/Analyze_User?user_address=0x358c9fbb368a2a02a4348d396e6e69c97cd34d45,0.19,-0.95,0.95,-1,-0.47174626214350646
https://hashdive.com/Analyze_User?user_address=0x851cb08de31f7a929f4daf7f2de29b0ce115da4c,0.619999,0.563871,0.919997,0.6129052594736722,-0.27792127497164887
https://hashdive.com/Analyze_User?user_address=0xf117d5f40277f9776afa81c43210ebdbedd3c9e9,0.16,-0.65,0.8,-0.8125,-3.79449669211577
https://hashdive.com/Analyze_User?user_address=0x0632d7b55ea7266a64c00496e9f62fd2ce59879c,0.07,0.545,0.7,0.7785714285714287,3.0573600191387342
https://hashdive.com/Analyze_User?user_address=0xc1d37f3666d108f2a35f94a4e489c41efefffef8,0.599999,0.453333,0.679998,0.6666681372592272,-0.6969291457135761
https://hashdive.com/Analyze_User?user_address=0x9bd3f83590916e8dbda2db0ac2c3d35ca8c5ec22,0.62,-0.59,0.62,-0.9516129032258064,-7.830091310248756
https://hashdive.com/Analyze_User?user_address=0x2b0052a4609ef59f41b72ca4dcf9fbfbc818aef5,0.6,-0.01,0.6,-0.016666666666666666,-0.7547291719927003
https://hashdive.com/Analyze_User?user_address=0xd830b5b735ebf082ec38b7e4aedd50cd2e65b40a,0.6,0.4,0.6,0.6666666666666667,-0.3822321308948956
https://hashdive.com/Analyze_User?user_address=0x500ae3db27b9b8a721a8bc1f68a1ed8b47c3a800,0.26,0.329298,0.572702,0.5749901344852995,13.678887200296238
https://hashdive.com/Analyze_User?user_address=0x2660172114b4ed393573fad6f5b1810b3f5ca717,0.629999,0.323015,0.549997,0.587303203472019,-9.272380655528718
https://hashdive.com/Analyze_User?user_address=0x9c9ab7d13be747737092400558ca37022afbce53,0.609999,0.319672,0.499998,0.6393465573862296,-1.097334673453724
https://hashdive.com/Analyze_User?user_address=0xb5378aabddd591e1999398f98208fba500647c97,0.649999,0.204615,0.379999,0.5384619433209035,-6.042818163503534
https://hashdive.com/Analyze_User?user_address=0x540527c1157c701ab2a89b179974e5df86a00a1c,0.619634,0.208709,0.339998,0.6138536109035935,-0.3500140864073462
https://hashdive.com/Analyze_User?user_address=0xa05669a0ea5f906875ea9df0bc64c7c41a19b796,0.649999,0.172307,0.319998,0.5384627403921274,-5.0013375634563655
https://hashdive.com/Analyze_User?user_address=0x0ecda90afaf576fdba4479acf55b2799b63b5015,0.7,0.137142,0.319998,0.42857142857142855,0.05947257514175723
https://hashdive.com/Analyze_User?user_address=0x5459d611ca87c149bb605fdb6b59d4a1d5589b52,0.08,1.649198,0.253913,6.495130221768873,-2.91099360411428
https://hashdive.com/Analyze_User?user_address=0xe5a505e4e6d6773c87e2844715f5ada23115a6e0,0.609996,0.147049,0.229997,0.6393518176324039,-8.862416229587796
https://hashdive.com/Analyze_User?user_address=0x49aa8cb23e410bca0652bf698fa80166df5c7fc7,0.599998,0.139999,0.209998,0.6666682539833714,1.0173599841962546
https://hashdive.com/Analyze_User?user_address=0xaab66edcd70fa11864483b496fe6a79d55ac923f,0.02,0.5,0.2,2.5,-0.2123081967877864
https://hashdive.com/Analyze_User?user_address=0x2460ff1ab8717cb10d48930e94ebd2c8cbd4468f,0.619998,0.12258,0.199998,0.6129061290612906,-0.24633652976846854
https://hashdive.com/Analyze_User?user_address=0x154552e92343ad1ddc2b033c87daf22a848698d2,0.61,0.095901,0.149999,0.639344262295082,-5.627771308684634
https://hashdive.com/Analyze_User?user_address=0x70a541a6718f81ff5beefa8038ceb7c18c0cb310,0.6,0.08,0.12,0.6666666666666667,-8.862429866182367
https://hashdive.com/Analyze_User?user_address=0x7163414b27cbfca49e32d19adbdb0ec83464fa3e,0.6,0.08,0.12,0.6666666666666667,0.9596881807529392
https://hashdive.com/Analyze_User?user_address=0x1382a737bcdc7bd3cdaedf53078a0c27b435b5da,0.609998,0.076721,0.119999,0.639346994558288,0.9407415800726486
https://hashdive.com/Analyze_User?user_address=0x7a1c43be1101356e66a4b628a8b40a9f0c1ba99e,0.619999,0.067419,0.109999,0.6129055718688352,0.9337729436844738
https://hashdive.com/Analyze_User?user_address=0xa81e151f00558de1b7dfea951c48ad7004aec4b9,0.599998,0.073333,0.109999,0.6666696969972454,1.018630704442197
https://hashdive.com/Analyze_User?user_address=0xfc80bda05e0bc32d9c8b69bed5d1f3cfba9531f5,0.635951,0.062968,0.109998,0.5724467717594866,-27.527998986612996
https://hashdive.com/Analyze_User?user_address=0xd6bff96513bd81063c2780e21aa6ceb0c4b5131d,0.609999,0.063934,0.099999,0.6393463934639346,-0.9178278663612516
https://hashdive.com/Analyze_User?user_address=0x621d6ef95e0793dcded228475a33705207718e27,0.609999,0.063934,0.099999,0.6393463934639346,0.050100328869328546
https://hashdive.com/Analyze_User?user_address=0x948d9ca6baddab9a49163cfec6c83d057991409f,0.609999,0.063934,0.099999,0.6393463934639346,-7.601418100236442
https://hashdive.com/Analyze_User?user_address=0xa436cb0ae9e0ee53349a7b414f33184cc866d026,0.659998,0.051515,0.099999,0.5151551515515155,0.9243972840663649
https://hashdive.com/Analyze_User?user_address=0x9f241ea91e12a63615c29bceeae38efff2d4b9a4,0.619998,0.06129,0.099999,0.6129061290612906,-0.3667183191992934
https://hashdive.com/Analyze_User?user_address=0xc1405a0a47ab045fdeabb196213e9fcfe6e24deb,0.609999,0.063934,0.099999,0.6393463934639346,-0.1712459782278568
https://hashdive.com/Analyze_User?user_address=0x457318e9b2804286affd821e678e8e0ddcb26215,0.609999,0.063934,0.099999,0.6393463934639346,-0.35935493110877026
https://hashdive.com/Analyze_User?user_address=0x5b3ecb5bb04b46bc32ae4b2cffd2490e4c52d06a,0.609999,0.063934,0.099999,0.6393463934639346,-8.881978299567061
https://hashdive.com/Analyze_User?user_address=0x71d6db046af81c89d3cbba0c2cd08f7054a44bc3,0.609999,0.063934,0.099999,0.6393463934639346,-0.6156953571766319
https://hashdive.com/Analyze_User?user_address=0xeb9bcd01c2c8107a7e068674de06ba55fedadfc3,0.659998,0.051515,0.099999,0.5151551515515155,-0.09665801560756596
https://hashdive.com/Analyze_User?user_address=0xd3428cf3cb9da2a2d854fecf65b32f10364edb6e,0.619998,0.06129,0.099999,0.6129061290612906,0.3328274822475255
https://hashdive.com/Analyze_User?user_address=0x886e8ceec740852b22a1d22e595847343bb097c0,0.609999,0.063934,0.099999,0.6393463934639346,-1.4169247927612851
https://hashdive.com/Analyze_User?user_address=0x25613ab4ebb5e7341ef6e26ba1497436ef94f665,0.619998,0.06129,0.099999,0.6129061290612906,7.017101912747579
https://hashdive.com/Analyze_User?user_address=0x03e07b0c72b512554d299dd2fdb61d152c7c9c6e,0.659998,0.051515,0.099999,0.5151551515515155,-0.05153602925157366
https://hashdive.com/Analyze_User?user_address=0xb0722261b41b6a3d202c0cf8a60929f5774afdd9,0.659998,0.051515,0.099999,0.5151551515515155,-0.138069955468293
https://hashdive.com/Analyze_User?user_address=0x7783ef463b8dd35521457bd76ea4d959fb2ca766,0.6,-0.0016,0.099999,-0.016000160001600015,-0.10234573575972385
https://hashdive.com/Analyze_User?user_address=0x3fe27202963c3bc6528b4a56f616882ffde8ff91,0.589999,0.069491,0.099999,0.6949169491694916,0.7909296461500457
https://hashdive.com/Analyze_User?user_address=0xc19dfe2a7fcb0a10e8249e81b9b5d2bc5b713667,0.589999,0.069491,0.099999,0.6949169491694916,-6.981053190557005
https://hashdive.com/Analyze_User?user_address=0x1db25c4b760662835c688af2d5f59c972f24b0a4,0.669998,0.049253,0.099998,0.4925398507970159,2.46300101460882
https://hashdive.com/Analyze_User?user_address=0x3c90a6c29d706346bb70ece3ef0819c76d89af9e,0.679999,0.047058,0.099998,0.47058941178823577,-0.03897852344477126
https://hashdive.com/Analyze_User?user_address=0x7fa8d3ddc09725e9cd0f9d590921f46458456ceb,0.669998,0.049253,0.099998,0.4925398507970159,2.0891907321190213
https://hashdive.com/Analyze_User?user_address=0x1785abd761f70d15b77f24da6dbe8938ec3fd772,0.669998,0.049253,0.099998,0.4925398507970159,-0.6009871042549781
https://hashdive.com/Analyze_User?user_address=0x7494c1485aa2c377245722aed4334614f66129d2,0.669998,0.049253,0.099998,0.4925398507970159,0.8322993322575949
https://hashdive.com/Analyze_User?user_address=0xe42017358c9333c39b559c61061102c38ea987e4,0.129998,0.66923,0.099998,6.692433848676973,2.2786768650955898
https://hashdive.com/Analyze_User?user_address=0x592156036054be0ade43a74f7b4eb83a99f9557d,0.669998,0.049253,0.099998,0.4925398507970159,-0.04597961975937543
https://hashdive.com/Analyze_User?user_address=0x999bb6ab2700ca31de99f2ca5daf0627f0189112,0.669998,0.049253,0.099998,0.4925398507970159,0.4923899336799398
https://hashdive.com/Analyze_User?user_address=0x6b4c6ccc6bdebedabee2716864d8f7a69a56ca9c,0.669998,0.049253,0.099998,0.4925398507970159,-0.38129960763429827
https://hashdive.com/Analyze_User?user_address=0x3d273aecb664bf1918778a37ab5ee44133adc113,0.679999,0.047058,0.099998,0.47058941178823577,-0.06265065866519383
